date,city_id,commodity_code,price_per_kg
2021-01-04,3509,bawang_merah,31350
2021-01-05,3509,bawang_merah,31000
2021-01-06,3509,bawang_merah,31000
2021-01-07,3509,bawang_merah,31000
2021-01-08,3509,bawang_merah,31000
2021-01-11,3509,bawang_merah,29650
2021-01-12,3509,bawang_merah,29350
2021-01-13,3509,bawang_merah,29350
2021-01-14,3509,bawang_merah,29350
2021-01-15,3509,bawang_merah,29350
2021-01-18,3509,bawang_merah,29350
2021-01-19,3509,bawang_merah,29350
2021-01-20,3509,bawang_merah,29350
2021-01-21,3509,bawang_merah,29350
2021-01-22,3509,bawang_merah,29000
2021-01-25,3509,bawang_merah,27350
2021-01-26,3509,bawang_merah,28000
2021-01-27,3509,bawang_merah,28000
2021-01-28,3509,bawang_merah,28000
2021-01-29,3509,bawang_merah,27650
2021-02-01,3509,bawang_merah,27650
2021-02-02,3509,bawang_merah,27650
2021-02-03,3509,bawang_merah,27650
2021-02-04,3509,bawang_merah,27650
2021-02-05,3509,bawang_merah,27650
2021-02-08,3509,bawang_merah,28650
2021-02-09,3509,bawang_merah,28650
2021-02-10,3509,bawang_merah,28650
2021-02-11,3509,bawang_merah,28650
2021-02-15,3509,bawang_merah,30000
2021-02-16,3509,bawang_merah,30650
2021-02-17,3509,bawang_merah,30650
2021-02-18,3509,bawang_merah,30000
2021-02-19,3509,bawang_merah,30350
2021-02-22,3509,bawang_merah,30650
2021-02-23,3509,bawang_merah,31000
2021-02-24,3509,bawang_merah,31350
2021-02-25,3509,bawang_merah,31350
2021-02-26,3509,bawang_merah,31650
2021-03-01,3509,bawang_merah,31650
2021-03-02,3509,bawang_merah,31650
2021-03-03,3509,bawang_merah,32000
2021-03-04,3509,bawang_merah,32000
2021-03-05,3509,bawang_merah,32350
2021-03-08,3509,bawang_merah,32350
2021-03-09,3509,bawang_merah,32350
2021-03-10,3509,bawang_merah,32350
2021-03-12,3509,bawang_merah,32350
2021-03-15,3509,bawang_merah,32350
2021-03-16,3509,bawang_merah,32350
2021-03-17,3509,bawang_merah,32500
2021-03-18,3509,bawang_merah,32500
2021-03-19,3509,bawang_merah,32500
2021-03-22,3509,bawang_merah,33350
2021-03-23,3509,bawang_merah,33350
2021-03-24,3509,bawang_merah,32650
2021-03-25,3509,bawang_merah,32350
2021-03-26,3509,bawang_merah,32650
2021-03-29,3509,bawang_merah,33150
2021-03-30,3509,bawang_merah,32850
2021-03-31,3509,bawang_merah,32850
2021-04-01,3509,bawang_merah,32650
2021-04-05,3509,bawang_merah,32500
2021-04-06,3509,bawang_merah,32150
2021-04-07,3509,bawang_merah,31850
2021-04-08,3509,bawang_merah,31850
2021-04-09,3509,bawang_merah,32150
2021-04-12,3509,bawang_merah,31850
2021-04-13,3509,bawang_merah,31500
2021-04-14,3509,bawang_merah,31500
2021-04-15,3509,bawang_merah,31500
2021-04-16,3509,bawang_merah,31500
2021-04-19,3509,bawang_merah,29150
2021-04-20,3509,bawang_merah,29000
2021-04-21,3509,bawang_merah,28350
2021-04-22,3509,bawang_merah,28000
2021-04-23,3509,bawang_merah,28000
2021-04-26,3509,bawang_merah,27500
2021-04-27,3509,bawang_merah,27350
2021-04-28,3509,bawang_merah,27350
2021-04-29,3509,bawang_merah,27650
2021-04-30,3509,bawang_merah,27350
2021-05-03,3509,bawang_merah,27350
2021-05-04,3509,bawang_merah,27350
2021-05-05,3509,bawang_merah,27350
2021-05-06,3509,bawang_merah,27650
2021-05-07,3509,bawang_merah,28650
2021-05-10,3509,bawang_merah,28650
2021-05-11,3509,bawang_merah,30150
2021-05-17,3509,bawang_merah,30350
2021-05-18,3509,bawang_merah,30350
2021-05-19,3509,bawang_merah,30350
2021-05-20,3509,bawang_merah,30650
2021-05-21,3509,bawang_merah,30650
2021-05-24,3509,bawang_merah,30000
2021-05-25,3509,bawang_merah,30000
2021-05-27,3509,bawang_merah,30000
2021-05-28,3509,bawang_merah,29650
2021-05-31,3509,bawang_merah,29350
2021-06-02,3509,bawang_merah,28650
2021-06-03,3509,bawang_merah,28350
2021-06-04,3509,bawang_merah,28350
2021-06-07,3509,bawang_merah,26650
2021-06-08,3509,bawang_merah,26350
2021-06-09,3509,bawang_merah,26000
2021-06-10,3509,bawang_merah,25650
2021-06-11,3509,bawang_merah,25650
2021-06-14,3509,bawang_merah,25850
2021-06-15,3509,bawang_merah,25850
2021-06-16,3509,bawang_merah,26150
2021-06-17,3509,bawang_merah,26150
2021-06-18,3509,bawang_merah,26150
2021-06-21,3509,bawang_merah,27000
2021-06-22,3509,bawang_merah,27500
2021-06-23,3509,bawang_merah,28350
2021-06-24,3509,bawang_merah,28650
2021-06-25,3509,bawang_merah,28650
2021-06-28,3509,bawang_merah,29350
2021-06-29,3509,bawang_merah,29350
2021-06-30,3509,bawang_merah,29350
2021-07-01,3509,bawang_merah,29350
2021-07-02,3509,bawang_merah,29350
2021-07-05,3509,bawang_merah,29650
2021-07-06,3509,bawang_merah,29650
2021-07-07,3509,bawang_merah,29650
2021-07-08,3509,bawang_merah,29350
2021-07-09,3509,bawang_merah,28650
2021-07-12,3509,bawang_merah,29350
2021-07-13,3509,bawang_merah,30350
2021-07-14,3509,bawang_merah,30000
2021-07-15,3509,bawang_merah,30350
2021-07-16,3509,bawang_merah,30350
2021-07-19,3509,bawang_merah,30350
2021-07-21,3509,bawang_merah,30650
2021-07-22,3509,bawang_merah,30650
2021-07-23,3509,bawang_merah,31650
2021-07-26,3509,bawang_merah,34500
2021-07-27,3509,bawang_merah,34500
2021-07-28,3509,bawang_merah,34500
2021-07-29,3509,bawang_merah,34500
2021-07-30,3509,bawang_merah,34500
2021-08-02,3509,bawang_merah,33150
2021-08-03,3509,bawang_merah,34350
2021-08-04,3509,bawang_merah,34350
2021-08-05,3509,bawang_merah,34350
2021-08-06,3509,bawang_merah,33150
2021-08-09,3509,bawang_merah,30350
2021-08-10,3509,bawang_merah,30350
2021-08-12,3509,bawang_merah,30350
2021-08-13,3509,bawang_merah,30350
2021-08-16,3509,bawang_merah,28650
2021-08-18,3509,bawang_merah,28350
2021-08-19,3509,bawang_merah,27350
2021-08-20,3509,bawang_merah,27350
2021-08-23,3509,bawang_merah,27000
2021-08-24,3509,bawang_merah,27000
2021-08-25,3509,bawang_merah,27000
2021-08-26,3509,bawang_merah,26350
2021-08-27,3509,bawang_merah,26350
2021-08-30,3509,bawang_merah,26350
2021-08-31,3509,bawang_merah,26350
2021-09-01,3509,bawang_merah,25650
2021-09-02,3509,bawang_merah,25650
2021-09-03,3509,bawang_merah,25650
2021-09-06,3509,bawang_merah,25500
2021-09-07,3509,bawang_merah,25500
2021-09-08,3509,bawang_merah,25500
2021-09-09,3509,bawang_merah,25500
2021-09-10,3509,bawang_merah,25500
2021-09-13,3509,bawang_merah,25150
2021-09-14,3509,bawang_merah,25150
2021-09-15,3509,bawang_merah,25150
2021-09-16,3509,bawang_merah,25150
2021-09-17,3509,bawang_merah,25000
2021-09-20,3509,bawang_merah,24500
2021-09-21,3509,bawang_merah,24500
2021-09-22,3509,bawang_merah,24500
2021-09-23,3509,bawang_merah,24500
2021-09-24,3509,bawang_merah,24500
2021-09-27,3509,bawang_merah,24500
2021-09-28,3509,bawang_merah,24500
2021-09-29,3509,bawang_merah,24500
2021-09-30,3509,bawang_merah,24500
2021-10-01,3509,bawang_merah,24500
2021-10-04,3509,bawang_merah,24650
2021-10-05,3509,bawang_merah,24650
2021-10-06,3509,bawang_merah,24650
2021-10-07,3509,bawang_merah,24850
2021-10-08,3509,bawang_merah,24850
2021-10-11,3509,bawang_merah,25000
2021-10-12,3509,bawang_merah,25150
2021-10-13,3509,bawang_merah,25150
2021-10-14,3509,bawang_merah,25150
2021-10-15,3509,bawang_merah,25350
2021-10-18,3509,bawang_merah,25500
2021-10-19,3509,bawang_merah,25500
2021-10-21,3509,bawang_merah,25500
2021-10-22,3509,bawang_merah,25500
2021-10-25,3509,bawang_merah,25150
2021-10-26,3509,bawang_merah,25150
2021-10-27,3509,bawang_merah,24850
2021-10-28,3509,bawang_merah,24850
2021-10-29,3509,bawang_merah,24350
2021-11-01,3509,bawang_merah,24350
2021-11-02,3509,bawang_merah,24350
2021-11-03,3509,bawang_merah,24350
2021-11-04,3509,bawang_merah,24350
2021-11-05,3509,bawang_merah,24150
2021-11-08,3509,bawang_merah,23850
2021-11-09,3509,bawang_merah,23850
2021-11-10,3509,bawang_merah,23850
2021-11-11,3509,bawang_merah,23850
2021-11-12,3509,bawang_merah,23850
2021-11-15,3509,bawang_merah,23850
2021-11-16,3509,bawang_merah,23000
2021-11-17,3509,bawang_merah,22000
2021-11-18,3509,bawang_merah,22000
2021-11-19,3509,bawang_merah,22000
2021-11-22,3509,bawang_merah,22000
2021-11-23,3509,bawang_merah,22000
2021-11-24,3509,bawang_merah,22000
2021-11-25,3509,bawang_merah,22000
2021-11-26,3509,bawang_merah,22000
2021-11-29,3509,bawang_merah,21650
2021-11-30,3509,bawang_merah,21650
2021-12-01,3509,bawang_merah,21650
2021-12-02,3509,bawang_merah,22000
2021-12-03,3509,bawang_merah,22150
2021-12-06,3509,bawang_merah,22150
2021-12-07,3509,bawang_merah,22150
2021-12-08,3509,bawang_merah,23500
2021-12-09,3509,bawang_merah,23500
2021-12-10,3509,bawang_merah,23500
2021-12-13,3509,bawang_merah,24500
2021-12-14,3509,bawang_merah,24500
2021-12-15,3509,bawang_merah,24500
2021-12-16,3509,bawang_merah,24500
2021-12-17,3509,bawang_merah,24650
2021-12-20,3509,bawang_merah,25150
2021-12-21,3509,bawang_merah,25350
2021-12-22,3509,bawang_merah,25350
2021-12-23,3509,bawang_merah,25350
2021-12-24,3509,bawang_merah,25350
2021-12-27,3509,bawang_merah,25350
2021-12-28,3509,bawang_merah,25350
2021-12-29,3509,bawang_merah,25350
2021-12-30,3509,bawang_merah,25350
2021-12-31,3509,bawang_merah,25350
2022-01-03,3509,bawang_merah,26350
2022-01-04,3509,bawang_merah,26350
2022-01-05,3509,bawang_merah,26350
2022-01-06,3509,bawang_merah,26350
2022-01-07,3509,bawang_merah,26350
2022-01-10,3509,bawang_merah,26350
2022-01-11,3509,bawang_merah,25150
2022-01-12,3509,bawang_merah,25350
2022-01-13,3509,bawang_merah,25000
2022-01-14,3509,bawang_merah,25000
2022-01-17,3509,bawang_merah,25650
2022-01-18,3509,bawang_merah,25650
2022-01-19,3509,bawang_merah,25650
2022-01-20,3509,bawang_merah,25850
2022-01-21,3509,bawang_merah,26000
2022-01-24,3509,bawang_merah,26000
2022-01-25,3509,bawang_merah,26000
2022-01-26,3509,bawang_merah,25850
2022-01-27,3509,bawang_merah,25850
2022-01-28,3509,bawang_merah,26150
2022-01-31,3509,bawang_merah,26150
2022-02-01,3509,bawang_merah,26000
2022-02-02,3509,bawang_merah,26150
2022-02-03,3509,bawang_merah,26500
2022-02-04,3509,bawang_merah,26850
2022-02-07,3509,bawang_merah,29650
2022-02-08,3509,bawang_merah,29650
2022-02-09,3509,bawang_merah,29350
2022-02-10,3509,bawang_merah,31150
2022-02-11,3509,bawang_merah,30650
2022-02-14,3509,bawang_merah,31000
2022-02-15,3509,bawang_merah,32000
2022-02-16,3509,bawang_merah,32000
2022-02-17,3509,bawang_merah,32000
2022-02-18,3509,bawang_merah,32000
2022-02-21,3509,bawang_merah,33500
2022-02-22,3509,bawang_merah,33500
2022-02-23,3509,bawang_merah,33500
2022-02-24,3509,bawang_merah,33500
2022-02-25,3509,bawang_merah,33500
2022-03-01,3509,bawang_merah,34350
2022-03-02,3509,bawang_merah,34350
2022-03-04,3509,bawang_merah,34350
2022-03-07,3509,bawang_merah,34350
2022-03-08,3509,bawang_merah,35350
2022-03-09,3509,bawang_merah,35500
2022-03-10,3509,bawang_merah,35850
2022-03-11,3509,bawang_merah,36350
2022-03-14,3509,bawang_merah,36000
2022-03-15,3509,bawang_merah,34350
2022-03-16,3509,bawang_merah,33650
2022-03-17,3509,bawang_merah,32000
2022-03-18,3509,bawang_merah,32000
2022-03-21,3509,bawang_merah,31650
2022-03-22,3509,bawang_merah,31650
2022-03-23,3509,bawang_merah,30650
2022-03-24,3509,bawang_merah,30350
2022-03-25,3509,bawang_merah,30350
2022-03-28,3509,bawang_merah,31650
2022-03-29,3509,bawang_merah,31650
2022-03-30,3509,bawang_merah,32000
2022-03-31,3509,bawang_merah,32000
2022-04-01,3509,bawang_merah,32000
2022-04-04,3509,bawang_merah,32000
2022-04-05,3509,bawang_merah,31000
2022-04-06,3509,bawang_merah,30350
2022-04-07,3509,bawang_merah,29650
2022-04-08,3509,bawang_merah,29350
2022-04-11,3509,bawang_merah,29000
2022-04-12,3509,bawang_merah,29000
2022-04-13,3509,bawang_merah,29000
2022-04-14,3509,bawang_merah,29000
2022-04-18,3509,bawang_merah,29650
2022-04-19,3509,bawang_merah,29650
2022-04-20,3509,bawang_merah,29650
2022-04-21,3509,bawang_merah,29650
2022-04-22,3509,bawang_merah,30350
2022-04-25,3509,bawang_merah,33000
2022-04-26,3509,bawang_merah,33000
2022-04-27,3509,bawang_merah,33000
2022-04-28,3509,bawang_merah,33000
2022-05-09,3509,bawang_merah,34150
2022-05-10,3509,bawang_merah,35150
2022-05-11,3509,bawang_merah,35500
2022-05-12,3509,bawang_merah,36150
2022-05-13,3509,bawang_merah,36150
2022-05-17,3509,bawang_merah,39500
2022-05-18,3509,bawang_merah,39500
2022-05-19,3509,bawang_merah,39500
2022-05-20,3509,bawang_merah,39850
2022-05-23,3509,bawang_merah,40000
2022-05-24,3509,bawang_merah,40150
2022-05-25,3509,bawang_merah,38500
2022-05-27,3509,bawang_merah,38850
2022-05-30,3509,bawang_merah,38850
2022-05-31,3509,bawang_merah,38850
2022-06-02,3509,bawang_merah,38850
2022-06-03,3509,bawang_merah,39850
2022-06-06,3509,bawang_merah,39850
2022-06-07,3509,bawang_merah,40150
2022-06-08,3509,bawang_merah,42350
2022-06-09,3509,bawang_merah,42350
2022-06-10,3509,bawang_merah,46000
2022-06-13,3509,bawang_merah,51500
2022-06-14,3509,bawang_merah,54150
2022-06-15,3509,bawang_merah,54150
2022-06-16,3509,bawang_merah,54150
2022-06-17,3509,bawang_merah,54150
2022-06-20,3509,bawang_merah,53350
2022-06-21,3509,bawang_merah,53350
2022-06-22,3509,bawang_merah,53350
2022-06-23,3509,bawang_merah,53350
2022-06-24,3509,bawang_merah,52850
2022-06-27,3509,bawang_merah,54650
2022-06-28,3509,bawang_merah,55500
2022-06-29,3509,bawang_merah,55500
2022-06-30,3509,bawang_merah,55000
2022-07-01,3509,bawang_merah,54500
2022-07-04,3509,bawang_merah,58500
2022-07-05,3509,bawang_merah,62350
2022-07-06,3509,bawang_merah,62350
2022-07-07,3509,bawang_merah,62350
2022-07-08,3509,bawang_merah,70000
2022-07-11,3509,bawang_merah,70000
2022-07-12,3509,bawang_merah,74000
2022-07-13,3509,bawang_merah,73650
2022-07-14,3509,bawang_merah,72850
2022-07-15,3509,bawang_merah,70650
2022-07-18,3509,bawang_merah,64150
2022-07-19,3509,bawang_merah,58350
2022-07-20,3509,bawang_merah,55500
2022-07-21,3509,bawang_merah,53000
2022-07-22,3509,bawang_merah,53000
2022-07-25,3509,bawang_merah,43650
2022-07-26,3509,bawang_merah,43150
2022-07-27,3509,bawang_merah,39500
2022-07-28,3509,bawang_merah,39500
2022-07-29,3509,bawang_merah,38150
2022-08-01,3509,bawang_merah,36000
2022-08-02,3509,bawang_merah,36000
2022-08-03,3509,bawang_merah,36650
2022-08-04,3509,bawang_merah,37000
2022-08-05,3509,bawang_merah,37000
2022-08-08,3509,bawang_merah,35350
2022-08-09,3509,bawang_merah,35000
2022-08-10,3509,bawang_merah,35000
2022-08-11,3509,bawang_merah,34650
2022-08-12,3509,bawang_merah,32850
2022-08-15,3509,bawang_merah,32500
2022-08-16,3509,bawang_merah,32150
2022-08-18,3509,bawang_merah,32000
2022-08-19,3509,bawang_merah,30500
2022-08-22,3509,bawang_merah,29350
2022-08-23,3509,bawang_merah,29000
2022-08-24,3509,bawang_merah,28650
2022-08-25,3509,bawang_merah,28150
2022-08-26,3509,bawang_merah,27850
2022-08-29,3509,bawang_merah,26850
2022-08-30,3509,bawang_merah,26150
2022-08-31,3509,bawang_merah,26650
2022-09-01,3509,bawang_merah,26650
2022-09-02,3509,bawang_merah,27000
2022-09-05,3509,bawang_merah,30500
2022-09-06,3509,bawang_merah,30500
2022-09-07,3509,bawang_merah,30500
2022-09-08,3509,bawang_merah,30650
2022-09-09,3509,bawang_merah,31000
2022-09-12,3509,bawang_merah,31650
2022-09-13,3509,bawang_merah,31650
2022-09-14,3509,bawang_merah,31650
2022-09-15,3509,bawang_merah,31650
2022-09-16,3509,bawang_merah,31350
2022-09-19,3509,bawang_merah,30650
2022-09-20,3509,bawang_merah,30650
2022-09-21,3509,bawang_merah,30650
2022-09-22,3509,bawang_merah,30000
2022-09-23,3509,bawang_merah,29650
2022-09-26,3509,bawang_merah,29500
2022-09-27,3509,bawang_merah,29150
2022-09-28,3509,bawang_merah,28850
2022-09-29,3509,bawang_merah,29150
2022-09-30,3509,bawang_merah,29150
2022-10-03,3509,bawang_merah,29150
2022-10-04,3509,bawang_merah,29650
2022-10-05,3509,bawang_merah,30500
2022-10-06,3509,bawang_merah,31000
2022-10-07,3509,bawang_merah,31650
2022-10-10,3509,bawang_merah,31650
2022-10-11,3509,bawang_merah,31650
2022-10-12,3509,bawang_merah,31350
2022-10-13,3509,bawang_merah,31350
2022-10-14,3509,bawang_merah,30650
2022-10-17,3509,bawang_merah,30650
2022-10-18,3509,bawang_merah,30000
2022-10-19,3509,bawang_merah,30000
2022-10-20,3509,bawang_merah,30000
2022-10-21,3509,bawang_merah,30650
2022-10-24,3509,bawang_merah,30150
2022-10-25,3509,bawang_merah,30150
2022-10-26,3509,bawang_merah,30150
2022-10-27,3509,bawang_merah,30150
2022-10-28,3509,bawang_merah,30150
2022-10-31,3509,bawang_merah,35350
2022-11-01,3509,bawang_merah,37500
2022-11-02,3509,bawang_merah,37500
2022-11-03,3509,bawang_merah,37500
2022-11-04,3509,bawang_merah,37650
2022-11-07,3509,bawang_merah,37650
2022-11-08,3509,bawang_merah,37650
2022-11-09,3509,bawang_merah,37650
2022-11-10,3509,bawang_merah,37650
2022-11-11,3509,bawang_merah,36500
2022-11-14,3509,bawang_merah,36150
2022-11-15,3509,bawang_merah,36000
2022-11-16,3509,bawang_merah,36000
2022-11-17,3509,bawang_merah,36000
2022-11-18,3509,bawang_merah,36000
2022-11-21,3509,bawang_merah,32650
2022-11-22,3509,bawang_merah,32650
2022-11-23,3509,bawang_merah,32350
2022-11-24,3509,bawang_merah,32000
2022-11-25,3509,bawang_merah,32000
2022-11-28,3509,bawang_merah,32000
2022-11-29,3509,bawang_merah,32000
2022-11-30,3509,bawang_merah,32000
2022-12-01,3509,bawang_merah,32000
2022-12-02,3509,bawang_merah,31650
2022-12-05,3509,bawang_merah,33650
2022-12-06,3509,bawang_merah,35150
2022-12-07,3509,bawang_merah,35650
2022-12-08,3509,bawang_merah,35650
2022-12-09,3509,bawang_merah,37500
2022-12-12,3509,bawang_merah,37500
2022-12-13,3509,bawang_merah,37150
2022-12-14,3509,bawang_merah,37150
2022-12-15,3509,bawang_merah,37150
2022-12-16,3509,bawang_merah,37150
2022-12-19,3509,bawang_merah,37150
2022-12-20,3509,bawang_merah,36500
2022-12-21,3509,bawang_merah,36650
2022-12-22,3509,bawang_merah,36650
2022-12-23,3509,bawang_merah,36650
2022-12-26,3509,bawang_merah,36650
2022-12-27,3509,bawang_merah,35850
2022-12-28,3509,bawang_merah,35350
2022-12-29,3509,bawang_merah,35000
2022-12-30,3509,bawang_merah,35000
2023-01-02,3509,bawang_merah,34650
2023-01-03,3509,bawang_merah,34650
2023-01-04,3509,bawang_merah,34650
2023-01-05,3509,bawang_merah,33500
2023-01-06,3509,bawang_merah,33500
2023-01-09,3509,bawang_merah,33500
2023-01-10,3509,bawang_merah,33500
2023-01-11,3509,bawang_merah,33500
2023-01-12,3509,bawang_merah,33500
2023-01-13,3509,bawang_merah,33500
2023-01-16,3509,bawang_merah,33150
2023-01-17,3509,bawang_merah,33150
2023-01-18,3509,bawang_merah,33150
2023-01-19,3509,bawang_merah,33500
2023-01-20,3509,bawang_merah,33500
2023-01-23,3509,bawang_merah,33500
2023-01-24,3509,bawang_merah,33850
2023-01-25,3509,bawang_merah,33850
2023-01-26,3509,bawang_merah,35000
2023-01-27,3509,bawang_merah,35000
2023-01-30,3509,bawang_merah,35000
2023-01-31,3509,bawang_merah,35000
2023-02-01,3509,bawang_merah,35000
2023-02-02,3509,bawang_merah,35350
2023-02-03,3509,bawang_merah,35350
2023-02-06,3509,bawang_merah,35350
2023-02-07,3509,bawang_merah,36650
2023-02-08,3509,bawang_merah,37150
2023-02-09,3509,bawang_merah,39000
2023-02-10,3509,bawang_merah,38650
2023-02-13,3509,bawang_merah,37650
2023-02-14,3509,bawang_merah,34650
2023-02-15,3509,bawang_merah,34350
2023-02-16,3509,bawang_merah,32350
2023-02-17,3509,bawang_merah,30650
2023-02-20,3509,bawang_merah,30650
2023-02-21,3509,bawang_merah,30650
2023-02-22,3509,bawang_merah,31350
2023-02-23,3509,bawang_merah,31350
2023-02-24,3509,bawang_merah,31350
2023-02-27,3509,bawang_merah,31650
2023-02-28,3509,bawang_merah,31650
2023-03-01,3509,bawang_merah,32000
2023-03-02,3509,bawang_merah,32000
2023-03-03,3509,bawang_merah,32000
2023-03-06,3509,bawang_merah,32350
2023-03-07,3509,bawang_merah,32350
2023-03-08,3509,bawang_merah,32350
2023-03-09,3509,bawang_merah,34350
2023-03-10,3509,bawang_merah,36350
2023-03-13,3509,bawang_merah,36500
2023-03-14,3509,bawang_merah,36500
2023-03-15,3509,bawang_merah,34000
2023-03-16,3509,bawang_merah,34000
2023-03-17,3509,bawang_merah,34000
2023-03-20,3509,bawang_merah,33650
2023-03-21,3509,bawang_merah,33650
2023-03-24,3509,bawang_merah,34000
2023-03-27,3509,bawang_merah,34000
2023-03-28,3509,bawang_merah,34000
2023-03-29,3509,bawang_merah,34000
2023-03-30,3509,bawang_merah,34500
2023-03-31,3509,bawang_merah,34500
2023-04-03,3509,bawang_merah,33650
2023-04-04,3509,bawang_merah,33650
2023-04-05,3509,bawang_merah,33650
2023-04-06,3509,bawang_merah,33650
2023-04-07,3509,bawang_merah,33650
2023-04-10,3509,bawang_merah,33650
2023-04-11,3509,bawang_merah,33650
2023-04-12,3509,bawang_merah,33650
2023-04-13,3509,bawang_merah,33650
2023-04-14,3509,bawang_merah,33650
2023-04-17,3509,bawang_merah,33650
2023-04-18,3509,bawang_merah,34000
2023-04-19,3509,bawang_merah,34000
2023-04-20,3509,bawang_merah,34000
2023-04-21,3509,bawang_merah,34000
2023-04-24,3509,bawang_merah,34000
2023-04-25,3509,bawang_merah,34000
2023-04-26,3509,bawang_merah,42150
2023-04-27,3509,bawang_merah,42150
2023-04-28,3509,bawang_merah,42500
2023-05-01,3509,bawang_merah,42500
2023-05-02,3509,bawang_merah,45000
2023-05-03,3509,bawang_merah,44650
2023-05-04,3509,bawang_merah,44650
2023-05-05,3509,bawang_merah,44650
2023-05-08,3509,bawang_merah,44650
2023-05-09,3509,bawang_merah,44650
2023-05-10,3509,bawang_merah,44650
2023-05-11,3509,bawang_merah,44650
2023-05-12,3509,bawang_merah,44650
2023-05-15,3509,bawang_merah,43000
2023-05-16,3509,bawang_merah,42650
2023-05-17,3509,bawang_merah,42350
2023-05-18,3509,bawang_merah,42350
2023-05-19,3509,bawang_merah,41650
2023-05-22,3509,bawang_merah,41000
2023-05-23,3509,bawang_merah,41000
2023-05-24,3509,bawang_merah,41000
2023-05-25,3509,bawang_merah,41000
2023-05-26,3509,bawang_merah,40000
2023-05-29,3509,bawang_merah,38650
2023-05-30,3509,bawang_merah,38500
2023-05-31,3509,bawang_merah,38000
2023-06-01,3509,bawang_merah,38000
2023-06-02,3509,bawang_merah,38000
2023-06-05,3509,bawang_merah,38350
2023-06-06,3509,bawang_merah,38350
2023-06-07,3509,bawang_merah,38000
2023-06-08,3509,bawang_merah,38000
2023-06-09,3509,bawang_merah,38000
2023-06-12,3509,bawang_merah,38000
2023-06-13,3509,bawang_merah,37850
2023-06-14,3509,bawang_merah,37850
2023-06-15,3509,bawang_merah,37850
2023-06-16,3509,bawang_merah,37850
2023-06-19,3509,bawang_merah,37500
2023-06-20,3509,bawang_merah,37500
2023-06-21,3509,bawang_merah,37150
2023-06-22,3509,bawang_merah,37150
2023-06-23,3509,bawang_merah,37150
2023-06-26,3509,bawang_merah,36150
2023-06-27,3509,bawang_merah,36150
2023-06-28,3509,bawang_merah,36150
2023-06-29,3509,bawang_merah,36150
2023-06-30,3509,bawang_merah,36150
2023-07-03,3509,bawang_merah,36150
2023-07-04,3509,bawang_merah,35150
2023-07-05,3509,bawang_merah,35000
2023-07-06,3509,bawang_merah,35000
2023-07-07,3509,bawang_merah,35000
2023-07-10,3509,bawang_merah,35000
2023-07-11,3509,bawang_merah,35000
2023-07-12,3509,bawang_merah,30350
2023-07-13,3509,bawang_merah,30350
2023-07-14,3509,bawang_merah,30000
2023-07-17,3509,bawang_merah,30000
2023-07-18,3509,bawang_merah,30000
2023-07-19,3509,bawang_merah,30000
2023-07-20,3509,bawang_merah,29000
2023-07-21,3509,bawang_merah,28650
2023-07-24,3509,bawang_merah,23650
2023-07-25,3509,bawang_merah,21650
2023-07-26,3509,bawang_merah,21650
2023-07-27,3509,bawang_merah,21650
2023-07-28,3509,bawang_merah,22500
2023-07-31,3509,bawang_merah,22500
2023-08-01,3509,bawang_merah,22500
2023-08-02,3509,bawang_merah,22500
2023-08-03,3509,bawang_merah,22500
2023-08-04,3509,bawang_merah,22850
2023-08-07,3509,bawang_merah,22850
2023-08-08,3509,bawang_merah,22850
2023-08-09,3509,bawang_merah,22850
2023-08-10,3509,bawang_merah,23850
2023-08-11,3509,bawang_merah,23850
2023-08-14,3509,bawang_merah,23850
2023-08-15,3509,bawang_merah,24650
2023-08-16,3509,bawang_merah,24650
2023-08-17,3509,bawang_merah,24650
2023-08-18,3509,bawang_merah,24650
2023-08-21,3509,bawang_merah,24150
2023-08-22,3509,bawang_merah,24150
2023-08-23,3509,bawang_merah,24150
2023-08-24,3509,bawang_merah,24150
2023-08-25,3509,bawang_merah,24150
2023-08-28,3509,bawang_merah,24150
2023-08-29,3509,bawang_merah,23850
2023-08-30,3509,bawang_merah,23850
2023-08-31,3509,bawang_merah,23850
2023-09-01,3509,bawang_merah,23850
2023-09-04,3509,bawang_merah,22500
2023-09-05,3509,bawang_merah,22500
2023-09-06,3509,bawang_merah,22350
2023-09-07,3509,bawang_merah,22350
2023-09-08,3509,bawang_merah,22350
2023-09-11,3509,bawang_merah,22350
2023-09-12,3509,bawang_merah,22350
2023-09-13,3509,bawang_merah,22350
2023-09-14,3509,bawang_merah,22350
2023-09-15,3509,bawang_merah,22350
2023-09-18,3509,bawang_merah,22350
2023-09-19,3509,bawang_merah,21350
2023-09-20,3509,bawang_merah,21350
2023-09-21,3509,bawang_merah,21000
2023-09-22,3509,bawang_merah,21000
2023-09-25,3509,bawang_merah,21650
2023-09-26,3509,bawang_merah,22000
2023-09-27,3509,bawang_merah,22000
2023-09-28,3509,bawang_merah,22000
2023-09-29,3509,bawang_merah,22000
2023-10-02,3509,bawang_merah,22000
2023-10-03,3509,bawang_merah,22000
2023-10-04,3509,bawang_merah,22000
2023-10-05,3509,bawang_merah,22000
2023-10-06,3509,bawang_merah,22000
2023-10-09,3509,bawang_merah,21000
2023-10-10,3509,bawang_merah,21000
2023-10-11,3509,bawang_merah,20150
2023-10-12,3509,bawang_merah,19850
2023-10-13,3509,bawang_merah,20000
2023-10-16,3509,bawang_merah,20000
2023-10-17,3509,bawang_merah,20000
2023-10-18,3509,bawang_merah,20000
2023-10-19,3509,bawang_merah,20000
2023-10-20,3509,bawang_merah,19350
2023-10-23,3509,bawang_merah,18150
2023-10-24,3509,bawang_merah,18350
2023-10-25,3509,bawang_merah,18500
2023-10-26,3509,bawang_merah,18500
2023-10-27,3509,bawang_merah,18650
2023-10-30,3509,bawang_merah,18350
2023-10-31,3509,bawang_merah,18350
2023-11-01,3509,bawang_merah,18350
2023-11-02,3509,bawang_merah,20500
2023-11-03,3509,bawang_merah,21350
2023-11-06,3509,bawang_merah,25150
2023-11-07,3509,bawang_merah,25650
2023-11-08,3509,bawang_merah,25500
2023-11-09,3509,bawang_merah,25500
2023-11-10,3509,bawang_merah,25500
2023-11-13,3509,bawang_merah,25500
2023-11-14,3509,bawang_merah,25500
2023-11-15,3509,bawang_merah,25500
2023-11-16,3509,bawang_merah,25150
2023-11-17,3509,bawang_merah,25000
2023-11-20,3509,bawang_merah,25150
2023-11-21,3509,bawang_merah,25850
2023-11-22,3509,bawang_merah,25850
2023-11-23,3509,bawang_merah,26000
2023-11-24,3509,bawang_merah,26000
2023-11-27,3509,bawang_merah,27150
2023-11-28,3509,bawang_merah,27150
2023-11-29,3509,bawang_merah,27350
2023-11-30,3509,bawang_merah,27150
2023-12-01,3509,bawang_merah,27850
2023-12-04,3509,bawang_merah,28000
2023-12-05,3509,bawang_merah,28500
2023-12-06,3509,bawang_merah,28350
2023-12-07,3509,bawang_merah,29000
2023-12-08,3509,bawang_merah,27000
2023-12-11,3509,bawang_merah,26650
2023-12-12,3509,bawang_merah,26650
2023-12-13,3509,bawang_merah,27650
2023-12-14,3509,bawang_merah,27650
2023-12-15,3509,bawang_merah,28350
2023-12-18,3509,bawang_merah,29650
2023-12-19,3509,bawang_merah,29650
2023-12-20,3509,bawang_merah,30000
2023-12-21,3509,bawang_merah,29850
2023-12-22,3509,bawang_merah,29150
2023-12-27,3509,bawang_merah,30850
2023-12-28,3509,bawang_merah,31850
2023-12-29,3509,bawang_merah,32350
2024-01-01,3509,bawang_merah,32350
2024-01-02,3509,bawang_merah,33850
2024-01-03,3509,bawang_merah,33900
2024-01-04,3509,bawang_merah,36850
2024-01-05,3509,bawang_merah,37350
2024-01-08,3509,bawang_merah,37650
2024-01-09,3509,bawang_merah,37650
2024-01-10,3509,bawang_merah,37650
2024-01-11,3509,bawang_merah,37650
2024-01-12,3509,bawang_merah,37650
2024-01-15,3509,bawang_merah,37650
2024-01-16,3509,bawang_merah,37650
2024-01-17,3509,bawang_merah,36850
2024-01-18,3509,bawang_merah,37250
2024-01-19,3509,bawang_merah,37150
2024-01-22,3509,bawang_merah,34500
2024-01-23,3509,bawang_merah,35350
2024-01-24,3509,bawang_merah,34000
2024-01-25,3509,bawang_merah,35000
2024-01-26,3509,bawang_merah,35500
2024-01-29,3509,bawang_merah,34000
2024-01-30,3509,bawang_merah,36000
2024-01-31,3509,bawang_merah,35350
2024-02-01,3509,bawang_merah,35000
2024-02-02,3509,bawang_merah,32250
2024-02-05,3509,bawang_merah,30750
2024-02-06,3509,bawang_merah,30500
2024-02-07,3509,bawang_merah,30350
2024-02-08,3509,bawang_merah,30350
2024-02-09,3509,bawang_merah,30350
2024-02-12,3509,bawang_merah,29500
2024-02-13,3509,bawang_merah,29150
2024-02-14,3509,bawang_merah,29150
2024-02-15,3509,bawang_merah,30650
2024-02-16,3509,bawang_merah,30850
2024-02-19,3509,bawang_merah,31500
2024-02-20,3509,bawang_merah,32500
2024-02-21,3509,bawang_merah,30150
2024-02-22,3509,bawang_merah,30150
2024-02-23,3509,bawang_merah,31000
2024-02-26,3509,bawang_merah,30500
2024-02-27,3509,bawang_merah,30500
2024-02-28,3509,bawang_merah,30500
2024-02-29,3509,bawang_merah,31500
2024-03-01,3509,bawang_merah,31850
2024-03-04,3509,bawang_merah,33650
2024-03-05,3509,bawang_merah,32750
2024-03-06,3509,bawang_merah,32400
2024-03-07,3509,bawang_merah,32250
2024-03-08,3509,bawang_merah,31900
2024-03-11,3509,bawang_merah,31900
2024-03-12,3509,bawang_merah,31900
2024-03-13,3509,bawang_merah,32000
2024-03-14,3509,bawang_merah,32000
2024-03-15,3509,bawang_merah,32000
2024-03-18,3509,bawang_merah,31350
2024-03-19,3509,bawang_merah,31350
2024-03-20,3509,bawang_merah,31350
2024-03-21,3509,bawang_merah,31350
2024-03-22,3509,bawang_merah,31350
2024-03-25,3509,bawang_merah,29350
2024-03-26,3509,bawang_merah,29000
2024-03-27,3509,bawang_merah,29650
2024-03-28,3509,bawang_merah,29350
2024-03-29,3509,bawang_merah,29350
2024-04-01,3509,bawang_merah,32850
2024-04-02,3509,bawang_merah,33150
2024-04-03,3509,bawang_merah,34150
2024-04-04,3509,bawang_merah,36350
2024-04-05,3509,bawang_merah,36150
2024-04-08,3509,bawang_merah,36150
2024-04-09,3509,bawang_merah,36150
2024-04-10,3509,bawang_merah,36150
2024-04-11,3509,bawang_merah,36150
2024-04-12,3509,bawang_merah,36150
2024-04-15,3509,bawang_merah,36150
2024-04-16,3509,bawang_merah,49850
2024-04-17,3509,bawang_merah,50000
2024-04-18,3509,bawang_merah,30000
2024-04-19,3509,bawang_merah,33650
2024-04-22,3509,bawang_merah,55650
2024-04-23,3509,bawang_merah,57650
2024-04-24,3509,bawang_merah,59650
2024-04-25,3509,bawang_merah,58650
2024-04-26,3509,bawang_merah,58850
2024-04-29,3509,bawang_merah,55150
2024-04-30,3509,bawang_merah,55000
2024-05-01,3509,bawang_merah,55000
2024-05-02,3509,bawang_merah,48650
2024-05-03,3509,bawang_merah,48350
2024-05-06,3509,bawang_merah,37850
2024-05-07,3509,bawang_merah,38000
2024-05-08,3509,bawang_merah,47150
2024-05-09,3509,bawang_merah,47150
2024-05-10,3509,bawang_merah,47150
2024-05-13,3509,bawang_merah,44150
2024-05-14,3509,bawang_merah,43650
2024-05-15,3509,bawang_merah,44350
2024-05-16,3509,bawang_merah,43650
2024-05-17,3509,bawang_merah,44000
2024-05-20,3509,bawang_merah,44150
2024-05-21,3509,bawang_merah,44650
2024-05-22,3509,bawang_merah,45500
2024-05-23,3509,bawang_merah,45500
2024-05-24,3509,bawang_merah,45500
2024-05-27,3509,bawang_merah,44500
2024-05-28,3509,bawang_merah,44000
2024-05-29,3509,bawang_merah,43350
2024-05-30,3509,bawang_merah,44350
2024-05-31,3509,bawang_merah,44350
2024-06-03,3509,bawang_merah,42500
2024-06-04,3509,bawang_merah,38350
2024-06-05,3509,bawang_merah,40150
2024-06-06,3509,bawang_merah,36350
2024-06-07,3509,bawang_merah,37350
2024-06-10,3509,bawang_merah,38000
2024-06-11,3509,bawang_merah,37000
2024-06-12,3509,bawang_merah,34850
2024-06-13,3509,bawang_merah,34350
2024-06-14,3509,bawang_merah,35500
2024-06-17,3509,bawang_merah,35500
2024-06-18,3509,bawang_merah,35500
2024-06-19,3509,bawang_merah,35000
2024-06-20,3509,bawang_merah,35350
2024-06-21,3509,bawang_merah,34650
2024-06-24,3509,bawang_merah,32500
2024-06-26,3509,bawang_merah,29650
2024-06-28,3509,bawang_merah,30500
2024-07-01,3509,bawang_merah,28850
2024-07-02,3509,bawang_merah,28850
2024-07-03,3509,bawang_merah,29500
2024-07-04,3509,bawang_merah,29850
2024-07-05,3509,bawang_merah,26650
2024-07-08,3509,bawang_merah,26150
2024-07-09,3509,bawang_merah,28150
2024-07-10,3509,bawang_merah,27350
2024-07-11,3509,bawang_merah,24350
2024-07-12,3509,bawang_merah,25500
2024-07-15,3509,bawang_merah,25000
2024-07-16,3509,bawang_merah,24850
2024-07-17,3509,bawang_merah,25000
2024-07-18,3509,bawang_merah,25000
2024-07-19,3509,bawang_merah,23350
2024-07-22,3509,bawang_merah,22650
2024-07-23,3509,bawang_merah,21350
2024-07-24,3509,bawang_merah,20850
2024-07-25,3509,bawang_merah,20850
2024-07-26,3509,bawang_merah,20500
2024-07-29,3509,bawang_merah,18850
2024-07-30,3509,bawang_merah,19000
2024-07-31,3509,bawang_merah,18500
2024-08-01,3509,bawang_merah,18850
2024-08-02,3509,bawang_merah,19500
2024-08-05,3509,bawang_merah,18000
2024-08-06,3509,bawang_merah,18000
2024-08-07,3509,bawang_merah,17350
2024-08-09,3509,bawang_merah,17850
2024-08-12,3509,bawang_merah,16850
2024-08-13,3509,bawang_merah,17850
2024-08-14,3509,bawang_merah,18150
2024-08-15,3509,bawang_merah,18350
2024-08-16,3509,bawang_merah,19850
2024-08-19,3509,bawang_merah,22150
2024-08-21,3509,bawang_merah,21850
2024-08-22,3509,bawang_merah,22500
2024-08-23,3509,bawang_merah,21150
2024-08-27,3509,bawang_merah,20650
2024-08-28,3509,bawang_merah,21500
2024-08-29,3509,bawang_merah,21850
2024-08-30,3509,bawang_merah,21000
2024-09-02,3509,bawang_merah,19500
2024-09-03,3509,bawang_merah,20850
2024-09-04,3509,bawang_merah,20850
2024-09-05,3509,bawang_merah,21150
2024-09-06,3509,bawang_merah,20350
2024-09-09,3509,bawang_merah,23650
2024-09-10,3509,bawang_merah,23650
2024-09-11,3509,bawang_merah,23000
2024-09-12,3509,bawang_merah,23150
2024-09-13,3509,bawang_merah,22500
2024-09-16,3509,bawang_merah,22500
2024-09-17,3509,bawang_merah,24150
2024-09-18,3509,bawang_merah,23850
2024-09-19,3509,bawang_merah,24350
2024-09-20,3509,bawang_merah,22650
2024-09-23,3509,bawang_merah,24000
2024-09-24,3509,bawang_merah,24000
2024-09-25,3509,bawang_merah,24000
2024-09-26,3509,bawang_merah,24150
2024-09-27,3509,bawang_merah,23850
2024-09-30,3509,bawang_merah,24000
2024-10-01,3509,bawang_merah,24000
2024-10-02,3509,bawang_merah,24000
2024-10-03,3509,bawang_merah,24000
2024-10-04,3509,bawang_merah,23650
2024-10-07,3509,bawang_merah,23650
2024-10-08,3509,bawang_merah,23500
2024-10-09,3509,bawang_merah,24500
2024-10-10,3509,bawang_merah,23650
2024-10-11,3509,bawang_merah,23650
2024-10-14,3509,bawang_merah,23650
2024-10-15,3509,bawang_merah,24150
2024-10-16,3509,bawang_merah,24150
2024-10-17,3509,bawang_merah,24350
2024-10-18,3509,bawang_merah,25350
2024-10-21,3509,bawang_merah,25000
2024-10-22,3509,bawang_merah,25500
2024-10-23,3509,bawang_merah,25500
2024-10-24,3509,bawang_merah,25500
2024-10-25,3509,bawang_merah,25850
2024-10-28,3509,bawang_merah,26150
2024-10-29,3509,bawang_merah,26650
2024-10-30,3509,bawang_merah,27500
2024-10-31,3509,bawang_merah,27500
2024-11-01,3509,bawang_merah,28150
2024-11-04,3509,bawang_merah,28650
2024-11-05,3509,bawang_merah,28650
2024-11-06,3509,bawang_merah,29500
2024-11-07,3509,bawang_merah,30150
2024-11-08,3509,bawang_merah,30350
2024-11-11,3509,bawang_merah,32350
2024-11-12,3509,bawang_merah,33500
2024-11-14,3509,bawang_merah,33850
2024-11-18,3509,bawang_merah,34500
2024-11-20,3509,bawang_merah,34500
2024-11-21,3509,bawang_merah,34250
2024-11-22,3509,bawang_merah,34850
2024-11-25,3509,bawang_merah,35000
2024-11-26,3509,bawang_merah,35000
2024-11-27,3509,bawang_merah,35000
2024-11-28,3509,bawang_merah,35000
2024-11-29,3509,bawang_merah,35150
2024-12-02,3509,bawang_merah,35150
2024-12-03,3509,bawang_merah,35150
2024-12-04,3509,bawang_merah,35000
2024-12-05,3509,bawang_merah,34350
2024-12-06,3509,bawang_merah,34350
2024-12-09,3509,bawang_merah,34500
2024-12-10,3509,bawang_merah,34650
2024-12-11,3509,bawang_merah,36000
2024-12-12,3509,bawang_merah,36000
2024-12-13,3509,bawang_merah,36150
2024-12-16,3509,bawang_merah,36850
2024-12-17,3509,bawang_merah,37150
2024-12-18,3509,bawang_merah,36000
2024-12-19,3509,bawang_merah,37000
2024-12-20,3509,bawang_merah,37500
2024-12-23,3509,bawang_merah,37350
2024-12-24,3509,bawang_merah,37650
2024-12-25,3509,bawang_merah,37650
2024-12-26,3509,bawang_merah,37650
2024-12-27,3509,bawang_merah,36850
2024-12-30,3509,bawang_merah,37150
2024-12-31,3509,bawang_merah,38000
2025-01-01,3509,bawang_merah,38000
2025-01-02,3509,bawang_merah,38000
2025-01-03,3509,bawang_merah,38000
2025-01-06,3509,bawang_merah,38150
2025-01-07,3509,bawang_merah,38750
2025-01-08,3509,bawang_merah,38650
2025-01-10,3509,bawang_merah,39000
2025-01-13,3509,bawang_merah,39000
2025-01-14,3509,bawang_merah,39350
2025-01-15,3509,bawang_merah,39500
2025-01-17,3509,bawang_merah,37350
2025-01-20,3509,bawang_merah,38650
2025-01-21,3509,bawang_merah,37650
2025-01-22,3509,bawang_merah,35500
2025-01-23,3509,bawang_merah,35650
2025-01-24,3509,bawang_merah,35650
2025-01-27,3509,bawang_merah,35650
2025-01-28,3509,bawang_merah,35650
2025-01-29,3509,bawang_merah,35650
2025-01-30,3509,bawang_merah,35850
2025-01-31,3509,bawang_merah,33650
2025-02-03,3509,bawang_merah,34000
2025-02-04,3509,bawang_merah,34150
2025-02-05,3509,bawang_merah,34150
2025-02-06,3509,bawang_merah,33500
2025-02-07,3509,bawang_merah,33000
2025-02-10,3509,bawang_merah,31650
2025-02-11,3509,bawang_merah,32650
2025-02-12,3509,bawang_merah,31850
2025-02-13,3509,bawang_merah,31000
2025-02-14,3509,bawang_merah,31000
2025-02-17,3509,bawang_merah,29650
2025-02-18,3509,bawang_merah,29650
2025-02-19,3509,bawang_merah,30350
2025-02-20,3509,bawang_merah,30350
2025-02-21,3509,bawang_merah,30000
2025-02-24,3509,bawang_merah,30150
2025-02-25,3509,bawang_merah,30150
2025-02-26,3509,bawang_merah,31500
2025-02-27,3509,bawang_merah,32650
2025-02-28,3509,bawang_merah,33150
2025-03-03,3509,bawang_merah,33150
2025-03-04,3509,bawang_merah,34350
2025-03-05,3509,bawang_merah,37350
2025-03-06,3509,bawang_merah,35500
2025-03-07,3509,bawang_merah,35500
2025-03-10,3509,bawang_merah,35850
2025-03-11,3509,bawang_merah,35650
2025-03-12,3509,bawang_merah,36350
2025-03-13,3509,bawang_merah,37350
2025-03-14,3509,bawang_merah,37350
2025-03-17,3509,bawang_merah,37650
2025-03-18,3509,bawang_merah,37650
2025-03-19,3509,bawang_merah,37650
2025-03-20,3509,bawang_merah,37650
2025-03-21,3509,bawang_merah,37650
2025-03-24,3509,bawang_merah,38850
2025-03-25,3509,bawang_merah,38850
2025-03-26,3509,bawang_merah,38850
2025-03-27,3509,bawang_merah,39350
2025-03-28,3509,bawang_merah,39150
2025-03-31,3509,bawang_merah,39150
2025-04-01,3509,bawang_merah,39150
2025-04-02,3509,bawang_merah,39150
2025-04-03,3509,bawang_merah,39150
2025-04-04,3509,bawang_merah,39150
2025-04-07,3509,bawang_merah,39150
2025-04-08,3509,bawang_merah,41500
2025-04-09,3509,bawang_merah,41350
2025-04-10,3509,bawang_merah,41350
2025-04-11,3509,bawang_merah,42350
2025-04-14,3509,bawang_merah,42350
2025-04-15,3509,bawang_merah,42650
2025-04-16,3509,bawang_merah,42650
2025-04-17,3509,bawang_merah,42650
2025-04-18,3509,bawang_merah,42650
2025-04-21,3509,bawang_merah,43850
2025-04-22,3509,bawang_merah,43850
2025-04-23,3509,bawang_merah,43500
2025-04-24,3509,bawang_merah,44350
2025-04-25,3509,bawang_merah,44350
2025-04-28,3509,bawang_merah,37350
2025-04-29,3509,bawang_merah,37000
2025-04-30,3509,bawang_merah,36500
2025-05-01,3509,bawang_merah,36500
2025-05-02,3509,bawang_merah,35850
2025-05-05,3509,bawang_merah,35850
2025-05-06,3509,bawang_merah,35350
2025-05-07,3509,bawang_merah,35350
2025-05-08,3509,bawang_merah,35350
2025-05-09,3509,bawang_merah,35350
2025-05-12,3509,bawang_merah,35350
2025-05-13,3509,bawang_merah,35350
2025-05-14,3509,bawang_merah,34650
2025-05-15,3509,bawang_merah,33650
2025-05-16,3509,bawang_merah,33650
2025-05-19,3509,bawang_merah,34650
2025-05-20,3509,bawang_merah,33000
2025-05-21,3509,bawang_merah,32500
2025-05-22,3509,bawang_merah,30350
2025-05-23,3509,bawang_merah,30350
2025-05-26,3509,bawang_merah,29650
2025-05-27,3509,bawang_merah,29500
2025-05-28,3509,bawang_merah,29000
2025-05-29,3509,bawang_merah,29000
2025-05-30,3509,bawang_merah,29000
2025-06-02,3509,bawang_merah,28850
2025-06-03,3509,bawang_merah,29850
2025-06-04,3509,bawang_merah,33850
2025-06-05,3509,bawang_merah,33000
2025-06-06,3509,bawang_merah,33000
2025-06-09,3509,bawang_merah,33000
2025-06-10,3509,bawang_merah,37150
2025-06-11,3509,bawang_merah,33350
2025-06-12,3509,bawang_merah,31000
2025-06-13,3509,bawang_merah,31150
2025-06-16,3509,bawang_merah,35350
2025-06-17,3509,bawang_merah,34500
2025-06-18,3509,bawang_merah,34500
2025-06-19,3509,bawang_merah,36000
2025-06-20,3509,bawang_merah,38350
2025-06-23,3509,bawang_merah,36650
2025-06-24,3509,bawang_merah,34650
2025-06-25,3509,bawang_merah,35850
2025-06-26,3509,bawang_merah,36150
2025-06-27,3509,bawang_merah,36150
2025-06-30,3509,bawang_merah,36500
2025-07-01,3509,bawang_merah,37000
2025-07-02,3509,bawang_merah,36500
2025-07-03,3509,bawang_merah,36500
2025-07-04,3509,bawang_merah,34500
2025-07-07,3509,bawang_merah,34150
2025-07-08,3509,bawang_merah,34500
2025-07-09,3509,bawang_merah,34650
2025-07-10,3509,bawang_merah,34650
2025-07-11,3509,bawang_merah,34650
2025-07-14,3509,bawang_merah,36850
2025-07-15,3509,bawang_merah,37500
2025-07-16,3509,bawang_merah,39150
2025-07-17,3509,bawang_merah,38350
2025-07-18,3509,bawang_merah,39650
2025-07-21,3509,bawang_merah,36650
2025-07-22,3509,bawang_merah,39650
2025-07-23,3509,bawang_merah,43350
2025-07-24,3509,bawang_merah,45000
2025-07-25,3509,bawang_merah,47650
2025-07-28,3509,bawang_merah,45350
2025-07-29,3509,bawang_merah,46500
2025-07-30,3509,bawang_merah,48150
2025-07-31,3509,bawang_merah,48150
2025-08-01,3509,bawang_merah,48150
2025-08-04,3509,bawang_merah,48150
2025-08-05,3509,bawang_merah,48150
2025-08-06,3509,bawang_merah,49500
2025-08-07,3509,bawang_merah,50000
2025-08-08,3509,bawang_merah,51650
2025-08-11,3509,bawang_merah,52000
2025-08-12,3509,bawang_merah,52000
2025-08-13,3509,bawang_merah,52650
2025-08-14,3509,bawang_merah,49000
2025-08-15,3509,bawang_merah,46500
2025-08-18,3509,bawang_merah,46500
2025-08-19,3509,bawang_merah,46150
2025-08-20,3509,bawang_merah,38500
2025-08-21,3509,bawang_merah,38350
2025-08-22,3509,bawang_merah,36650
2025-08-25,3509,bawang_merah,37150
2025-08-26,3509,bawang_merah,38850
2025-08-27,3509,bawang_merah,36850
2025-08-28,3509,bawang_merah,37150
2025-08-29,3509,bawang_merah,38150
2025-09-01,3509,bawang_merah,41500
2025-09-02,3509,bawang_merah,37850
2025-09-03,3509,bawang_merah,37150
2025-09-04,3509,bawang_merah,37150
2025-09-05,3509,bawang_merah,37150
2025-09-08,3509,bawang_merah,36150
2025-09-09,3509,bawang_merah,35500
2025-09-10,3509,bawang_merah,35350
2025-09-11,3509,bawang_merah,34850
2025-09-12,3509,bawang_merah,34850
2025-09-15,3509,bawang_merah,32350
2025-09-16,3509,bawang_merah,32000
2025-09-17,3509,bawang_merah,32350
2025-09-18,3509,bawang_merah,33350
2025-09-19,3509,bawang_merah,33650
2025-09-22,3509,bawang_merah,33850
2025-09-23,3509,bawang_merah,33850
2025-09-24,3509,bawang_merah,33000
2025-09-25,3509,bawang_merah,33150
2025-09-26,3509,bawang_merah,33150
2025-09-29,3509,bawang_merah,33150
2025-09-30,3509,bawang_merah,33350
2025-10-01,3509,bawang_merah,33350
2025-10-02,3509,bawang_merah,33350
2025-10-03,3509,bawang_merah,33500
2025-10-06,3509,bawang_merah,33850
2025-10-07,3509,bawang_merah,33650
2025-10-08,3509,bawang_merah,33650
2025-10-09,3509,bawang_merah,34000
2025-10-10,3509,bawang_merah,33850
2025-10-13,3509,bawang_merah,35500
2025-10-14,3509,bawang_merah,35350
2025-10-15,3509,bawang_merah,35150
2025-10-16,3509,bawang_merah,35150
2025-10-17,3509,bawang_merah,35150
2025-10-20,3509,bawang_merah,35500
2025-10-21,3509,bawang_merah,35350
2025-10-22,3509,bawang_merah,35000
2025-10-23,3509,bawang_merah,35500
2025-10-24,3509,bawang_merah,35500
2025-10-27,3509,bawang_merah,35500
2025-10-28,3509,bawang_merah,35500
2025-10-29,3509,bawang_merah,35500
2025-10-30,3509,bawang_merah,37150
2025-10-31,3509,bawang_merah,38000
2025-11-03,3509,bawang_merah,39650
2025-11-04,3509,bawang_merah,39650
2025-11-05,3509,bawang_merah,39850
2025-11-06,3509,bawang_merah,40150
2025-11-07,3509,bawang_merah,40150
2025-11-10,3509,bawang_merah,39850
2025-11-11,3509,bawang_merah,39650
2025-11-12,3509,bawang_merah,39650
2025-11-13,3509,bawang_merah,39650
2025-11-14,3509,bawang_merah,39650
2025-11-17,3509,bawang_merah,39650
2025-11-18,3509,bawang_merah,39650
2025-11-19,3509,bawang_merah,39650
2025-11-20,3509,bawang_merah,39650
2025-11-21,3509,bawang_merah,39500
2025-11-24,3509,bawang_merah,39500
2025-11-25,3509,bawang_merah,40850
2025-11-26,3509,bawang_merah,40850
2025-11-27,3509,bawang_merah,40850
2025-11-28,3509,bawang_merah,40650
2025-12-01,3509,bawang_merah,43850
2025-12-02,3509,bawang_merah,44150
2025-12-03,3509,bawang_merah,45000
2025-12-04,3509,bawang_merah,45150
2025-12-05,3509,bawang_merah,48000
2025-12-08,3509,bawang_merah,55350
2025-12-09,3509,bawang_merah,57000
2025-12-10,3509,bawang_merah,56500
2025-12-11,3509,bawang_merah,56500
2025-12-12,3509,bawang_merah,56850
2025-12-15,3509,bawang_merah,55850
2025-12-16,3509,bawang_merah,55650
2025-12-17,3509,bawang_merah,55650
2025-12-18,3509,bawang_merah,48850
2025-12-19,3509,bawang_merah,48650
2025-12-22,3509,bawang_merah,47850
2025-12-23,3509,bawang_merah,48500
2025-12-24,3509,bawang_merah,45850
2025-12-25,3509,bawang_merah,45850
2025-12-26,3509,bawang_merah,45850
2025-12-29,3509,bawang_merah,42350
2025-12-30,3509,bawang_merah,42350
2025-12-31,3509,bawang_merah,42350
2021-01-04,3510,bawang_merah,29250
2021-01-05,3510,bawang_merah,29000
2021-01-06,3510,bawang_merah,29000
2021-01-07,3510,bawang_merah,29000
2021-01-08,3510,bawang_merah,29500
2021-01-11,3510,bawang_merah,30250
2021-01-12,3510,bawang_merah,30250
2021-01-13,3510,bawang_merah,29750
2021-01-14,3510,bawang_merah,29750
2021-01-15,3510,bawang_merah,29750
2021-01-18,3510,bawang_merah,29750
2021-01-19,3510,bawang_merah,29750
2021-01-20,3510,bawang_merah,28750
2021-01-21,3510,bawang_merah,28750
2021-01-22,3510,bawang_merah,28750
2021-01-25,3510,bawang_merah,25500
2021-01-26,3510,bawang_merah,25500
2021-01-27,3510,bawang_merah,25750
2021-01-28,3510,bawang_merah,26500
2021-01-29,3510,bawang_merah,26500
2021-02-01,3510,bawang_merah,24250
2021-02-02,3510,bawang_merah,24250
2021-02-03,3510,bawang_merah,24250
2021-02-04,3510,bawang_merah,24250
2021-02-05,3510,bawang_merah,24250
2021-02-08,3510,bawang_merah,25750
2021-02-09,3510,bawang_merah,25750
2021-02-10,3510,bawang_merah,25750
2021-02-11,3510,bawang_merah,25750
2021-02-15,3510,bawang_merah,27750
2021-02-16,3510,bawang_merah,30500
2021-02-17,3510,bawang_merah,30500
2021-02-18,3510,bawang_merah,29500
2021-02-19,3510,bawang_merah,29500
2021-02-22,3510,bawang_merah,29250
2021-02-23,3510,bawang_merah,29250
2021-02-24,3510,bawang_merah,29250
2021-02-25,3510,bawang_merah,29250
2021-02-26,3510,bawang_merah,29500
2021-03-01,3510,bawang_merah,29500
2021-03-02,3510,bawang_merah,29500
2021-03-03,3510,bawang_merah,29500
2021-03-04,3510,bawang_merah,34750
2021-03-05,3510,bawang_merah,35000
2021-03-08,3510,bawang_merah,35000
2021-03-09,3510,bawang_merah,35000
2021-03-10,3510,bawang_merah,33750
2021-03-12,3510,bawang_merah,33750
2021-03-15,3510,bawang_merah,33500
2021-03-16,3510,bawang_merah,33500
2021-03-17,3510,bawang_merah,34500
2021-03-18,3510,bawang_merah,34500
2021-03-19,3510,bawang_merah,34500
2021-03-22,3510,bawang_merah,35750
2021-03-23,3510,bawang_merah,35750
2021-03-24,3510,bawang_merah,34250
2021-03-25,3510,bawang_merah,34250
2021-03-26,3510,bawang_merah,34250
2021-03-29,3510,bawang_merah,31750
2021-03-30,3510,bawang_merah,31750
2021-03-31,3510,bawang_merah,31000
2021-04-01,3510,bawang_merah,30500
2021-04-05,3510,bawang_merah,31000
2021-04-06,3510,bawang_merah,31000
2021-04-07,3510,bawang_merah,31000
2021-04-08,3510,bawang_merah,31000
2021-04-09,3510,bawang_merah,31000
2021-04-12,3510,bawang_merah,29500
2021-04-13,3510,bawang_merah,29500
2021-04-14,3510,bawang_merah,30000
2021-04-15,3510,bawang_merah,30000
2021-04-16,3510,bawang_merah,30000
2021-04-19,3510,bawang_merah,30500
2021-04-20,3510,bawang_merah,29500
2021-04-21,3510,bawang_merah,29500
2021-04-22,3510,bawang_merah,29000
2021-04-23,3510,bawang_merah,29000
2021-04-26,3510,bawang_merah,27750
2021-04-27,3510,bawang_merah,30000
2021-04-28,3510,bawang_merah,30000
2021-04-29,3510,bawang_merah,30000
2021-04-30,3510,bawang_merah,30000
2021-05-03,3510,bawang_merah,31500
2021-05-04,3510,bawang_merah,31500
2021-05-05,3510,bawang_merah,31000
2021-05-06,3510,bawang_merah,31000
2021-05-07,3510,bawang_merah,31000
2021-05-10,3510,bawang_merah,32750
2021-05-11,3510,bawang_merah,32750
2021-05-17,3510,bawang_merah,29500
2021-05-18,3510,bawang_merah,29500
2021-05-19,3510,bawang_merah,29500
2021-05-20,3510,bawang_merah,29500
2021-05-21,3510,bawang_merah,29500
2021-05-24,3510,bawang_merah,27750
2021-05-25,3510,bawang_merah,27750
2021-05-27,3510,bawang_merah,27750
2021-05-28,3510,bawang_merah,27750
2021-05-31,3510,bawang_merah,27750
2021-06-02,3510,bawang_merah,27750
2021-06-03,3510,bawang_merah,27750
2021-06-04,3510,bawang_merah,27750
2021-06-07,3510,bawang_merah,27500
2021-06-08,3510,bawang_merah,27500
2021-06-09,3510,bawang_merah,27500
2021-06-10,3510,bawang_merah,26750
2021-06-11,3510,bawang_merah,26500
2021-06-14,3510,bawang_merah,25250
2021-06-15,3510,bawang_merah,25250
2021-06-16,3510,bawang_merah,25250
2021-06-17,3510,bawang_merah,25250
2021-06-18,3510,bawang_merah,25250
2021-06-21,3510,bawang_merah,25250
2021-06-22,3510,bawang_merah,27500
2021-06-23,3510,bawang_merah,27500
2021-06-24,3510,bawang_merah,27500
2021-06-25,3510,bawang_merah,27500
2021-06-28,3510,bawang_merah,28000
2021-06-29,3510,bawang_merah,28000
2021-06-30,3510,bawang_merah,28000
2021-07-01,3510,bawang_merah,28000
2021-07-02,3510,bawang_merah,28000
2021-07-05,3510,bawang_merah,29250
2021-07-06,3510,bawang_merah,29250
2021-07-07,3510,bawang_merah,30500
2021-07-08,3510,bawang_merah,30000
2021-07-09,3510,bawang_merah,30000
2021-07-12,3510,bawang_merah,30000
2021-07-13,3510,bawang_merah,31000
2021-07-14,3510,bawang_merah,31000
2021-07-15,3510,bawang_merah,31000
2021-07-16,3510,bawang_merah,31000
2021-07-19,3510,bawang_merah,31000
2021-07-21,3510,bawang_merah,31000
2021-07-22,3510,bawang_merah,31000
2021-07-23,3510,bawang_merah,31000
2021-07-26,3510,bawang_merah,33250
2021-07-27,3510,bawang_merah,33250
2021-07-28,3510,bawang_merah,33250
2021-07-29,3510,bawang_merah,33250
2021-07-30,3510,bawang_merah,33250
2021-08-02,3510,bawang_merah,33750
2021-08-03,3510,bawang_merah,34000
2021-08-04,3510,bawang_merah,34000
2021-08-05,3510,bawang_merah,34000
2021-08-06,3510,bawang_merah,34000
2021-08-09,3510,bawang_merah,31000
2021-08-10,3510,bawang_merah,30000
2021-08-12,3510,bawang_merah,29500
2021-08-13,3510,bawang_merah,29500
2021-08-16,3510,bawang_merah,29500
2021-08-18,3510,bawang_merah,29000
2021-08-19,3510,bawang_merah,28500
2021-08-20,3510,bawang_merah,28500
2021-08-23,3510,bawang_merah,27000
2021-08-24,3510,bawang_merah,27000
2021-08-25,3510,bawang_merah,27000
2021-08-26,3510,bawang_merah,22750
2021-08-27,3510,bawang_merah,22750
2021-08-30,3510,bawang_merah,23000
2021-08-31,3510,bawang_merah,23000
2021-09-01,3510,bawang_merah,23000
2021-09-02,3510,bawang_merah,23250
2021-09-03,3510,bawang_merah,23250
2021-09-06,3510,bawang_merah,22500
2021-09-07,3510,bawang_merah,22500
2021-09-08,3510,bawang_merah,22500
2021-09-09,3510,bawang_merah,22500
2021-09-10,3510,bawang_merah,22500
2021-09-13,3510,bawang_merah,22500
2021-09-14,3510,bawang_merah,22500
2021-09-15,3510,bawang_merah,22500
2021-09-16,3510,bawang_merah,23500
2021-09-17,3510,bawang_merah,23500
2021-09-20,3510,bawang_merah,24000
2021-09-21,3510,bawang_merah,24000
2021-09-22,3510,bawang_merah,24000
2021-09-23,3510,bawang_merah,24000
2021-09-24,3510,bawang_merah,24000
2021-09-27,3510,bawang_merah,24000
2021-09-28,3510,bawang_merah,24000
2021-09-29,3510,bawang_merah,24000
2021-09-30,3510,bawang_merah,24000
2021-10-01,3510,bawang_merah,24000
2021-10-04,3510,bawang_merah,25500
2021-10-05,3510,bawang_merah,25500
2021-10-06,3510,bawang_merah,25500
2021-10-07,3510,bawang_merah,26000
2021-10-08,3510,bawang_merah,26000
2021-10-11,3510,bawang_merah,25000
2021-10-12,3510,bawang_merah,24750
2021-10-13,3510,bawang_merah,24750
2021-10-14,3510,bawang_merah,24750
2021-10-15,3510,bawang_merah,25500
2021-10-18,3510,bawang_merah,25750
2021-10-19,3510,bawang_merah,25750
2021-10-21,3510,bawang_merah,25750
2021-10-22,3510,bawang_merah,25750
2021-10-25,3510,bawang_merah,24500
2021-10-26,3510,bawang_merah,24500
2021-10-27,3510,bawang_merah,24500
2021-10-28,3510,bawang_merah,24250
2021-10-29,3510,bawang_merah,24000
2021-11-01,3510,bawang_merah,23750
2021-11-02,3510,bawang_merah,23500
2021-11-03,3510,bawang_merah,23250
2021-11-04,3510,bawang_merah,23250
2021-11-05,3510,bawang_merah,23250
2021-11-08,3510,bawang_merah,23000
2021-11-09,3510,bawang_merah,23000
2021-11-10,3510,bawang_merah,23000
2021-11-11,3510,bawang_merah,23000
2021-11-12,3510,bawang_merah,23000
2021-11-15,3510,bawang_merah,20500
2021-11-16,3510,bawang_merah,20500
2021-11-17,3510,bawang_merah,19750
2021-11-18,3510,bawang_merah,19750
2021-11-19,3510,bawang_merah,19750
2021-11-22,3510,bawang_merah,20000
2021-11-23,3510,bawang_merah,20000
2021-11-24,3510,bawang_merah,20000
2021-11-25,3510,bawang_merah,20000
2021-11-26,3510,bawang_merah,20000
2021-11-29,3510,bawang_merah,20000
2021-11-30,3510,bawang_merah,20000
2021-12-01,3510,bawang_merah,20000
2021-12-02,3510,bawang_merah,21250
2021-12-03,3510,bawang_merah,21250
2021-12-06,3510,bawang_merah,21250
2021-12-07,3510,bawang_merah,21250
2021-12-08,3510,bawang_merah,22500
2021-12-09,3510,bawang_merah,24250
2021-12-10,3510,bawang_merah,24500
2021-12-13,3510,bawang_merah,24750
2021-12-14,3510,bawang_merah,25000
2021-12-15,3510,bawang_merah,24250
2021-12-16,3510,bawang_merah,24250
2021-12-17,3510,bawang_merah,24500
2021-12-20,3510,bawang_merah,24500
2021-12-21,3510,bawang_merah,24000
2021-12-22,3510,bawang_merah,24000
2021-12-23,3510,bawang_merah,24500
2021-12-24,3510,bawang_merah,24500
2021-12-27,3510,bawang_merah,24250
2021-12-28,3510,bawang_merah,24750
2021-12-29,3510,bawang_merah,24750
2021-12-30,3510,bawang_merah,24750
2021-12-31,3510,bawang_merah,24750
2022-01-03,3510,bawang_merah,24750
2022-01-04,3510,bawang_merah,24750
2022-01-05,3510,bawang_merah,24750
2022-01-06,3510,bawang_merah,24750
2022-01-07,3510,bawang_merah,24750
2022-01-10,3510,bawang_merah,24750
2022-01-11,3510,bawang_merah,24000
2022-01-12,3510,bawang_merah,24000
2022-01-13,3510,bawang_merah,24000
2022-01-14,3510,bawang_merah,24750
2022-01-17,3510,bawang_merah,24500
2022-01-18,3510,bawang_merah,24500
2022-01-19,3510,bawang_merah,24500
2022-01-20,3510,bawang_merah,25000
2022-01-21,3510,bawang_merah,25750
2022-01-24,3510,bawang_merah,25750
2022-01-25,3510,bawang_merah,25750
2022-01-26,3510,bawang_merah,25750
2022-01-27,3510,bawang_merah,25750
2022-01-28,3510,bawang_merah,25750
2022-01-31,3510,bawang_merah,25750
2022-02-02,3510,bawang_merah,25750
2022-02-03,3510,bawang_merah,25750
2022-02-04,3510,bawang_merah,25750
2022-02-07,3510,bawang_merah,31500
2022-02-08,3510,bawang_merah,31500
2022-02-09,3510,bawang_merah,31500
2022-02-10,3510,bawang_merah,31500
2022-02-11,3510,bawang_merah,31500
2022-02-14,3510,bawang_merah,34500
2022-02-15,3510,bawang_merah,34500
2022-02-16,3510,bawang_merah,34500
2022-02-17,3510,bawang_merah,34500
2022-02-18,3510,bawang_merah,34500
2022-02-21,3510,bawang_merah,34750
2022-02-22,3510,bawang_merah,34750
2022-02-23,3510,bawang_merah,34750
2022-02-24,3510,bawang_merah,34750
2022-02-25,3510,bawang_merah,34750
2022-03-01,3510,bawang_merah,36000
2022-03-02,3510,bawang_merah,36000
2022-03-04,3510,bawang_merah,36000
2022-03-07,3510,bawang_merah,36000
2022-03-08,3510,bawang_merah,36000
2022-03-09,3510,bawang_merah,36000
2022-03-10,3510,bawang_merah,36250
2022-03-11,3510,bawang_merah,36500
2022-03-14,3510,bawang_merah,36500
2022-03-15,3510,bawang_merah,35750
2022-03-16,3510,bawang_merah,34750
2022-03-17,3510,bawang_merah,34000
2022-03-18,3510,bawang_merah,32750
2022-03-21,3510,bawang_merah,31750
2022-03-22,3510,bawang_merah,31750
2022-03-23,3510,bawang_merah,31500
2022-03-24,3510,bawang_merah,31500
2022-03-25,3510,bawang_merah,31500
2022-03-28,3510,bawang_merah,32250
2022-03-29,3510,bawang_merah,32250
2022-03-30,3510,bawang_merah,30500
2022-03-31,3510,bawang_merah,30500
2022-04-01,3510,bawang_merah,30500
2022-04-04,3510,bawang_merah,30000
2022-04-05,3510,bawang_merah,28500
2022-04-06,3510,bawang_merah,28500
2022-04-07,3510,bawang_merah,28000
2022-04-08,3510,bawang_merah,27500
2022-04-11,3510,bawang_merah,27500
2022-04-12,3510,bawang_merah,27500
2022-04-13,3510,bawang_merah,27500
2022-04-14,3510,bawang_merah,27500
2022-04-18,3510,bawang_merah,27500
2022-04-19,3510,bawang_merah,27500
2022-04-20,3510,bawang_merah,27500
2022-04-21,3510,bawang_merah,27500
2022-04-22,3510,bawang_merah,27500
2022-04-25,3510,bawang_merah,31500
2022-04-26,3510,bawang_merah,32250
2022-04-27,3510,bawang_merah,32250
2022-04-28,3510,bawang_merah,33500
2022-05-09,3510,bawang_merah,33500
2022-05-10,3510,bawang_merah,34750
2022-05-11,3510,bawang_merah,34750
2022-05-12,3510,bawang_merah,34750
2022-05-13,3510,bawang_merah,35000
2022-05-17,3510,bawang_merah,35250
2022-05-18,3510,bawang_merah,35750
2022-05-19,3510,bawang_merah,35750
2022-05-20,3510,bawang_merah,35750
2022-05-23,3510,bawang_merah,35750
2022-05-24,3510,bawang_merah,38250
2022-05-25,3510,bawang_merah,38250
2022-05-27,3510,bawang_merah,38250
2022-05-30,3510,bawang_merah,38500
2022-05-31,3510,bawang_merah,38500
2022-06-02,3510,bawang_merah,38500
2022-06-03,3510,bawang_merah,39000
2022-06-06,3510,bawang_merah,39000
2022-06-07,3510,bawang_merah,39000
2022-06-08,3510,bawang_merah,39000
2022-06-09,3510,bawang_merah,41000
2022-06-10,3510,bawang_merah,41000
2022-06-13,3510,bawang_merah,51000
2022-06-14,3510,bawang_merah,59500
2022-06-15,3510,bawang_merah,59500
2022-06-16,3510,bawang_merah,60000
2022-06-17,3510,bawang_merah,60000
2022-06-20,3510,bawang_merah,54250
2022-06-21,3510,bawang_merah,54250
2022-06-22,3510,bawang_merah,54250
2022-06-23,3510,bawang_merah,54250
2022-06-24,3510,bawang_merah,54250
2022-06-27,3510,bawang_merah,54250
2022-06-28,3510,bawang_merah,54250
2022-06-29,3510,bawang_merah,50750
2022-06-30,3510,bawang_merah,50750
2022-07-01,3510,bawang_merah,49500
2022-07-04,3510,bawang_merah,58250
2022-07-05,3510,bawang_merah,54500
2022-07-06,3510,bawang_merah,55750
2022-07-07,3510,bawang_merah,55750
2022-07-08,3510,bawang_merah,64500
2022-07-11,3510,bawang_merah,67500
2022-07-12,3510,bawang_merah,75000
2022-07-13,3510,bawang_merah,76250
2022-07-14,3510,bawang_merah,75000
2022-07-15,3510,bawang_merah,75000
2022-07-18,3510,bawang_merah,63000
2022-07-19,3510,bawang_merah,60000
2022-07-20,3510,bawang_merah,53750
2022-07-21,3510,bawang_merah,53250
2022-07-22,3510,bawang_merah,52000
2022-07-25,3510,bawang_merah,46250
2022-07-26,3510,bawang_merah,43750
2022-07-27,3510,bawang_merah,40000
2022-07-28,3510,bawang_merah,40500
2022-07-29,3510,bawang_merah,40000
2022-08-01,3510,bawang_merah,36750
2022-08-02,3510,bawang_merah,36750
2022-08-03,3510,bawang_merah,36750
2022-08-04,3510,bawang_merah,36750
2022-08-05,3510,bawang_merah,36750
2022-08-08,3510,bawang_merah,36750
2022-08-09,3510,bawang_merah,36750
2022-08-10,3510,bawang_merah,38000
2022-08-11,3510,bawang_merah,38000
2022-08-12,3510,bawang_merah,35500
2022-08-15,3510,bawang_merah,35500
2022-08-16,3510,bawang_merah,31750
2022-08-18,3510,bawang_merah,31500
2022-08-19,3510,bawang_merah,28750
2022-08-22,3510,bawang_merah,28750
2022-08-23,3510,bawang_merah,28750
2022-08-24,3510,bawang_merah,27000
2022-08-25,3510,bawang_merah,26000
2022-08-26,3510,bawang_merah,26000
2022-08-29,3510,bawang_merah,28000
2022-08-30,3510,bawang_merah,28000
2022-08-31,3510,bawang_merah,28000
2022-09-01,3510,bawang_merah,28000
2022-09-02,3510,bawang_merah,29500
2022-09-05,3510,bawang_merah,31750
2022-09-06,3510,bawang_merah,31750
2022-09-07,3510,bawang_merah,30750
2022-09-08,3510,bawang_merah,30750
2022-09-09,3510,bawang_merah,30750
2022-09-12,3510,bawang_merah,30750
2022-09-13,3510,bawang_merah,30750
2022-09-14,3510,bawang_merah,30750
2022-09-15,3510,bawang_merah,30750
2022-09-16,3510,bawang_merah,30750
2022-09-19,3510,bawang_merah,30750
2022-09-20,3510,bawang_merah,30750
2022-09-21,3510,bawang_merah,30500
2022-09-22,3510,bawang_merah,30500
2022-09-23,3510,bawang_merah,30500
2022-09-26,3510,bawang_merah,30500
2022-09-27,3510,bawang_merah,30500
2022-09-28,3510,bawang_merah,29750
2022-09-29,3510,bawang_merah,29250
2022-09-30,3510,bawang_merah,28250
2022-10-03,3510,bawang_merah,28500
2022-10-04,3510,bawang_merah,29250
2022-10-05,3510,bawang_merah,28500
2022-10-06,3510,bawang_merah,30750
2022-10-07,3510,bawang_merah,30750
2022-10-10,3510,bawang_merah,30750
2022-10-11,3510,bawang_merah,30750
2022-10-12,3510,bawang_merah,30750
2022-10-13,3510,bawang_merah,30750
2022-10-14,3510,bawang_merah,29250
2022-10-17,3510,bawang_merah,29250
2022-10-18,3510,bawang_merah,29250
2022-10-19,3510,bawang_merah,30000
2022-10-20,3510,bawang_merah,30000
2022-10-21,3510,bawang_merah,30000
2022-10-24,3510,bawang_merah,30000
2022-10-25,3510,bawang_merah,29500
2022-10-26,3510,bawang_merah,29500
2022-10-27,3510,bawang_merah,29500
2022-10-28,3510,bawang_merah,29500
2022-10-31,3510,bawang_merah,33500
2022-11-01,3510,bawang_merah,37500
2022-11-02,3510,bawang_merah,38000
2022-11-03,3510,bawang_merah,38000
2022-11-04,3510,bawang_merah,38000
2022-11-07,3510,bawang_merah,37500
2022-11-08,3510,bawang_merah,37500
2022-11-09,3510,bawang_merah,37500
2022-11-10,3510,bawang_merah,37500
2022-11-11,3510,bawang_merah,37000
2022-11-14,3510,bawang_merah,35750
2022-11-15,3510,bawang_merah,35750
2022-11-16,3510,bawang_merah,35750
2022-11-17,3510,bawang_merah,35750
2022-11-18,3510,bawang_merah,35750
2022-11-21,3510,bawang_merah,31750
2022-11-22,3510,bawang_merah,31750
2022-11-23,3510,bawang_merah,31750
2022-11-24,3510,bawang_merah,31750
2022-11-25,3510,bawang_merah,31750
2022-11-28,3510,bawang_merah,32500
2022-11-29,3510,bawang_merah,32500
2022-11-30,3510,bawang_merah,32500
2022-12-01,3510,bawang_merah,32500
2022-12-02,3510,bawang_merah,32500
2022-12-05,3510,bawang_merah,32500
2022-12-06,3510,bawang_merah,34500
2022-12-07,3510,bawang_merah,34500
2022-12-08,3510,bawang_merah,34500
2022-12-09,3510,bawang_merah,36750
2022-12-12,3510,bawang_merah,37500
2022-12-13,3510,bawang_merah,37500
2022-12-14,3510,bawang_merah,35750
2022-12-15,3510,bawang_merah,35750
2022-12-16,3510,bawang_merah,35750
2022-12-19,3510,bawang_merah,36250
2022-12-20,3510,bawang_merah,36500
2022-12-21,3510,bawang_merah,36750
2022-12-22,3510,bawang_merah,36750
2022-12-23,3510,bawang_merah,36750
2022-12-26,3510,bawang_merah,36750
2022-12-27,3510,bawang_merah,36750
2022-12-28,3510,bawang_merah,36750
2022-12-29,3510,bawang_merah,36500
2022-12-30,3510,bawang_merah,36500
2023-01-02,3510,bawang_merah,36500
2023-01-03,3510,bawang_merah,35000
2023-01-04,3510,bawang_merah,35000
2023-01-05,3510,bawang_merah,35000
2023-01-06,3510,bawang_merah,35000
2023-01-09,3510,bawang_merah,35000
2023-01-10,3510,bawang_merah,34500
2023-01-11,3510,bawang_merah,34500
2023-01-12,3510,bawang_merah,34500
2023-01-13,3510,bawang_merah,34500
2023-01-16,3510,bawang_merah,34500
2023-01-17,3510,bawang_merah,34500
2023-01-18,3510,bawang_merah,34500
2023-01-19,3510,bawang_merah,34500
2023-01-20,3510,bawang_merah,34500
2023-01-23,3510,bawang_merah,34500
2023-01-24,3510,bawang_merah,34500
2023-01-25,3510,bawang_merah,34500
2023-01-26,3510,bawang_merah,35000
2023-01-27,3510,bawang_merah,35750
2023-01-30,3510,bawang_merah,36000
2023-01-31,3510,bawang_merah,36000
2023-02-01,3510,bawang_merah,36000
2023-02-02,3510,bawang_merah,36000
2023-02-03,3510,bawang_merah,36000
2023-02-06,3510,bawang_merah,36750
2023-02-07,3510,bawang_merah,36750
2023-02-08,3510,bawang_merah,36750
2023-02-09,3510,bawang_merah,38000
2023-02-10,3510,bawang_merah,38000
2023-02-13,3510,bawang_merah,31750
2023-02-14,3510,bawang_merah,31750
2023-02-15,3510,bawang_merah,31750
2023-02-16,3510,bawang_merah,33750
2023-02-17,3510,bawang_merah,33250
2023-02-20,3510,bawang_merah,31500
2023-02-21,3510,bawang_merah,31500
2023-02-22,3510,bawang_merah,32750
2023-02-23,3510,bawang_merah,32750
2023-02-24,3510,bawang_merah,32750
2023-02-27,3510,bawang_merah,32750
2023-02-28,3510,bawang_merah,32750
2023-03-01,3510,bawang_merah,32000
2023-03-02,3510,bawang_merah,32000
2023-03-03,3510,bawang_merah,32000
2023-03-06,3510,bawang_merah,32000
2023-03-07,3510,bawang_merah,32000
2023-03-08,3510,bawang_merah,32000
2023-03-09,3510,bawang_merah,34750
2023-03-10,3510,bawang_merah,34750
2023-03-13,3510,bawang_merah,34750
2023-03-14,3510,bawang_merah,34750
2023-03-15,3510,bawang_merah,32500
2023-03-16,3510,bawang_merah,31750
2023-03-17,3510,bawang_merah,31250
2023-03-20,3510,bawang_merah,29500
2023-03-21,3510,bawang_merah,29500
2023-03-24,3510,bawang_merah,30000
2023-03-27,3510,bawang_merah,30000
2023-03-28,3510,bawang_merah,28750
2023-03-29,3510,bawang_merah,28500
2023-03-30,3510,bawang_merah,30750
2023-03-31,3510,bawang_merah,30750
2023-04-03,3510,bawang_merah,31250
2023-04-04,3510,bawang_merah,31250
2023-04-05,3510,bawang_merah,31250
2023-04-06,3510,bawang_merah,31250
2023-04-07,3510,bawang_merah,31250
2023-04-10,3510,bawang_merah,31250
2023-04-11,3510,bawang_merah,31250
2023-04-12,3510,bawang_merah,31250
2023-04-13,3510,bawang_merah,29500
2023-04-14,3510,bawang_merah,29000
2023-04-17,3510,bawang_merah,31500
2023-04-18,3510,bawang_merah,32500
2023-04-19,3510,bawang_merah,32500
2023-04-20,3510,bawang_merah,32500
2023-04-21,3510,bawang_merah,32500
2023-04-24,3510,bawang_merah,32500
2023-04-25,3510,bawang_merah,32500
2023-04-26,3510,bawang_merah,40000
2023-04-27,3510,bawang_merah,40000
2023-04-28,3510,bawang_merah,40000
2023-05-01,3510,bawang_merah,40000
2023-05-02,3510,bawang_merah,44250
2023-05-03,3510,bawang_merah,44250
2023-05-04,3510,bawang_merah,44250
2023-05-05,3510,bawang_merah,44250
2023-05-08,3510,bawang_merah,42000
2023-05-09,3510,bawang_merah,42000
2023-05-10,3510,bawang_merah,42000
2023-05-11,3510,bawang_merah,42000
2023-05-12,3510,bawang_merah,40000
2023-05-15,3510,bawang_merah,43750
2023-05-16,3510,bawang_merah,43750
2023-05-17,3510,bawang_merah,40750
2023-05-18,3510,bawang_merah,40750
2023-05-19,3510,bawang_merah,41500
2023-05-22,3510,bawang_merah,40250
2023-05-23,3510,bawang_merah,40250
2023-05-24,3510,bawang_merah,40250
2023-05-25,3510,bawang_merah,40250
2023-05-26,3510,bawang_merah,40250
2023-05-29,3510,bawang_merah,39500
2023-05-30,3510,bawang_merah,39500
2023-05-31,3510,bawang_merah,39250
2023-06-01,3510,bawang_merah,39250
2023-06-02,3510,bawang_merah,39250
2023-06-05,3510,bawang_merah,37750
2023-06-06,3510,bawang_merah,37750
2023-06-07,3510,bawang_merah,37750
2023-06-08,3510,bawang_merah,37750
2023-06-09,3510,bawang_merah,37750
2023-06-12,3510,bawang_merah,37250
2023-06-13,3510,bawang_merah,36500
2023-06-14,3510,bawang_merah,36500
2023-06-15,3510,bawang_merah,36500
2023-06-16,3510,bawang_merah,36500
2023-06-19,3510,bawang_merah,36500
2023-06-20,3510,bawang_merah,36500
2023-06-21,3510,bawang_merah,36500
2023-06-22,3510,bawang_merah,36500
2023-06-23,3510,bawang_merah,36500
2023-06-26,3510,bawang_merah,36500
2023-06-27,3510,bawang_merah,36500
2023-06-28,3510,bawang_merah,36500
2023-06-29,3510,bawang_merah,36500
2023-06-30,3510,bawang_merah,36500
2023-07-03,3510,bawang_merah,35750
2023-07-04,3510,bawang_merah,34750
2023-07-05,3510,bawang_merah,34750
2023-07-06,3510,bawang_merah,34750
2023-07-07,3510,bawang_merah,34750
2023-07-10,3510,bawang_merah,34750
2023-07-11,3510,bawang_merah,34750
2023-07-12,3510,bawang_merah,31750
2023-07-13,3510,bawang_merah,31750
2023-07-14,3510,bawang_merah,31250
2023-07-17,3510,bawang_merah,30250
2023-07-18,3510,bawang_merah,30250
2023-07-19,3510,bawang_merah,30250
2023-07-20,3510,bawang_merah,30250
2023-07-21,3510,bawang_merah,30250
2023-07-24,3510,bawang_merah,26000
2023-07-25,3510,bawang_merah,23250
2023-07-26,3510,bawang_merah,23000
2023-07-27,3510,bawang_merah,23000
2023-07-28,3510,bawang_merah,23500
2023-07-31,3510,bawang_merah,22250
2023-08-01,3510,bawang_merah,23500
2023-08-02,3510,bawang_merah,23500
2023-08-03,3510,bawang_merah,23500
2023-08-04,3510,bawang_merah,23500
2023-08-07,3510,bawang_merah,23500
2023-08-08,3510,bawang_merah,23500
2023-08-09,3510,bawang_merah,23500
2023-08-10,3510,bawang_merah,23500
2023-08-11,3510,bawang_merah,23500
2023-08-14,3510,bawang_merah,23000
2023-08-15,3510,bawang_merah,23000
2023-08-16,3510,bawang_merah,23000
2023-08-17,3510,bawang_merah,23000
2023-08-18,3510,bawang_merah,23000
2023-08-21,3510,bawang_merah,21500
2023-08-22,3510,bawang_merah,21500
2023-08-23,3510,bawang_merah,21500
2023-08-24,3510,bawang_merah,21500
2023-08-25,3510,bawang_merah,21500
2023-08-28,3510,bawang_merah,20000
2023-08-29,3510,bawang_merah,20000
2023-08-30,3510,bawang_merah,20000
2023-08-31,3510,bawang_merah,20000
2023-09-01,3510,bawang_merah,20000
2023-09-04,3510,bawang_merah,20000
2023-09-05,3510,bawang_merah,20000
2023-09-06,3510,bawang_merah,19500
2023-09-07,3510,bawang_merah,19500
2023-09-08,3510,bawang_merah,19500
2023-09-11,3510,bawang_merah,20000
2023-09-12,3510,bawang_merah,20000
2023-09-13,3510,bawang_merah,20000
2023-09-14,3510,bawang_merah,20000
2023-09-15,3510,bawang_merah,20000
2023-09-18,3510,bawang_merah,20000
2023-09-19,3510,bawang_merah,20000
2023-09-20,3510,bawang_merah,20000
2023-09-21,3510,bawang_merah,19500
2023-09-22,3510,bawang_merah,19500
2023-09-25,3510,bawang_merah,19500
2023-09-26,3510,bawang_merah,19500
2023-09-27,3510,bawang_merah,18500
2023-09-28,3510,bawang_merah,18500
2023-09-29,3510,bawang_merah,18500
2023-10-02,3510,bawang_merah,18500
2023-10-03,3510,bawang_merah,18500
2023-10-04,3510,bawang_merah,19250
2023-10-05,3510,bawang_merah,19250
2023-10-06,3510,bawang_merah,19250
2023-10-09,3510,bawang_merah,19000
2023-10-10,3510,bawang_merah,19000
2023-10-11,3510,bawang_merah,19000
2023-10-12,3510,bawang_merah,19000
2023-10-13,3510,bawang_merah,19000
2023-10-16,3510,bawang_merah,19000
2023-10-17,3510,bawang_merah,19000
2023-10-18,3510,bawang_merah,18000
2023-10-19,3510,bawang_merah,18000
2023-10-20,3510,bawang_merah,18000
2023-10-23,3510,bawang_merah,17750
2023-10-24,3510,bawang_merah,17500
2023-10-25,3510,bawang_merah,17500
2023-10-26,3510,bawang_merah,18000
2023-10-27,3510,bawang_merah,18000
2023-10-30,3510,bawang_merah,18000
2023-10-31,3510,bawang_merah,18000
2023-11-01,3510,bawang_merah,18000
2023-11-02,3510,bawang_merah,18750
2023-11-03,3510,bawang_merah,19750
2023-11-06,3510,bawang_merah,24250
2023-11-07,3510,bawang_merah,24250
2023-11-08,3510,bawang_merah,24250
2023-11-09,3510,bawang_merah,24250
2023-11-10,3510,bawang_merah,24250
2023-11-13,3510,bawang_merah,26000
2023-11-14,3510,bawang_merah,26000
2023-11-15,3510,bawang_merah,25750
2023-11-16,3510,bawang_merah,25750
2023-11-17,3510,bawang_merah,25750
2023-11-20,3510,bawang_merah,25500
2023-11-21,3510,bawang_merah,25500
2023-11-22,3510,bawang_merah,25500
2023-11-23,3510,bawang_merah,25500
2023-11-24,3510,bawang_merah,25500
2023-11-27,3510,bawang_merah,26250
2023-11-28,3510,bawang_merah,26750
2023-11-29,3510,bawang_merah,26750
2023-11-30,3510,bawang_merah,26750
2023-12-01,3510,bawang_merah,26750
2023-12-04,3510,bawang_merah,26750
2023-12-05,3510,bawang_merah,26750
2023-12-06,3510,bawang_merah,26750
2023-12-07,3510,bawang_merah,27750
2023-12-08,3510,bawang_merah,27500
2023-12-11,3510,bawang_merah,27750
2023-12-12,3510,bawang_merah,27750
2023-12-13,3510,bawang_merah,29500
2023-12-14,3510,bawang_merah,29500
2023-12-15,3510,bawang_merah,29500
2023-12-18,3510,bawang_merah,30250
2023-12-19,3510,bawang_merah,30250
2023-12-20,3510,bawang_merah,30500
2023-12-21,3510,bawang_merah,30750
2023-12-22,3510,bawang_merah,30750
2023-12-27,3510,bawang_merah,30750
2023-12-28,3510,bawang_merah,31500
2023-12-29,3510,bawang_merah,33000
2024-01-01,3510,bawang_merah,33000
2024-01-02,3510,bawang_merah,33000
2024-01-03,3510,bawang_merah,32000
2024-01-04,3510,bawang_merah,33000
2024-01-05,3510,bawang_merah,33500
2024-01-08,3510,bawang_merah,37000
2024-01-09,3510,bawang_merah,38000
2024-01-10,3510,bawang_merah,38000
2024-01-11,3510,bawang_merah,38000
2024-01-12,3510,bawang_merah,38000
2024-01-15,3510,bawang_merah,38250
2024-01-16,3510,bawang_merah,38250
2024-01-17,3510,bawang_merah,37250
2024-01-18,3510,bawang_merah,37250
2024-01-19,3510,bawang_merah,37250
2024-01-22,3510,bawang_merah,35750
2024-01-23,3510,bawang_merah,34500
2024-01-24,3510,bawang_merah,34500
2024-01-25,3510,bawang_merah,34500
2024-01-26,3510,bawang_merah,34250
2024-01-29,3510,bawang_merah,31000
2024-01-30,3510,bawang_merah,31000
2024-01-31,3510,bawang_merah,31000
2024-02-01,3510,bawang_merah,31250
2024-02-02,3510,bawang_merah,30250
2024-02-05,3510,bawang_merah,29500
2024-02-06,3510,bawang_merah,29500
2024-02-07,3510,bawang_merah,27500
2024-02-08,3510,bawang_merah,27500
2024-02-09,3510,bawang_merah,27500
2024-02-12,3510,bawang_merah,26500
2024-02-13,3510,bawang_merah,24500
2024-02-14,3510,bawang_merah,24500
2024-02-15,3510,bawang_merah,26250
2024-02-16,3510,bawang_merah,27000
2024-02-19,3510,bawang_merah,29750
2024-02-20,3510,bawang_merah,30500
2024-02-21,3510,bawang_merah,30500
2024-02-22,3510,bawang_merah,30500
2024-02-23,3510,bawang_merah,30500
2024-02-26,3510,bawang_merah,30750
2024-02-27,3510,bawang_merah,30750
2024-02-28,3510,bawang_merah,30750
2024-02-29,3510,bawang_merah,29500
2024-03-01,3510,bawang_merah,29500
2024-03-04,3510,bawang_merah,30500
2024-03-05,3510,bawang_merah,30750
2024-03-06,3510,bawang_merah,30750
2024-03-07,3510,bawang_merah,30750
2024-03-08,3510,bawang_merah,31250
2024-03-11,3510,bawang_merah,31250
2024-03-12,3510,bawang_merah,31250
2024-03-13,3510,bawang_merah,31500
2024-03-14,3510,bawang_merah,33500
2024-03-15,3510,bawang_merah,33500
2024-03-18,3510,bawang_merah,33500
2024-03-19,3510,bawang_merah,33500
2024-03-20,3510,bawang_merah,33500
2024-03-21,3510,bawang_merah,33500
2024-03-22,3510,bawang_merah,33500
2024-03-25,3510,bawang_merah,31250
2024-03-26,3510,bawang_merah,29500
2024-03-27,3510,bawang_merah,29500
2024-03-28,3510,bawang_merah,29500
2024-03-29,3510,bawang_merah,29500
2024-04-01,3510,bawang_merah,32000
2024-04-02,3510,bawang_merah,33000
2024-04-03,3510,bawang_merah,34500
2024-04-04,3510,bawang_merah,34500
2024-04-05,3510,bawang_merah,37000
2024-04-08,3510,bawang_merah,37000
2024-04-09,3510,bawang_merah,37000
2024-04-10,3510,bawang_merah,37000
2024-04-11,3510,bawang_merah,37000
2024-04-12,3510,bawang_merah,37000
2024-04-15,3510,bawang_merah,37000
2024-04-16,3510,bawang_merah,52250
2024-04-17,3510,bawang_merah,52250
2024-04-18,3510,bawang_merah,52250
2024-04-19,3510,bawang_merah,46750
2024-04-22,3510,bawang_merah,51750
2024-04-23,3510,bawang_merah,52000
2024-04-24,3510,bawang_merah,52000
2024-04-25,3510,bawang_merah,55250
2024-04-26,3510,bawang_merah,55500
2024-04-29,3510,bawang_merah,55000
2024-04-30,3510,bawang_merah,55000
2024-05-01,3510,bawang_merah,55000
2024-05-02,3510,bawang_merah,52500
2024-05-03,3510,bawang_merah,50000
2024-05-06,3510,bawang_merah,40500
2024-05-07,3510,bawang_merah,40500
2024-05-08,3510,bawang_merah,42500
2024-05-09,3510,bawang_merah,42500
2024-05-10,3510,bawang_merah,42500
2024-05-13,3510,bawang_merah,41750
2024-05-14,3510,bawang_merah,41750
2024-05-15,3510,bawang_merah,44250
2024-05-16,3510,bawang_merah,44500
2024-05-17,3510,bawang_merah,44500
2024-05-20,3510,bawang_merah,44500
2024-05-21,3510,bawang_merah,45000
2024-05-22,3510,bawang_merah,45000
2024-05-23,3510,bawang_merah,45000
2024-05-24,3510,bawang_merah,45000
2024-05-27,3510,bawang_merah,44500
2024-05-28,3510,bawang_merah,44500
2024-05-29,3510,bawang_merah,44500
2024-05-30,3510,bawang_merah,44500
2024-05-31,3510,bawang_merah,44500
2024-06-03,3510,bawang_merah,42000
2024-06-05,3510,bawang_merah,42000
2024-06-06,3510,bawang_merah,40250
2024-06-07,3510,bawang_merah,41000
2024-06-10,3510,bawang_merah,38750
2024-06-11,3510,bawang_merah,36250
2024-06-12,3510,bawang_merah,36000
2024-06-13,3510,bawang_merah,35250
2024-06-14,3510,bawang_merah,35250
2024-06-17,3510,bawang_merah,35250
2024-06-18,3510,bawang_merah,35250
2024-06-19,3510,bawang_merah,35750
2024-06-20,3510,bawang_merah,35750
2024-06-21,3510,bawang_merah,35750
2024-06-24,3510,bawang_merah,35250
2024-06-25,3510,bawang_merah,34500
2024-06-26,3510,bawang_merah,31750
2024-06-28,3510,bawang_merah,30250
2024-07-01,3510,bawang_merah,29750
2024-07-02,3510,bawang_merah,29500
2024-07-03,3510,bawang_merah,29500
2024-07-04,3510,bawang_merah,29500
2024-07-05,3510,bawang_merah,29500
2024-07-08,3510,bawang_merah,27000
2024-07-09,3510,bawang_merah,26500
2024-07-10,3510,bawang_merah,26250
2024-07-11,3510,bawang_merah,26000
2024-07-12,3510,bawang_merah,26000
2024-07-15,3510,bawang_merah,25000
2024-07-16,3510,bawang_merah,24500
2024-07-17,3510,bawang_merah,24500
2024-07-18,3510,bawang_merah,24500
2024-07-19,3510,bawang_merah,24250
2024-07-22,3510,bawang_merah,22750
2024-07-23,3510,bawang_merah,22750
2024-07-24,3510,bawang_merah,22500
2024-07-25,3510,bawang_merah,22500
2024-07-26,3510,bawang_merah,22500
2024-07-29,3510,bawang_merah,21750
2024-07-30,3510,bawang_merah,21500
2024-07-31,3510,bawang_merah,21500
2024-08-01,3510,bawang_merah,21250
2024-08-02,3510,bawang_merah,21250
2024-08-05,3510,bawang_merah,20000
2024-08-06,3510,bawang_merah,20000
2024-08-07,3510,bawang_merah,20000
2024-08-09,3510,bawang_merah,20000
2024-08-12,3510,bawang_merah,19500
2024-08-13,3510,bawang_merah,19500
2024-08-14,3510,bawang_merah,19500
2024-08-15,3510,bawang_merah,20000
2024-08-16,3510,bawang_merah,20750
2024-08-19,3510,bawang_merah,20750
2024-08-21,3510,bawang_merah,20750
2024-08-22,3510,bawang_merah,19750
2024-08-23,3510,bawang_merah,19250
2024-08-27,3510,bawang_merah,19250
2024-08-28,3510,bawang_merah,19250
2024-08-29,3510,bawang_merah,20500
2024-08-30,3510,bawang_merah,22500
2024-09-02,3510,bawang_merah,21250
2024-09-03,3510,bawang_merah,21250
2024-09-04,3510,bawang_merah,19750
2024-09-05,3510,bawang_merah,19500
2024-09-06,3510,bawang_merah,19750
2024-09-09,3510,bawang_merah,22250
2024-09-10,3510,bawang_merah,22250
2024-09-11,3510,bawang_merah,22250
2024-09-12,3510,bawang_merah,22250
2024-09-13,3510,bawang_merah,22750
2024-09-16,3510,bawang_merah,22750
2024-09-17,3510,bawang_merah,22750
2024-09-18,3510,bawang_merah,22500
2024-09-19,3510,bawang_merah,22750
2024-09-20,3510,bawang_merah,22750
2024-09-23,3510,bawang_merah,23500
2024-09-24,3510,bawang_merah,23500
2024-09-25,3510,bawang_merah,23500
2024-09-26,3510,bawang_merah,23500
2024-09-27,3510,bawang_merah,23500
2024-09-30,3510,bawang_merah,23500
2024-10-01,3510,bawang_merah,23500
2024-10-02,3510,bawang_merah,23500
2024-10-03,3510,bawang_merah,23500
2024-10-04,3510,bawang_merah,23500
2024-10-07,3510,bawang_merah,23500
2024-10-08,3510,bawang_merah,23000
2024-10-09,3510,bawang_merah,23000
2024-10-10,3510,bawang_merah,23000
2024-10-11,3510,bawang_merah,22750
2024-10-14,3510,bawang_merah,24500
2024-10-15,3510,bawang_merah,24500
2024-10-16,3510,bawang_merah,24750
2024-10-17,3510,bawang_merah,24500
2024-10-18,3510,bawang_merah,24750
2024-10-21,3510,bawang_merah,24750
2024-10-22,3510,bawang_merah,24750
2024-10-23,3510,bawang_merah,24750
2024-10-24,3510,bawang_merah,25000
2024-10-25,3510,bawang_merah,25000
2024-10-28,3510,bawang_merah,25000
2024-10-29,3510,bawang_merah,25000
2024-10-30,3510,bawang_merah,25250
2024-10-31,3510,bawang_merah,25250
2024-11-01,3510,bawang_merah,27000
2024-11-04,3510,bawang_merah,29500
2024-11-05,3510,bawang_merah,29750
2024-11-07,3510,bawang_merah,29750
2024-11-08,3510,bawang_merah,35000
2024-11-11,3510,bawang_merah,35500
2024-11-12,3510,bawang_merah,35750
2024-11-14,3510,bawang_merah,35750
2024-11-18,3510,bawang_merah,35750
2024-11-20,3510,bawang_merah,36000
2024-11-21,3510,bawang_merah,36000
2024-11-22,3510,bawang_merah,36000
2024-11-25,3510,bawang_merah,36250
2024-11-26,3510,bawang_merah,36250
2024-11-27,3510,bawang_merah,36250
2024-11-28,3510,bawang_merah,36250
2024-11-29,3510,bawang_merah,36250
2024-12-02,3510,bawang_merah,38750
2024-12-03,3510,bawang_merah,38750
2024-12-04,3510,bawang_merah,38750
2024-12-05,3510,bawang_merah,38750
2024-12-06,3510,bawang_merah,38750
2024-12-09,3510,bawang_merah,38250
2024-12-10,3510,bawang_merah,37250
2024-12-11,3510,bawang_merah,37250
2024-12-12,3510,bawang_merah,37250
2024-12-13,3510,bawang_merah,37250
2024-12-16,3510,bawang_merah,39000
2024-12-17,3510,bawang_merah,39000
2024-12-18,3510,bawang_merah,39000
2024-12-19,3510,bawang_merah,39000
2024-12-20,3510,bawang_merah,39250
2024-12-23,3510,bawang_merah,39250
2024-12-24,3510,bawang_merah,39250
2024-12-25,3510,bawang_merah,39250
2024-12-26,3510,bawang_merah,39250
2024-12-27,3510,bawang_merah,39250
2024-12-30,3510,bawang_merah,39250
2024-12-31,3510,bawang_merah,39250
2025-01-01,3510,bawang_merah,39250
2025-01-02,3510,bawang_merah,39250
2025-01-03,3510,bawang_merah,37750
2025-01-06,3510,bawang_merah,39000
2025-01-07,3510,bawang_merah,39000
2025-01-08,3510,bawang_merah,39000
2025-01-10,3510,bawang_merah,39500
2025-01-13,3510,bawang_merah,39750
2025-01-14,3510,bawang_merah,39750
2025-01-15,3510,bawang_merah,40500
2025-01-17,3510,bawang_merah,40500
2025-01-20,3510,bawang_merah,40500
2025-01-21,3510,bawang_merah,40500
2025-01-22,3510,bawang_merah,34500
2025-01-23,3510,bawang_merah,36000
2025-01-24,3510,bawang_merah,36000
2025-01-27,3510,bawang_merah,36000
2025-01-28,3510,bawang_merah,36000
2025-01-29,3510,bawang_merah,36000
2025-01-30,3510,bawang_merah,36000
2025-01-31,3510,bawang_merah,35000
2025-02-03,3510,bawang_merah,35000
2025-02-04,3510,bawang_merah,34750
2025-02-05,3510,bawang_merah,34750
2025-02-06,3510,bawang_merah,33000
2025-02-07,3510,bawang_merah,32750
2025-02-10,3510,bawang_merah,32500
2025-02-11,3510,bawang_merah,32750
2025-02-12,3510,bawang_merah,32750
2025-02-13,3510,bawang_merah,32750
2025-02-14,3510,bawang_merah,32750
2025-02-17,3510,bawang_merah,32750
2025-02-18,3510,bawang_merah,32750
2025-02-19,3510,bawang_merah,32750
2025-02-20,3510,bawang_merah,32750
2025-02-21,3510,bawang_merah,32750
2025-02-24,3510,bawang_merah,29750
2025-02-25,3510,bawang_merah,29750
2025-02-26,3510,bawang_merah,29750
2025-02-27,3510,bawang_merah,29750
2025-02-28,3510,bawang_merah,29500
2025-03-03,3510,bawang_merah,29500
2025-03-04,3510,bawang_merah,29500
2025-03-05,3510,bawang_merah,29500
2025-03-06,3510,bawang_merah,32000
2025-03-07,3510,bawang_merah,35500
2025-03-10,3510,bawang_merah,39500
2025-03-11,3510,bawang_merah,39500
2025-03-12,3510,bawang_merah,39500
2025-03-13,3510,bawang_merah,39500
2025-03-14,3510,bawang_merah,39500
2025-03-17,3510,bawang_merah,39500
2025-03-18,3510,bawang_merah,39500
2025-03-19,3510,bawang_merah,39500
2025-03-20,3510,bawang_merah,39000
2025-03-21,3510,bawang_merah,38000
2025-03-24,3510,bawang_merah,40000
2025-03-25,3510,bawang_merah,43750
2025-03-26,3510,bawang_merah,44250
2025-03-27,3510,bawang_merah,44250
2025-03-28,3510,bawang_merah,44250
2025-03-31,3510,bawang_merah,44250
2025-04-01,3510,bawang_merah,44250
2025-04-02,3510,bawang_merah,44250
2025-04-03,3510,bawang_merah,44250
2025-04-04,3510,bawang_merah,44250
2025-04-07,3510,bawang_merah,44250
2025-04-08,3510,bawang_merah,41750
2025-04-09,3510,bawang_merah,49500
2025-04-10,3510,bawang_merah,49500
2025-04-11,3510,bawang_merah,49500
2025-04-14,3510,bawang_merah,49500
2025-04-15,3510,bawang_merah,49500
2025-04-16,3510,bawang_merah,49500
2025-04-17,3510,bawang_merah,47250
2025-04-18,3510,bawang_merah,47250
2025-04-21,3510,bawang_merah,47250
2025-04-22,3510,bawang_merah,47250
2025-04-23,3510,bawang_merah,47250
2025-04-24,3510,bawang_merah,47250
2025-04-25,3510,bawang_merah,47250
2025-04-28,3510,bawang_merah,40750
2025-04-29,3510,bawang_merah,39500
2025-04-30,3510,bawang_merah,39500
2025-05-01,3510,bawang_merah,39500
2025-05-02,3510,bawang_merah,39500
2025-05-05,3510,bawang_merah,38000
2025-05-06,3510,bawang_merah,37500
2025-05-07,3510,bawang_merah,37500
2025-05-08,3510,bawang_merah,37500
2025-05-09,3510,bawang_merah,37500
2025-05-12,3510,bawang_merah,37500
2025-05-13,3510,bawang_merah,37500
2025-05-14,3510,bawang_merah,37500
2025-05-15,3510,bawang_merah,37500
2025-05-16,3510,bawang_merah,37500
2025-05-19,3510,bawang_merah,37500
2025-05-20,3510,bawang_merah,37500
2025-05-21,3510,bawang_merah,36750
2025-05-22,3510,bawang_merah,36250
2025-05-23,3510,bawang_merah,33750
2025-05-26,3510,bawang_merah,32000
2025-05-27,3510,bawang_merah,31500
2025-05-28,3510,bawang_merah,31250
2025-05-29,3510,bawang_merah,31250
2025-05-30,3510,bawang_merah,31250
2025-06-02,3510,bawang_merah,31250
2025-06-03,3510,bawang_merah,30500
2025-06-04,3510,bawang_merah,32750
2025-06-05,3510,bawang_merah,32750
2025-06-06,3510,bawang_merah,32750
2025-06-09,3510,bawang_merah,32750
2025-06-10,3510,bawang_merah,32750
2025-06-11,3510,bawang_merah,32750
2025-06-12,3510,bawang_merah,34250
2025-06-13,3510,bawang_merah,34250
2025-06-16,3510,bawang_merah,34250
2025-06-17,3510,bawang_merah,34500
2025-06-18,3510,bawang_merah,34750
2025-06-19,3510,bawang_merah,37000
2025-06-20,3510,bawang_merah,37000
2025-06-23,3510,bawang_merah,40250
2025-06-24,3510,bawang_merah,41250
2025-06-25,3510,bawang_merah,39500
2025-06-26,3510,bawang_merah,39500
2025-06-27,3510,bawang_merah,39500
2025-06-30,3510,bawang_merah,39500
2025-07-01,3510,bawang_merah,39500
2025-07-02,3510,bawang_merah,39500
2025-07-03,3510,bawang_merah,38000
2025-07-04,3510,bawang_merah,38000
2025-07-07,3510,bawang_merah,35750
2025-07-08,3510,bawang_merah,35750
2025-07-09,3510,bawang_merah,35500
2025-07-10,3510,bawang_merah,35500
2025-07-11,3510,bawang_merah,35250
2025-07-14,3510,bawang_merah,35250
2025-07-15,3510,bawang_merah,34750
2025-07-16,3510,bawang_merah,34750
2025-07-17,3510,bawang_merah,34250
2025-07-18,3510,bawang_merah,34250
2025-07-21,3510,bawang_merah,32250
2025-07-22,3510,bawang_merah,31250
2025-07-23,3510,bawang_merah,31250
2025-07-24,3510,bawang_merah,34750
2025-07-25,3510,bawang_merah,38500
2025-07-28,3510,bawang_merah,40500
2025-07-29,3510,bawang_merah,43000
2025-07-30,3510,bawang_merah,44250
2025-07-31,3510,bawang_merah,46250
2025-08-01,3510,bawang_merah,46250
2025-08-04,3510,bawang_merah,53500
2025-08-05,3510,bawang_merah,54250
2025-08-06,3510,bawang_merah,53000
2025-08-07,3510,bawang_merah,53250
2025-08-08,3510,bawang_merah,53250
2025-08-11,3510,bawang_merah,53250
2025-08-12,3510,bawang_merah,53250
2025-08-13,3510,bawang_merah,53500
2025-08-14,3510,bawang_merah,52750
2025-08-15,3510,bawang_merah,52750
2025-08-18,3510,bawang_merah,52750
2025-08-19,3510,bawang_merah,49500
2025-08-20,3510,bawang_merah,49000
2025-08-21,3510,bawang_merah,43000
2025-08-22,3510,bawang_merah,40000
2025-08-25,3510,bawang_merah,39000
2025-08-26,3510,bawang_merah,39000
2025-08-27,3510,bawang_merah,39500
2025-08-28,3510,bawang_merah,38000
2025-08-29,3510,bawang_merah,38000
2025-09-01,3510,bawang_merah,38000
2025-09-02,3510,bawang_merah,39250
2025-09-03,3510,bawang_merah,39250
2025-09-04,3510,bawang_merah,39250
2025-09-05,3510,bawang_merah,39250
2025-09-08,3510,bawang_merah,39250
2025-09-09,3510,bawang_merah,38250
2025-09-10,3510,bawang_merah,37500
2025-09-11,3510,bawang_merah,37500
2025-09-12,3510,bawang_merah,37250
2025-09-15,3510,bawang_merah,34000
2025-09-16,3510,bawang_merah,32500
2025-09-17,3510,bawang_merah,32500
2025-09-18,3510,bawang_merah,33000
2025-09-19,3510,bawang_merah,33750
2025-09-22,3510,bawang_merah,34000
2025-09-23,3510,bawang_merah,33750
2025-09-24,3510,bawang_merah,33500
2025-09-25,3510,bawang_merah,33500
2025-09-26,3510,bawang_merah,33250
2025-09-29,3510,bawang_merah,34500
2025-09-30,3510,bawang_merah,35500
2025-10-01,3510,bawang_merah,35250
2025-10-02,3510,bawang_merah,35250
2025-10-03,3510,bawang_merah,34750
2025-10-06,3510,bawang_merah,34750
2025-10-07,3510,bawang_merah,34750
2025-10-08,3510,bawang_merah,34750
2025-10-09,3510,bawang_merah,36000
2025-10-10,3510,bawang_merah,35750
2025-10-13,3510,bawang_merah,35750
2025-10-14,3510,bawang_merah,35000
2025-10-15,3510,bawang_merah,35000
2025-10-16,3510,bawang_merah,35000
2025-10-17,3510,bawang_merah,35000
2025-10-20,3510,bawang_merah,35000
2025-10-21,3510,bawang_merah,33750
2025-10-22,3510,bawang_merah,33750
2025-10-23,3510,bawang_merah,34250
2025-10-24,3510,bawang_merah,34750
2025-10-27,3510,bawang_merah,36000
2025-10-28,3510,bawang_merah,36000
2025-10-29,3510,bawang_merah,36250
2025-10-30,3510,bawang_merah,36000
2025-10-31,3510,bawang_merah,36750
2025-11-03,3510,bawang_merah,37000
2025-11-04,3510,bawang_merah,39250
2025-11-05,3510,bawang_merah,39250
2025-11-06,3510,bawang_merah,40500
2025-11-07,3510,bawang_merah,40500
2025-11-10,3510,bawang_merah,40500
2025-11-11,3510,bawang_merah,40500
2025-11-12,3510,bawang_merah,40500
2025-11-13,3510,bawang_merah,40500
2025-11-14,3510,bawang_merah,41000
2025-11-17,3510,bawang_merah,40750
2025-11-18,3510,bawang_merah,40750
2025-11-19,3510,bawang_merah,40750
2025-11-20,3510,bawang_merah,40250
2025-11-21,3510,bawang_merah,40250
2025-11-24,3510,bawang_merah,40250
2025-11-25,3510,bawang_merah,39500
2025-11-26,3510,bawang_merah,39500
2025-11-27,3510,bawang_merah,40000
2025-11-28,3510,bawang_merah,40000
2025-12-01,3510,bawang_merah,43500
2025-12-02,3510,bawang_merah,46500
2025-12-03,3510,bawang_merah,46500
2025-12-04,3510,bawang_merah,46500
2025-12-05,3510,bawang_merah,47750
2025-12-08,3510,bawang_merah,47750
2025-12-09,3510,bawang_merah,50000
2025-12-10,3510,bawang_merah,50500
2025-12-11,3510,bawang_merah,51750
2025-12-12,3510,bawang_merah,54750
2025-12-15,3510,bawang_merah,55000
2025-12-16,3510,bawang_merah,55000
2025-12-17,3510,bawang_merah,55000
2025-12-18,3510,bawang_merah,50500
2025-12-19,3510,bawang_merah,45000
2025-12-22,3510,bawang_merah,43000
2025-12-23,3510,bawang_merah,43000
2025-12-24,3510,bawang_merah,42500
2025-12-25,3510,bawang_merah,42500
2025-12-26,3510,bawang_merah,42500
2025-12-29,3510,bawang_merah,41750
2025-12-30,3510,bawang_merah,41500
2025-12-31,3510,bawang_merah,41500
2021-01-04,3529,bawang_merah,25250
2021-01-05,3529,bawang_merah,25500
2021-01-06,3529,bawang_merah,25250
2021-01-07,3529,bawang_merah,27750
2021-01-08,3529,bawang_merah,27750
2021-01-11,3529,bawang_merah,27250
2021-01-12,3529,bawang_merah,26750
2021-01-13,3529,bawang_merah,28000
2021-01-14,3529,bawang_merah,28000
2021-01-15,3529,bawang_merah,27250
2021-01-18,3529,bawang_merah,26250
2021-01-19,3529,bawang_merah,26250
2021-01-20,3529,bawang_merah,26250
2021-01-21,3529,bawang_merah,26000
2021-01-22,3529,bawang_merah,25500
2021-01-25,3529,bawang_merah,26000
2021-01-26,3529,bawang_merah,26000
2021-01-27,3529,bawang_merah,26000
2021-01-28,3529,bawang_merah,26000
2021-01-29,3529,bawang_merah,23750
2021-02-01,3529,bawang_merah,23250
2021-02-02,3529,bawang_merah,23250
2021-02-03,3529,bawang_merah,23250
2021-02-04,3529,bawang_merah,24000
2021-02-05,3529,bawang_merah,24750
2021-02-08,3529,bawang_merah,24250
2021-02-09,3529,bawang_merah,24250
2021-02-10,3529,bawang_merah,24250
2021-02-11,3529,bawang_merah,27500
2021-02-15,3529,bawang_merah,27750
2021-02-16,3529,bawang_merah,27250
2021-02-17,3529,bawang_merah,27250
2021-02-18,3529,bawang_merah,27000
2021-02-19,3529,bawang_merah,27000
2021-02-22,3529,bawang_merah,30250
2021-02-23,3529,bawang_merah,31250
2021-02-24,3529,bawang_merah,31250
2021-02-25,3529,bawang_merah,31250
2021-02-26,3529,bawang_merah,31250
2021-03-01,3529,bawang_merah,31250
2021-03-02,3529,bawang_merah,31250
2021-03-03,3529,bawang_merah,32000
2021-03-04,3529,bawang_merah,30750
2021-03-05,3529,bawang_merah,31000
2021-03-08,3529,bawang_merah,32000
2021-03-09,3529,bawang_merah,32000
2021-03-10,3529,bawang_merah,31000
2021-03-12,3529,bawang_merah,32000
2021-03-15,3529,bawang_merah,30000
2021-03-16,3529,bawang_merah,29750
2021-03-17,3529,bawang_merah,30000
2021-03-18,3529,bawang_merah,29000
2021-03-19,3529,bawang_merah,28250
2021-03-22,3529,bawang_merah,28250
2021-03-23,3529,bawang_merah,28250
2021-03-24,3529,bawang_merah,27250
2021-03-25,3529,bawang_merah,27750
2021-03-26,3529,bawang_merah,27750
2021-03-29,3529,bawang_merah,25000
2021-03-30,3529,bawang_merah,25000
2021-03-31,3529,bawang_merah,24250
2021-04-01,3529,bawang_merah,25000
2021-04-05,3529,bawang_merah,25000
2021-04-06,3529,bawang_merah,24250
2021-04-07,3529,bawang_merah,24250
2021-04-08,3529,bawang_merah,22750
2021-04-09,3529,bawang_merah,22750
2021-04-12,3529,bawang_merah,22750
2021-04-13,3529,bawang_merah,22750
2021-04-14,3529,bawang_merah,22750
2021-04-15,3529,bawang_merah,22750
2021-04-16,3529,bawang_merah,22750
2021-04-19,3529,bawang_merah,23000
2021-04-20,3529,bawang_merah,23000
2021-04-21,3529,bawang_merah,23000
2021-04-22,3529,bawang_merah,22750
2021-04-23,3529,bawang_merah,22750
2021-04-26,3529,bawang_merah,23000
2021-04-27,3529,bawang_merah,23000
2021-04-28,3529,bawang_merah,23500
2021-04-29,3529,bawang_merah,24000
2021-04-30,3529,bawang_merah,23750
2021-05-03,3529,bawang_merah,26250
2021-05-04,3529,bawang_merah,26750
2021-05-05,3529,bawang_merah,26000
2021-05-06,3529,bawang_merah,25250
2021-05-07,3529,bawang_merah,26000
2021-05-10,3529,bawang_merah,26000
2021-05-11,3529,bawang_merah,26750
2021-05-17,3529,bawang_merah,26750
2021-05-18,3529,bawang_merah,28250
2021-05-19,3529,bawang_merah,29000
2021-05-20,3529,bawang_merah,29000
2021-05-21,3529,bawang_merah,29000
2021-05-24,3529,bawang_merah,26750
2021-05-25,3529,bawang_merah,26250
2021-05-27,3529,bawang_merah,27000
2021-05-28,3529,bawang_merah,27000
2021-05-31,3529,bawang_merah,26250
2021-06-02,3529,bawang_merah,25000
2021-06-03,3529,bawang_merah,24000
2021-06-04,3529,bawang_merah,23500
2021-06-07,3529,bawang_merah,23000
2021-06-08,3529,bawang_merah,23000
2021-06-09,3529,bawang_merah,23000
2021-06-10,3529,bawang_merah,23000
2021-06-11,3529,bawang_merah,23000
2021-06-14,3529,bawang_merah,24250
2021-06-15,3529,bawang_merah,24250
2021-06-16,3529,bawang_merah,24250
2021-06-17,3529,bawang_merah,24250
2021-06-18,3529,bawang_merah,24250
2021-06-21,3529,bawang_merah,26750
2021-06-22,3529,bawang_merah,26750
2021-06-23,3529,bawang_merah,27250
2021-06-24,3529,bawang_merah,30250
2021-06-25,3529,bawang_merah,29000
2021-06-28,3529,bawang_merah,28250
2021-06-29,3529,bawang_merah,28250
2021-06-30,3529,bawang_merah,28500
2021-07-01,3529,bawang_merah,29000
2021-07-02,3529,bawang_merah,28250
2021-07-05,3529,bawang_merah,28250
2021-07-06,3529,bawang_merah,28750
2021-07-07,3529,bawang_merah,28000
2021-07-08,3529,bawang_merah,28000
2021-07-09,3529,bawang_merah,28000
2021-07-12,3529,bawang_merah,28000
2021-07-13,3529,bawang_merah,28000
2021-07-14,3529,bawang_merah,28000
2021-07-15,3529,bawang_merah,28000
2021-07-16,3529,bawang_merah,28000
2021-07-19,3529,bawang_merah,32000
2021-07-21,3529,bawang_merah,29000
2021-07-22,3529,bawang_merah,30500
2021-07-23,3529,bawang_merah,30500
2021-07-26,3529,bawang_merah,29000
2021-07-27,3529,bawang_merah,29000
2021-07-28,3529,bawang_merah,27000
2021-07-29,3529,bawang_merah,27000
2021-07-30,3529,bawang_merah,26750
2021-08-02,3529,bawang_merah,27750
2021-08-03,3529,bawang_merah,27750
2021-08-04,3529,bawang_merah,27750
2021-08-05,3529,bawang_merah,27750
2021-08-06,3529,bawang_merah,26000
2021-08-09,3529,bawang_merah,24250
2021-08-10,3529,bawang_merah,22750
2021-08-12,3529,bawang_merah,22750
2021-08-13,3529,bawang_merah,22750
2021-08-16,3529,bawang_merah,21000
2021-08-18,3529,bawang_merah,21000
2021-08-19,3529,bawang_merah,20000
2021-08-20,3529,bawang_merah,20000
2021-08-23,3529,bawang_merah,18250
2021-08-24,3529,bawang_merah,18250
2021-08-25,3529,bawang_merah,18250
2021-08-26,3529,bawang_merah,18000
2021-08-27,3529,bawang_merah,18000
2021-08-30,3529,bawang_merah,18500
2021-08-31,3529,bawang_merah,18500
2021-09-01,3529,bawang_merah,19000
2021-09-02,3529,bawang_merah,19500
2021-09-03,3529,bawang_merah,19500
2021-09-06,3529,bawang_merah,19500
2021-09-07,3529,bawang_merah,19500
2021-09-08,3529,bawang_merah,19500
2021-09-09,3529,bawang_merah,19500
2021-09-10,3529,bawang_merah,19500
2021-09-13,3529,bawang_merah,19500
2021-09-14,3529,bawang_merah,19500
2021-09-15,3529,bawang_merah,21500
2021-09-16,3529,bawang_merah,21500
2021-09-17,3529,bawang_merah,19500
2021-09-20,3529,bawang_merah,19500
2021-09-21,3529,bawang_merah,19500
2021-09-22,3529,bawang_merah,19500
2021-09-23,3529,bawang_merah,19500
2021-09-24,3529,bawang_merah,19500
2021-09-27,3529,bawang_merah,20000
2021-09-28,3529,bawang_merah,20000
2021-09-29,3529,bawang_merah,20500
2021-09-30,3529,bawang_merah,20500
2021-10-01,3529,bawang_merah,20500
2021-10-04,3529,bawang_merah,20500
2021-10-05,3529,bawang_merah,20500
2021-10-06,3529,bawang_merah,20500
2021-10-07,3529,bawang_merah,20500
2021-10-08,3529,bawang_merah,20500
2021-10-11,3529,bawang_merah,21000
2021-10-12,3529,bawang_merah,21500
2021-10-13,3529,bawang_merah,21500
2021-10-14,3529,bawang_merah,21500
2021-10-15,3529,bawang_merah,22250
2021-10-18,3529,bawang_merah,22250
2021-10-19,3529,bawang_merah,22250
2021-10-21,3529,bawang_merah,22250
2021-10-22,3529,bawang_merah,22250
2021-10-25,3529,bawang_merah,22250
2021-10-26,3529,bawang_merah,22250
2021-10-27,3529,bawang_merah,22250
2021-10-28,3529,bawang_merah,22250
2021-10-29,3529,bawang_merah,22250
2021-11-01,3529,bawang_merah,21250
2021-11-02,3529,bawang_merah,21250
2021-11-03,3529,bawang_merah,21250
2021-11-04,3529,bawang_merah,21250
2021-11-05,3529,bawang_merah,20500
2021-11-08,3529,bawang_merah,20500
2021-11-09,3529,bawang_merah,20500
2021-11-10,3529,bawang_merah,20500
2021-11-11,3529,bawang_merah,20500
2021-11-12,3529,bawang_merah,20500
2021-11-15,3529,bawang_merah,18750
2021-11-16,3529,bawang_merah,18000
2021-11-17,3529,bawang_merah,18000
2021-11-18,3529,bawang_merah,17000
2021-11-19,3529,bawang_merah,17000
2021-11-22,3529,bawang_merah,18000
2021-11-23,3529,bawang_merah,18250
2021-11-24,3529,bawang_merah,18250
2021-11-25,3529,bawang_merah,19500
2021-11-26,3529,bawang_merah,19000
2021-11-29,3529,bawang_merah,19000
2021-11-30,3529,bawang_merah,19000
2021-12-01,3529,bawang_merah,19500
2021-12-02,3529,bawang_merah,21000
2021-12-03,3529,bawang_merah,22500
2021-12-06,3529,bawang_merah,21000
2021-12-07,3529,bawang_merah,21500
2021-12-08,3529,bawang_merah,21500
2021-12-09,3529,bawang_merah,21500
2021-12-10,3529,bawang_merah,21500
2021-12-13,3529,bawang_merah,21500
2021-12-14,3529,bawang_merah,21500
2021-12-15,3529,bawang_merah,23000
2021-12-16,3529,bawang_merah,23000
2021-12-17,3529,bawang_merah,24000
2021-12-20,3529,bawang_merah,23000
2021-12-21,3529,bawang_merah,25000
2021-12-22,3529,bawang_merah,25000
2021-12-23,3529,bawang_merah,26000
2021-12-24,3529,bawang_merah,26000
2021-12-27,3529,bawang_merah,25500
2021-12-28,3529,bawang_merah,26000
2021-12-29,3529,bawang_merah,26000
2021-12-30,3529,bawang_merah,25750
2021-12-31,3529,bawang_merah,25250
2022-01-03,3529,bawang_merah,25250
2022-01-04,3529,bawang_merah,25250
2022-01-05,3529,bawang_merah,23500
2022-01-06,3529,bawang_merah,23500
2022-01-07,3529,bawang_merah,23500
2022-01-10,3529,bawang_merah,23250
2022-01-11,3529,bawang_merah,22500
2022-01-12,3529,bawang_merah,22500
2022-01-13,3529,bawang_merah,22500
2022-01-14,3529,bawang_merah,22500
2022-01-17,3529,bawang_merah,22500
2022-01-18,3529,bawang_merah,22500
2022-01-19,3529,bawang_merah,22500
2022-01-20,3529,bawang_merah,22500
2022-01-21,3529,bawang_merah,22500
2022-01-24,3529,bawang_merah,22500
2022-01-25,3529,bawang_merah,22500
2022-01-26,3529,bawang_merah,22500
2022-01-27,3529,bawang_merah,22500
2022-01-28,3529,bawang_merah,22500
2022-01-31,3529,bawang_merah,23000
2022-02-02,3529,bawang_merah,23000
2022-02-03,3529,bawang_merah,24000
2022-02-04,3529,bawang_merah,24250
2022-02-07,3529,bawang_merah,28500
2022-02-08,3529,bawang_merah,31000
2022-02-09,3529,bawang_merah,31000
2022-02-10,3529,bawang_merah,31000
2022-02-11,3529,bawang_merah,32500
2022-02-14,3529,bawang_merah,32250
2022-02-15,3529,bawang_merah,32250
2022-02-16,3529,bawang_merah,33500
2022-02-17,3529,bawang_merah,33500
2022-02-18,3529,bawang_merah,33500
2022-02-21,3529,bawang_merah,32750
2022-02-22,3529,bawang_merah,32750
2022-02-23,3529,bawang_merah,31500
2022-02-24,3529,bawang_merah,29500
2022-02-25,3529,bawang_merah,29500
2022-03-01,3529,bawang_merah,27750
2022-03-02,3529,bawang_merah,27250
2022-03-04,3529,bawang_merah,28250
2022-03-07,3529,bawang_merah,27250
2022-03-08,3529,bawang_merah,27250
2022-03-09,3529,bawang_merah,26500
2022-03-10,3529,bawang_merah,26500
2022-03-11,3529,bawang_merah,26500
2022-03-14,3529,bawang_merah,24000
2022-03-15,3529,bawang_merah,21250
2022-03-16,3529,bawang_merah,21250
2022-03-17,3529,bawang_merah,21250
2022-03-18,3529,bawang_merah,21500
2022-03-21,3529,bawang_merah,21500
2022-03-22,3529,bawang_merah,21500
2022-03-23,3529,bawang_merah,25250
2022-03-24,3529,bawang_merah,25500
2022-03-25,3529,bawang_merah,25500
2022-03-28,3529,bawang_merah,25500
2022-03-29,3529,bawang_merah,26500
2022-03-30,3529,bawang_merah,26500
2022-03-31,3529,bawang_merah,26750
2022-04-01,3529,bawang_merah,26750
2022-04-04,3529,bawang_merah,26250
2022-04-05,3529,bawang_merah,26500
2022-04-06,3529,bawang_merah,26500
2022-04-07,3529,bawang_merah,26500
2022-04-08,3529,bawang_merah,26500
2022-04-11,3529,bawang_merah,27000
2022-04-12,3529,bawang_merah,28000
2022-04-13,3529,bawang_merah,28000
2022-04-14,3529,bawang_merah,28000
2022-04-18,3529,bawang_merah,27000
2022-04-19,3529,bawang_merah,29500
2022-04-20,3529,bawang_merah,29500
2022-04-21,3529,bawang_merah,28500
2022-04-22,3529,bawang_merah,28750
2022-04-25,3529,bawang_merah,33000
2022-04-26,3529,bawang_merah,35000
2022-04-27,3529,bawang_merah,33500
2022-04-28,3529,bawang_merah,33500
2022-05-09,3529,bawang_merah,36750
2022-05-10,3529,bawang_merah,36750
2022-05-11,3529,bawang_merah,36750
2022-05-12,3529,bawang_merah,37250
2022-05-13,3529,bawang_merah,40500
2022-05-17,3529,bawang_merah,38500
2022-05-18,3529,bawang_merah,37500
2022-05-19,3529,bawang_merah,37500
2022-05-20,3529,bawang_merah,36750
2022-05-23,3529,bawang_merah,37000
2022-05-24,3529,bawang_merah,38000
2022-05-25,3529,bawang_merah,38000
2022-05-27,3529,bawang_merah,38000
2022-05-30,3529,bawang_merah,39000
2022-05-31,3529,bawang_merah,39000
2022-06-02,3529,bawang_merah,39000
2022-06-03,3529,bawang_merah,41000
2022-06-06,3529,bawang_merah,41000
2022-06-07,3529,bawang_merah,42750
2022-06-08,3529,bawang_merah,44500
2022-06-09,3529,bawang_merah,44500
2022-06-10,3529,bawang_merah,45750
2022-06-13,3529,bawang_merah,46250
2022-06-14,3529,bawang_merah,49000
2022-06-15,3529,bawang_merah,49500
2022-06-16,3529,bawang_merah,50000
2022-06-17,3529,bawang_merah,50000
2022-06-20,3529,bawang_merah,50000
2022-06-21,3529,bawang_merah,51250
2022-06-22,3529,bawang_merah,51250
2022-06-23,3529,bawang_merah,52000
2022-06-24,3529,bawang_merah,52000
2022-06-27,3529,bawang_merah,52000
2022-06-28,3529,bawang_merah,52000
2022-06-29,3529,bawang_merah,52500
2022-06-30,3529,bawang_merah,52500
2022-07-01,3529,bawang_merah,52500
2022-07-04,3529,bawang_merah,63750
2022-07-05,3529,bawang_merah,72000
2022-07-06,3529,bawang_merah,72500
2022-07-07,3529,bawang_merah,73750
2022-07-08,3529,bawang_merah,73750
2022-07-11,3529,bawang_merah,72500
2022-07-12,3529,bawang_merah,71750
2022-07-13,3529,bawang_merah,71750
2022-07-14,3529,bawang_merah,67500
2022-07-15,3529,bawang_merah,65000
2022-07-18,3529,bawang_merah,62500
2022-07-19,3529,bawang_merah,58000
2022-07-20,3529,bawang_merah,55000
2022-07-21,3529,bawang_merah,53250
2022-07-22,3529,bawang_merah,52500
2022-07-25,3529,bawang_merah,47500
2022-07-26,3529,bawang_merah,42500
2022-07-27,3529,bawang_merah,40250
2022-07-28,3529,bawang_merah,42000
2022-07-29,3529,bawang_merah,42500
2022-08-01,3529,bawang_merah,41000
2022-08-02,3529,bawang_merah,40000
2022-08-03,3529,bawang_merah,37750
2022-08-04,3529,bawang_merah,36250
2022-08-05,3529,bawang_merah,35750
2022-08-08,3529,bawang_merah,35750
2022-08-09,3529,bawang_merah,33000
2022-08-10,3529,bawang_merah,32000
2022-08-11,3529,bawang_merah,32000
2022-08-12,3529,bawang_merah,32000
2022-08-15,3529,bawang_merah,29000
2022-08-16,3529,bawang_merah,29000
2022-08-18,3529,bawang_merah,27500
2022-08-19,3529,bawang_merah,26000
2022-08-22,3529,bawang_merah,28250
2022-08-23,3529,bawang_merah,28500
2022-08-24,3529,bawang_merah,28250
2022-08-25,3529,bawang_merah,28250
2022-08-26,3529,bawang_merah,28250
2022-08-29,3529,bawang_merah,26500
2022-08-30,3529,bawang_merah,26500
2022-08-31,3529,bawang_merah,26500
2022-09-01,3529,bawang_merah,26500
2022-09-02,3529,bawang_merah,26500
2022-09-05,3529,bawang_merah,28250
2022-09-06,3529,bawang_merah,28500
2022-09-07,3529,bawang_merah,28500
2022-09-08,3529,bawang_merah,28500
2022-09-09,3529,bawang_merah,28750
2022-09-12,3529,bawang_merah,28750
2022-09-13,3529,bawang_merah,29250
2022-09-14,3529,bawang_merah,28250
2022-09-15,3529,bawang_merah,27750
2022-09-16,3529,bawang_merah,27750
2022-09-19,3529,bawang_merah,28250
2022-09-20,3529,bawang_merah,28250
2022-09-21,3529,bawang_merah,28250
2022-09-22,3529,bawang_merah,28250
2022-09-23,3529,bawang_merah,28250
2022-09-26,3529,bawang_merah,28000
2022-09-27,3529,bawang_merah,28000
2022-09-28,3529,bawang_merah,28000
2022-09-29,3529,bawang_merah,28000
2022-09-30,3529,bawang_merah,28000
2022-10-03,3529,bawang_merah,28000
2022-10-04,3529,bawang_merah,27750
2022-10-05,3529,bawang_merah,27750
2022-10-06,3529,bawang_merah,28000
2022-10-07,3529,bawang_merah,28000
2022-10-10,3529,bawang_merah,29000
2022-10-11,3529,bawang_merah,29000
2022-10-12,3529,bawang_merah,29000
2022-10-13,3529,bawang_merah,28750
2022-10-14,3529,bawang_merah,28750
2022-10-17,3529,bawang_merah,29000
2022-10-18,3529,bawang_merah,29500
2022-10-19,3529,bawang_merah,29500
2022-10-20,3529,bawang_merah,29500
2022-10-21,3529,bawang_merah,29500
2022-10-24,3529,bawang_merah,29500
2022-10-25,3529,bawang_merah,31250
2022-10-26,3529,bawang_merah,32500
2022-10-27,3529,bawang_merah,32750
2022-10-28,3529,bawang_merah,34000
2022-10-31,3529,bawang_merah,36250
2022-11-01,3529,bawang_merah,37750
2022-11-02,3529,bawang_merah,38000
2022-11-03,3529,bawang_merah,38000
2022-11-04,3529,bawang_merah,38000
2022-11-07,3529,bawang_merah,37750
2022-11-08,3529,bawang_merah,36750
2022-11-09,3529,bawang_merah,36000
2022-11-10,3529,bawang_merah,34000
2022-11-11,3529,bawang_merah,33250
2022-11-14,3529,bawang_merah,33500
2022-11-15,3529,bawang_merah,32500
2022-11-16,3529,bawang_merah,32500
2022-11-17,3529,bawang_merah,33000
2022-11-18,3529,bawang_merah,33000
2022-11-21,3529,bawang_merah,33000
2022-11-22,3529,bawang_merah,33000
2022-11-23,3529,bawang_merah,33000
2022-11-24,3529,bawang_merah,33000
2022-11-25,3529,bawang_merah,33000
2022-11-28,3529,bawang_merah,32750
2022-11-29,3529,bawang_merah,32750
2022-11-30,3529,bawang_merah,34500
2022-12-01,3529,bawang_merah,35000
2022-12-02,3529,bawang_merah,35500
2022-12-05,3529,bawang_merah,35000
2022-12-06,3529,bawang_merah,35000
2022-12-07,3529,bawang_merah,35500
2022-12-08,3529,bawang_merah,35500
2022-12-09,3529,bawang_merah,35500
2022-12-12,3529,bawang_merah,34000
2022-12-13,3529,bawang_merah,34000
2022-12-14,3529,bawang_merah,35000
2022-12-15,3529,bawang_merah,35000
2022-12-16,3529,bawang_merah,35500
2022-12-19,3529,bawang_merah,35500
2022-12-20,3529,bawang_merah,35500
2022-12-21,3529,bawang_merah,35500
2022-12-22,3529,bawang_merah,35000
2022-12-23,3529,bawang_merah,35000
2022-12-26,3529,bawang_merah,34500
2022-12-27,3529,bawang_merah,34500
2022-12-28,3529,bawang_merah,34500
2022-12-29,3529,bawang_merah,34500
2022-12-30,3529,bawang_merah,34000
2023-01-02,3529,bawang_merah,34000
2023-01-03,3529,bawang_merah,36000
2023-01-04,3529,bawang_merah,37750
2023-01-05,3529,bawang_merah,37750
2023-01-06,3529,bawang_merah,37000
2023-01-09,3529,bawang_merah,36500
2023-01-10,3529,bawang_merah,34500
2023-01-11,3529,bawang_merah,34500
2023-01-12,3529,bawang_merah,34000
2023-01-13,3529,bawang_merah,34000
2023-01-16,3529,bawang_merah,36000
2023-01-17,3529,bawang_merah,36000
2023-01-18,3529,bawang_merah,37750
2023-01-19,3529,bawang_merah,37750
2023-01-20,3529,bawang_merah,40750
2023-01-23,3529,bawang_merah,40750
2023-01-24,3529,bawang_merah,40500
2023-01-25,3529,bawang_merah,42250
2023-01-26,3529,bawang_merah,42500
2023-01-27,3529,bawang_merah,42500
2023-01-30,3529,bawang_merah,43500
2023-01-31,3529,bawang_merah,43500
2023-02-01,3529,bawang_merah,44000
2023-02-02,3529,bawang_merah,45500
2023-02-03,3529,bawang_merah,43250
2023-02-06,3529,bawang_merah,44500
2023-02-07,3529,bawang_merah,45000
2023-02-08,3529,bawang_merah,42500
2023-02-09,3529,bawang_merah,41500
2023-02-10,3529,bawang_merah,40250
2023-02-13,3529,bawang_merah,39250
2023-02-14,3529,bawang_merah,36750
2023-02-15,3529,bawang_merah,34500
2023-02-16,3529,bawang_merah,32750
2023-02-17,3529,bawang_merah,31750
2023-02-20,3529,bawang_merah,31750
2023-02-21,3529,bawang_merah,31000
2023-02-22,3529,bawang_merah,32250
2023-02-23,3529,bawang_merah,30500
2023-02-24,3529,bawang_merah,30500
2023-02-27,3529,bawang_merah,30000
2023-02-28,3529,bawang_merah,32500
2023-03-01,3529,bawang_merah,32750
2023-03-02,3529,bawang_merah,33250
2023-03-03,3529,bawang_merah,35500
2023-03-06,3529,bawang_merah,37750
2023-03-07,3529,bawang_merah,37000
2023-03-08,3529,bawang_merah,35750
2023-03-09,3529,bawang_merah,36750
2023-03-10,3529,bawang_merah,37750
2023-03-13,3529,bawang_merah,34500
2023-03-14,3529,bawang_merah,36000
2023-03-15,3529,bawang_merah,34000
2023-03-16,3529,bawang_merah,34000
2023-03-17,3529,bawang_merah,34500
2023-03-20,3529,bawang_merah,34500
2023-03-21,3529,bawang_merah,35000
2023-03-22,3529,bawang_merah,35000
2023-03-23,3529,bawang_merah,35000
2023-03-24,3529,bawang_merah,34500
2023-03-27,3529,bawang_merah,34500
2023-03-28,3529,bawang_merah,34500
2023-03-29,3529,bawang_merah,34500
2023-03-30,3529,bawang_merah,33750
2023-03-31,3529,bawang_merah,31750
2023-04-03,3529,bawang_merah,31500
2023-04-04,3529,bawang_merah,31500
2023-04-05,3529,bawang_merah,31000
2023-04-06,3529,bawang_merah,31000
2023-04-07,3529,bawang_merah,31000
2023-04-10,3529,bawang_merah,32250
2023-04-11,3529,bawang_merah,32750
2023-04-12,3529,bawang_merah,32250
2023-04-13,3529,bawang_merah,32750
2023-04-14,3529,bawang_merah,34500
2023-04-17,3529,bawang_merah,36500
2023-04-18,3529,bawang_merah,39500
2023-04-26,3529,bawang_merah,39500
2023-04-27,3529,bawang_merah,45500
2023-04-28,3529,bawang_merah,43750
2023-05-02,3529,bawang_merah,43250
2023-05-03,3529,bawang_merah,44000
2023-05-04,3529,bawang_merah,44500
2023-05-05,3529,bawang_merah,45000
2023-05-08,3529,bawang_merah,44500
2023-05-09,3529,bawang_merah,44500
2023-05-10,3529,bawang_merah,44500
2023-05-11,3529,bawang_merah,44500
2023-05-12,3529,bawang_merah,43000
2023-05-15,3529,bawang_merah,43500
2023-05-16,3529,bawang_merah,43500
2023-05-17,3529,bawang_merah,43500
2023-05-18,3529,bawang_merah,43500
2023-05-19,3529,bawang_merah,43500
2023-05-22,3529,bawang_merah,43500
2023-05-23,3529,bawang_merah,41250
2023-05-24,3529,bawang_merah,40000
2023-05-25,3529,bawang_merah,39250
2023-05-26,3529,bawang_merah,38750
2023-05-29,3529,bawang_merah,39000
2023-05-30,3529,bawang_merah,37750
2023-05-31,3529,bawang_merah,37750
2023-06-01,3529,bawang_merah,37750
2023-06-02,3529,bawang_merah,37750
2023-06-05,3529,bawang_merah,38500
2023-06-06,3529,bawang_merah,38500
2023-06-07,3529,bawang_merah,37750
2023-06-08,3529,bawang_merah,37750
2023-06-09,3529,bawang_merah,37500
2023-06-12,3529,bawang_merah,38500
2023-06-13,3529,bawang_merah,39000
2023-06-14,3529,bawang_merah,40500
2023-06-15,3529,bawang_merah,39750
2023-06-16,3529,bawang_merah,39500
2023-06-19,3529,bawang_merah,39500
2023-06-20,3529,bawang_merah,40500
2023-06-21,3529,bawang_merah,41000
2023-06-22,3529,bawang_merah,40000
2023-06-23,3529,bawang_merah,40500
2023-06-26,3529,bawang_merah,40000
2023-06-27,3529,bawang_merah,39750
2023-06-28,3529,bawang_merah,39750
2023-06-29,3529,bawang_merah,39750
2023-06-30,3529,bawang_merah,39750
2023-07-03,3529,bawang_merah,40500
2023-07-04,3529,bawang_merah,40000
2023-07-05,3529,bawang_merah,38500
2023-07-06,3529,bawang_merah,38250
2023-07-07,3529,bawang_merah,38250
2023-07-10,3529,bawang_merah,34500
2023-07-11,3529,bawang_merah,32500
2023-07-12,3529,bawang_merah,32000
2023-07-13,3529,bawang_merah,31000
2023-07-14,3529,bawang_merah,29000
2023-07-17,3529,bawang_merah,27250
2023-07-18,3529,bawang_merah,26750
2023-07-19,3529,bawang_merah,26750
2023-07-20,3529,bawang_merah,26750
2023-07-21,3529,bawang_merah,26500
2023-07-24,3529,bawang_merah,26500
2023-07-25,3529,bawang_merah,26500
2023-07-26,3529,bawang_merah,26500
2023-07-27,3529,bawang_merah,26000
2023-07-28,3529,bawang_merah,26250
2023-07-31,3529,bawang_merah,23250
2023-08-01,3529,bawang_merah,23750
2023-08-02,3529,bawang_merah,24000
2023-08-03,3529,bawang_merah,24000
2023-08-04,3529,bawang_merah,24000
2023-08-07,3529,bawang_merah,23500
2023-08-08,3529,bawang_merah,23000
2023-08-09,3529,bawang_merah,22500
2023-08-10,3529,bawang_merah,23250
2023-08-11,3529,bawang_merah,23250
2023-08-14,3529,bawang_merah,22250
2023-08-15,3529,bawang_merah,22500
2023-08-16,3529,bawang_merah,22500
2023-08-17,3529,bawang_merah,22500
2023-08-18,3529,bawang_merah,22250
2023-08-21,3529,bawang_merah,22250
2023-08-22,3529,bawang_merah,22250
2023-08-23,3529,bawang_merah,22250
2023-08-24,3529,bawang_merah,22250
2023-08-25,3529,bawang_merah,22250
2023-08-28,3529,bawang_merah,21750
2023-08-29,3529,bawang_merah,21750
2023-08-30,3529,bawang_merah,21500
2023-08-31,3529,bawang_merah,21500
2023-09-01,3529,bawang_merah,21500
2023-09-04,3529,bawang_merah,21000
2023-09-05,3529,bawang_merah,21500
2023-09-06,3529,bawang_merah,21500
2023-09-07,3529,bawang_merah,21500
2023-09-08,3529,bawang_merah,21500
2023-09-11,3529,bawang_merah,20500
2023-09-12,3529,bawang_merah,20500
2023-09-13,3529,bawang_merah,21000
2023-09-14,3529,bawang_merah,21000
2023-09-15,3529,bawang_merah,21000
2023-09-18,3529,bawang_merah,21000
2023-09-19,3529,bawang_merah,21000
2023-09-20,3529,bawang_merah,21000
2023-09-21,3529,bawang_merah,21000
2023-09-22,3529,bawang_merah,21000
2023-09-25,3529,bawang_merah,20500
2023-09-26,3529,bawang_merah,20500
2023-09-27,3529,bawang_merah,20500
2023-09-28,3529,bawang_merah,20500
2023-09-29,3529,bawang_merah,20500
2023-10-02,3529,bawang_merah,20500
2023-10-03,3529,bawang_merah,20500
2023-10-04,3529,bawang_merah,20500
2023-10-05,3529,bawang_merah,19500
2023-10-06,3529,bawang_merah,19500
2023-10-09,3529,bawang_merah,19500
2023-10-10,3529,bawang_merah,19500
2023-10-11,3529,bawang_merah,18000
2023-10-12,3529,bawang_merah,18500
2023-10-13,3529,bawang_merah,18500
2023-10-16,3529,bawang_merah,18500
2023-10-17,3529,bawang_merah,18500
2023-10-18,3529,bawang_merah,18500
2023-10-19,3529,bawang_merah,18500
2023-10-20,3529,bawang_merah,19000
2023-10-23,3529,bawang_merah,19000
2023-10-24,3529,bawang_merah,19000
2023-10-25,3529,bawang_merah,19000
2023-10-26,3529,bawang_merah,19000
2023-10-27,3529,bawang_merah,19000
2023-10-30,3529,bawang_merah,19000
2023-10-31,3529,bawang_merah,19000
2023-11-01,3529,bawang_merah,20500
2023-11-02,3529,bawang_merah,22500
2023-11-03,3529,bawang_merah,22500
2023-11-06,3529,bawang_merah,26250
2023-11-07,3529,bawang_merah,28250
2023-11-08,3529,bawang_merah,28500
2023-11-09,3529,bawang_merah,28500
2023-11-10,3529,bawang_merah,28500
2023-11-13,3529,bawang_merah,28500
2023-11-14,3529,bawang_merah,28500
2023-11-15,3529,bawang_merah,28500
2023-11-16,3529,bawang_merah,28500
2023-11-17,3529,bawang_merah,28500
2023-11-20,3529,bawang_merah,28500
2023-11-21,3529,bawang_merah,30000
2023-11-22,3529,bawang_merah,30000
2023-11-23,3529,bawang_merah,30000
2023-11-24,3529,bawang_merah,29500
2023-11-27,3529,bawang_merah,29500
2023-11-28,3529,bawang_merah,30000
2023-11-29,3529,bawang_merah,30000
2023-11-30,3529,bawang_merah,30000
2023-12-01,3529,bawang_merah,30000
2023-12-04,3529,bawang_merah,30000
2023-12-05,3529,bawang_merah,30000
2023-12-06,3529,bawang_merah,30000
2023-12-07,3529,bawang_merah,30000
2023-12-08,3529,bawang_merah,30000
2023-12-11,3529,bawang_merah,30000
2023-12-12,3529,bawang_merah,30000
2023-12-13,3529,bawang_merah,30000
2023-12-14,3529,bawang_merah,30000
2023-12-15,3529,bawang_merah,30000
2023-12-18,3529,bawang_merah,32250
2023-12-19,3529,bawang_merah,32250
2023-12-20,3529,bawang_merah,32250
2023-12-21,3529,bawang_merah,33500
2023-12-22,3529,bawang_merah,33500
2023-12-27,3529,bawang_merah,35750
2023-12-28,3529,bawang_merah,36000
2023-12-29,3529,bawang_merah,36000
2024-01-01,3529,bawang_merah,36000
2024-01-02,3529,bawang_merah,35750
2024-01-03,3529,bawang_merah,35750
2024-01-04,3529,bawang_merah,37000
2024-01-05,3529,bawang_merah,37750
2024-01-08,3529,bawang_merah,37000
2024-01-09,3529,bawang_merah,37000
2024-01-10,3529,bawang_merah,36000
2024-01-11,3529,bawang_merah,35000
2024-01-12,3529,bawang_merah,33250
2024-01-15,3529,bawang_merah,31250
2024-01-16,3529,bawang_merah,31250
2024-01-17,3529,bawang_merah,31250
2024-01-18,3529,bawang_merah,31250
2024-01-19,3529,bawang_merah,30500
2024-01-22,3529,bawang_merah,30500
2024-01-23,3529,bawang_merah,31750
2024-01-24,3529,bawang_merah,32000
2024-01-25,3529,bawang_merah,32000
2024-01-26,3529,bawang_merah,32000
2024-01-29,3529,bawang_merah,32000
2024-01-30,3529,bawang_merah,32000
2024-01-31,3529,bawang_merah,32000
2024-02-01,3529,bawang_merah,31250
2024-02-02,3529,bawang_merah,31250
2024-02-05,3529,bawang_merah,28250
2024-02-06,3529,bawang_merah,28250
2024-02-07,3529,bawang_merah,27250
2024-02-08,3529,bawang_merah,27250
2024-02-09,3529,bawang_merah,27250
2024-02-12,3529,bawang_merah,27500
2024-02-13,3529,bawang_merah,27500
2024-02-14,3529,bawang_merah,27500
2024-02-15,3529,bawang_merah,27750
2024-02-16,3529,bawang_merah,26750
2024-02-19,3529,bawang_merah,26750
2024-02-20,3529,bawang_merah,27250
2024-02-21,3529,bawang_merah,27500
2024-02-22,3529,bawang_merah,27500
2024-02-23,3529,bawang_merah,27250
2024-02-26,3529,bawang_merah,27250
2024-02-27,3529,bawang_merah,27250
2024-02-28,3529,bawang_merah,27250
2024-02-29,3529,bawang_merah,27250
2024-03-01,3529,bawang_merah,27250
2024-03-04,3529,bawang_merah,27250
2024-03-05,3529,bawang_merah,27250
2024-03-06,3529,bawang_merah,28500
2024-03-07,3529,bawang_merah,30500
2024-03-08,3529,bawang_merah,31000
2024-03-11,3529,bawang_merah,31000
2024-03-12,3529,bawang_merah,31000
2024-03-13,3529,bawang_merah,33250
2024-03-14,3529,bawang_merah,33250
2024-03-15,3529,bawang_merah,33500
2024-03-18,3529,bawang_merah,33500
2024-03-19,3529,bawang_merah,33500
2024-03-20,3529,bawang_merah,33500
2024-03-21,3529,bawang_merah,33500
2024-03-22,3529,bawang_merah,33500
2024-03-25,3529,bawang_merah,33500
2024-03-26,3529,bawang_merah,33500
2024-03-27,3529,bawang_merah,33500
2024-03-28,3529,bawang_merah,33500
2024-03-29,3529,bawang_merah,33500
2024-04-01,3529,bawang_merah,37500
2024-04-02,3529,bawang_merah,38250
2024-04-03,3529,bawang_merah,38500
2024-04-04,3529,bawang_merah,43000
2024-04-05,3529,bawang_merah,46000
2024-04-08,3529,bawang_merah,46000
2024-04-09,3529,bawang_merah,46000
2024-04-10,3529,bawang_merah,46000
2024-04-11,3529,bawang_merah,46000
2024-04-12,3529,bawang_merah,46000
2024-04-15,3529,bawang_merah,46000
2024-04-16,3529,bawang_merah,56750
2024-04-17,3529,bawang_merah,57500
2024-04-18,3529,bawang_merah,57500
2024-04-19,3529,bawang_merah,57500
2024-04-22,3529,bawang_merah,56250
2024-04-23,3529,bawang_merah,55000
2024-04-24,3529,bawang_merah,56250
2024-04-25,3529,bawang_merah,56250
2024-04-26,3529,bawang_merah,56250
2024-04-29,3529,bawang_merah,55000
2024-04-30,3529,bawang_merah,55500
2024-05-01,3529,bawang_merah,55500
2024-05-02,3529,bawang_merah,54500
2024-05-03,3529,bawang_merah,51500
2024-05-06,3529,bawang_merah,50000
2024-05-07,3529,bawang_merah,49750
2024-05-08,3529,bawang_merah,51250
2024-05-09,3529,bawang_merah,51250
2024-05-10,3529,bawang_merah,51250
2024-05-13,3529,bawang_merah,50500
2024-05-14,3529,bawang_merah,50500
2024-05-15,3529,bawang_merah,50500
2024-05-16,3529,bawang_merah,51500
2024-05-17,3529,bawang_merah,51500
2024-05-20,3529,bawang_merah,54500
2024-05-21,3529,bawang_merah,55000
2024-05-22,3529,bawang_merah,55000
2024-05-23,3529,bawang_merah,55000
2024-05-24,3529,bawang_merah,55000
2024-05-27,3529,bawang_merah,53750
2024-05-28,3529,bawang_merah,52000
2024-05-29,3529,bawang_merah,52000
2024-05-30,3529,bawang_merah,51500
2024-05-31,3529,bawang_merah,52000
2024-06-03,3529,bawang_merah,49000
2024-06-04,3529,bawang_merah,47750
2024-06-05,3529,bawang_merah,47750
2024-06-06,3529,bawang_merah,47000
2024-06-07,3529,bawang_merah,45500
2024-06-10,3529,bawang_merah,45500
2024-06-11,3529,bawang_merah,45500
2024-06-12,3529,bawang_merah,44500
2024-06-13,3529,bawang_merah,44500
2024-06-14,3529,bawang_merah,44500
2024-06-17,3529,bawang_merah,44500
2024-06-18,3529,bawang_merah,44500
2024-06-19,3529,bawang_merah,42750
2024-06-20,3529,bawang_merah,42500
2024-06-21,3529,bawang_merah,42500
2024-06-24,3529,bawang_merah,41000
2024-06-25,3529,bawang_merah,41000
2024-06-26,3529,bawang_merah,41000
2024-06-27,3529,bawang_merah,41000
2024-06-28,3529,bawang_merah,41000
2024-07-01,3529,bawang_merah,38750
2024-07-02,3529,bawang_merah,38750
2024-07-03,3529,bawang_merah,38750
2024-07-04,3529,bawang_merah,37250
2024-07-08,3529,bawang_merah,33250
2024-07-09,3529,bawang_merah,29500
2024-07-10,3529,bawang_merah,29500
2024-07-11,3529,bawang_merah,29500
2024-07-12,3529,bawang_merah,29500
2024-07-15,3529,bawang_merah,28250
2024-07-16,3529,bawang_merah,26750
2024-07-17,3529,bawang_merah,26750
2024-07-18,3529,bawang_merah,26750
2024-07-19,3529,bawang_merah,26750
2024-07-22,3529,bawang_merah,26250
2024-07-23,3529,bawang_merah,26250
2024-07-24,3529,bawang_merah,26250
2024-07-25,3529,bawang_merah,26250
2024-07-26,3529,bawang_merah,26250
2024-07-29,3529,bawang_merah,24500
2024-07-30,3529,bawang_merah,24500
2024-07-31,3529,bawang_merah,22750
2024-08-01,3529,bawang_merah,22750
2024-08-02,3529,bawang_merah,22500
2024-08-05,3529,bawang_merah,22000
2024-08-06,3529,bawang_merah,22000
2024-08-07,3529,bawang_merah,21500
2024-08-08,3529,bawang_merah,21500
2024-08-09,3529,bawang_merah,21000
2024-08-12,3529,bawang_merah,21000
2024-08-13,3529,bawang_merah,21000
2024-08-14,3529,bawang_merah,21000
2024-08-15,3529,bawang_merah,23000
2024-08-16,3529,bawang_merah,25000
2024-08-19,3529,bawang_merah,25000
2024-08-20,3529,bawang_merah,25000
2024-08-21,3529,bawang_merah,25000
2024-08-22,3529,bawang_merah,25000
2024-08-23,3529,bawang_merah,25000
2024-08-26,3529,bawang_merah,24250
2024-08-27,3529,bawang_merah,24250
2024-08-28,3529,bawang_merah,24250
2024-08-29,3529,bawang_merah,25000
2024-08-30,3529,bawang_merah,25000
2024-09-02,3529,bawang_merah,25000
2024-09-03,3529,bawang_merah,25500
2024-09-04,3529,bawang_merah,25500
2024-09-05,3529,bawang_merah,25000
2024-09-06,3529,bawang_merah,26000
2024-09-09,3529,bawang_merah,27250
2024-09-10,3529,bawang_merah,27500
2024-09-11,3529,bawang_merah,27500
2024-09-12,3529,bawang_merah,27250
2024-09-13,3529,bawang_merah,27250
2024-09-17,3529,bawang_merah,27250
2024-09-18,3529,bawang_merah,27250
2024-09-19,3529,bawang_merah,27250
2024-09-20,3529,bawang_merah,27250
2024-09-23,3529,bawang_merah,27250
2024-09-24,3529,bawang_merah,27250
2024-09-25,3529,bawang_merah,27000
2024-09-26,3529,bawang_merah,27250
2024-09-27,3529,bawang_merah,28000
2024-09-30,3529,bawang_merah,28000
2024-10-01,3529,bawang_merah,28000
2024-10-02,3529,bawang_merah,28000
2024-10-03,3529,bawang_merah,28000
2024-10-04,3529,bawang_merah,28000
2024-10-07,3529,bawang_merah,28000
2024-10-08,3529,bawang_merah,28000
2024-10-09,3529,bawang_merah,28000
2024-10-10,3529,bawang_merah,28000
2024-10-11,3529,bawang_merah,28000
2024-10-14,3529,bawang_merah,30000
2024-10-15,3529,bawang_merah,30000
2024-10-16,3529,bawang_merah,30000
2024-10-17,3529,bawang_merah,30000
2024-10-18,3529,bawang_merah,30000
2024-10-21,3529,bawang_merah,30000
2024-10-22,3529,bawang_merah,30000
2024-10-23,3529,bawang_merah,30000
2024-10-24,3529,bawang_merah,30000
2024-10-25,3529,bawang_merah,30000
2024-10-28,3529,bawang_merah,30000
2024-10-29,3529,bawang_merah,30000
2024-10-30,3529,bawang_merah,30000
2024-10-31,3529,bawang_merah,30000
2024-11-01,3529,bawang_merah,30000
2024-11-04,3529,bawang_merah,33250
2024-11-05,3529,bawang_merah,36250
2024-11-06,3529,bawang_merah,36250
2024-11-07,3529,bawang_merah,36250
2024-11-08,3529,bawang_merah,38000
2024-11-11,3529,bawang_merah,38000
2024-11-12,3529,bawang_merah,38000
2024-11-13,3529,bawang_merah,38500
2024-11-14,3529,bawang_merah,38500
2024-11-15,3529,bawang_merah,38500
2024-11-18,3529,bawang_merah,38500
2024-11-19,3529,bawang_merah,39500
2024-11-20,3529,bawang_merah,41000
2024-11-21,3529,bawang_merah,41000
2024-11-22,3529,bawang_merah,41000
2024-11-25,3529,bawang_merah,41000
2024-11-26,3529,bawang_merah,41000
2024-11-27,3529,bawang_merah,41000
2024-11-28,3529,bawang_merah,41000
2024-11-29,3529,bawang_merah,41000
2024-12-02,3529,bawang_merah,40500
2024-12-03,3529,bawang_merah,40500
2024-12-04,3529,bawang_merah,40500
2024-12-05,3529,bawang_merah,40500
2024-12-06,3529,bawang_merah,42250
2024-12-09,3529,bawang_merah,43000
2024-12-10,3529,bawang_merah,43000
2024-12-11,3529,bawang_merah,43250
2024-12-12,3529,bawang_merah,43250
2024-12-13,3529,bawang_merah,43250
2024-12-16,3529,bawang_merah,43250
2024-12-17,3529,bawang_merah,43250
2024-12-18,3529,bawang_merah,43250
2024-12-19,3529,bawang_merah,43250
2024-12-20,3529,bawang_merah,43250
2024-12-23,3529,bawang_merah,41750
2024-12-24,3529,bawang_merah,41750
2024-12-25,3529,bawang_merah,41750
2024-12-26,3529,bawang_merah,41750
2024-12-27,3529,bawang_merah,41750
2024-12-30,3529,bawang_merah,43250
2024-12-31,3529,bawang_merah,43250
2025-01-02,3529,bawang_merah,40750
2025-01-03,3529,bawang_merah,40750
2025-01-06,3529,bawang_merah,41750
2025-01-07,3529,bawang_merah,41750
2025-01-08,3529,bawang_merah,41750
2025-01-09,3529,bawang_merah,41750
2025-01-10,3529,bawang_merah,41750
2025-01-13,3529,bawang_merah,41750
2025-01-14,3529,bawang_merah,41750
2025-01-15,3529,bawang_merah,41750
2025-01-16,3529,bawang_merah,41750
2025-01-17,3529,bawang_merah,41250
2025-01-20,3529,bawang_merah,37750
2025-01-21,3529,bawang_merah,35750
2025-01-22,3529,bawang_merah,35750
2025-01-23,3529,bawang_merah,35500
2025-01-24,3529,bawang_merah,34500
2025-01-27,3529,bawang_merah,34500
2025-01-28,3529,bawang_merah,34500
2025-01-29,3529,bawang_merah,34500
2025-01-30,3529,bawang_merah,33000
2025-01-31,3529,bawang_merah,32500
2025-02-03,3529,bawang_merah,29500
2025-02-04,3529,bawang_merah,29000
2025-02-05,3529,bawang_merah,29500
2025-02-06,3529,bawang_merah,29000
2025-02-07,3529,bawang_merah,29000
2025-02-10,3529,bawang_merah,28500
2025-02-11,3529,bawang_merah,27000
2025-02-12,3529,bawang_merah,27000
2025-02-13,3529,bawang_merah,24500
2025-02-14,3529,bawang_merah,24500
2025-02-17,3529,bawang_merah,24500
2025-02-18,3529,bawang_merah,25000
2025-02-19,3529,bawang_merah,26750
2025-02-20,3529,bawang_merah,29500
2025-02-21,3529,bawang_merah,29500
2025-02-24,3529,bawang_merah,32250
2025-02-25,3529,bawang_merah,32250
2025-02-26,3529,bawang_merah,33500
2025-02-27,3529,bawang_merah,35500
2025-02-28,3529,bawang_merah,35500
2025-03-03,3529,bawang_merah,40000
2025-03-04,3529,bawang_merah,41000
2025-03-05,3529,bawang_merah,41000
2025-03-06,3529,bawang_merah,41000
2025-03-07,3529,bawang_merah,43250
2025-03-10,3529,bawang_merah,44500
2025-03-11,3529,bawang_merah,45250
2025-03-12,3529,bawang_merah,45250
2025-03-13,3529,bawang_merah,44750
2025-03-14,3529,bawang_merah,45750
2025-03-17,3529,bawang_merah,50250
2025-03-18,3529,bawang_merah,52750
2025-03-19,3529,bawang_merah,52750
2025-03-20,3529,bawang_merah,52750
2025-03-21,3529,bawang_merah,52750
2025-03-24,3529,bawang_merah,52750
2025-03-25,3529,bawang_merah,52750
2025-03-26,3529,bawang_merah,52250
2025-03-27,3529,bawang_merah,52750
2025-03-28,3529,bawang_merah,52750
2025-03-31,3529,bawang_merah,52750
2025-04-01,3529,bawang_merah,52750
2025-04-02,3529,bawang_merah,52750
2025-04-03,3529,bawang_merah,52750
2025-04-04,3529,bawang_merah,52750
2025-04-07,3529,bawang_merah,52750
2025-04-08,3529,bawang_merah,52750
2025-04-09,3529,bawang_merah,52750
2025-04-10,3529,bawang_merah,52750
2025-04-11,3529,bawang_merah,52750
2025-04-14,3529,bawang_merah,52000
2025-04-15,3529,bawang_merah,52000
2025-04-16,3529,bawang_merah,52000
2025-04-17,3529,bawang_merah,52000
2025-04-18,3529,bawang_merah,52000
2025-04-21,3529,bawang_merah,48500
2025-04-22,3529,bawang_merah,48000
2025-04-23,3529,bawang_merah,45500
2025-04-24,3529,bawang_merah,45500
2025-04-25,3529,bawang_merah,45500
2025-04-28,3529,bawang_merah,43250
2025-04-29,3529,bawang_merah,43000
2025-04-30,3529,bawang_merah,43000
2025-05-01,3529,bawang_merah,43000
2025-05-02,3529,bawang_merah,43000
2025-05-05,3529,bawang_merah,43000
2025-05-06,3529,bawang_merah,43000
2025-05-07,3529,bawang_merah,43000
2025-05-08,3529,bawang_merah,43000
2025-05-09,3529,bawang_merah,42500
2025-05-12,3529,bawang_merah,42500
2025-05-13,3529,bawang_merah,42500
2025-05-14,3529,bawang_merah,42250
2025-05-15,3529,bawang_merah,42250
2025-05-16,3529,bawang_merah,42250
2025-05-19,3529,bawang_merah,42000
2025-05-20,3529,bawang_merah,42000
2025-05-21,3529,bawang_merah,42000
2025-05-22,3529,bawang_merah,39000
2025-05-23,3529,bawang_merah,38000
2025-05-26,3529,bawang_merah,36750
2025-05-27,3529,bawang_merah,36750
2025-05-28,3529,bawang_merah,36750
2025-05-29,3529,bawang_merah,36750
2025-05-30,3529,bawang_merah,36750
2025-06-02,3529,bawang_merah,41250
2025-06-03,3529,bawang_merah,41250
2025-06-04,3529,bawang_merah,41250
2025-06-05,3529,bawang_merah,43000
2025-06-06,3529,bawang_merah,43000
2025-06-09,3529,bawang_merah,43000
2025-06-10,3529,bawang_merah,40000
2025-06-11,3529,bawang_merah,40000
2025-06-12,3529,bawang_merah,43000
2025-06-13,3529,bawang_merah,43000
2025-06-16,3529,bawang_merah,51500
2025-06-17,3529,bawang_merah,51000
2025-06-18,3529,bawang_merah,51000
2025-06-19,3529,bawang_merah,51000
2025-06-20,3529,bawang_merah,51000
2025-06-23,3529,bawang_merah,50250
2025-06-24,3529,bawang_merah,46250
2025-06-25,3529,bawang_merah,46250
2025-06-26,3529,bawang_merah,45250
2025-06-27,3529,bawang_merah,45250
2025-06-30,3529,bawang_merah,44000
2025-07-01,3529,bawang_merah,44000
2025-07-02,3529,bawang_merah,44000
2025-07-03,3529,bawang_merah,44000
2025-07-04,3529,bawang_merah,43000
2025-07-07,3529,bawang_merah,44000
2025-07-08,3529,bawang_merah,44000
2025-07-09,3529,bawang_merah,44000
2025-07-10,3529,bawang_merah,46250
2025-07-11,3529,bawang_merah,46250
2025-07-14,3529,bawang_merah,46250
2025-07-15,3529,bawang_merah,46250
2025-07-16,3529,bawang_merah,46250
2025-07-17,3529,bawang_merah,46250
2025-07-18,3529,bawang_merah,46250
2025-07-21,3529,bawang_merah,51000
2025-07-22,3529,bawang_merah,54250
2025-07-23,3529,bawang_merah,56500
2025-07-24,3529,bawang_merah,56750
2025-07-25,3529,bawang_merah,56750
2025-07-28,3529,bawang_merah,56750
2025-07-29,3529,bawang_merah,56750
2025-07-30,3529,bawang_merah,56750
2025-07-31,3529,bawang_merah,56750
2025-08-01,3529,bawang_merah,56250
2025-08-04,3529,bawang_merah,57500
2025-08-05,3529,bawang_merah,57500
2025-08-06,3529,bawang_merah,57500
2025-08-07,3529,bawang_merah,57500
2025-08-08,3529,bawang_merah,57500
2025-08-11,3529,bawang_merah,57500
2025-08-12,3529,bawang_merah,56500
2025-08-13,3529,bawang_merah,56500
2025-08-14,3529,bawang_merah,52250
2025-08-15,3529,bawang_merah,52250
2025-08-18,3529,bawang_merah,52250
2025-08-19,3529,bawang_merah,45250
2025-08-20,3529,bawang_merah,44000
2025-08-21,3529,bawang_merah,44000
2025-08-22,3529,bawang_merah,44000
2025-08-25,3529,bawang_merah,44000
2025-08-26,3529,bawang_merah,42000
2025-08-27,3529,bawang_merah,42000
2025-08-28,3529,bawang_merah,42000
2025-08-29,3529,bawang_merah,42000
2025-09-01,3529,bawang_merah,42000
2025-09-02,3529,bawang_merah,42000
2025-09-03,3529,bawang_merah,42000
2025-09-04,3529,bawang_merah,42000
2025-09-05,3529,bawang_merah,42000
2025-09-08,3529,bawang_merah,39000
2025-09-09,3529,bawang_merah,37750
2025-09-10,3529,bawang_merah,34500
2025-09-11,3529,bawang_merah,34500
2025-09-12,3529,bawang_merah,34500
2025-09-15,3529,bawang_merah,34500
2025-09-16,3529,bawang_merah,34500
2025-09-17,3529,bawang_merah,34500
2025-09-18,3529,bawang_merah,34500
2025-09-19,3529,bawang_merah,34500
2025-09-22,3529,bawang_merah,34500
2025-09-23,3529,bawang_merah,34500
2025-09-24,3529,bawang_merah,34500
2025-09-25,3529,bawang_merah,35000
2025-09-26,3529,bawang_merah,35000
2025-09-29,3529,bawang_merah,33750
2025-09-30,3529,bawang_merah,32750
2025-10-01,3529,bawang_merah,32750
2025-10-02,3529,bawang_merah,32750
2025-10-03,3529,bawang_merah,33000
2025-10-06,3529,bawang_merah,34000
2025-10-07,3529,bawang_merah,35250
2025-10-08,3529,bawang_merah,35250
2025-10-09,3529,bawang_merah,37250
2025-10-10,3529,bawang_merah,37250
2025-10-13,3529,bawang_merah,38000
2025-10-14,3529,bawang_merah,38000
2025-10-15,3529,bawang_merah,38000
2025-10-16,3529,bawang_merah,38000
2025-10-17,3529,bawang_merah,38000
2025-10-20,3529,bawang_merah,38000
2025-10-21,3529,bawang_merah,38000
2025-10-22,3529,bawang_merah,38000
2025-10-23,3529,bawang_merah,40500
2025-10-24,3529,bawang_merah,40500
2025-10-27,3529,bawang_merah,41500
2025-10-28,3529,bawang_merah,41500
2025-10-29,3529,bawang_merah,41000
2025-10-30,3529,bawang_merah,41000
2025-10-31,3529,bawang_merah,41000
2025-11-03,3529,bawang_merah,41000
2025-11-04,3529,bawang_merah,41000
2025-11-05,3529,bawang_merah,41000
2025-11-06,3529,bawang_merah,41000
2025-11-07,3529,bawang_merah,41000
2025-11-10,3529,bawang_merah,41000
2025-11-11,3529,bawang_merah,41000
2025-11-12,3529,bawang_merah,41000
2025-11-13,3529,bawang_merah,41000
2025-11-14,3529,bawang_merah,41000
2025-11-17,3529,bawang_merah,41000
2025-11-18,3529,bawang_merah,41750
2025-11-19,3529,bawang_merah,41750
2025-11-20,3529,bawang_merah,41750
2025-11-21,3529,bawang_merah,41750
2025-11-24,3529,bawang_merah,41750
2025-11-25,3529,bawang_merah,41750
2025-11-26,3529,bawang_merah,41750
2025-11-27,3529,bawang_merah,43750
2025-11-28,3529,bawang_merah,45500
2025-12-01,3529,bawang_merah,48500
2025-12-02,3529,bawang_merah,48500
2025-12-03,3529,bawang_merah,48500
2025-12-04,3529,bawang_merah,48500
2025-12-05,3529,bawang_merah,49500
2025-12-08,3529,bawang_merah,49500
2025-12-09,3529,bawang_merah,54500
2025-12-10,3529,bawang_merah,54500
2025-12-11,3529,bawang_merah,56500
2025-12-12,3529,bawang_merah,57500
2025-12-15,3529,bawang_merah,50750
2025-12-16,3529,bawang_merah,47000
2025-12-17,3529,bawang_merah,47000
2025-12-18,3529,bawang_merah,43000
2025-12-19,3529,bawang_merah,43000
2025-12-22,3529,bawang_merah,43000
2025-12-23,3529,bawang_merah,43000
2025-12-24,3529,bawang_merah,42000
2025-12-25,3529,bawang_merah,42000
2025-12-26,3529,bawang_merah,42000
2025-12-29,3529,bawang_merah,41000
2025-12-30,3529,bawang_merah,40000
2025-12-31,3529,bawang_merah,40000
2021-01-04,3571,bawang_merah,25750
2021-01-05,3571,bawang_merah,26250
2021-01-06,3571,bawang_merah,26000
2021-01-07,3571,bawang_merah,26000
2021-01-08,3571,bawang_merah,26000
2021-01-11,3571,bawang_merah,25750
2021-01-12,3571,bawang_merah,25750
2021-01-13,3571,bawang_merah,25750
2021-01-14,3571,bawang_merah,25750
2021-01-15,3571,bawang_merah,25250
2021-01-18,3571,bawang_merah,24750
2021-01-19,3571,bawang_merah,24750
2021-01-20,3571,bawang_merah,24750
2021-01-21,3571,bawang_merah,24500
2021-01-22,3571,bawang_merah,23250
2021-01-25,3571,bawang_merah,23250
2021-01-26,3571,bawang_merah,23250
2021-01-27,3571,bawang_merah,23250
2021-01-28,3571,bawang_merah,23250
2021-01-29,3571,bawang_merah,23250
2021-02-01,3571,bawang_merah,23250
2021-02-02,3571,bawang_merah,23250
2021-02-03,3571,bawang_merah,23500
2021-02-04,3571,bawang_merah,23500
2021-02-05,3571,bawang_merah,23750
2021-02-08,3571,bawang_merah,24000
2021-02-09,3571,bawang_merah,25000
2021-02-10,3571,bawang_merah,25250
2021-02-11,3571,bawang_merah,26750
2021-02-15,3571,bawang_merah,27750
2021-02-16,3571,bawang_merah,28500
2021-02-17,3571,bawang_merah,28500
2021-02-18,3571,bawang_merah,28500
2021-02-19,3571,bawang_merah,28500
2021-02-22,3571,bawang_merah,31000
2021-02-23,3571,bawang_merah,31500
2021-02-24,3571,bawang_merah,31500
2021-02-25,3571,bawang_merah,32000
2021-02-26,3571,bawang_merah,32750
2021-03-01,3571,bawang_merah,33000
2021-03-02,3571,bawang_merah,33500
2021-03-03,3571,bawang_merah,33750
2021-03-04,3571,bawang_merah,34000
2021-03-05,3571,bawang_merah,34250
2021-03-08,3571,bawang_merah,35250
2021-03-09,3571,bawang_merah,35250
2021-03-10,3571,bawang_merah,34250
2021-03-12,3571,bawang_merah,34000
2021-03-15,3571,bawang_merah,34000
2021-03-16,3571,bawang_merah,34000
2021-03-17,3571,bawang_merah,34000
2021-03-18,3571,bawang_merah,34000
2021-03-19,3571,bawang_merah,34000
2021-03-22,3571,bawang_merah,33250
2021-03-23,3571,bawang_merah,32250
2021-03-24,3571,bawang_merah,32000
2021-03-25,3571,bawang_merah,31000
2021-03-26,3571,bawang_merah,31000
2021-03-29,3571,bawang_merah,30250
2021-03-30,3571,bawang_merah,30500
2021-03-31,3571,bawang_merah,30250
2021-04-01,3571,bawang_merah,29250
2021-04-05,3571,bawang_merah,28500
2021-04-06,3571,bawang_merah,27750
2021-04-07,3571,bawang_merah,26500
2021-04-08,3571,bawang_merah,26500
2021-04-09,3571,bawang_merah,26250
2021-04-12,3571,bawang_merah,26500
2021-04-13,3571,bawang_merah,26500
2021-04-14,3571,bawang_merah,26000
2021-04-15,3571,bawang_merah,26000
2021-04-16,3571,bawang_merah,26000
2021-04-19,3571,bawang_merah,24750
2021-04-20,3571,bawang_merah,24000
2021-04-21,3571,bawang_merah,23500
2021-04-22,3571,bawang_merah,23000
2021-04-23,3571,bawang_merah,23500
2021-04-26,3571,bawang_merah,24000
2021-04-27,3571,bawang_merah,24000
2021-04-28,3571,bawang_merah,24250
2021-04-29,3571,bawang_merah,24250
2021-04-30,3571,bawang_merah,24250
2021-05-03,3571,bawang_merah,24000
2021-05-04,3571,bawang_merah,24000
2021-05-05,3571,bawang_merah,25500
2021-05-06,3571,bawang_merah,25500
2021-05-07,3571,bawang_merah,24750
2021-05-10,3571,bawang_merah,25000
2021-05-11,3571,bawang_merah,25250
2021-05-17,3571,bawang_merah,26250
2021-05-18,3571,bawang_merah,26250
2021-05-19,3571,bawang_merah,26500
2021-05-20,3571,bawang_merah,26500
2021-05-21,3571,bawang_merah,26500
2021-05-24,3571,bawang_merah,26250
2021-05-25,3571,bawang_merah,26250
2021-05-27,3571,bawang_merah,25250
2021-05-28,3571,bawang_merah,25250
2021-05-31,3571,bawang_merah,25000
2021-06-02,3571,bawang_merah,25500
2021-06-03,3571,bawang_merah,25500
2021-06-04,3571,bawang_merah,24750
2021-06-07,3571,bawang_merah,25750
2021-06-08,3571,bawang_merah,25750
2021-06-09,3571,bawang_merah,25250
2021-06-10,3571,bawang_merah,25250
2021-06-11,3571,bawang_merah,25250
2021-06-14,3571,bawang_merah,25750
2021-06-15,3571,bawang_merah,25750
2021-06-16,3571,bawang_merah,25750
2021-06-17,3571,bawang_merah,25750
2021-06-18,3571,bawang_merah,25750
2021-06-21,3571,bawang_merah,26500
2021-06-22,3571,bawang_merah,26250
2021-06-23,3571,bawang_merah,26750
2021-06-24,3571,bawang_merah,27000
2021-06-25,3571,bawang_merah,27500
2021-06-28,3571,bawang_merah,28500
2021-06-29,3571,bawang_merah,28500
2021-06-30,3571,bawang_merah,28750
2021-07-01,3571,bawang_merah,29000
2021-07-02,3571,bawang_merah,28500
2021-07-05,3571,bawang_merah,28000
2021-07-06,3571,bawang_merah,27750
2021-07-07,3571,bawang_merah,29250
2021-07-08,3571,bawang_merah,29250
2021-07-09,3571,bawang_merah,28750
2021-07-12,3571,bawang_merah,28750
2021-07-13,3571,bawang_merah,28250
2021-07-14,3571,bawang_merah,28250
2021-07-15,3571,bawang_merah,28500
2021-07-16,3571,bawang_merah,28500
2021-07-19,3571,bawang_merah,30500
2021-07-21,3571,bawang_merah,30750
2021-07-22,3571,bawang_merah,32500
2021-07-23,3571,bawang_merah,32500
2021-07-26,3571,bawang_merah,32500
2021-07-27,3571,bawang_merah,36000
2021-07-28,3571,bawang_merah,36000
2021-07-29,3571,bawang_merah,36000
2021-07-30,3571,bawang_merah,35250
2021-08-02,3571,bawang_merah,35750
2021-08-03,3571,bawang_merah,32750
2021-08-04,3571,bawang_merah,33250
2021-08-05,3571,bawang_merah,33000
2021-08-06,3571,bawang_merah,32500
2021-08-09,3571,bawang_merah,30500
2021-08-10,3571,bawang_merah,30500
2021-08-12,3571,bawang_merah,30500
2021-08-13,3571,bawang_merah,29250
2021-08-16,3571,bawang_merah,26250
2021-08-18,3571,bawang_merah,25500
2021-08-19,3571,bawang_merah,25750
2021-08-20,3571,bawang_merah,24750
2021-08-23,3571,bawang_merah,24000
2021-08-24,3571,bawang_merah,24000
2021-08-25,3571,bawang_merah,24000
2021-08-26,3571,bawang_merah,23500
2021-08-27,3571,bawang_merah,23500
2021-08-30,3571,bawang_merah,23250
2021-08-31,3571,bawang_merah,23250
2021-09-01,3571,bawang_merah,23250
2021-09-02,3571,bawang_merah,22750
2021-09-03,3571,bawang_merah,22500
2021-09-06,3571,bawang_merah,22750
2021-09-07,3571,bawang_merah,22750
2021-09-08,3571,bawang_merah,22750
2021-09-09,3571,bawang_merah,22750
2021-09-10,3571,bawang_merah,23500
2021-09-13,3571,bawang_merah,23250
2021-09-14,3571,bawang_merah,23250
2021-09-15,3571,bawang_merah,23250
2021-09-16,3571,bawang_merah,23250
2021-09-17,3571,bawang_merah,23250
2021-09-20,3571,bawang_merah,23500
2021-09-21,3571,bawang_merah,23500
2021-09-22,3571,bawang_merah,23250
2021-09-23,3571,bawang_merah,23500
2021-09-24,3571,bawang_merah,23000
2021-09-27,3571,bawang_merah,22250
2021-09-28,3571,bawang_merah,21500
2021-09-29,3571,bawang_merah,21500
2021-09-30,3571,bawang_merah,21500
2021-10-01,3571,bawang_merah,22000
2021-10-04,3571,bawang_merah,22500
2021-10-05,3571,bawang_merah,23000
2021-10-06,3571,bawang_merah,23000
2021-10-07,3571,bawang_merah,23000
2021-10-08,3571,bawang_merah,23000
2021-10-11,3571,bawang_merah,23000
2021-10-12,3571,bawang_merah,23750
2021-10-13,3571,bawang_merah,24000
2021-10-14,3571,bawang_merah,25000
2021-10-15,3571,bawang_merah,25000
2021-10-18,3571,bawang_merah,25000
2021-10-19,3571,bawang_merah,25000
2021-10-21,3571,bawang_merah,24750
2021-10-22,3571,bawang_merah,24750
2021-10-25,3571,bawang_merah,24500
2021-10-26,3571,bawang_merah,24500
2021-10-27,3571,bawang_merah,24500
2021-10-28,3571,bawang_merah,23750
2021-10-29,3571,bawang_merah,23000
2021-11-01,3571,bawang_merah,22500
2021-11-02,3571,bawang_merah,22500
2021-11-03,3571,bawang_merah,22500
2021-11-04,3571,bawang_merah,22500
2021-11-05,3571,bawang_merah,22250
2021-11-08,3571,bawang_merah,22250
2021-11-09,3571,bawang_merah,22250
2021-11-10,3571,bawang_merah,22250
2021-11-11,3571,bawang_merah,22250
2021-11-12,3571,bawang_merah,21250
2021-11-15,3571,bawang_merah,21250
2021-11-16,3571,bawang_merah,21000
2021-11-17,3571,bawang_merah,21500
2021-11-18,3571,bawang_merah,21500
2021-11-19,3571,bawang_merah,21500
2021-11-22,3571,bawang_merah,21500
2021-11-23,3571,bawang_merah,21000
2021-11-24,3571,bawang_merah,20250
2021-11-25,3571,bawang_merah,20000
2021-11-26,3571,bawang_merah,20250
2021-11-29,3571,bawang_merah,19750
2021-11-30,3571,bawang_merah,19750
2021-12-01,3571,bawang_merah,20250
2021-12-02,3571,bawang_merah,20000
2021-12-03,3571,bawang_merah,19500
2021-12-06,3571,bawang_merah,21250
2021-12-07,3571,bawang_merah,21500
2021-12-08,3571,bawang_merah,22500
2021-12-09,3571,bawang_merah,23000
2021-12-10,3571,bawang_merah,23000
2021-12-13,3571,bawang_merah,23750
2021-12-14,3571,bawang_merah,24250
2021-12-15,3571,bawang_merah,24250
2021-12-16,3571,bawang_merah,24500
2021-12-17,3571,bawang_merah,24000
2021-12-20,3571,bawang_merah,25000
2021-12-21,3571,bawang_merah,25500
2021-12-22,3571,bawang_merah,25500
2021-12-23,3571,bawang_merah,25500
2021-12-24,3571,bawang_merah,24750
2021-12-27,3571,bawang_merah,24750
2021-12-28,3571,bawang_merah,25250
2021-12-29,3571,bawang_merah,25250
2021-12-30,3571,bawang_merah,24500
2021-12-31,3571,bawang_merah,24000
2022-01-03,3571,bawang_merah,24500
2022-01-04,3571,bawang_merah,23750
2022-01-05,3571,bawang_merah,23750
2022-01-06,3571,bawang_merah,23500
2022-01-07,3571,bawang_merah,23000
2022-01-10,3571,bawang_merah,22250
2022-01-11,3571,bawang_merah,21250
2022-01-12,3571,bawang_merah,21250
2022-01-13,3571,bawang_merah,21250
2022-01-14,3571,bawang_merah,21250
2022-01-17,3571,bawang_merah,21750
2022-01-18,3571,bawang_merah,21750
2022-01-19,3571,bawang_merah,21500
2022-01-20,3571,bawang_merah,21750
2022-01-21,3571,bawang_merah,21000
2022-01-24,3571,bawang_merah,21500
2022-01-25,3571,bawang_merah,21500
2022-01-26,3571,bawang_merah,21500
2022-01-27,3571,bawang_merah,21500
2022-01-28,3571,bawang_merah,21500
2022-01-31,3571,bawang_merah,23250
2022-02-02,3571,bawang_merah,25500
2022-02-03,3571,bawang_merah,27250
2022-02-04,3571,bawang_merah,31750
2022-02-07,3571,bawang_merah,33000
2022-02-08,3571,bawang_merah,33000
2022-02-09,3571,bawang_merah,34500
2022-02-10,3571,bawang_merah,34500
2022-02-11,3571,bawang_merah,34500
2022-02-14,3571,bawang_merah,35000
2022-02-15,3571,bawang_merah,36250
2022-02-16,3571,bawang_merah,36750
2022-02-17,3571,bawang_merah,37250
2022-02-18,3571,bawang_merah,37250
2022-02-21,3571,bawang_merah,35750
2022-02-22,3571,bawang_merah,35750
2022-02-23,3571,bawang_merah,35750
2022-02-24,3571,bawang_merah,35750
2022-02-25,3571,bawang_merah,35750
2022-03-01,3571,bawang_merah,35750
2022-03-02,3571,bawang_merah,35750
2022-03-04,3571,bawang_merah,35750
2022-03-07,3571,bawang_merah,35750
2022-03-08,3571,bawang_merah,35750
2022-03-09,3571,bawang_merah,35500
2022-03-10,3571,bawang_merah,35500
2022-03-11,3571,bawang_merah,35000
2022-03-14,3571,bawang_merah,31750
2022-03-15,3571,bawang_merah,31250
2022-03-16,3571,bawang_merah,31000
2022-03-17,3571,bawang_merah,31000
2022-03-18,3571,bawang_merah,30500
2022-03-21,3571,bawang_merah,31000
2022-03-22,3571,bawang_merah,31000
2022-03-23,3571,bawang_merah,31500
2022-03-24,3571,bawang_merah,30500
2022-03-25,3571,bawang_merah,30500
2022-03-28,3571,bawang_merah,30000
2022-03-29,3571,bawang_merah,29000
2022-03-30,3571,bawang_merah,29000
2022-03-31,3571,bawang_merah,29250
2022-04-01,3571,bawang_merah,28000
2022-04-04,3571,bawang_merah,30000
2022-04-05,3571,bawang_merah,29250
2022-04-06,3571,bawang_merah,29000
2022-04-07,3571,bawang_merah,28250
2022-04-08,3571,bawang_merah,29250
2022-04-11,3571,bawang_merah,28750
2022-04-12,3571,bawang_merah,28750
2022-04-13,3571,bawang_merah,28750
2022-04-14,3571,bawang_merah,28500
2022-04-18,3571,bawang_merah,27500
2022-04-19,3571,bawang_merah,27000
2022-04-20,3571,bawang_merah,28000
2022-04-21,3571,bawang_merah,28500
2022-04-22,3571,bawang_merah,29500
2022-04-25,3571,bawang_merah,29750
2022-04-26,3571,bawang_merah,29750
2022-04-27,3571,bawang_merah,32500
2022-04-28,3571,bawang_merah,32250
2022-05-09,3571,bawang_merah,33250
2022-05-10,3571,bawang_merah,35250
2022-05-11,3571,bawang_merah,35000
2022-05-12,3571,bawang_merah,35000
2022-05-13,3571,bawang_merah,35750
2022-05-17,3571,bawang_merah,37500
2022-05-18,3571,bawang_merah,40000
2022-05-19,3571,bawang_merah,40000
2022-05-20,3571,bawang_merah,41250
2022-05-23,3571,bawang_merah,41750
2022-05-24,3571,bawang_merah,41000
2022-05-25,3571,bawang_merah,41500
2022-05-27,3571,bawang_merah,41500
2022-05-30,3571,bawang_merah,40000
2022-05-31,3571,bawang_merah,40000
2022-06-02,3571,bawang_merah,40000
2022-06-03,3571,bawang_merah,40500
2022-06-06,3571,bawang_merah,40500
2022-06-07,3571,bawang_merah,42500
2022-06-08,3571,bawang_merah,44500
2022-06-09,3571,bawang_merah,44750
2022-06-10,3571,bawang_merah,52250
2022-06-13,3571,bawang_merah,52250
2022-06-14,3571,bawang_merah,52000
2022-06-15,3571,bawang_merah,52250
2022-06-16,3571,bawang_merah,51750
2022-06-17,3571,bawang_merah,51750
2022-06-20,3571,bawang_merah,52500
2022-06-21,3571,bawang_merah,52500
2022-06-22,3571,bawang_merah,54250
2022-06-23,3571,bawang_merah,54250
2022-06-24,3571,bawang_merah,54250
2022-06-27,3571,bawang_merah,55250
2022-06-28,3571,bawang_merah,55250
2022-06-29,3571,bawang_merah,55750
2022-06-30,3571,bawang_merah,55750
2022-07-01,3571,bawang_merah,56000
2022-07-04,3571,bawang_merah,61000
2022-07-05,3571,bawang_merah,66250
2022-07-06,3571,bawang_merah,70000
2022-07-07,3571,bawang_merah,70750
2022-07-08,3571,bawang_merah,70750
2022-07-11,3571,bawang_merah,70750
2022-07-12,3571,bawang_merah,68750
2022-07-13,3571,bawang_merah,67500
2022-07-14,3571,bawang_merah,67500
2022-07-15,3571,bawang_merah,64250
2022-07-18,3571,bawang_merah,62500
2022-07-19,3571,bawang_merah,56250
2022-07-20,3571,bawang_merah,52250
2022-07-21,3571,bawang_merah,52250
2022-07-22,3571,bawang_merah,50500
2022-07-25,3571,bawang_merah,39500
2022-07-26,3571,bawang_merah,37000
2022-07-27,3571,bawang_merah,37000
2022-07-28,3571,bawang_merah,36750
2022-07-29,3571,bawang_merah,36250
2022-08-01,3571,bawang_merah,34750
2022-08-02,3571,bawang_merah,34750
2022-08-03,3571,bawang_merah,34250
2022-08-04,3571,bawang_merah,34250
2022-08-05,3571,bawang_merah,34250
2022-08-08,3571,bawang_merah,33250
2022-08-09,3571,bawang_merah,33250
2022-08-10,3571,bawang_merah,31250
2022-08-11,3571,bawang_merah,29500
2022-08-12,3571,bawang_merah,29500
2022-08-15,3571,bawang_merah,29250
2022-08-16,3571,bawang_merah,28750
2022-08-18,3571,bawang_merah,27500
2022-08-19,3571,bawang_merah,27000
2022-08-22,3571,bawang_merah,26750
2022-08-23,3571,bawang_merah,26000
2022-08-24,3571,bawang_merah,25000
2022-08-25,3571,bawang_merah,25000
2022-08-26,3571,bawang_merah,25750
2022-08-29,3571,bawang_merah,26000
2022-08-30,3571,bawang_merah,26000
2022-08-31,3571,bawang_merah,26250
2022-09-01,3571,bawang_merah,26250
2022-09-02,3571,bawang_merah,26250
2022-09-05,3571,bawang_merah,29500
2022-09-06,3571,bawang_merah,29500
2022-09-07,3571,bawang_merah,31000
2022-09-08,3571,bawang_merah,30500
2022-09-09,3571,bawang_merah,31000
2022-09-12,3571,bawang_merah,30000
2022-09-13,3571,bawang_merah,30750
2022-09-14,3571,bawang_merah,30500
2022-09-15,3571,bawang_merah,30500
2022-09-16,3571,bawang_merah,29500
2022-09-19,3571,bawang_merah,29000
2022-09-20,3571,bawang_merah,29000
2022-09-21,3571,bawang_merah,29000
2022-09-22,3571,bawang_merah,29000
2022-09-23,3571,bawang_merah,29000
2022-09-26,3571,bawang_merah,29000
2022-09-27,3571,bawang_merah,29000
2022-09-28,3571,bawang_merah,29000
2022-09-29,3571,bawang_merah,28500
2022-09-30,3571,bawang_merah,28500
2022-10-03,3571,bawang_merah,28250
2022-10-04,3571,bawang_merah,29750
2022-10-05,3571,bawang_merah,30000
2022-10-06,3571,bawang_merah,30000
2022-10-07,3571,bawang_merah,30000
2022-10-10,3571,bawang_merah,30000
2022-10-11,3571,bawang_merah,30000
2022-10-12,3571,bawang_merah,30000
2022-10-13,3571,bawang_merah,30000
2022-10-14,3571,bawang_merah,30000
2022-10-17,3571,bawang_merah,30000
2022-10-18,3571,bawang_merah,30000
2022-10-19,3571,bawang_merah,30000
2022-10-20,3571,bawang_merah,30000
2022-10-21,3571,bawang_merah,30250
2022-10-24,3571,bawang_merah,30000
2022-10-25,3571,bawang_merah,30000
2022-10-26,3571,bawang_merah,30000
2022-10-27,3571,bawang_merah,30000
2022-10-28,3571,bawang_merah,31750
2022-10-31,3571,bawang_merah,33750
2022-11-01,3571,bawang_merah,34000
2022-11-02,3571,bawang_merah,34750
2022-11-03,3571,bawang_merah,34750
2022-11-04,3571,bawang_merah,34500
2022-11-07,3571,bawang_merah,34500
2022-11-08,3571,bawang_merah,34000
2022-11-09,3571,bawang_merah,34000
2022-11-10,3571,bawang_merah,34000
2022-11-11,3571,bawang_merah,34000
2022-11-14,3571,bawang_merah,33500
2022-11-15,3571,bawang_merah,31750
2022-11-16,3571,bawang_merah,31750
2022-11-17,3571,bawang_merah,29500
2022-11-18,3571,bawang_merah,29500
2022-11-21,3571,bawang_merah,29500
2022-11-22,3571,bawang_merah,29500
2022-11-23,3571,bawang_merah,29500
2022-11-24,3571,bawang_merah,29000
2022-11-25,3571,bawang_merah,29000
2022-11-28,3571,bawang_merah,29500
2022-11-29,3571,bawang_merah,29500
2022-11-30,3571,bawang_merah,30000
2022-12-01,3571,bawang_merah,30500
2022-12-02,3571,bawang_merah,31000
2022-12-05,3571,bawang_merah,32250
2022-12-06,3571,bawang_merah,32250
2022-12-07,3571,bawang_merah,32250
2022-12-08,3571,bawang_merah,32250
2022-12-09,3571,bawang_merah,32250
2022-12-12,3571,bawang_merah,32250
2022-12-13,3571,bawang_merah,32250
2022-12-14,3571,bawang_merah,32750
2022-12-15,3571,bawang_merah,32750
2022-12-16,3571,bawang_merah,32250
2022-12-19,3571,bawang_merah,32250
2022-12-20,3571,bawang_merah,32750
2022-12-21,3571,bawang_merah,32750
2022-12-22,3571,bawang_merah,32250
2022-12-23,3571,bawang_merah,32250
2022-12-26,3571,bawang_merah,32750
2022-12-27,3571,bawang_merah,32750
2022-12-28,3571,bawang_merah,32750
2022-12-29,3571,bawang_merah,32750
2022-12-30,3571,bawang_merah,32250
2023-01-02,3571,bawang_merah,32000
2023-01-03,3571,bawang_merah,32000
2023-01-04,3571,bawang_merah,32000
2023-01-05,3571,bawang_merah,32500
2023-01-06,3571,bawang_merah,32500
2023-01-09,3571,bawang_merah,33500
2023-01-10,3571,bawang_merah,33500
2023-01-11,3571,bawang_merah,33500
2023-01-12,3571,bawang_merah,33500
2023-01-13,3571,bawang_merah,33750
2023-01-16,3571,bawang_merah,35250
2023-01-17,3571,bawang_merah,35250
2023-01-18,3571,bawang_merah,36000
2023-01-19,3571,bawang_merah,37750
2023-01-20,3571,bawang_merah,37750
2023-01-23,3571,bawang_merah,37750
2023-01-24,3571,bawang_merah,39500
2023-01-25,3571,bawang_merah,40250
2023-01-26,3571,bawang_merah,40500
2023-01-27,3571,bawang_merah,40500
2023-01-30,3571,bawang_merah,40500
2023-01-31,3571,bawang_merah,41500
2023-02-01,3571,bawang_merah,42500
2023-02-02,3571,bawang_merah,42500
2023-02-03,3571,bawang_merah,42500
2023-02-06,3571,bawang_merah,42500
2023-02-07,3571,bawang_merah,42750
2023-02-08,3571,bawang_merah,42750
2023-02-09,3571,bawang_merah,42750
2023-02-10,3571,bawang_merah,42750
2023-02-13,3571,bawang_merah,41500
2023-02-14,3571,bawang_merah,41250
2023-02-15,3571,bawang_merah,40000
2023-02-16,3571,bawang_merah,38750
2023-02-17,3571,bawang_merah,37500
2023-02-20,3571,bawang_merah,36500
2023-02-21,3571,bawang_merah,36500
2023-02-22,3571,bawang_merah,35500
2023-02-23,3571,bawang_merah,35500
2023-02-24,3571,bawang_merah,35000
2023-02-27,3571,bawang_merah,35000
2023-02-28,3571,bawang_merah,35500
2023-03-01,3571,bawang_merah,35500
2023-03-02,3571,bawang_merah,36000
2023-03-03,3571,bawang_merah,35250
2023-03-06,3571,bawang_merah,37500
2023-03-07,3571,bawang_merah,37000
2023-03-08,3571,bawang_merah,37000
2023-03-09,3571,bawang_merah,36750
2023-03-10,3571,bawang_merah,36500
2023-03-13,3571,bawang_merah,36250
2023-03-14,3571,bawang_merah,34750
2023-03-15,3571,bawang_merah,33750
2023-03-16,3571,bawang_merah,33000
2023-03-17,3571,bawang_merah,33000
2023-03-20,3571,bawang_merah,32250
2023-03-21,3571,bawang_merah,32000
2023-03-22,3571,bawang_merah,32000
2023-03-23,3571,bawang_merah,32000
2023-03-24,3571,bawang_merah,32000
2023-03-27,3571,bawang_merah,32000
2023-03-28,3571,bawang_merah,31500
2023-03-29,3571,bawang_merah,31000
2023-03-30,3571,bawang_merah,31000
2023-03-31,3571,bawang_merah,31000
2023-04-03,3571,bawang_merah,31000
2023-04-04,3571,bawang_merah,30000
2023-04-05,3571,bawang_merah,29500
2023-04-06,3571,bawang_merah,29500
2023-04-07,3571,bawang_merah,29500
2023-04-10,3571,bawang_merah,29500
2023-04-11,3571,bawang_merah,30000
2023-04-12,3571,bawang_merah,30000
2023-04-13,3571,bawang_merah,30500
2023-04-14,3571,bawang_merah,31000
2023-04-17,3571,bawang_merah,31700
2023-04-18,3571,bawang_merah,32500
2023-04-19,3571,bawang_merah,32500
2023-04-20,3571,bawang_merah,32500
2023-04-21,3571,bawang_merah,32500
2023-04-24,3571,bawang_merah,32500
2023-04-25,3571,bawang_merah,32500
2023-04-26,3571,bawang_merah,42000
2023-04-27,3571,bawang_merah,41000
2023-04-28,3571,bawang_merah,42250
2023-05-01,3571,bawang_merah,42250
2023-05-02,3571,bawang_merah,40500
2023-05-03,3571,bawang_merah,40500
2023-05-04,3571,bawang_merah,40750
2023-05-05,3571,bawang_merah,40750
2023-05-08,3571,bawang_merah,41500
2023-05-09,3571,bawang_merah,42000
2023-05-10,3571,bawang_merah,41500
2023-05-11,3571,bawang_merah,41500
2023-05-12,3571,bawang_merah,41500
2023-05-15,3571,bawang_merah,40500
2023-05-16,3571,bawang_merah,40500
2023-05-17,3571,bawang_merah,39500
2023-05-18,3571,bawang_merah,39500
2023-05-19,3571,bawang_merah,38000
2023-05-22,3571,bawang_merah,37500
2023-05-23,3571,bawang_merah,37000
2023-05-24,3571,bawang_merah,38000
2023-05-25,3571,bawang_merah,36750
2023-05-26,3571,bawang_merah,36500
2023-05-29,3571,bawang_merah,35750
2023-05-30,3571,bawang_merah,35750
2023-05-31,3571,bawang_merah,35750
2023-06-01,3571,bawang_merah,35750
2023-06-02,3571,bawang_merah,35750
2023-06-05,3571,bawang_merah,35750
2023-06-06,3571,bawang_merah,35750
2023-06-07,3571,bawang_merah,35750
2023-06-08,3571,bawang_merah,35750
2023-06-09,3571,bawang_merah,35750
2023-06-12,3571,bawang_merah,35750
2023-06-13,3571,bawang_merah,36500
2023-06-14,3571,bawang_merah,37000
2023-06-15,3571,bawang_merah,37000
2023-06-16,3571,bawang_merah,36750
2023-06-19,3571,bawang_merah,36750
2023-06-20,3571,bawang_merah,36750
2023-06-21,3571,bawang_merah,36750
2023-06-22,3571,bawang_merah,36750
2023-06-23,3571,bawang_merah,36750
2023-06-26,3571,bawang_merah,36900
2023-06-27,3571,bawang_merah,36750
2023-06-28,3571,bawang_merah,36750
2023-06-29,3571,bawang_merah,36750
2023-06-30,3571,bawang_merah,36750
2023-07-03,3571,bawang_merah,36750
2023-07-04,3571,bawang_merah,36750
2023-07-05,3571,bawang_merah,36250
2023-07-06,3571,bawang_merah,36000
2023-07-07,3571,bawang_merah,34250
2023-07-10,3571,bawang_merah,34250
2023-07-11,3571,bawang_merah,33250
2023-07-12,3571,bawang_merah,33250
2023-07-13,3571,bawang_merah,29000
2023-07-14,3571,bawang_merah,28000
2023-07-17,3571,bawang_merah,28000
2023-07-18,3571,bawang_merah,28500
2023-07-19,3571,bawang_merah,28500
2023-07-20,3571,bawang_merah,26000
2023-07-21,3571,bawang_merah,25250
2023-07-24,3571,bawang_merah,24500
2023-07-25,3571,bawang_merah,24500
2023-07-26,3571,bawang_merah,24500
2023-07-27,3571,bawang_merah,25000
2023-07-28,3571,bawang_merah,25000
2023-07-31,3571,bawang_merah,25000
2023-08-01,3571,bawang_merah,25000
2023-08-02,3571,bawang_merah,25000
2023-08-03,3571,bawang_merah,25000
2023-08-04,3571,bawang_merah,25000
2023-08-07,3571,bawang_merah,25000
2023-08-08,3571,bawang_merah,25000
2023-08-09,3571,bawang_merah,25000
2023-08-10,3571,bawang_merah,25000
2023-08-11,3571,bawang_merah,25000
2023-08-14,3571,bawang_merah,25000
2023-08-15,3571,bawang_merah,24000
2023-08-16,3571,bawang_merah,24000
2023-08-17,3571,bawang_merah,24000
2023-08-18,3571,bawang_merah,24000
2023-08-21,3571,bawang_merah,23500
2023-08-22,3571,bawang_merah,23500
2023-08-23,3571,bawang_merah,23250
2023-08-24,3571,bawang_merah,23250
2023-08-25,3571,bawang_merah,22750
2023-08-28,3571,bawang_merah,22250
2023-08-29,3571,bawang_merah,22250
2023-08-30,3571,bawang_merah,22250
2023-08-31,3571,bawang_merah,22000
2023-09-01,3571,bawang_merah,22000
2023-09-04,3571,bawang_merah,22000
2023-09-05,3571,bawang_merah,22000
2023-09-06,3571,bawang_merah,22000
2023-09-07,3571,bawang_merah,22000
2023-09-08,3571,bawang_merah,22000
2023-09-11,3571,bawang_merah,20000
2023-09-12,3571,bawang_merah,20500
2023-09-13,3571,bawang_merah,20500
2023-09-14,3571,bawang_merah,20500
2023-09-15,3571,bawang_merah,19500
2023-09-18,3571,bawang_merah,18750
2023-09-19,3571,bawang_merah,18750
2023-09-20,3571,bawang_merah,18750
2023-09-21,3571,bawang_merah,18750
2023-09-22,3571,bawang_merah,18750
2023-09-25,3571,bawang_merah,19000
2023-09-26,3571,bawang_merah,19000
2023-09-27,3571,bawang_merah,19000
2023-09-28,3571,bawang_merah,19000
2023-09-29,3571,bawang_merah,18500
2023-10-02,3571,bawang_merah,19000
2023-10-03,3571,bawang_merah,19000
2023-10-04,3571,bawang_merah,19000
2023-10-05,3571,bawang_merah,19000
2023-10-06,3571,bawang_merah,19000
2023-10-09,3571,bawang_merah,19000
2023-10-10,3571,bawang_merah,19000
2023-10-11,3571,bawang_merah,19000
2023-10-12,3571,bawang_merah,19000
2023-10-13,3571,bawang_merah,19000
2023-10-16,3571,bawang_merah,19000
2023-10-17,3571,bawang_merah,19000
2023-10-18,3571,bawang_merah,19000
2023-10-19,3571,bawang_merah,19000
2023-10-20,3571,bawang_merah,19000
2023-10-23,3571,bawang_merah,19000
2023-10-24,3571,bawang_merah,19000
2023-10-25,3571,bawang_merah,19000
2023-10-26,3571,bawang_merah,19000
2023-10-27,3571,bawang_merah,19000
2023-10-30,3571,bawang_merah,20000
2023-10-31,3571,bawang_merah,19500
2023-11-01,3571,bawang_merah,20500
2023-11-02,3571,bawang_merah,20500
2023-11-03,3571,bawang_merah,20500
2023-11-06,3571,bawang_merah,21500
2023-11-07,3571,bawang_merah,21500
2023-11-08,3571,bawang_merah,21500
2023-11-09,3571,bawang_merah,22500
2023-11-10,3571,bawang_merah,22500
2023-11-13,3571,bawang_merah,27500
2023-11-14,3571,bawang_merah,27500
2023-11-15,3571,bawang_merah,27500
2023-11-16,3571,bawang_merah,27000
2023-11-17,3571,bawang_merah,27500
2023-11-20,3571,bawang_merah,27500
2023-11-21,3571,bawang_merah,27500
2023-11-22,3571,bawang_merah,26500
2023-11-23,3571,bawang_merah,26500
2023-11-24,3571,bawang_merah,26500
2023-11-27,3571,bawang_merah,26500
2023-11-28,3571,bawang_merah,26500
2023-11-29,3571,bawang_merah,26500
2023-11-30,3571,bawang_merah,27500
2023-12-01,3571,bawang_merah,27500
2023-12-04,3571,bawang_merah,27000
2023-12-05,3571,bawang_merah,27000
2023-12-06,3571,bawang_merah,27000
2023-12-07,3571,bawang_merah,27000
2023-12-08,3571,bawang_merah,27000
2023-12-11,3571,bawang_merah,28000
2023-12-12,3571,bawang_merah,28500
2023-12-13,3571,bawang_merah,29500
2023-12-14,3571,bawang_merah,29000
2023-12-15,3571,bawang_merah,29000
2023-12-18,3571,bawang_merah,29500
2023-12-19,3571,bawang_merah,29500
2023-12-20,3571,bawang_merah,29500
2023-12-21,3571,bawang_merah,30500
2023-12-22,3571,bawang_merah,32750
2023-12-25,3571,bawang_merah,32750
2023-12-26,3571,bawang_merah,32750
2023-12-27,3571,bawang_merah,34000
2023-12-28,3571,bawang_merah,34750
2023-12-29,3571,bawang_merah,34250
2024-01-01,3571,bawang_merah,34250
2024-01-02,3571,bawang_merah,34250
2024-01-03,3571,bawang_merah,34500
2024-01-04,3571,bawang_merah,34500
2024-01-05,3571,bawang_merah,34500
2024-01-08,3571,bawang_merah,36750
2024-01-09,3571,bawang_merah,37000
2024-01-10,3571,bawang_merah,36000
2024-01-11,3571,bawang_merah,35250
2024-01-12,3571,bawang_merah,35250
2024-01-15,3571,bawang_merah,32250
2024-01-16,3571,bawang_merah,32250
2024-01-17,3571,bawang_merah,32250
2024-01-18,3571,bawang_merah,32250
2024-01-19,3571,bawang_merah,32250
2024-01-22,3571,bawang_merah,31750
2024-01-23,3571,bawang_merah,31750
2024-01-24,3571,bawang_merah,31750
2024-01-25,3571,bawang_merah,31750
2024-01-26,3571,bawang_merah,31750
2024-01-29,3571,bawang_merah,31000
2024-01-30,3571,bawang_merah,31000
2024-01-31,3571,bawang_merah,30500
2024-02-01,3571,bawang_merah,29250
2024-02-02,3571,bawang_merah,29250
2024-02-05,3571,bawang_merah,29250
2024-02-06,3571,bawang_merah,27000
2024-02-07,3571,bawang_merah,27500
2024-02-08,3571,bawang_merah,27500
2024-02-09,3571,bawang_merah,27500
2024-02-12,3571,bawang_merah,27500
2024-02-13,3571,bawang_merah,27500
2024-02-14,3571,bawang_merah,27500
2024-02-15,3571,bawang_merah,27500
2024-02-16,3571,bawang_merah,28500
2024-02-19,3571,bawang_merah,28500
2024-02-20,3571,bawang_merah,28500
2024-02-21,3571,bawang_merah,28500
2024-02-22,3571,bawang_merah,28500
2024-02-23,3571,bawang_merah,28500
2024-02-26,3571,bawang_merah,28500
2024-02-27,3571,bawang_merah,28500
2024-02-28,3571,bawang_merah,28500
2024-02-29,3571,bawang_merah,28500
2024-03-01,3571,bawang_merah,28500
2024-03-04,3571,bawang_merah,28500
2024-03-05,3571,bawang_merah,28500
2024-03-06,3571,bawang_merah,28500
2024-03-07,3571,bawang_merah,28000
2024-03-08,3571,bawang_merah,28000
2024-03-11,3571,bawang_merah,28000
2024-03-12,3571,bawang_merah,28000
2024-03-13,3571,bawang_merah,28000
2024-03-14,3571,bawang_merah,29500
2024-03-15,3571,bawang_merah,29500
2024-03-18,3571,bawang_merah,30750
2024-03-19,3571,bawang_merah,30750
2024-03-20,3571,bawang_merah,29750
2024-03-21,3571,bawang_merah,30500
2024-03-22,3571,bawang_merah,30500
2024-03-25,3571,bawang_merah,30500
2024-03-26,3571,bawang_merah,31000
2024-03-27,3571,bawang_merah,31000
2024-03-28,3571,bawang_merah,31000
2024-03-29,3571,bawang_merah,31000
2024-04-01,3571,bawang_merah,33000
2024-04-02,3571,bawang_merah,34500
2024-04-03,3571,bawang_merah,35500
2024-04-04,3571,bawang_merah,42750
2024-04-05,3571,bawang_merah,43250
2024-04-08,3571,bawang_merah,43250
2024-04-09,3571,bawang_merah,43250
2024-04-10,3571,bawang_merah,43250
2024-04-11,3571,bawang_merah,43250
2024-04-12,3571,bawang_merah,43250
2024-04-15,3571,bawang_merah,43250
2024-04-16,3571,bawang_merah,60750
2024-04-17,3571,bawang_merah,58250
2024-04-18,3571,bawang_merah,59500
2024-04-19,3571,bawang_merah,62000
2024-04-22,3571,bawang_merah,62000
2024-04-23,3571,bawang_merah,59500
2024-04-24,3571,bawang_merah,59500
2024-04-25,3571,bawang_merah,59500
2024-04-26,3571,bawang_merah,59500
2024-04-29,3571,bawang_merah,57000
2024-04-30,3571,bawang_merah,57000
2024-05-01,3571,bawang_merah,57000
2024-05-02,3571,bawang_merah,52500
2024-05-03,3571,bawang_merah,52250
2024-05-06,3571,bawang_merah,52250
2024-05-07,3571,bawang_merah,49000
2024-05-08,3571,bawang_merah,49000
2024-05-09,3571,bawang_merah,49000
2024-05-10,3571,bawang_merah,49000
2024-05-13,3571,bawang_merah,48500
2024-05-14,3571,bawang_merah,48000
2024-05-15,3571,bawang_merah,47500
2024-05-16,3571,bawang_merah,47500
2024-05-17,3571,bawang_merah,47500
2024-05-20,3571,bawang_merah,50500
2024-05-21,3571,bawang_merah,51250
2024-05-22,3571,bawang_merah,50250
2024-05-23,3571,bawang_merah,50250
2024-05-24,3571,bawang_merah,50250
2024-05-27,3571,bawang_merah,46000
2024-05-28,3571,bawang_merah,46250
2024-05-29,3571,bawang_merah,46000
2024-05-30,3571,bawang_merah,45750
2024-05-31,3571,bawang_merah,43750
2024-06-03,3571,bawang_merah,41750
2024-06-04,3571,bawang_merah,40500
2024-06-05,3571,bawang_merah,39250
2024-06-06,3571,bawang_merah,39250
2024-06-07,3571,bawang_merah,39250
2024-06-10,3571,bawang_merah,38750
2024-06-11,3571,bawang_merah,40000
2024-06-12,3571,bawang_merah,36500
2024-06-13,3571,bawang_merah,36500
2024-06-14,3571,bawang_merah,37250
2024-06-17,3571,bawang_merah,37250
2024-06-18,3571,bawang_merah,37250
2024-06-19,3571,bawang_merah,37250
2024-06-20,3571,bawang_merah,36000
2024-06-21,3571,bawang_merah,36000
2024-06-24,3571,bawang_merah,34750
2024-06-25,3571,bawang_merah,34750
2024-06-26,3571,bawang_merah,34250
2024-06-27,3571,bawang_merah,34250
2024-06-28,3571,bawang_merah,34250
2024-07-01,3571,bawang_merah,34250
2024-07-02,3571,bawang_merah,33250
2024-07-03,3571,bawang_merah,31750
2024-07-04,3571,bawang_merah,31750
2024-07-05,3571,bawang_merah,30500
2024-07-08,3571,bawang_merah,31000
2024-07-09,3571,bawang_merah,31000
2024-07-10,3571,bawang_merah,29000
2024-07-11,3571,bawang_merah,28500
2024-07-12,3571,bawang_merah,28500
2024-07-15,3571,bawang_merah,28500
2024-07-16,3571,bawang_merah,28500
2024-07-17,3571,bawang_merah,28250
2024-07-18,3571,bawang_merah,28250
2024-07-19,3571,bawang_merah,26750
2024-07-22,3571,bawang_merah,27750
2024-07-23,3571,bawang_merah,27750
2024-07-24,3571,bawang_merah,26500
2024-07-25,3571,bawang_merah,26500
2024-07-26,3571,bawang_merah,26500
2024-07-29,3571,bawang_merah,26000
2024-07-30,3571,bawang_merah,26000
2024-07-31,3571,bawang_merah,26000
2024-08-01,3571,bawang_merah,26000
2024-08-02,3571,bawang_merah,26000
2024-08-05,3571,bawang_merah,26000
2024-08-06,3571,bawang_merah,26000
2024-08-07,3571,bawang_merah,26000
2024-08-08,3571,bawang_merah,26000
2024-08-09,3571,bawang_merah,26000
2024-08-12,3571,bawang_merah,23750
2024-08-13,3571,bawang_merah,23000
2024-08-14,3571,bawang_merah,23000
2024-08-15,3571,bawang_merah,23000
2024-08-16,3571,bawang_merah,23000
2024-08-19,3571,bawang_merah,23000
2024-08-20,3571,bawang_merah,23000
2024-08-21,3571,bawang_merah,23000
2024-08-22,3571,bawang_merah,23000
2024-08-23,3571,bawang_merah,23000
2024-08-26,3571,bawang_merah,23000
2024-08-27,3571,bawang_merah,23000
2024-08-28,3571,bawang_merah,21750
2024-08-29,3571,bawang_merah,21750
2024-08-30,3571,bawang_merah,21750
2024-09-02,3571,bawang_merah,22250
2024-09-03,3571,bawang_merah,23250
2024-09-04,3571,bawang_merah,23250
2024-09-05,3571,bawang_merah,23250
2024-09-06,3571,bawang_merah,23250
2024-09-09,3571,bawang_merah,23250
2024-09-10,3571,bawang_merah,22000
2024-09-11,3571,bawang_merah,22000
2024-09-12,3571,bawang_merah,22000
2024-09-13,3571,bawang_merah,22500
2024-09-16,3571,bawang_merah,22500
2024-09-17,3571,bawang_merah,23500
2024-09-18,3571,bawang_merah,23500
2024-09-19,3571,bawang_merah,23500
2024-09-20,3571,bawang_merah,23500
2024-09-23,3571,bawang_merah,22500
2024-09-24,3571,bawang_merah,23500
2024-09-25,3571,bawang_merah,23500
2024-09-26,3571,bawang_merah,23750
2024-09-27,3571,bawang_merah,23750
2024-09-30,3571,bawang_merah,25000
2024-10-01,3571,bawang_merah,25000
2024-10-02,3571,bawang_merah,25750
2024-10-03,3571,bawang_merah,25750
2024-10-04,3571,bawang_merah,25750
2024-10-07,3571,bawang_merah,25750
2024-10-08,3571,bawang_merah,26250
2024-10-09,3571,bawang_merah,26250
2024-10-10,3571,bawang_merah,26250
2024-10-11,3571,bawang_merah,25750
2024-10-14,3571,bawang_merah,25750
2024-10-15,3571,bawang_merah,25750
2024-10-16,3571,bawang_merah,25750
2024-10-17,3571,bawang_merah,25750
2024-10-18,3571,bawang_merah,25750
2024-10-21,3571,bawang_merah,25750
2024-10-22,3571,bawang_merah,25750
2024-10-23,3571,bawang_merah,25750
2024-10-24,3571,bawang_merah,26250
2024-10-25,3571,bawang_merah,26250
2024-10-28,3571,bawang_merah,31000
2024-10-29,3571,bawang_merah,31000
2024-10-30,3571,bawang_merah,31500
2024-10-31,3571,bawang_merah,31000
2024-11-01,3571,bawang_merah,32000
2024-11-04,3571,bawang_merah,37250
2024-11-05,3571,bawang_merah,37250
2024-11-06,3571,bawang_merah,37250
2024-11-07,3571,bawang_merah,37250
2024-11-08,3571,bawang_merah,37250
2024-11-11,3571,bawang_merah,37250
2024-11-12,3571,bawang_merah,37250
2024-11-13,3571,bawang_merah,37250
2024-11-14,3571,bawang_merah,37250
2024-11-15,3571,bawang_merah,37250
2024-11-18,3571,bawang_merah,37250
2024-11-19,3571,bawang_merah,37250
2024-11-20,3571,bawang_merah,37250
2024-11-21,3571,bawang_merah,37750
2024-11-22,3571,bawang_merah,37750
2024-11-25,3571,bawang_merah,37750
2024-11-26,3571,bawang_merah,37750
2024-11-27,3571,bawang_merah,37750
2024-11-28,3571,bawang_merah,37750
2024-11-29,3571,bawang_merah,37750
2024-12-02,3571,bawang_merah,38250
2024-12-03,3571,bawang_merah,37250
2024-12-04,3571,bawang_merah,37250
2024-12-05,3571,bawang_merah,37750
2024-12-06,3571,bawang_merah,37750
2024-12-09,3571,bawang_merah,38250
2024-12-10,3571,bawang_merah,37750
2024-12-11,3571,bawang_merah,37750
2024-12-12,3571,bawang_merah,37750
2024-12-13,3571,bawang_merah,38750
2024-12-16,3571,bawang_merah,38750
2024-12-17,3571,bawang_merah,38750
2024-12-18,3571,bawang_merah,38750
2024-12-19,3571,bawang_merah,38750
2024-12-20,3571,bawang_merah,38750
2024-12-23,3571,bawang_merah,38750
2024-12-24,3571,bawang_merah,38750
2024-12-25,3571,bawang_merah,38750
2024-12-26,3571,bawang_merah,38750
2024-12-27,3571,bawang_merah,38750
2024-12-30,3571,bawang_merah,38750
2024-12-31,3571,bawang_merah,37750
2025-01-01,3571,bawang_merah,37750
2025-01-02,3571,bawang_merah,37750
2025-01-03,3571,bawang_merah,37750
2025-01-06,3571,bawang_merah,37750
2025-01-07,3571,bawang_merah,37750
2025-01-08,3571,bawang_merah,37250
2025-01-09,3571,bawang_merah,37250
2025-01-10,3571,bawang_merah,37250
2025-01-13,3571,bawang_merah,37250
2025-01-14,3571,bawang_merah,36750
2025-01-15,3571,bawang_merah,36750
2025-01-16,3571,bawang_merah,36750
2025-01-17,3571,bawang_merah,35750
2025-01-20,3571,bawang_merah,35000
2025-01-21,3571,bawang_merah,35000
2025-01-22,3571,bawang_merah,32750
2025-01-23,3571,bawang_merah,32750
2025-01-24,3571,bawang_merah,32750
2025-01-27,3571,bawang_merah,32750
2025-01-28,3571,bawang_merah,32750
2025-01-29,3571,bawang_merah,32750
2025-01-30,3571,bawang_merah,31750
2025-01-31,3571,bawang_merah,31500
2025-02-03,3571,bawang_merah,31000
2025-02-04,3571,bawang_merah,31000
2025-02-05,3571,bawang_merah,31500
2025-02-06,3571,bawang_merah,31000
2025-02-07,3571,bawang_merah,31500
2025-02-10,3571,bawang_merah,30500
2025-02-11,3571,bawang_merah,30500
2025-02-12,3571,bawang_merah,30500
2025-02-13,3571,bawang_merah,30500
2025-02-14,3571,bawang_merah,30500
2025-02-17,3571,bawang_merah,30500
2025-02-18,3571,bawang_merah,30000
2025-02-19,3571,bawang_merah,30000
2025-02-20,3571,bawang_merah,30000
2025-02-21,3571,bawang_merah,31500
2025-02-24,3571,bawang_merah,33750
2025-02-25,3571,bawang_merah,34250
2025-02-26,3571,bawang_merah,35750
2025-02-27,3571,bawang_merah,35750
2025-02-28,3571,bawang_merah,35750
2025-03-03,3571,bawang_merah,38000
2025-03-04,3571,bawang_merah,40000
2025-03-05,3571,bawang_merah,42250
2025-03-06,3571,bawang_merah,44250
2025-03-07,3571,bawang_merah,47000
2025-03-10,3571,bawang_merah,50500
2025-03-11,3571,bawang_merah,45500
2025-03-12,3571,bawang_merah,45500
2025-03-13,3571,bawang_merah,48000
2025-03-14,3571,bawang_merah,48000
2025-03-17,3571,bawang_merah,45500
2025-03-18,3571,bawang_merah,47500
2025-03-19,3571,bawang_merah,47500
2025-03-20,3571,bawang_merah,47500
2025-03-21,3571,bawang_merah,47500
2025-03-24,3571,bawang_merah,45500
2025-03-25,3571,bawang_merah,46250
2025-03-26,3571,bawang_merah,46250
2025-03-27,3571,bawang_merah,47000
2025-03-28,3571,bawang_merah,47000
2025-03-31,3571,bawang_merah,47000
2025-04-01,3571,bawang_merah,47000
2025-04-02,3571,bawang_merah,47000
2025-04-03,3571,bawang_merah,47000
2025-04-04,3571,bawang_merah,47000
2025-04-07,3571,bawang_merah,47000
2025-04-08,3571,bawang_merah,48250
2025-04-09,3571,bawang_merah,48250
2025-04-10,3571,bawang_merah,47000
2025-04-11,3571,bawang_merah,47000
2025-04-14,3571,bawang_merah,50250
2025-04-15,3571,bawang_merah,50250
2025-04-16,3571,bawang_merah,50500
2025-04-17,3571,bawang_merah,50500
2025-04-18,3571,bawang_merah,50500
2025-04-21,3571,bawang_merah,48000
2025-04-22,3571,bawang_merah,48500
2025-04-23,3571,bawang_merah,48500
2025-04-24,3571,bawang_merah,47500
2025-04-25,3571,bawang_merah,45250
2025-04-28,3571,bawang_merah,44250
2025-04-29,3571,bawang_merah,44250
2025-04-30,3571,bawang_merah,44250
2025-05-01,3571,bawang_merah,44250
2025-05-02,3571,bawang_merah,44250
2025-05-05,3571,bawang_merah,40750
2025-05-06,3571,bawang_merah,40750
2025-05-07,3571,bawang_merah,41250
2025-05-08,3571,bawang_merah,41250
2025-05-09,3571,bawang_merah,41250
2025-05-12,3571,bawang_merah,41250
2025-05-13,3571,bawang_merah,41250
2025-05-14,3571,bawang_merah,38750
2025-05-15,3571,bawang_merah,37250
2025-05-16,3571,bawang_merah,37250
2025-05-19,3571,bawang_merah,35000
2025-05-20,3571,bawang_merah,34500
2025-05-21,3571,bawang_merah,34250
2025-05-22,3571,bawang_merah,34250
2025-05-23,3571,bawang_merah,33250
2025-05-26,3571,bawang_merah,32500
2025-05-27,3571,bawang_merah,32500
2025-05-28,3571,bawang_merah,32000
2025-05-29,3571,bawang_merah,32000
2025-05-30,3571,bawang_merah,32000
2025-06-02,3571,bawang_merah,34250
2025-06-03,3571,bawang_merah,35000
2025-06-04,3571,bawang_merah,35500
2025-06-05,3571,bawang_merah,35500
2025-06-06,3571,bawang_merah,35500
2025-06-09,3571,bawang_merah,35500
2025-06-10,3571,bawang_merah,37250
2025-06-11,3571,bawang_merah,39250
2025-06-12,3571,bawang_merah,43750
2025-06-13,3571,bawang_merah,45000
2025-06-16,3571,bawang_merah,42250
2025-06-17,3571,bawang_merah,47000
2025-06-18,3571,bawang_merah,47000
2025-06-19,3571,bawang_merah,48000
2025-06-20,3571,bawang_merah,48000
2025-06-23,3571,bawang_merah,45750
2025-06-24,3571,bawang_merah,45750
2025-06-25,3571,bawang_merah,44000
2025-06-26,3571,bawang_merah,44000
2025-06-27,3571,bawang_merah,44000
2025-06-30,3571,bawang_merah,42500
2025-07-01,3571,bawang_merah,41500
2025-07-02,3571,bawang_merah,39000
2025-07-03,3571,bawang_merah,39500
2025-07-04,3571,bawang_merah,40000
2025-07-07,3571,bawang_merah,41000
2025-07-08,3571,bawang_merah,42000
2025-07-09,3571,bawang_merah,42000
2025-07-10,3571,bawang_merah,43500
2025-07-11,3571,bawang_merah,43500
2025-07-14,3571,bawang_merah,44000
2025-07-15,3571,bawang_merah,44000
2025-07-16,3571,bawang_merah,44000
2025-07-17,3571,bawang_merah,44000
2025-07-18,3571,bawang_merah,44500
2025-07-21,3571,bawang_merah,46500
2025-07-22,3571,bawang_merah,47500
2025-07-23,3571,bawang_merah,49000
2025-07-24,3571,bawang_merah,50250
2025-07-25,3571,bawang_merah,53000
2025-07-28,3571,bawang_merah,55000
2025-07-29,3571,bawang_merah,55000
2025-07-30,3571,bawang_merah,55250
2025-07-31,3571,bawang_merah,54750
2025-08-01,3571,bawang_merah,54750
2025-08-04,3571,bawang_merah,54750
2025-08-05,3571,bawang_merah,54750
2025-08-06,3571,bawang_merah,54250
2025-08-07,3571,bawang_merah,52500
2025-08-08,3571,bawang_merah,52500
2025-08-11,3571,bawang_merah,51250
2025-08-12,3571,bawang_merah,48500
2025-08-13,3571,bawang_merah,48000
2025-08-14,3571,bawang_merah,45500
2025-08-15,3571,bawang_merah,43500
2025-08-18,3571,bawang_merah,43500
2025-08-19,3571,bawang_merah,39750
2025-08-20,3571,bawang_merah,38000
2025-08-21,3571,bawang_merah,37500
2025-08-22,3571,bawang_merah,37500
2025-08-25,3571,bawang_merah,37500
2025-08-26,3571,bawang_merah,37500
2025-08-27,3571,bawang_merah,37500
2025-08-28,3571,bawang_merah,36500
2025-08-29,3571,bawang_merah,36500
2025-09-01,3571,bawang_merah,35750
2025-09-02,3571,bawang_merah,34500
2025-09-03,3571,bawang_merah,34250
2025-09-04,3571,bawang_merah,34250
2025-09-05,3571,bawang_merah,34250
2025-09-08,3571,bawang_merah,34750
2025-09-09,3571,bawang_merah,34750
2025-09-10,3571,bawang_merah,33250
2025-09-11,3571,bawang_merah,32750
2025-09-12,3571,bawang_merah,32500
2025-09-15,3571,bawang_merah,32500
2025-09-16,3571,bawang_merah,32500
2025-09-17,3571,bawang_merah,32500
2025-09-18,3571,bawang_merah,32500
2025-09-19,3571,bawang_merah,32000
2025-09-22,3571,bawang_merah,32000
2025-09-23,3571,bawang_merah,32000
2025-09-24,3571,bawang_merah,33000
2025-09-25,3571,bawang_merah,33000
2025-09-26,3571,bawang_merah,33500
2025-09-29,3571,bawang_merah,33000
2025-09-30,3571,bawang_merah,33000
2025-10-01,3571,bawang_merah,32500
2025-10-02,3571,bawang_merah,33000
2025-10-03,3571,bawang_merah,33250
2025-10-06,3571,bawang_merah,35250
2025-10-07,3571,bawang_merah,35250
2025-10-08,3571,bawang_merah,37250
2025-10-09,3571,bawang_merah,37250
2025-10-10,3571,bawang_merah,37250
2025-10-13,3571,bawang_merah,37250
2025-10-14,3571,bawang_merah,37250
2025-10-15,3571,bawang_merah,37250
2025-10-16,3571,bawang_merah,37250
2025-10-17,3571,bawang_merah,37750
2025-10-20,3571,bawang_merah,37750
2025-10-21,3571,bawang_merah,37750
2025-10-22,3571,bawang_merah,37500
2025-10-23,3571,bawang_merah,37000
2025-10-24,3571,bawang_merah,37500
2025-10-27,3571,bawang_merah,37500
2025-10-28,3571,bawang_merah,38500
2025-10-29,3571,bawang_merah,39500
2025-10-30,3571,bawang_merah,40250
2025-10-31,3571,bawang_merah,41000
2025-11-03,3571,bawang_merah,41000
2025-11-04,3571,bawang_merah,42000
2025-11-05,3571,bawang_merah,42000
2025-11-06,3571,bawang_merah,42000
2025-11-07,3571,bawang_merah,41000
2025-11-10,3571,bawang_merah,40500
2025-11-11,3571,bawang_merah,40500
2025-11-12,3571,bawang_merah,40000
2025-11-13,3571,bawang_merah,40000
2025-11-14,3571,bawang_merah,40000
2025-11-17,3571,bawang_merah,40000
2025-11-18,3571,bawang_merah,39500
2025-11-19,3571,bawang_merah,40000
2025-11-20,3571,bawang_merah,40500
2025-11-21,3571,bawang_merah,41000
2025-11-24,3571,bawang_merah,43500
2025-11-25,3571,bawang_merah,43500
2025-11-26,3571,bawang_merah,44000
2025-11-27,3571,bawang_merah,44000
2025-11-28,3571,bawang_merah,44000
2025-12-01,3571,bawang_merah,47000
2025-12-02,3571,bawang_merah,47000
2025-12-03,3571,bawang_merah,49000
2025-12-04,3571,bawang_merah,50000
2025-12-05,3571,bawang_merah,50000
2025-12-08,3571,bawang_merah,53250
2025-12-09,3571,bawang_merah,53250
2025-12-10,3571,bawang_merah,53750
2025-12-11,3571,bawang_merah,53750
2025-12-12,3571,bawang_merah,54250
2025-12-15,3571,bawang_merah,49750
2025-12-16,3571,bawang_merah,48000
2025-12-17,3571,bawang_merah,47000
2025-12-18,3571,bawang_merah,46500
2025-12-19,3571,bawang_merah,43750
2025-12-22,3571,bawang_merah,40750
2025-12-23,3571,bawang_merah,40750
2025-12-24,3571,bawang_merah,39250
2025-12-25,3571,bawang_merah,39250
2025-12-26,3571,bawang_merah,39250
2025-12-29,3571,bawang_merah,39250
2025-12-30,3571,bawang_merah,36500
2025-12-31,3571,bawang_merah,37000
2021-01-04,3573,bawang_merah,30500
2021-01-05,3573,bawang_merah,30500
2021-01-06,3573,bawang_merah,30250
2021-01-07,3573,bawang_merah,30250
2021-01-08,3573,bawang_merah,29750
2021-01-11,3573,bawang_merah,30250
2021-01-12,3573,bawang_merah,30250
2021-01-13,3573,bawang_merah,29750
2021-01-14,3573,bawang_merah,29750
2021-01-15,3573,bawang_merah,29750
2021-01-18,3573,bawang_merah,30000
2021-01-19,3573,bawang_merah,30000
2021-01-20,3573,bawang_merah,29500
2021-01-21,3573,bawang_merah,28500
2021-01-22,3573,bawang_merah,28000
2021-01-25,3573,bawang_merah,26000
2021-01-26,3573,bawang_merah,26000
2021-01-27,3573,bawang_merah,26000
2021-01-28,3573,bawang_merah,26000
2021-01-29,3573,bawang_merah,26000
2021-02-01,3573,bawang_merah,25250
2021-02-02,3573,bawang_merah,25250
2021-02-03,3573,bawang_merah,25250
2021-02-04,3573,bawang_merah,25250
2021-02-05,3573,bawang_merah,25500
2021-02-08,3573,bawang_merah,26000
2021-02-09,3573,bawang_merah,25750
2021-02-10,3573,bawang_merah,26500
2021-02-11,3573,bawang_merah,26250
2021-02-15,3573,bawang_merah,30250
2021-02-16,3573,bawang_merah,30250
2021-02-17,3573,bawang_merah,30250
2021-02-18,3573,bawang_merah,30500
2021-02-19,3573,bawang_merah,30000
2021-02-22,3573,bawang_merah,31750
2021-02-23,3573,bawang_merah,31750
2021-02-24,3573,bawang_merah,31750
2021-02-25,3573,bawang_merah,32250
2021-02-26,3573,bawang_merah,32250
2021-03-01,3573,bawang_merah,33250
2021-03-02,3573,bawang_merah,32750
2021-03-03,3573,bawang_merah,32250
2021-03-04,3573,bawang_merah,32750
2021-03-05,3573,bawang_merah,32750
2021-03-08,3573,bawang_merah,33250
2021-03-09,3573,bawang_merah,32750
2021-03-10,3573,bawang_merah,32750
2021-03-12,3573,bawang_merah,33250
2021-03-15,3573,bawang_merah,35750
2021-03-16,3573,bawang_merah,35000
2021-03-17,3573,bawang_merah,35000
2021-03-18,3573,bawang_merah,34000
2021-03-19,3573,bawang_merah,34000
2021-03-22,3573,bawang_merah,33000
2021-03-23,3573,bawang_merah,34000
2021-03-24,3573,bawang_merah,34000
2021-03-25,3573,bawang_merah,34000
2021-03-26,3573,bawang_merah,32500
2021-03-29,3573,bawang_merah,32000
2021-03-30,3573,bawang_merah,31500
2021-03-31,3573,bawang_merah,31500
2021-04-01,3573,bawang_merah,30500
2021-04-05,3573,bawang_merah,30500
2021-04-06,3573,bawang_merah,30500
2021-04-07,3573,bawang_merah,30500
2021-04-08,3573,bawang_merah,30500
2021-04-09,3573,bawang_merah,29500
2021-04-12,3573,bawang_merah,29500
2021-04-13,3573,bawang_merah,29500
2021-04-14,3573,bawang_merah,28500
2021-04-15,3573,bawang_merah,29000
2021-04-16,3573,bawang_merah,28500
2021-04-19,3573,bawang_merah,28000
2021-04-20,3573,bawang_merah,28000
2021-04-21,3573,bawang_merah,28000
2021-04-22,3573,bawang_merah,28000
2021-04-23,3573,bawang_merah,27500
2021-04-26,3573,bawang_merah,27750
2021-04-27,3573,bawang_merah,27750
2021-04-28,3573,bawang_merah,28000
2021-04-29,3573,bawang_merah,28000
2021-04-30,3573,bawang_merah,28000
2021-05-03,3573,bawang_merah,28500
2021-05-04,3573,bawang_merah,29000
2021-05-05,3573,bawang_merah,29500
2021-05-06,3573,bawang_merah,29500
2021-05-07,3573,bawang_merah,29500
2021-05-10,3573,bawang_merah,29500
2021-05-11,3573,bawang_merah,29500
2021-05-17,3573,bawang_merah,29500
2021-05-18,3573,bawang_merah,29500
2021-05-19,3573,bawang_merah,29500
2021-05-20,3573,bawang_merah,29500
2021-05-21,3573,bawang_merah,29500
2021-05-24,3573,bawang_merah,28500
2021-05-25,3573,bawang_merah,29000
2021-05-27,3573,bawang_merah,29000
2021-05-28,3573,bawang_merah,28500
2021-05-31,3573,bawang_merah,30000
2021-06-02,3573,bawang_merah,28000
2021-06-03,3573,bawang_merah,28000
2021-06-04,3573,bawang_merah,28000
2021-06-07,3573,bawang_merah,27000
2021-06-08,3573,bawang_merah,26750
2021-06-09,3573,bawang_merah,25750
2021-06-10,3573,bawang_merah,25750
2021-06-11,3573,bawang_merah,25750
2021-06-14,3573,bawang_merah,25750
2021-06-15,3573,bawang_merah,25750
2021-06-16,3573,bawang_merah,25250
2021-06-17,3573,bawang_merah,25250
2021-06-18,3573,bawang_merah,26000
2021-06-21,3573,bawang_merah,26000
2021-06-22,3573,bawang_merah,27000
2021-06-23,3573,bawang_merah,27000
2021-06-24,3573,bawang_merah,27500
2021-06-25,3573,bawang_merah,27500
2021-06-28,3573,bawang_merah,27500
2021-06-29,3573,bawang_merah,27500
2021-06-30,3573,bawang_merah,27500
2021-07-01,3573,bawang_merah,27500
2021-07-02,3573,bawang_merah,27500
2021-07-05,3573,bawang_merah,29500
2021-07-06,3573,bawang_merah,29000
2021-07-07,3573,bawang_merah,29000
2021-07-08,3573,bawang_merah,29000
2021-07-09,3573,bawang_merah,29000
2021-07-12,3573,bawang_merah,28500
2021-07-13,3573,bawang_merah,28500
2021-07-14,3573,bawang_merah,28500
2021-07-15,3573,bawang_merah,28500
2021-07-16,3573,bawang_merah,28500
2021-07-19,3573,bawang_merah,29500
2021-07-21,3573,bawang_merah,29500
2021-07-22,3573,bawang_merah,31500
2021-07-23,3573,bawang_merah,32250
2021-07-26,3573,bawang_merah,34000
2021-07-27,3573,bawang_merah,34000
2021-07-28,3573,bawang_merah,34000
2021-07-29,3573,bawang_merah,34000
2021-07-30,3573,bawang_merah,33500
2021-08-02,3573,bawang_merah,33250
2021-08-03,3573,bawang_merah,32750
2021-08-04,3573,bawang_merah,32000
2021-08-05,3573,bawang_merah,32250
2021-08-06,3573,bawang_merah,32250
2021-08-09,3573,bawang_merah,30750
2021-08-10,3573,bawang_merah,30250
2021-08-12,3573,bawang_merah,30000
2021-08-13,3573,bawang_merah,30000
2021-08-16,3573,bawang_merah,28500
2021-08-18,3573,bawang_merah,27750
2021-08-19,3573,bawang_merah,28000
2021-08-20,3573,bawang_merah,28000
2021-08-23,3573,bawang_merah,26000
2021-08-24,3573,bawang_merah,26000
2021-08-25,3573,bawang_merah,26000
2021-08-26,3573,bawang_merah,25750
2021-08-27,3573,bawang_merah,25750
2021-08-30,3573,bawang_merah,24000
2021-08-31,3573,bawang_merah,24250
2021-09-01,3573,bawang_merah,24250
2021-09-02,3573,bawang_merah,24250
2021-09-03,3573,bawang_merah,24250
2021-09-06,3573,bawang_merah,25250
2021-09-07,3573,bawang_merah,25250
2021-09-08,3573,bawang_merah,25250
2021-09-09,3573,bawang_merah,25250
2021-09-10,3573,bawang_merah,25250
2021-09-13,3573,bawang_merah,24250
2021-09-14,3573,bawang_merah,24250
2021-09-15,3573,bawang_merah,24250
2021-09-16,3573,bawang_merah,24250
2021-09-17,3573,bawang_merah,24250
2021-09-20,3573,bawang_merah,23750
2021-09-21,3573,bawang_merah,23750
2021-09-22,3573,bawang_merah,23750
2021-09-23,3573,bawang_merah,23500
2021-09-24,3573,bawang_merah,23500
2021-09-27,3573,bawang_merah,23500
2021-09-28,3573,bawang_merah,23500
2021-09-29,3573,bawang_merah,23500
2021-09-30,3573,bawang_merah,23500
2021-10-01,3573,bawang_merah,23250
2021-10-04,3573,bawang_merah,23750
2021-10-05,3573,bawang_merah,23750
2021-10-06,3573,bawang_merah,23750
2021-10-07,3573,bawang_merah,24000
2021-10-08,3573,bawang_merah,24000
2021-10-11,3573,bawang_merah,24000
2021-10-12,3573,bawang_merah,24000
2021-10-13,3573,bawang_merah,24000
2021-10-14,3573,bawang_merah,24000
2021-10-15,3573,bawang_merah,24000
2021-10-18,3573,bawang_merah,25500
2021-10-19,3573,bawang_merah,25500
2021-10-21,3573,bawang_merah,25500
2021-10-22,3573,bawang_merah,25500
2021-10-25,3573,bawang_merah,25500
2021-10-26,3573,bawang_merah,25500
2021-10-27,3573,bawang_merah,25250
2021-10-28,3573,bawang_merah,25250
2021-10-29,3573,bawang_merah,25250
2021-11-01,3573,bawang_merah,24000
2021-11-02,3573,bawang_merah,24000
2021-11-03,3573,bawang_merah,24000
2021-11-04,3573,bawang_merah,24000
2021-11-05,3573,bawang_merah,24000
2021-11-08,3573,bawang_merah,24000
2021-11-09,3573,bawang_merah,24000
2021-11-10,3573,bawang_merah,23750
2021-11-11,3573,bawang_merah,23750
2021-11-12,3573,bawang_merah,23750
2021-11-15,3573,bawang_merah,23750
2021-11-16,3573,bawang_merah,23750
2021-11-17,3573,bawang_merah,23750
2021-11-18,3573,bawang_merah,23750
2021-11-19,3573,bawang_merah,23750
2021-11-22,3573,bawang_merah,23750
2021-11-23,3573,bawang_merah,23750
2021-11-24,3573,bawang_merah,23500
2021-11-25,3573,bawang_merah,23500
2021-11-26,3573,bawang_merah,23500
2021-11-29,3573,bawang_merah,23500
2021-11-30,3573,bawang_merah,23500
2021-12-01,3573,bawang_merah,23500
2021-12-02,3573,bawang_merah,23500
2021-12-03,3573,bawang_merah,23500
2021-12-06,3573,bawang_merah,23250
2021-12-07,3573,bawang_merah,23500
2021-12-08,3573,bawang_merah,23500
2021-12-09,3573,bawang_merah,23500
2021-12-10,3573,bawang_merah,23500
2021-12-13,3573,bawang_merah,24500
2021-12-14,3573,bawang_merah,24500
2021-12-15,3573,bawang_merah,24500
2021-12-16,3573,bawang_merah,24500
2021-12-17,3573,bawang_merah,24500
2021-12-20,3573,bawang_merah,25500
2021-12-21,3573,bawang_merah,25500
2021-12-22,3573,bawang_merah,25500
2021-12-23,3573,bawang_merah,25000
2021-12-24,3573,bawang_merah,25000
2021-12-27,3573,bawang_merah,26000
2021-12-28,3573,bawang_merah,26000
2021-12-29,3573,bawang_merah,26500
2021-12-30,3573,bawang_merah,26500
2021-12-31,3573,bawang_merah,28000
2022-01-03,3573,bawang_merah,27000
2022-01-04,3573,bawang_merah,27000
2022-01-05,3573,bawang_merah,27000
2022-01-06,3573,bawang_merah,27500
2022-01-07,3573,bawang_merah,27500
2022-01-10,3573,bawang_merah,28250
2022-01-11,3573,bawang_merah,28000
2022-01-12,3573,bawang_merah,28000
2022-01-13,3573,bawang_merah,28000
2022-01-14,3573,bawang_merah,28000
2022-01-17,3573,bawang_merah,28000
2022-01-18,3573,bawang_merah,28000
2022-01-19,3573,bawang_merah,28000
2022-01-20,3573,bawang_merah,28000
2022-01-21,3573,bawang_merah,28000
2022-01-24,3573,bawang_merah,26500
2022-01-25,3573,bawang_merah,26500
2022-01-26,3573,bawang_merah,26500
2022-01-27,3573,bawang_merah,26500
2022-01-28,3573,bawang_merah,26500
2022-01-31,3573,bawang_merah,26000
2022-02-02,3573,bawang_merah,27000
2022-02-03,3573,bawang_merah,28000
2022-02-04,3573,bawang_merah,29500
2022-02-07,3573,bawang_merah,30500
2022-02-08,3573,bawang_merah,32000
2022-02-09,3573,bawang_merah,32000
2022-02-10,3573,bawang_merah,32000
2022-02-11,3573,bawang_merah,31500
2022-02-14,3573,bawang_merah,34000
2022-02-15,3573,bawang_merah,34000
2022-02-16,3573,bawang_merah,34000
2022-02-17,3573,bawang_merah,34000
2022-02-18,3573,bawang_merah,34000
2022-02-21,3573,bawang_merah,34000
2022-02-22,3573,bawang_merah,35000
2022-02-23,3573,bawang_merah,35000
2022-02-24,3573,bawang_merah,35000
2022-02-25,3573,bawang_merah,35000
2022-03-01,3573,bawang_merah,34500
2022-03-02,3573,bawang_merah,34500
2022-03-04,3573,bawang_merah,34500
2022-03-07,3573,bawang_merah,34500
2022-03-08,3573,bawang_merah,34500
2022-03-09,3573,bawang_merah,34500
2022-03-10,3573,bawang_merah,34500
2022-03-11,3573,bawang_merah,34500
2022-03-14,3573,bawang_merah,34750
2022-03-15,3573,bawang_merah,34750
2022-03-16,3573,bawang_merah,34750
2022-03-17,3573,bawang_merah,34250
2022-03-18,3573,bawang_merah,34250
2022-03-21,3573,bawang_merah,33500
2022-03-22,3573,bawang_merah,33500
2022-03-23,3573,bawang_merah,33500
2022-03-24,3573,bawang_merah,34500
2022-03-25,3573,bawang_merah,32250
2022-03-28,3573,bawang_merah,33250
2022-03-29,3573,bawang_merah,33250
2022-03-30,3573,bawang_merah,33250
2022-03-31,3573,bawang_merah,33250
2022-04-01,3573,bawang_merah,33250
2022-04-04,3573,bawang_merah,31250
2022-04-05,3573,bawang_merah,31250
2022-04-06,3573,bawang_merah,31250
2022-04-07,3573,bawang_merah,31500
2022-04-08,3573,bawang_merah,31000
2022-04-11,3573,bawang_merah,31000
2022-04-12,3573,bawang_merah,31000
2022-04-13,3573,bawang_merah,31000
2022-04-14,3573,bawang_merah,31000
2022-04-18,3573,bawang_merah,31000
2022-04-19,3573,bawang_merah,30500
2022-04-20,3573,bawang_merah,30500
2022-04-21,3573,bawang_merah,30500
2022-04-22,3573,bawang_merah,31500
2022-04-25,3573,bawang_merah,31500
2022-04-26,3573,bawang_merah,31500
2022-04-27,3573,bawang_merah,32000
2022-04-28,3573,bawang_merah,32500
2022-05-09,3573,bawang_merah,35000
2022-05-10,3573,bawang_merah,35000
2022-05-11,3573,bawang_merah,35000
2022-05-12,3573,bawang_merah,35000
2022-05-13,3573,bawang_merah,35500
2022-05-17,3573,bawang_merah,36000
2022-05-18,3573,bawang_merah,36000
2022-05-19,3573,bawang_merah,36500
2022-05-20,3573,bawang_merah,36500
2022-05-23,3573,bawang_merah,40000
2022-05-24,3573,bawang_merah,40000
2022-05-25,3573,bawang_merah,40000
2022-05-27,3573,bawang_merah,39000
2022-05-30,3573,bawang_merah,39000
2022-05-31,3573,bawang_merah,39000
2022-06-02,3573,bawang_merah,40250
2022-06-03,3573,bawang_merah,40250
2022-06-06,3573,bawang_merah,42250
2022-06-07,3573,bawang_merah,42250
2022-06-08,3573,bawang_merah,43500
2022-06-09,3573,bawang_merah,45500
2022-06-10,3573,bawang_merah,47000
2022-06-13,3573,bawang_merah,51000
2022-06-14,3573,bawang_merah,48750
2022-06-15,3573,bawang_merah,48750
2022-06-16,3573,bawang_merah,48750
2022-06-17,3573,bawang_merah,51250
2022-06-20,3573,bawang_merah,56250
2022-06-21,3573,bawang_merah,58250
2022-06-22,3573,bawang_merah,58250
2022-06-23,3573,bawang_merah,58250
2022-06-24,3573,bawang_merah,58250
2022-06-27,3573,bawang_merah,59000
2022-06-28,3573,bawang_merah,59000
2022-06-29,3573,bawang_merah,59000
2022-06-30,3573,bawang_merah,59000
2022-07-01,3573,bawang_merah,59000
2022-07-04,3573,bawang_merah,63750
2022-07-05,3573,bawang_merah,63750
2022-07-06,3573,bawang_merah,63750
2022-07-07,3573,bawang_merah,73750
2022-07-08,3573,bawang_merah,73250
2022-07-11,3573,bawang_merah,74500
2022-07-12,3573,bawang_merah,73750
2022-07-13,3573,bawang_merah,73750
2022-07-14,3573,bawang_merah,70000
2022-07-15,3573,bawang_merah,70000
2022-07-18,3573,bawang_merah,65500
2022-07-19,3573,bawang_merah,63000
2022-07-20,3573,bawang_merah,61250
2022-07-21,3573,bawang_merah,60000
2022-07-22,3573,bawang_merah,58000
2022-07-25,3573,bawang_merah,42500
2022-07-26,3573,bawang_merah,42500
2022-07-27,3573,bawang_merah,42500
2022-07-28,3573,bawang_merah,40000
2022-07-29,3573,bawang_merah,40000
2022-08-01,3573,bawang_merah,40000
2022-08-02,3573,bawang_merah,40000
2022-08-03,3573,bawang_merah,40000
2022-08-04,3573,bawang_merah,40000
2022-08-05,3573,bawang_merah,40000
2022-08-08,3573,bawang_merah,37250
2022-08-09,3573,bawang_merah,37250
2022-08-10,3573,bawang_merah,35750
2022-08-11,3573,bawang_merah,35750
2022-08-12,3573,bawang_merah,35750
2022-08-15,3573,bawang_merah,35000
2022-08-16,3573,bawang_merah,34750
2022-08-18,3573,bawang_merah,34500
2022-08-19,3573,bawang_merah,34500
2022-08-22,3573,bawang_merah,32000
2022-08-23,3573,bawang_merah,31250
2022-08-24,3573,bawang_merah,31250
2022-08-25,3573,bawang_merah,31250
2022-08-26,3573,bawang_merah,30000
2022-08-29,3573,bawang_merah,28000
2022-08-30,3573,bawang_merah,28000
2022-08-31,3573,bawang_merah,28000
2022-09-01,3573,bawang_merah,28500
2022-09-02,3573,bawang_merah,28500
2022-09-05,3573,bawang_merah,31000
2022-09-06,3573,bawang_merah,31500
2022-09-07,3573,bawang_merah,31500
2022-09-08,3573,bawang_merah,31500
2022-09-09,3573,bawang_merah,31500
2022-09-12,3573,bawang_merah,32500
2022-09-13,3573,bawang_merah,32500
2022-09-14,3573,bawang_merah,32500
2022-09-15,3573,bawang_merah,32500
2022-09-16,3573,bawang_merah,32500
2022-09-19,3573,bawang_merah,31500
2022-09-20,3573,bawang_merah,31500
2022-09-21,3573,bawang_merah,31500
2022-09-22,3573,bawang_merah,31500
2022-09-23,3573,bawang_merah,31500
2022-09-26,3573,bawang_merah,30500
2022-09-27,3573,bawang_merah,30500
2022-09-28,3573,bawang_merah,30500
2022-09-29,3573,bawang_merah,30500
2022-09-30,3573,bawang_merah,30500
2022-10-03,3573,bawang_merah,31500
2022-10-04,3573,bawang_merah,31500
2022-10-05,3573,bawang_merah,31500
2022-10-06,3573,bawang_merah,31500
2022-10-07,3573,bawang_merah,31500
2022-10-10,3573,bawang_merah,32000
2022-10-11,3573,bawang_merah,32000
2022-10-12,3573,bawang_merah,32000
2022-10-13,3573,bawang_merah,32000
2022-10-14,3573,bawang_merah,32000
2022-10-17,3573,bawang_merah,32500
2022-10-18,3573,bawang_merah,32500
2022-10-19,3573,bawang_merah,32500
2022-10-20,3573,bawang_merah,32500
2022-10-21,3573,bawang_merah,32500
2022-10-24,3573,bawang_merah,32500
2022-10-25,3573,bawang_merah,32500
2022-10-26,3573,bawang_merah,32500
2022-10-27,3573,bawang_merah,32500
2022-10-28,3573,bawang_merah,32500
2022-10-31,3573,bawang_merah,36750
2022-11-01,3573,bawang_merah,36750
2022-11-02,3573,bawang_merah,36750
2022-11-03,3573,bawang_merah,36750
2022-11-04,3573,bawang_merah,36750
2022-11-07,3573,bawang_merah,36000
2022-11-08,3573,bawang_merah,36000
2022-11-09,3573,bawang_merah,37000
2022-11-10,3573,bawang_merah,37000
2022-11-11,3573,bawang_merah,37000
2022-11-14,3573,bawang_merah,35000
2022-11-15,3573,bawang_merah,33750
2022-11-16,3573,bawang_merah,33750
2022-11-17,3573,bawang_merah,33750
2022-11-18,3573,bawang_merah,33750
2022-11-21,3573,bawang_merah,32750
2022-11-22,3573,bawang_merah,32750
2022-11-23,3573,bawang_merah,32750
2022-11-24,3573,bawang_merah,32750
2022-11-25,3573,bawang_merah,32750
2022-11-28,3573,bawang_merah,33500
2022-11-29,3573,bawang_merah,33500
2022-11-30,3573,bawang_merah,34000
2022-12-01,3573,bawang_merah,34250
2022-12-02,3573,bawang_merah,35000
2022-12-05,3573,bawang_merah,37750
2022-12-06,3573,bawang_merah,37250
2022-12-07,3573,bawang_merah,37250
2022-12-08,3573,bawang_merah,37250
2022-12-09,3573,bawang_merah,37250
2022-12-12,3573,bawang_merah,37000
2022-12-13,3573,bawang_merah,37500
2022-12-14,3573,bawang_merah,37500
2022-12-15,3573,bawang_merah,37500
2022-12-16,3573,bawang_merah,37500
2022-12-19,3573,bawang_merah,36500
2022-12-20,3573,bawang_merah,36500
2022-12-21,3573,bawang_merah,36500
2022-12-22,3573,bawang_merah,36500
2022-12-23,3573,bawang_merah,36500
2022-12-26,3573,bawang_merah,37000
2022-12-27,3573,bawang_merah,37000
2022-12-28,3573,bawang_merah,37000
2022-12-29,3573,bawang_merah,37000
2022-12-30,3573,bawang_merah,37000
2023-01-02,3573,bawang_merah,37000
2023-01-03,3573,bawang_merah,37000
2023-01-04,3573,bawang_merah,38000
2023-01-05,3573,bawang_merah,38000
2023-01-06,3573,bawang_merah,38000
2023-01-09,3573,bawang_merah,38500
2023-01-10,3573,bawang_merah,39000
2023-01-11,3573,bawang_merah,39000
2023-01-12,3573,bawang_merah,38000
2023-01-13,3573,bawang_merah,38000
2023-01-16,3573,bawang_merah,37000
2023-01-17,3573,bawang_merah,37000
2023-01-18,3573,bawang_merah,37000
2023-01-19,3573,bawang_merah,37000
2023-01-20,3573,bawang_merah,38000
2023-01-23,3573,bawang_merah,38000
2023-01-24,3573,bawang_merah,40000
2023-01-25,3573,bawang_merah,40000
2023-01-26,3573,bawang_merah,40000
2023-01-27,3573,bawang_merah,40000
2023-01-30,3573,bawang_merah,43500
2023-01-31,3573,bawang_merah,43500
2023-02-01,3573,bawang_merah,43500
2023-02-02,3573,bawang_merah,43500
2023-02-03,3573,bawang_merah,44250
2023-02-06,3573,bawang_merah,44000
2023-02-07,3573,bawang_merah,44000
2023-02-08,3573,bawang_merah,44000
2023-02-09,3573,bawang_merah,44000
2023-02-10,3573,bawang_merah,43000
2023-02-13,3573,bawang_merah,39000
2023-02-14,3573,bawang_merah,39000
2023-02-15,3573,bawang_merah,38500
2023-02-16,3573,bawang_merah,38500
2023-02-17,3573,bawang_merah,35500
2023-02-20,3573,bawang_merah,35500
2023-02-21,3573,bawang_merah,34750
2023-02-22,3573,bawang_merah,34750
2023-02-23,3573,bawang_merah,34750
2023-02-24,3573,bawang_merah,34750
2023-02-27,3573,bawang_merah,33500
2023-02-28,3573,bawang_merah,33500
2023-03-01,3573,bawang_merah,33500
2023-03-02,3573,bawang_merah,34250
2023-03-03,3573,bawang_merah,34250
2023-03-06,3573,bawang_merah,37500
2023-03-07,3573,bawang_merah,36500
2023-03-08,3573,bawang_merah,37000
2023-03-09,3573,bawang_merah,37500
2023-03-10,3573,bawang_merah,37500
2023-03-13,3573,bawang_merah,36500
2023-03-14,3573,bawang_merah,36500
2023-03-15,3573,bawang_merah,36000
2023-03-16,3573,bawang_merah,36000
2023-03-17,3573,bawang_merah,36000
2023-03-20,3573,bawang_merah,36250
2023-03-21,3573,bawang_merah,36250
2023-03-22,3573,bawang_merah,36250
2023-03-23,3573,bawang_merah,36250
2023-03-24,3573,bawang_merah,36500
2023-03-27,3573,bawang_merah,36000
2023-03-28,3573,bawang_merah,36000
2023-03-29,3573,bawang_merah,36000
2023-03-30,3573,bawang_merah,36000
2023-03-31,3573,bawang_merah,36000
2023-04-03,3573,bawang_merah,35750
2023-04-04,3573,bawang_merah,35750
2023-04-05,3573,bawang_merah,35750
2023-04-06,3573,bawang_merah,35750
2023-04-10,3573,bawang_merah,35250
2023-04-11,3573,bawang_merah,35250
2023-04-12,3573,bawang_merah,35250
2023-04-13,3573,bawang_merah,35250
2023-04-14,3573,bawang_merah,35500
2023-04-17,3573,bawang_merah,36500
2023-04-18,3573,bawang_merah,38750
2023-04-19,3573,bawang_merah,38750
2023-04-20,3573,bawang_merah,38750
2023-04-21,3573,bawang_merah,38750
2023-04-24,3573,bawang_merah,38750
2023-04-25,3573,bawang_merah,38750
2023-04-26,3573,bawang_merah,43000
2023-04-27,3573,bawang_merah,42500
2023-04-28,3573,bawang_merah,42500
2023-05-01,3573,bawang_merah,42500
2023-05-02,3573,bawang_merah,44000
2023-05-03,3573,bawang_merah,44000
2023-05-04,3573,bawang_merah,45500
2023-05-05,3573,bawang_merah,45500
2023-05-08,3573,bawang_merah,45750
2023-05-09,3573,bawang_merah,45250
2023-05-10,3573,bawang_merah,45250
2023-05-11,3573,bawang_merah,44000
2023-05-12,3573,bawang_merah,42750
2023-05-15,3573,bawang_merah,43250
2023-05-16,3573,bawang_merah,43250
2023-05-17,3573,bawang_merah,43250
2023-05-18,3573,bawang_merah,43250
2023-05-19,3573,bawang_merah,41500
2023-05-22,3573,bawang_merah,41500
2023-05-23,3573,bawang_merah,41500
2023-05-24,3573,bawang_merah,38500
2023-05-25,3573,bawang_merah,38500
2023-05-26,3573,bawang_merah,39000
2023-05-29,3573,bawang_merah,35750
2023-05-30,3573,bawang_merah,36500
2023-05-31,3573,bawang_merah,36500
2023-06-01,3573,bawang_merah,36500
2023-06-02,3573,bawang_merah,36500
2023-06-05,3573,bawang_merah,37500
2023-06-06,3573,bawang_merah,37500
2023-06-07,3573,bawang_merah,37500
2023-06-08,3573,bawang_merah,37500
2023-06-09,3573,bawang_merah,37500
2023-06-12,3573,bawang_merah,39250
2023-06-13,3573,bawang_merah,38750
2023-06-14,3573,bawang_merah,38750
2023-06-15,3573,bawang_merah,38750
2023-06-16,3573,bawang_merah,38750
2023-06-19,3573,bawang_merah,40500
2023-06-20,3573,bawang_merah,40500
2023-06-21,3573,bawang_merah,39000
2023-06-22,3573,bawang_merah,39000
2023-06-23,3573,bawang_merah,39000
2023-06-26,3573,bawang_merah,39500
2023-06-27,3573,bawang_merah,39500
2023-06-28,3573,bawang_merah,39500
2023-06-29,3573,bawang_merah,39500
2023-06-30,3573,bawang_merah,39500
2023-07-03,3573,bawang_merah,37750
2023-07-04,3573,bawang_merah,37750
2023-07-05,3573,bawang_merah,37750
2023-07-06,3573,bawang_merah,37750
2023-07-07,3573,bawang_merah,37750
2023-07-10,3573,bawang_merah,37750
2023-07-11,3573,bawang_merah,37750
2023-07-12,3573,bawang_merah,36000
2023-07-13,3573,bawang_merah,36000
2023-07-14,3573,bawang_merah,36000
2023-07-17,3573,bawang_merah,31000
2023-07-18,3573,bawang_merah,28500
2023-07-19,3573,bawang_merah,28500
2023-07-20,3573,bawang_merah,27000
2023-07-21,3573,bawang_merah,27000
2023-07-24,3573,bawang_merah,26000
2023-07-25,3573,bawang_merah,26000
2023-07-26,3573,bawang_merah,26000
2023-07-27,3573,bawang_merah,26000
2023-07-28,3573,bawang_merah,26000
2023-07-31,3573,bawang_merah,27000
2023-08-01,3573,bawang_merah,27000
2023-08-02,3573,bawang_merah,27000
2023-08-03,3573,bawang_merah,26500
2023-08-04,3573,bawang_merah,26000
2023-08-07,3573,bawang_merah,25500
2023-08-08,3573,bawang_merah,25500
2023-08-09,3573,bawang_merah,25250
2023-08-10,3573,bawang_merah,25250
2023-08-11,3573,bawang_merah,25250
2023-08-14,3573,bawang_merah,25250
2023-08-15,3573,bawang_merah,24750
2023-08-16,3573,bawang_merah,24750
2023-08-17,3573,bawang_merah,24750
2023-08-18,3573,bawang_merah,24750
2023-08-21,3573,bawang_merah,24500
2023-08-22,3573,bawang_merah,24500
2023-08-23,3573,bawang_merah,24500
2023-08-24,3573,bawang_merah,24500
2023-08-25,3573,bawang_merah,24500
2023-08-28,3573,bawang_merah,24250
2023-08-29,3573,bawang_merah,24250
2023-08-30,3573,bawang_merah,24250
2023-08-31,3573,bawang_merah,24000
2023-09-01,3573,bawang_merah,24000
2023-09-04,3573,bawang_merah,23000
2023-09-05,3573,bawang_merah,23250
2023-09-06,3573,bawang_merah,23250
2023-09-07,3573,bawang_merah,23500
2023-09-08,3573,bawang_merah,23500
2023-09-11,3573,bawang_merah,24250
2023-09-12,3573,bawang_merah,24500
2023-09-13,3573,bawang_merah,24500
2023-09-14,3573,bawang_merah,24500
2023-09-15,3573,bawang_merah,24500
2023-09-18,3573,bawang_merah,24250
2023-09-19,3573,bawang_merah,24250
2023-09-20,3573,bawang_merah,24000
2023-09-21,3573,bawang_merah,24000
2023-09-22,3573,bawang_merah,24000
2023-09-25,3573,bawang_merah,22000
2023-09-26,3573,bawang_merah,22000
2023-09-27,3573,bawang_merah,22000
2023-09-28,3573,bawang_merah,22000
2023-09-29,3573,bawang_merah,22000
2023-10-02,3573,bawang_merah,22250
2023-10-03,3573,bawang_merah,22250
2023-10-04,3573,bawang_merah,22250
2023-10-05,3573,bawang_merah,22250
2023-10-06,3573,bawang_merah,22250
2023-10-09,3573,bawang_merah,21750
2023-10-10,3573,bawang_merah,21750
2023-10-11,3573,bawang_merah,21750
2023-10-12,3573,bawang_merah,21750
2023-10-13,3573,bawang_merah,21750
2023-10-16,3573,bawang_merah,21750
2023-10-17,3573,bawang_merah,21750
2023-10-18,3573,bawang_merah,21750
2023-10-19,3573,bawang_merah,21750
2023-10-20,3573,bawang_merah,21000
2023-10-23,3573,bawang_merah,21000
2023-10-24,3573,bawang_merah,21000
2023-10-25,3573,bawang_merah,21000
2023-10-26,3573,bawang_merah,21500
2023-10-27,3573,bawang_merah,21750
2023-10-30,3573,bawang_merah,21750
2023-10-31,3573,bawang_merah,21750
2023-11-01,3573,bawang_merah,22250
2023-11-02,3573,bawang_merah,22500
2023-11-03,3573,bawang_merah,22500
2023-11-06,3573,bawang_merah,27000
2023-11-07,3573,bawang_merah,27500
2023-11-08,3573,bawang_merah,27750
2023-11-09,3573,bawang_merah,27750
2023-11-10,3573,bawang_merah,27750
2023-11-13,3573,bawang_merah,28750
2023-11-14,3573,bawang_merah,28750
2023-11-15,3573,bawang_merah,28750
2023-11-16,3573,bawang_merah,28750
2023-11-17,3573,bawang_merah,28750
2023-11-20,3573,bawang_merah,29250
2023-11-21,3573,bawang_merah,29250
2023-11-22,3573,bawang_merah,29250
2023-11-23,3573,bawang_merah,29250
2023-11-24,3573,bawang_merah,29250
2023-11-27,3573,bawang_merah,30250
2023-11-28,3573,bawang_merah,30250
2023-11-29,3573,bawang_merah,30250
2023-11-30,3573,bawang_merah,30250
2023-12-01,3573,bawang_merah,30250
2023-12-04,3573,bawang_merah,33000
2023-12-05,3573,bawang_merah,33000
2023-12-06,3573,bawang_merah,33000
2023-12-07,3573,bawang_merah,33000
2023-12-08,3573,bawang_merah,33000
2023-12-11,3573,bawang_merah,34750
2023-12-12,3573,bawang_merah,34750
2023-12-13,3573,bawang_merah,34750
2023-12-14,3573,bawang_merah,35500
2023-12-15,3573,bawang_merah,35500
2023-12-18,3573,bawang_merah,36500
2023-12-19,3573,bawang_merah,36500
2023-12-20,3573,bawang_merah,36500
2023-12-21,3573,bawang_merah,37250
2023-12-22,3573,bawang_merah,37750
2023-12-27,3573,bawang_merah,37000
2023-12-28,3573,bawang_merah,37000
2023-12-29,3573,bawang_merah,37000
2024-01-01,3573,bawang_merah,37000
2024-01-02,3573,bawang_merah,38000
2024-01-03,3573,bawang_merah,38000
2024-01-04,3573,bawang_merah,38000
2024-01-05,3573,bawang_merah,38000
2024-01-08,3573,bawang_merah,39000
2024-01-09,3573,bawang_merah,40000
2024-01-10,3573,bawang_merah,40000
2024-01-11,3573,bawang_merah,40000
2024-01-12,3573,bawang_merah,39000
2024-01-15,3573,bawang_merah,40250
2024-01-16,3573,bawang_merah,39000
2024-01-17,3573,bawang_merah,39000
2024-01-18,3573,bawang_merah,39000
2024-01-19,3573,bawang_merah,39000
2024-01-22,3573,bawang_merah,37500
2024-01-23,3573,bawang_merah,37500
2024-01-24,3573,bawang_merah,37500
2024-01-25,3573,bawang_merah,37500
2024-01-26,3573,bawang_merah,37500
2024-01-29,3573,bawang_merah,36750
2024-01-30,3573,bawang_merah,36750
2024-01-31,3573,bawang_merah,36750
2024-02-01,3573,bawang_merah,33500
2024-02-02,3573,bawang_merah,33500
2024-02-05,3573,bawang_merah,35750
2024-02-06,3573,bawang_merah,35750
2024-02-07,3573,bawang_merah,35750
2024-02-08,3573,bawang_merah,35750
2024-02-09,3573,bawang_merah,35750
2024-02-12,3573,bawang_merah,34500
2024-02-13,3573,bawang_merah,34500
2024-02-14,3573,bawang_merah,34500
2024-02-15,3573,bawang_merah,34500
2024-02-16,3573,bawang_merah,34500
2024-02-19,3573,bawang_merah,34000
2024-02-20,3573,bawang_merah,34000
2024-02-21,3573,bawang_merah,33500
2024-02-22,3573,bawang_merah,34750
2024-02-23,3573,bawang_merah,34250
2024-02-26,3573,bawang_merah,34750
2024-02-27,3573,bawang_merah,34750
2024-02-28,3573,bawang_merah,34750
2024-02-29,3573,bawang_merah,34750
2024-03-01,3573,bawang_merah,34750
2024-03-04,3573,bawang_merah,34750
2024-03-05,3573,bawang_merah,34750
2024-03-06,3573,bawang_merah,34750
2024-03-07,3573,bawang_merah,34750
2024-03-08,3573,bawang_merah,34750
2024-03-11,3573,bawang_merah,34750
2024-03-12,3573,bawang_merah,34750
2024-03-13,3573,bawang_merah,34750
2024-03-14,3573,bawang_merah,34750
2024-03-15,3573,bawang_merah,34750
2024-03-18,3573,bawang_merah,37000
2024-03-19,3573,bawang_merah,37000
2024-03-20,3573,bawang_merah,37500
2024-03-21,3573,bawang_merah,35500
2024-03-22,3573,bawang_merah,36750
2024-03-25,3573,bawang_merah,35250
2024-03-26,3573,bawang_merah,35250
2024-03-27,3573,bawang_merah,35250
2024-03-28,3573,bawang_merah,35000
2024-03-29,3573,bawang_merah,35000
2024-04-01,3573,bawang_merah,36000
2024-04-02,3573,bawang_merah,37000
2024-04-03,3573,bawang_merah,37000
2024-04-04,3573,bawang_merah,39500
2024-04-05,3573,bawang_merah,40750
2024-04-08,3573,bawang_merah,40750
2024-04-09,3573,bawang_merah,40750
2024-04-10,3573,bawang_merah,40750
2024-04-11,3573,bawang_merah,40750
2024-04-12,3573,bawang_merah,40750
2024-04-15,3573,bawang_merah,40750
2024-04-16,3573,bawang_merah,62500
2024-04-17,3573,bawang_merah,62500
2024-04-18,3573,bawang_merah,62500
2024-04-19,3573,bawang_merah,65000
2024-04-22,3573,bawang_merah,65000
2024-04-23,3573,bawang_merah,65000
2024-04-24,3573,bawang_merah,65000
2024-04-25,3573,bawang_merah,66250
2024-04-26,3573,bawang_merah,63750
2024-04-29,3573,bawang_merah,63750
2024-04-30,3573,bawang_merah,63750
2024-05-01,3573,bawang_merah,63750
2024-05-02,3573,bawang_merah,63750
2024-05-03,3573,bawang_merah,63750
2024-05-06,3573,bawang_merah,58750
2024-05-07,3573,bawang_merah,58750
2024-05-08,3573,bawang_merah,56250
2024-05-09,3573,bawang_merah,56250
2024-05-10,3573,bawang_merah,56250
2024-05-13,3573,bawang_merah,57500
2024-05-14,3573,bawang_merah,57500
2024-05-15,3573,bawang_merah,57500
2024-05-16,3573,bawang_merah,58750
2024-05-17,3573,bawang_merah,58750
2024-05-20,3573,bawang_merah,57500
2024-05-21,3573,bawang_merah,57500
2024-05-22,3573,bawang_merah,57500
2024-05-23,3573,bawang_merah,57500
2024-05-24,3573,bawang_merah,57500
2024-05-27,3573,bawang_merah,57500
2024-05-28,3573,bawang_merah,56250
2024-05-29,3573,bawang_merah,56250
2024-05-30,3573,bawang_merah,56250
2024-05-31,3573,bawang_merah,56250
2024-06-03,3573,bawang_merah,50000
2024-06-04,3573,bawang_merah,47500
2024-06-05,3573,bawang_merah,47500
2024-06-06,3573,bawang_merah,47500
2024-06-07,3573,bawang_merah,47500
2024-06-10,3573,bawang_merah,42500
2024-06-11,3573,bawang_merah,42500
2024-06-12,3573,bawang_merah,42500
2024-06-13,3573,bawang_merah,42500
2024-06-14,3573,bawang_merah,42500
2024-06-17,3573,bawang_merah,42500
2024-06-18,3573,bawang_merah,42500
2024-06-19,3573,bawang_merah,46250
2024-06-20,3573,bawang_merah,46250
2024-06-21,3573,bawang_merah,41250
2024-06-24,3573,bawang_merah,41000
2024-06-25,3573,bawang_merah,39750
2024-06-26,3573,bawang_merah,40500
2024-06-27,3573,bawang_merah,38750
2024-06-28,3573,bawang_merah,38750
2024-07-01,3573,bawang_merah,36500
2024-07-02,3573,bawang_merah,36500
2024-07-03,3573,bawang_merah,35750
2024-07-04,3573,bawang_merah,35750
2024-07-05,3573,bawang_merah,35750
2024-07-08,3573,bawang_merah,31750
2024-07-09,3573,bawang_merah,31250
2024-07-10,3573,bawang_merah,31750
2024-07-11,3573,bawang_merah,31750
2024-07-12,3573,bawang_merah,30500
2024-07-15,3573,bawang_merah,28000
2024-07-16,3573,bawang_merah,28000
2024-07-17,3573,bawang_merah,28000
2024-07-18,3573,bawang_merah,28000
2024-07-19,3573,bawang_merah,27250
2024-07-22,3573,bawang_merah,26750
2024-07-23,3573,bawang_merah,26750
2024-07-24,3573,bawang_merah,26750
2024-07-25,3573,bawang_merah,26250
2024-07-26,3573,bawang_merah,26250
2024-07-29,3573,bawang_merah,24750
2024-07-30,3573,bawang_merah,24750
2024-07-31,3573,bawang_merah,24750
2024-08-01,3573,bawang_merah,24750
2024-08-02,3573,bawang_merah,24750
2024-08-05,3573,bawang_merah,24750
2024-08-06,3573,bawang_merah,24750
2024-08-07,3573,bawang_merah,24750
2024-08-08,3573,bawang_merah,24000
2024-08-09,3573,bawang_merah,24000
2024-08-12,3573,bawang_merah,23000
2024-08-13,3573,bawang_merah,23000
2024-08-14,3573,bawang_merah,23000
2024-08-15,3573,bawang_merah,23000
2024-08-16,3573,bawang_merah,23000
2024-08-19,3573,bawang_merah,24000
2024-08-20,3573,bawang_merah,24000
2024-08-21,3573,bawang_merah,24000
2024-08-22,3573,bawang_merah,24500
2024-08-23,3573,bawang_merah,24500
2024-08-26,3573,bawang_merah,24500
2024-08-27,3573,bawang_merah,24500
2024-08-28,3573,bawang_merah,25250
2024-08-29,3573,bawang_merah,25250
2024-08-30,3573,bawang_merah,25250
2024-09-02,3573,bawang_merah,25250
2024-09-03,3573,bawang_merah,25250
2024-09-04,3573,bawang_merah,25250
2024-09-05,3573,bawang_merah,25250
2024-09-06,3573,bawang_merah,25250
2024-09-09,3573,bawang_merah,25250
2024-09-10,3573,bawang_merah,25250
2024-09-11,3573,bawang_merah,25250
2024-09-12,3573,bawang_merah,25250
2024-09-13,3573,bawang_merah,25250
2024-09-16,3573,bawang_merah,25250
2024-09-17,3573,bawang_merah,25250
2024-09-18,3573,bawang_merah,25250
2024-09-19,3573,bawang_merah,25250
2024-09-20,3573,bawang_merah,25250
2024-09-23,3573,bawang_merah,27500
2024-09-24,3573,bawang_merah,27500
2024-09-25,3573,bawang_merah,28000
2024-09-26,3573,bawang_merah,28000
2024-09-27,3573,bawang_merah,28000
2024-09-30,3573,bawang_merah,28000
2024-10-01,3573,bawang_merah,28000
2024-10-02,3573,bawang_merah,28000
2024-10-03,3573,bawang_merah,28000
2024-10-04,3573,bawang_merah,28000
2024-10-07,3573,bawang_merah,28000
2024-10-08,3573,bawang_merah,28000
2024-10-09,3573,bawang_merah,28000
2024-10-10,3573,bawang_merah,28000
2024-10-11,3573,bawang_merah,28000
2024-10-14,3573,bawang_merah,28500
2024-10-15,3573,bawang_merah,28500
2024-10-16,3573,bawang_merah,28500
2024-10-17,3573,bawang_merah,28500
2024-10-18,3573,bawang_merah,28500
2024-10-21,3573,bawang_merah,28500
2024-10-22,3573,bawang_merah,28500
2024-10-23,3573,bawang_merah,28500
2024-10-24,3573,bawang_merah,28500
2024-10-25,3573,bawang_merah,28500
2024-10-28,3573,bawang_merah,35250
2024-10-29,3573,bawang_merah,35250
2024-10-30,3573,bawang_merah,35250
2024-10-31,3573,bawang_merah,35250
2024-11-01,3573,bawang_merah,34750
2024-11-04,3573,bawang_merah,37000
2024-11-05,3573,bawang_merah,37000
2024-11-06,3573,bawang_merah,37000
2024-11-07,3573,bawang_merah,37000
2024-11-08,3573,bawang_merah,37000
2024-11-11,3573,bawang_merah,40000
2024-11-12,3573,bawang_merah,40000
2024-11-13,3573,bawang_merah,40000
2024-11-14,3573,bawang_merah,40000
2024-11-15,3573,bawang_merah,40000
2024-11-18,3573,bawang_merah,41250
2024-11-19,3573,bawang_merah,41250
2024-11-20,3573,bawang_merah,41250
2024-11-21,3573,bawang_merah,41250
2024-11-22,3573,bawang_merah,41250
2024-11-25,3573,bawang_merah,43500
2024-11-26,3573,bawang_merah,43500
2024-11-27,3573,bawang_merah,43500
2024-11-28,3573,bawang_merah,43500
2024-11-29,3573,bawang_merah,43500
2024-12-02,3573,bawang_merah,42750
2024-12-03,3573,bawang_merah,42750
2024-12-04,3573,bawang_merah,42750
2024-12-05,3573,bawang_merah,42750
2024-12-06,3573,bawang_merah,43000
2024-12-09,3573,bawang_merah,45250
2024-12-10,3573,bawang_merah,45250
2024-12-11,3573,bawang_merah,45250
2024-12-12,3573,bawang_merah,45250
2024-12-13,3573,bawang_merah,45250
2024-12-16,3573,bawang_merah,45250
2024-12-17,3573,bawang_merah,45250
2024-12-18,3573,bawang_merah,45250
2024-12-19,3573,bawang_merah,45250
2024-12-20,3573,bawang_merah,45250
2024-12-23,3573,bawang_merah,46250
2024-12-24,3573,bawang_merah,46250
2024-12-25,3573,bawang_merah,46250
2024-12-26,3573,bawang_merah,46250
2024-12-27,3573,bawang_merah,45750
2024-12-30,3573,bawang_merah,42750
2024-12-31,3573,bawang_merah,42750
2025-01-01,3573,bawang_merah,42750
2025-01-02,3573,bawang_merah,45250
2025-01-03,3573,bawang_merah,45250
2025-01-06,3573,bawang_merah,45250
2025-01-07,3573,bawang_merah,45250
2025-01-08,3573,bawang_merah,45250
2025-01-09,3573,bawang_merah,44000
2025-01-10,3573,bawang_merah,42750
2025-01-13,3573,bawang_merah,42000
2025-01-14,3573,bawang_merah,42000
2025-01-15,3573,bawang_merah,41500
2025-01-16,3573,bawang_merah,41500
2025-01-17,3573,bawang_merah,41500
2025-01-20,3573,bawang_merah,38000
2025-01-21,3573,bawang_merah,38000
2025-01-22,3573,bawang_merah,38000
2025-01-23,3573,bawang_merah,38000
2025-01-24,3573,bawang_merah,38000
2025-01-27,3573,bawang_merah,38000
2025-01-28,3573,bawang_merah,38000
2025-01-29,3573,bawang_merah,38000
2025-01-30,3573,bawang_merah,36500
2025-01-31,3573,bawang_merah,36500
2025-02-03,3573,bawang_merah,36750
2025-02-04,3573,bawang_merah,36750
2025-02-05,3573,bawang_merah,36000
2025-02-06,3573,bawang_merah,36000
2025-02-07,3573,bawang_merah,35250
2025-02-10,3573,bawang_merah,33250
2025-02-11,3573,bawang_merah,33250
2025-02-12,3573,bawang_merah,32500
2025-02-13,3573,bawang_merah,32500
2025-02-14,3573,bawang_merah,32500
2025-02-17,3573,bawang_merah,31250
2025-02-18,3573,bawang_merah,31250
2025-02-19,3573,bawang_merah,32000
2025-02-20,3573,bawang_merah,32000
2025-02-21,3573,bawang_merah,31000
2025-02-24,3573,bawang_merah,38000
2025-02-25,3573,bawang_merah,38000
2025-02-26,3573,bawang_merah,38000
2025-02-27,3573,bawang_merah,38000
2025-02-28,3573,bawang_merah,38000
2025-03-03,3573,bawang_merah,39250
2025-03-04,3573,bawang_merah,39250
2025-03-05,3573,bawang_merah,39250
2025-03-06,3573,bawang_merah,42500
2025-03-07,3573,bawang_merah,42500
2025-03-10,3573,bawang_merah,48500
2025-03-11,3573,bawang_merah,48500
2025-03-12,3573,bawang_merah,48500
2025-03-13,3573,bawang_merah,49750
2025-03-14,3573,bawang_merah,49750
2025-03-17,3573,bawang_merah,51000
2025-03-18,3573,bawang_merah,51000
2025-03-19,3573,bawang_merah,51000
2025-03-20,3573,bawang_merah,51000
2025-03-21,3573,bawang_merah,51000
2025-03-24,3573,bawang_merah,52500
2025-03-25,3573,bawang_merah,52500
2025-03-26,3573,bawang_merah,52500
2025-03-27,3573,bawang_merah,52500
2025-03-28,3573,bawang_merah,52500
2025-03-31,3573,bawang_merah,52500
2025-04-01,3573,bawang_merah,52500
2025-04-02,3573,bawang_merah,52500
2025-04-03,3573,bawang_merah,52500
2025-04-04,3573,bawang_merah,52500
2025-04-07,3573,bawang_merah,52500
2025-04-08,3573,bawang_merah,52500
2025-04-09,3573,bawang_merah,51250
2025-04-10,3573,bawang_merah,52500
2025-04-11,3573,bawang_merah,52500
2025-04-14,3573,bawang_merah,53000
2025-04-15,3573,bawang_merah,53000
2025-04-16,3573,bawang_merah,53750
2025-04-17,3573,bawang_merah,53750
2025-04-18,3573,bawang_merah,53750
2025-04-21,3573,bawang_merah,51250
2025-04-22,3573,bawang_merah,51250
2025-04-23,3573,bawang_merah,51250
2025-04-24,3573,bawang_merah,49500
2025-04-25,3573,bawang_merah,49500
2025-04-28,3573,bawang_merah,44250
2025-04-29,3573,bawang_merah,44250
2025-04-30,3573,bawang_merah,44250
2025-05-01,3573,bawang_merah,44250
2025-05-02,3573,bawang_merah,43750
2025-05-05,3573,bawang_merah,40750
2025-05-06,3573,bawang_merah,40750
2025-05-07,3573,bawang_merah,40750
2025-05-08,3573,bawang_merah,41500
2025-05-09,3573,bawang_merah,41500
2025-05-12,3573,bawang_merah,41500
2025-05-13,3573,bawang_merah,41500
2025-05-14,3573,bawang_merah,39250
2025-05-15,3573,bawang_merah,39250
2025-05-16,3573,bawang_merah,39250
2025-05-19,3573,bawang_merah,38500
2025-05-20,3573,bawang_merah,39000
2025-05-21,3573,bawang_merah,39000
2025-05-22,3573,bawang_merah,39000
2025-05-23,3573,bawang_merah,37500
2025-05-26,3573,bawang_merah,38250
2025-05-27,3573,bawang_merah,38250
2025-05-28,3573,bawang_merah,38250
2025-05-29,3573,bawang_merah,38250
2025-05-30,3573,bawang_merah,38250
2025-06-02,3573,bawang_merah,40250
2025-06-03,3573,bawang_merah,40250
2025-06-04,3573,bawang_merah,41500
2025-06-05,3573,bawang_merah,40250
2025-06-06,3573,bawang_merah,40250
2025-06-09,3573,bawang_merah,40250
2025-06-10,3573,bawang_merah,42250
2025-06-11,3573,bawang_merah,45000
2025-06-12,3573,bawang_merah,45000
2025-06-13,3573,bawang_merah,45000
2025-06-16,3573,bawang_merah,51250
2025-06-17,3573,bawang_merah,51250
2025-06-18,3573,bawang_merah,51250
2025-06-19,3573,bawang_merah,51250
2025-06-20,3573,bawang_merah,51250
2025-06-23,3573,bawang_merah,48750
2025-06-24,3573,bawang_merah,48750
2025-06-25,3573,bawang_merah,48750
2025-06-26,3573,bawang_merah,48750
2025-06-27,3573,bawang_merah,48750
2025-06-30,3573,bawang_merah,47500
2025-07-01,3573,bawang_merah,46250
2025-07-02,3573,bawang_merah,46250
2025-07-03,3573,bawang_merah,45500
2025-07-04,3573,bawang_merah,45500
2025-07-07,3573,bawang_merah,47000
2025-07-08,3573,bawang_merah,47000
2025-07-09,3573,bawang_merah,47000
2025-07-10,3573,bawang_merah,47000
2025-07-11,3573,bawang_merah,47000
2025-07-14,3573,bawang_merah,47250
2025-07-15,3573,bawang_merah,47250
2025-07-16,3573,bawang_merah,47250
2025-07-17,3573,bawang_merah,47250
2025-07-18,3573,bawang_merah,47250
2025-07-21,3573,bawang_merah,51250
2025-07-22,3573,bawang_merah,51250
2025-07-23,3573,bawang_merah,51250
2025-07-24,3573,bawang_merah,51250
2025-07-25,3573,bawang_merah,51250
2025-07-28,3573,bawang_merah,57500
2025-07-29,3573,bawang_merah,57500
2025-07-30,3573,bawang_merah,57500
2025-07-31,3573,bawang_merah,57500
2025-08-01,3573,bawang_merah,57500
2025-08-04,3573,bawang_merah,58250
2025-08-05,3573,bawang_merah,58250
2025-08-06,3573,bawang_merah,58250
2025-08-07,3573,bawang_merah,58750
2025-08-08,3573,bawang_merah,58250
2025-08-11,3573,bawang_merah,59750
2025-08-12,3573,bawang_merah,59750
2025-08-13,3573,bawang_merah,59750
2025-08-14,3573,bawang_merah,59750
2025-08-15,3573,bawang_merah,59750
2025-08-18,3573,bawang_merah,59750
2025-08-19,3573,bawang_merah,50750
2025-08-20,3573,bawang_merah,50750
2025-08-21,3573,bawang_merah,50750
2025-08-22,3573,bawang_merah,50750
2025-08-25,3573,bawang_merah,46000
2025-08-26,3573,bawang_merah,46000
2025-08-27,3573,bawang_merah,46000
2025-08-28,3573,bawang_merah,46000
2025-08-29,3573,bawang_merah,46000
2025-09-01,3573,bawang_merah,44500
2025-09-02,3573,bawang_merah,44500
2025-09-03,3573,bawang_merah,44500
2025-09-04,3573,bawang_merah,44500
2025-09-08,3573,bawang_merah,41250
2025-09-09,3573,bawang_merah,41250
2025-09-10,3573,bawang_merah,40000
2025-09-11,3573,bawang_merah,40000
2025-09-12,3573,bawang_merah,40000
2025-09-15,3573,bawang_merah,39250
2025-09-16,3573,bawang_merah,39250
2025-09-17,3573,bawang_merah,40000
2025-09-18,3573,bawang_merah,40000
2025-09-19,3573,bawang_merah,40000
2025-09-22,3573,bawang_merah,40000
2025-09-23,3573,bawang_merah,40000
2025-09-24,3573,bawang_merah,40000
2025-09-25,3573,bawang_merah,40000
2025-09-26,3573,bawang_merah,40000
2025-09-29,3573,bawang_merah,38250
2025-09-30,3573,bawang_merah,38250
2025-10-01,3573,bawang_merah,38250
2025-10-02,3573,bawang_merah,38250
2025-10-03,3573,bawang_merah,38250
2025-10-06,3573,bawang_merah,40000
2025-10-07,3573,bawang_merah,40000
2025-10-08,3573,bawang_merah,40000
2025-10-09,3573,bawang_merah,40000
2025-10-10,3573,bawang_merah,40000
2025-10-13,3573,bawang_merah,41000
2025-10-14,3573,bawang_merah,41000
2025-10-15,3573,bawang_merah,41000
2025-10-16,3573,bawang_merah,41000
2025-10-17,3573,bawang_merah,41000
2025-10-20,3573,bawang_merah,41000
2025-10-21,3573,bawang_merah,41000
2025-10-22,3573,bawang_merah,41000
2025-10-23,3573,bawang_merah,41000
2025-10-24,3573,bawang_merah,41000
2025-10-27,3573,bawang_merah,41000
2025-10-28,3573,bawang_merah,41000
2025-10-29,3573,bawang_merah,41000
2025-10-30,3573,bawang_merah,41750
2025-10-31,3573,bawang_merah,41750
2025-11-03,3573,bawang_merah,44250
2025-11-04,3573,bawang_merah,44250
2025-11-05,3573,bawang_merah,44250
2025-11-06,3573,bawang_merah,44250
2025-11-07,3573,bawang_merah,44750
2025-11-10,3573,bawang_merah,44750
2025-11-11,3573,bawang_merah,44750
2025-11-12,3573,bawang_merah,44750
2025-11-13,3573,bawang_merah,44750
2025-11-14,3573,bawang_merah,44750
2025-11-17,3573,bawang_merah,44750
2025-11-18,3573,bawang_merah,44750
2025-11-19,3573,bawang_merah,44750
2025-11-20,3573,bawang_merah,44750
2025-11-21,3573,bawang_merah,44750
2025-11-24,3573,bawang_merah,45250
2025-11-25,3573,bawang_merah,45250
2025-11-26,3573,bawang_merah,44750
2025-11-27,3573,bawang_merah,44750
2025-11-28,3573,bawang_merah,47500
2025-12-01,3573,bawang_merah,47500
2025-12-02,3573,bawang_merah,49000
2025-12-03,3573,bawang_merah,49750
2025-12-04,3573,bawang_merah,49750
2025-12-05,3573,bawang_merah,51250
2025-12-08,3573,bawang_merah,53750
2025-12-09,3573,bawang_merah,57500
2025-12-10,3573,bawang_merah,57500
2025-12-11,3573,bawang_merah,58500
2025-12-12,3573,bawang_merah,58500
2025-12-15,3573,bawang_merah,61250
2025-12-16,3573,bawang_merah,58750
2025-12-17,3573,bawang_merah,58750
2025-12-18,3573,bawang_merah,57500
2025-12-19,3573,bawang_merah,57500
2025-12-22,3573,bawang_merah,50000
2025-12-23,3573,bawang_merah,50000
2025-12-24,3573,bawang_merah,50000
2025-12-25,3573,bawang_merah,50000
2025-12-26,3573,bawang_merah,50000
2025-12-29,3573,bawang_merah,50000
2025-12-30,3573,bawang_merah,50000
2025-12-31,3573,bawang_merah,48000
2021-01-04,3574,bawang_merah,26500
2021-01-05,3574,bawang_merah,26500
2021-01-06,3574,bawang_merah,26750
2021-01-07,3574,bawang_merah,26750
2021-01-08,3574,bawang_merah,26750
2021-01-11,3574,bawang_merah,26250
2021-01-12,3574,bawang_merah,27500
2021-01-13,3574,bawang_merah,26250
2021-01-14,3574,bawang_merah,26250
2021-01-15,3574,bawang_merah,25750
2021-01-18,3574,bawang_merah,25500
2021-01-19,3574,bawang_merah,25500
2021-01-20,3574,bawang_merah,25500
2021-01-21,3574,bawang_merah,25500
2021-01-22,3574,bawang_merah,25250
2021-01-25,3574,bawang_merah,25000
2021-01-26,3574,bawang_merah,24500
2021-01-27,3574,bawang_merah,24500
2021-01-28,3574,bawang_merah,23500
2021-01-29,3574,bawang_merah,23000
2021-02-01,3574,bawang_merah,23000
2021-02-02,3574,bawang_merah,23000
2021-02-03,3574,bawang_merah,21750
2021-02-04,3574,bawang_merah,22250
2021-02-05,3574,bawang_merah,20250
2021-02-08,3574,bawang_merah,20500
2021-02-09,3574,bawang_merah,20500
2021-02-10,3574,bawang_merah,20500
2021-02-11,3574,bawang_merah,21750
2021-02-15,3574,bawang_merah,22500
2021-02-16,3574,bawang_merah,23000
2021-02-17,3574,bawang_merah,25000
2021-02-18,3574,bawang_merah,24000
2021-02-19,3574,bawang_merah,24000
2021-02-22,3574,bawang_merah,27750
2021-02-23,3574,bawang_merah,28500
2021-02-24,3574,bawang_merah,28000
2021-02-25,3574,bawang_merah,29250
2021-02-26,3574,bawang_merah,29500
2021-03-01,3574,bawang_merah,29000
2021-03-02,3574,bawang_merah,29000
2021-03-03,3574,bawang_merah,27750
2021-03-04,3574,bawang_merah,28500
2021-03-05,3574,bawang_merah,28500
2021-03-08,3574,bawang_merah,29000
2021-03-09,3574,bawang_merah,29000
2021-03-10,3574,bawang_merah,29000
2021-03-12,3574,bawang_merah,29000
2021-03-15,3574,bawang_merah,28500
2021-03-16,3574,bawang_merah,29000
2021-03-17,3574,bawang_merah,27500
2021-03-18,3574,bawang_merah,28000
2021-03-19,3574,bawang_merah,28000
2021-03-22,3574,bawang_merah,28500
2021-03-23,3574,bawang_merah,28500
2021-03-24,3574,bawang_merah,28500
2021-03-25,3574,bawang_merah,28500
2021-03-26,3574,bawang_merah,28500
2021-03-29,3574,bawang_merah,28500
2021-03-30,3574,bawang_merah,27000
2021-03-31,3574,bawang_merah,27500
2021-04-01,3574,bawang_merah,27500
2021-04-05,3574,bawang_merah,26250
2021-04-06,3574,bawang_merah,26000
2021-04-07,3574,bawang_merah,26000
2021-04-08,3574,bawang_merah,25750
2021-04-09,3574,bawang_merah,26750
2021-04-12,3574,bawang_merah,27500
2021-04-13,3574,bawang_merah,27500
2021-04-14,3574,bawang_merah,27000
2021-04-15,3574,bawang_merah,26250
2021-04-16,3574,bawang_merah,25500
2021-04-19,3574,bawang_merah,26250
2021-04-20,3574,bawang_merah,26250
2021-04-21,3574,bawang_merah,25750
2021-04-22,3574,bawang_merah,26000
2021-04-23,3574,bawang_merah,25750
2021-04-26,3574,bawang_merah,24250
2021-04-27,3574,bawang_merah,23750
2021-04-28,3574,bawang_merah,23250
2021-04-29,3574,bawang_merah,22750
2021-04-30,3574,bawang_merah,22750
2021-05-03,3574,bawang_merah,22750
2021-05-04,3574,bawang_merah,22750
2021-05-05,3574,bawang_merah,22750
2021-05-06,3574,bawang_merah,22750
2021-05-07,3574,bawang_merah,22750
2021-05-10,3574,bawang_merah,22750
2021-05-11,3574,bawang_merah,22750
2021-05-17,3574,bawang_merah,23500
2021-05-18,3574,bawang_merah,23500
2021-05-19,3574,bawang_merah,23500
2021-05-20,3574,bawang_merah,23500
2021-05-21,3574,bawang_merah,23000
2021-05-24,3574,bawang_merah,23500
2021-05-25,3574,bawang_merah,23500
2021-05-27,3574,bawang_merah,23500
2021-05-28,3574,bawang_merah,23500
2021-05-31,3574,bawang_merah,23500
2021-06-02,3574,bawang_merah,22750
2021-06-03,3574,bawang_merah,22750
2021-06-04,3574,bawang_merah,22750
2021-06-07,3574,bawang_merah,22750
2021-06-08,3574,bawang_merah,22750
2021-06-09,3574,bawang_merah,21250
2021-06-10,3574,bawang_merah,21250
2021-06-11,3574,bawang_merah,21250
2021-06-14,3574,bawang_merah,21250
2021-06-15,3574,bawang_merah,21250
2021-06-16,3574,bawang_merah,21250
2021-06-17,3574,bawang_merah,21000
2021-06-18,3574,bawang_merah,21000
2021-06-21,3574,bawang_merah,22500
2021-06-22,3574,bawang_merah,22500
2021-06-23,3574,bawang_merah,24500
2021-06-24,3574,bawang_merah,22000
2021-06-25,3574,bawang_merah,23500
2021-06-28,3574,bawang_merah,24500
2021-06-29,3574,bawang_merah,24500
2021-06-30,3574,bawang_merah,24500
2021-07-01,3574,bawang_merah,24500
2021-07-02,3574,bawang_merah,26250
2021-07-05,3574,bawang_merah,24000
2021-07-06,3574,bawang_merah,23250
2021-07-07,3574,bawang_merah,23250
2021-07-08,3574,bawang_merah,23750
2021-07-09,3574,bawang_merah,23750
2021-07-12,3574,bawang_merah,24500
2021-07-13,3574,bawang_merah,24500
2021-07-14,3574,bawang_merah,24500
2021-07-15,3574,bawang_merah,25250
2021-07-16,3574,bawang_merah,25250
2021-07-19,3574,bawang_merah,24750
2021-07-21,3574,bawang_merah,24750
2021-07-22,3574,bawang_merah,27250
2021-07-23,3574,bawang_merah,27250
2021-07-26,3574,bawang_merah,28250
2021-07-27,3574,bawang_merah,28250
2021-07-28,3574,bawang_merah,28250
2021-07-29,3574,bawang_merah,28250
2021-07-30,3574,bawang_merah,28250
2021-08-02,3574,bawang_merah,27750
2021-08-03,3574,bawang_merah,27750
2021-08-04,3574,bawang_merah,27500
2021-08-05,3574,bawang_merah,27500
2021-08-06,3574,bawang_merah,26750
2021-08-09,3574,bawang_merah,25750
2021-08-10,3574,bawang_merah,25750
2021-08-12,3574,bawang_merah,25500
2021-08-13,3574,bawang_merah,25000
2021-08-16,3574,bawang_merah,25000
2021-08-18,3574,bawang_merah,23500
2021-08-19,3574,bawang_merah,22750
2021-08-20,3574,bawang_merah,22750
2021-08-23,3574,bawang_merah,22750
2021-08-24,3574,bawang_merah,21250
2021-08-25,3574,bawang_merah,21250
2021-08-26,3574,bawang_merah,20500
2021-08-27,3574,bawang_merah,20500
2021-08-30,3574,bawang_merah,20500
2021-08-31,3574,bawang_merah,20500
2021-09-01,3574,bawang_merah,20500
2021-09-02,3574,bawang_merah,20500
2021-09-03,3574,bawang_merah,20500
2021-09-06,3574,bawang_merah,20500
2021-09-07,3574,bawang_merah,20500
2021-09-08,3574,bawang_merah,20500
2021-09-09,3574,bawang_merah,20500
2021-09-10,3574,bawang_merah,20500
2021-09-13,3574,bawang_merah,20500
2021-09-14,3574,bawang_merah,20500
2021-09-15,3574,bawang_merah,20500
2021-09-16,3574,bawang_merah,20500
2021-09-17,3574,bawang_merah,20500
2021-09-20,3574,bawang_merah,20500
2021-09-21,3574,bawang_merah,20500
2021-09-22,3574,bawang_merah,20500
2021-09-23,3574,bawang_merah,20500
2021-09-24,3574,bawang_merah,20500
2021-09-27,3574,bawang_merah,20500
2021-09-28,3574,bawang_merah,20500
2021-09-29,3574,bawang_merah,20500
2021-09-30,3574,bawang_merah,20500
2021-10-01,3574,bawang_merah,20500
2021-10-04,3574,bawang_merah,20500
2021-10-05,3574,bawang_merah,20500
2021-10-06,3574,bawang_merah,20500
2021-10-07,3574,bawang_merah,20500
2021-10-08,3574,bawang_merah,20500
2021-10-11,3574,bawang_merah,20500
2021-10-12,3574,bawang_merah,20500
2021-10-13,3574,bawang_merah,20500
2021-10-14,3574,bawang_merah,22500
2021-10-15,3574,bawang_merah,22500
2021-10-18,3574,bawang_merah,22750
2021-10-19,3574,bawang_merah,22750
2021-10-21,3574,bawang_merah,22750
2021-10-22,3574,bawang_merah,22750
2021-10-25,3574,bawang_merah,22250
2021-10-26,3574,bawang_merah,22250
2021-10-27,3574,bawang_merah,22250
2021-10-28,3574,bawang_merah,21250
2021-10-29,3574,bawang_merah,21250
2021-11-01,3574,bawang_merah,21250
2021-11-02,3574,bawang_merah,21250
2021-11-03,3574,bawang_merah,22250
2021-11-04,3574,bawang_merah,21000
2021-11-05,3574,bawang_merah,21000
2021-11-08,3574,bawang_merah,20750
2021-11-09,3574,bawang_merah,20750
2021-11-10,3574,bawang_merah,20750
2021-11-11,3574,bawang_merah,20750
2021-11-12,3574,bawang_merah,20750
2021-11-15,3574,bawang_merah,20750
2021-11-16,3574,bawang_merah,20750
2021-11-17,3574,bawang_merah,20750
2021-11-18,3574,bawang_merah,20750
2021-11-19,3574,bawang_merah,20750
2021-11-22,3574,bawang_merah,20750
2021-11-23,3574,bawang_merah,20750
2021-11-24,3574,bawang_merah,20750
2021-11-25,3574,bawang_merah,20750
2021-11-26,3574,bawang_merah,20750
2021-11-29,3574,bawang_merah,20750
2021-11-30,3574,bawang_merah,20750
2021-12-01,3574,bawang_merah,20750
2021-12-02,3574,bawang_merah,20750
2021-12-03,3574,bawang_merah,19750
2021-12-06,3574,bawang_merah,19000
2021-12-07,3574,bawang_merah,19500
2021-12-08,3574,bawang_merah,20000
2021-12-09,3574,bawang_merah,20000
2021-12-10,3574,bawang_merah,20000
2021-12-13,3574,bawang_merah,20000
2021-12-14,3574,bawang_merah,20000
2021-12-15,3574,bawang_merah,20000
2021-12-16,3574,bawang_merah,20000
2021-12-17,3574,bawang_merah,20500
2021-12-20,3574,bawang_merah,22250
2021-12-21,3574,bawang_merah,22250
2021-12-22,3574,bawang_merah,22250
2021-12-23,3574,bawang_merah,21750
2021-12-24,3574,bawang_merah,21750
2021-12-27,3574,bawang_merah,21750
2021-12-28,3574,bawang_merah,21750
2021-12-29,3574,bawang_merah,22250
2021-12-30,3574,bawang_merah,22250
2021-12-31,3574,bawang_merah,22250
2022-01-03,3574,bawang_merah,21500
2022-01-04,3574,bawang_merah,21500
2022-01-05,3574,bawang_merah,21500
2022-01-06,3574,bawang_merah,21500
2022-01-07,3574,bawang_merah,21750
2022-01-10,3574,bawang_merah,21250
2022-01-11,3574,bawang_merah,21750
2022-01-12,3574,bawang_merah,21750
2022-01-13,3574,bawang_merah,22000
2022-01-14,3574,bawang_merah,22250
2022-01-17,3574,bawang_merah,23250
2022-01-18,3574,bawang_merah,23000
2022-01-19,3574,bawang_merah,23000
2022-01-20,3574,bawang_merah,23250
2022-01-21,3574,bawang_merah,23250
2022-01-24,3574,bawang_merah,23250
2022-01-25,3574,bawang_merah,23250
2022-01-26,3574,bawang_merah,23250
2022-01-27,3574,bawang_merah,23250
2022-01-28,3574,bawang_merah,23250
2022-01-31,3574,bawang_merah,23250
2022-02-02,3574,bawang_merah,22750
2022-02-03,3574,bawang_merah,24250
2022-02-04,3574,bawang_merah,25500
2022-02-07,3574,bawang_merah,26500
2022-02-08,3574,bawang_merah,27500
2022-02-09,3574,bawang_merah,28500
2022-02-10,3574,bawang_merah,28500
2022-02-11,3574,bawang_merah,28750
2022-02-14,3574,bawang_merah,29000
2022-02-15,3574,bawang_merah,29000
2022-02-16,3574,bawang_merah,29000
2022-02-17,3574,bawang_merah,29000
2022-02-18,3574,bawang_merah,29000
2022-02-21,3574,bawang_merah,28000
2022-02-22,3574,bawang_merah,28000
2022-02-23,3574,bawang_merah,28000
2022-02-24,3574,bawang_merah,27750
2022-02-25,3574,bawang_merah,28000
2022-03-01,3574,bawang_merah,28750
2022-03-02,3574,bawang_merah,28750
2022-03-04,3574,bawang_merah,28750
2022-03-07,3574,bawang_merah,30500
2022-03-08,3574,bawang_merah,30500
2022-03-09,3574,bawang_merah,30500
2022-03-10,3574,bawang_merah,30500
2022-03-11,3574,bawang_merah,30250
2022-03-14,3574,bawang_merah,29250
2022-03-15,3574,bawang_merah,28750
2022-03-16,3574,bawang_merah,28750
2022-03-17,3574,bawang_merah,27750
2022-03-18,3574,bawang_merah,27250
2022-03-21,3574,bawang_merah,27750
2022-03-22,3574,bawang_merah,27750
2022-03-23,3574,bawang_merah,27750
2022-03-24,3574,bawang_merah,27750
2022-03-25,3574,bawang_merah,27750
2022-03-28,3574,bawang_merah,28750
2022-03-29,3574,bawang_merah,28750
2022-03-30,3574,bawang_merah,28750
2022-03-31,3574,bawang_merah,28750
2022-04-01,3574,bawang_merah,28250
2022-04-04,3574,bawang_merah,28250
2022-04-05,3574,bawang_merah,28250
2022-04-06,3574,bawang_merah,28250
2022-04-07,3574,bawang_merah,28750
2022-04-08,3574,bawang_merah,28250
2022-04-11,3574,bawang_merah,27250
2022-04-12,3574,bawang_merah,27250
2022-04-13,3574,bawang_merah,27250
2022-04-14,3574,bawang_merah,27250
2022-04-18,3574,bawang_merah,27250
2022-04-19,3574,bawang_merah,27250
2022-04-20,3574,bawang_merah,27250
2022-04-21,3574,bawang_merah,27500
2022-04-22,3574,bawang_merah,27500
2022-04-25,3574,bawang_merah,30500
2022-04-26,3574,bawang_merah,30500
2022-04-27,3574,bawang_merah,31000
2022-04-28,3574,bawang_merah,31000
2022-05-09,3574,bawang_merah,30500
2022-05-10,3574,bawang_merah,29000
2022-05-11,3574,bawang_merah,28250
2022-05-12,3574,bawang_merah,28250
2022-05-13,3574,bawang_merah,29750
2022-05-17,3574,bawang_merah,30500
2022-05-18,3574,bawang_merah,30500
2022-05-19,3574,bawang_merah,30500
2022-05-20,3574,bawang_merah,30500
2022-05-23,3574,bawang_merah,30000
2022-05-24,3574,bawang_merah,30500
2022-05-25,3574,bawang_merah,30500
2022-05-27,3574,bawang_merah,31000
2022-05-30,3574,bawang_merah,31000
2022-05-31,3574,bawang_merah,31750
2022-06-02,3574,bawang_merah,31750
2022-06-03,3574,bawang_merah,31750
2022-06-06,3574,bawang_merah,34750
2022-06-07,3574,bawang_merah,34750
2022-06-08,3574,bawang_merah,34750
2022-06-09,3574,bawang_merah,39750
2022-06-10,3574,bawang_merah,41500
2022-06-13,3574,bawang_merah,37000
2022-06-14,3574,bawang_merah,37000
2022-06-15,3574,bawang_merah,42750
2022-06-16,3574,bawang_merah,42750
2022-06-17,3574,bawang_merah,42750
2022-06-20,3574,bawang_merah,42750
2022-06-21,3574,bawang_merah,42750
2022-06-22,3574,bawang_merah,42750
2022-06-23,3574,bawang_merah,45000
2022-06-24,3574,bawang_merah,45750
2022-06-27,3574,bawang_merah,53500
2022-06-28,3574,bawang_merah,53500
2022-06-29,3574,bawang_merah,53500
2022-06-30,3574,bawang_merah,53500
2022-07-01,3574,bawang_merah,53500
2022-07-04,3574,bawang_merah,53500
2022-07-05,3574,bawang_merah,57500
2022-07-06,3574,bawang_merah,62500
2022-07-07,3574,bawang_merah,62500
2022-07-08,3574,bawang_merah,64500
2022-07-11,3574,bawang_merah,64500
2022-07-12,3574,bawang_merah,64500
2022-07-13,3574,bawang_merah,64500
2022-07-14,3574,bawang_merah,62750
2022-07-15,3574,bawang_merah,62750
2022-07-18,3574,bawang_merah,56250
2022-07-19,3574,bawang_merah,56250
2022-07-20,3574,bawang_merah,55000
2022-07-21,3574,bawang_merah,52500
2022-07-22,3574,bawang_merah,50000
2022-07-25,3574,bawang_merah,40000
2022-07-26,3574,bawang_merah,40000
2022-07-27,3574,bawang_merah,40000
2022-07-28,3574,bawang_merah,35000
2022-07-29,3574,bawang_merah,35000
2022-08-01,3574,bawang_merah,32000
2022-08-02,3574,bawang_merah,32000
2022-08-03,3574,bawang_merah,32000
2022-08-04,3574,bawang_merah,32000
2022-08-05,3574,bawang_merah,31000
2022-08-08,3574,bawang_merah,31000
2022-08-09,3574,bawang_merah,31000
2022-08-10,3574,bawang_merah,31000
2022-08-11,3574,bawang_merah,31000
2022-08-12,3574,bawang_merah,31000
2022-08-15,3574,bawang_merah,30500
2022-08-16,3574,bawang_merah,29000
2022-08-18,3574,bawang_merah,29000
2022-08-19,3574,bawang_merah,30000
2022-08-22,3574,bawang_merah,25500
2022-08-23,3574,bawang_merah,25000
2022-08-24,3574,bawang_merah,25000
2022-08-25,3574,bawang_merah,25000
2022-08-26,3574,bawang_merah,25000
2022-08-29,3574,bawang_merah,25000
2022-08-30,3574,bawang_merah,25000
2022-08-31,3574,bawang_merah,25000
2022-09-01,3574,bawang_merah,25000
2022-09-02,3574,bawang_merah,25000
2022-09-05,3574,bawang_merah,28000
2022-09-06,3574,bawang_merah,28000
2022-09-07,3574,bawang_merah,28500
2022-09-08,3574,bawang_merah,29000
2022-09-09,3574,bawang_merah,29000
2022-09-12,3574,bawang_merah,29000
2022-09-13,3574,bawang_merah,29000
2022-09-14,3574,bawang_merah,29000
2022-09-15,3574,bawang_merah,29000
2022-09-16,3574,bawang_merah,29000
2022-09-19,3574,bawang_merah,28500
2022-09-20,3574,bawang_merah,28500
2022-09-21,3574,bawang_merah,28500
2022-09-22,3574,bawang_merah,28250
2022-09-23,3574,bawang_merah,28250
2022-09-26,3574,bawang_merah,28250
2022-09-27,3574,bawang_merah,28250
2022-09-28,3574,bawang_merah,28250
2022-09-29,3574,bawang_merah,28750
2022-09-30,3574,bawang_merah,30000
2022-10-03,3574,bawang_merah,30000
2022-10-04,3574,bawang_merah,30000
2022-10-05,3574,bawang_merah,29500
2022-10-06,3574,bawang_merah,29500
2022-10-07,3574,bawang_merah,29500
2022-10-10,3574,bawang_merah,30000
2022-10-11,3574,bawang_merah,30000
2022-10-12,3574,bawang_merah,30000
2022-10-13,3574,bawang_merah,30000
2022-10-14,3574,bawang_merah,30000
2022-10-17,3574,bawang_merah,29500
2022-10-18,3574,bawang_merah,29500
2022-10-19,3574,bawang_merah,29500
2022-10-20,3574,bawang_merah,29500
2022-10-21,3574,bawang_merah,29500
2022-10-24,3574,bawang_merah,29500
2022-10-25,3574,bawang_merah,29500
2022-10-26,3574,bawang_merah,29500
2022-10-27,3574,bawang_merah,29500
2022-10-28,3574,bawang_merah,30500
2022-10-31,3574,bawang_merah,35000
2022-11-01,3574,bawang_merah,35000
2022-11-02,3574,bawang_merah,35000
2022-11-03,3574,bawang_merah,35000
2022-11-04,3574,bawang_merah,35000
2022-11-07,3574,bawang_merah,35000
2022-11-08,3574,bawang_merah,35000
2022-11-09,3574,bawang_merah,35000
2022-11-10,3574,bawang_merah,35000
2022-11-11,3574,bawang_merah,35000
2022-11-14,3574,bawang_merah,35000
2022-11-15,3574,bawang_merah,35000
2022-11-16,3574,bawang_merah,35000
2022-11-17,3574,bawang_merah,35000
2022-11-18,3574,bawang_merah,35000
2022-11-21,3574,bawang_merah,35000
2022-11-22,3574,bawang_merah,35000
2022-11-23,3574,bawang_merah,35000
2022-11-24,3574,bawang_merah,35000
2022-11-25,3574,bawang_merah,35000
2022-11-28,3574,bawang_merah,33500
2022-11-29,3574,bawang_merah,33500
2022-11-30,3574,bawang_merah,32250
2022-12-01,3574,bawang_merah,31250
2022-12-02,3574,bawang_merah,31250
2022-12-05,3574,bawang_merah,35000
2022-12-06,3574,bawang_merah,35000
2022-12-07,3574,bawang_merah,33000
2022-12-08,3574,bawang_merah,33000
2022-12-09,3574,bawang_merah,33500
2022-12-12,3574,bawang_merah,32000
2022-12-13,3574,bawang_merah,32000
2022-12-14,3574,bawang_merah,32000
2022-12-15,3574,bawang_merah,32000
2022-12-16,3574,bawang_merah,32000
2022-12-19,3574,bawang_merah,34000
2022-12-20,3574,bawang_merah,34000
2022-12-21,3574,bawang_merah,34000
2022-12-22,3574,bawang_merah,34500
2022-12-23,3574,bawang_merah,34500
2022-12-26,3574,bawang_merah,33500
2022-12-27,3574,bawang_merah,33500
2022-12-28,3574,bawang_merah,33500
2022-12-29,3574,bawang_merah,33000
2022-12-30,3574,bawang_merah,33000
2023-01-02,3574,bawang_merah,33000
2023-01-03,3574,bawang_merah,33000
2023-01-04,3574,bawang_merah,34500
2023-01-05,3574,bawang_merah,35000
2023-01-06,3574,bawang_merah,35000
2023-01-09,3574,bawang_merah,34000
2023-01-10,3574,bawang_merah,34000
2023-01-11,3574,bawang_merah,34000
2023-01-12,3574,bawang_merah,34000
2023-01-13,3574,bawang_merah,34000
2023-01-16,3574,bawang_merah,34500
2023-01-17,3574,bawang_merah,34500
2023-01-18,3574,bawang_merah,34500
2023-01-19,3574,bawang_merah,34500
2023-01-20,3574,bawang_merah,34500
2023-01-23,3574,bawang_merah,26650
2023-01-24,3574,bawang_merah,35500
2023-01-25,3574,bawang_merah,36000
2023-01-26,3574,bawang_merah,36000
2023-01-27,3574,bawang_merah,36000
2023-01-30,3574,bawang_merah,36000
2023-01-31,3574,bawang_merah,36000
2023-02-01,3574,bawang_merah,40000
2023-02-02,3574,bawang_merah,40000
2023-02-03,3574,bawang_merah,40000
2023-02-06,3574,bawang_merah,40000
2023-02-07,3574,bawang_merah,40000
2023-02-08,3574,bawang_merah,40000
2023-02-09,3574,bawang_merah,40000
2023-02-10,3574,bawang_merah,39000
2023-02-13,3574,bawang_merah,39000
2023-02-14,3574,bawang_merah,37500
2023-02-15,3574,bawang_merah,35000
2023-02-16,3574,bawang_merah,32500
2023-02-17,3574,bawang_merah,32500
2023-02-20,3574,bawang_merah,32500
2023-02-21,3574,bawang_merah,32500
2023-02-22,3574,bawang_merah,32500
2023-02-23,3574,bawang_merah,32500
2023-02-24,3574,bawang_merah,32500
2023-02-27,3574,bawang_merah,32500
2023-02-28,3574,bawang_merah,32500
2023-03-01,3574,bawang_merah,32500
2023-03-02,3574,bawang_merah,33500
2023-03-03,3574,bawang_merah,33500
2023-03-06,3574,bawang_merah,35500
2023-03-07,3574,bawang_merah,35500
2023-03-08,3574,bawang_merah,35500
2023-03-09,3574,bawang_merah,35500
2023-03-10,3574,bawang_merah,34000
2023-03-13,3574,bawang_merah,33500
2023-03-14,3574,bawang_merah,33500
2023-03-15,3574,bawang_merah,33500
2023-03-16,3574,bawang_merah,33500
2023-03-17,3574,bawang_merah,33500
2023-03-20,3574,bawang_merah,33500
2023-03-21,3574,bawang_merah,35000
2023-03-22,3574,bawang_merah,35000
2023-03-23,3574,bawang_merah,35000
2023-03-24,3574,bawang_merah,33000
2023-03-27,3574,bawang_merah,31500
2023-03-28,3574,bawang_merah,31500
2023-03-29,3574,bawang_merah,31500
2023-03-30,3574,bawang_merah,31250
2023-03-31,3574,bawang_merah,31000
2023-04-03,3574,bawang_merah,31000
2023-04-04,3574,bawang_merah,31000
2023-04-05,3574,bawang_merah,31000
2023-04-06,3574,bawang_merah,31000
2023-04-10,3574,bawang_merah,31000
2023-04-11,3574,bawang_merah,31000
2023-04-12,3574,bawang_merah,31000
2023-04-13,3574,bawang_merah,31000
2023-04-14,3574,bawang_merah,31000
2023-04-17,3574,bawang_merah,34000
2023-04-18,3574,bawang_merah,36500
2023-04-19,3574,bawang_merah,36500
2023-04-20,3574,bawang_merah,36500
2023-04-21,3574,bawang_merah,36500
2023-04-24,3574,bawang_merah,36500
2023-04-25,3574,bawang_merah,36500
2023-04-26,3574,bawang_merah,36500
2023-04-27,3574,bawang_merah,39000
2023-04-28,3574,bawang_merah,39000
2023-05-01,3574,bawang_merah,39000
2023-05-02,3574,bawang_merah,39000
2023-05-03,3574,bawang_merah,40000
2023-05-04,3574,bawang_merah,40000
2023-05-05,3574,bawang_merah,40000
2023-05-08,3574,bawang_merah,40000
2023-05-09,3574,bawang_merah,39000
2023-05-10,3574,bawang_merah,39000
2023-05-11,3574,bawang_merah,39000
2023-05-12,3574,bawang_merah,39000
2023-05-15,3574,bawang_merah,39000
2023-05-16,3574,bawang_merah,40000
2023-05-17,3574,bawang_merah,40000
2023-05-18,3574,bawang_merah,40000
2023-05-19,3574,bawang_merah,38000
2023-05-22,3574,bawang_merah,38000
2023-05-23,3574,bawang_merah,35500
2023-05-24,3574,bawang_merah,35000
2023-05-25,3574,bawang_merah,35000
2023-05-26,3574,bawang_merah,35000
2023-05-29,3574,bawang_merah,35000
2023-05-30,3574,bawang_merah,35000
2023-05-31,3574,bawang_merah,35000
2023-06-01,3574,bawang_merah,35000
2023-06-02,3574,bawang_merah,35000
2023-06-05,3574,bawang_merah,35000
2023-06-06,3574,bawang_merah,35000
2023-06-07,3574,bawang_merah,35000
2023-06-08,3574,bawang_merah,35000
2023-06-09,3574,bawang_merah,35000
2023-06-12,3574,bawang_merah,35500
2023-06-13,3574,bawang_merah,35500
2023-06-14,3574,bawang_merah,37250
2023-06-15,3574,bawang_merah,37250
2023-06-16,3574,bawang_merah,38000
2023-06-19,3574,bawang_merah,38000
2023-06-20,3574,bawang_merah,38000
2023-06-21,3574,bawang_merah,38000
2023-06-22,3574,bawang_merah,38000
2023-06-23,3574,bawang_merah,35500
2023-06-26,3574,bawang_merah,35500
2023-06-27,3574,bawang_merah,35500
2023-06-28,3574,bawang_merah,35500
2023-06-29,3574,bawang_merah,35500
2023-06-30,3574,bawang_merah,35500
2023-07-03,3574,bawang_merah,35500
2023-07-04,3574,bawang_merah,35500
2023-07-05,3574,bawang_merah,35500
2023-07-06,3574,bawang_merah,35500
2023-07-07,3574,bawang_merah,35500
2023-07-10,3574,bawang_merah,35000
2023-07-11,3574,bawang_merah,35000
2023-07-12,3574,bawang_merah,33500
2023-07-13,3574,bawang_merah,32000
2023-07-14,3574,bawang_merah,32000
2023-07-17,3574,bawang_merah,30000
2023-07-18,3574,bawang_merah,27500
2023-07-19,3574,bawang_merah,27500
2023-07-20,3574,bawang_merah,25000
2023-07-21,3574,bawang_merah,25000
2023-07-24,3574,bawang_merah,20000
2023-07-25,3574,bawang_merah,20000
2023-07-26,3574,bawang_merah,20000
2023-07-27,3574,bawang_merah,20000
2023-07-28,3574,bawang_merah,20000
2023-07-31,3574,bawang_merah,20000
2023-08-01,3574,bawang_merah,20000
2023-08-02,3574,bawang_merah,20000
2023-08-03,3574,bawang_merah,20000
2023-08-04,3574,bawang_merah,20000
2023-08-07,3574,bawang_merah,20000
2023-08-08,3574,bawang_merah,20000
2023-08-09,3574,bawang_merah,20000
2023-08-10,3574,bawang_merah,20000
2023-08-11,3574,bawang_merah,20000
2023-08-14,3574,bawang_merah,20000
2023-08-15,3574,bawang_merah,20000
2023-08-16,3574,bawang_merah,20000
2023-08-17,3574,bawang_merah,20000
2023-08-18,3574,bawang_merah,20000
2023-08-21,3574,bawang_merah,19000
2023-08-22,3574,bawang_merah,19000
2023-08-23,3574,bawang_merah,20000
2023-08-24,3574,bawang_merah,20000
2023-08-25,3574,bawang_merah,20000
2023-08-28,3574,bawang_merah,20000
2023-08-29,3574,bawang_merah,20000
2023-08-30,3574,bawang_merah,20000
2023-08-31,3574,bawang_merah,20000
2023-09-01,3574,bawang_merah,20000
2023-09-04,3574,bawang_merah,20000
2023-09-05,3574,bawang_merah,20000
2023-09-06,3574,bawang_merah,19000
2023-09-07,3574,bawang_merah,19000
2023-09-08,3574,bawang_merah,19000
2023-09-11,3574,bawang_merah,19000
2023-09-12,3574,bawang_merah,19000
2023-09-13,3574,bawang_merah,19000
2023-09-14,3574,bawang_merah,19000
2023-09-15,3574,bawang_merah,19000
2023-09-18,3574,bawang_merah,19000
2023-09-19,3574,bawang_merah,19000
2023-09-20,3574,bawang_merah,19000
2023-09-21,3574,bawang_merah,19000
2023-09-22,3574,bawang_merah,19000
2023-09-25,3574,bawang_merah,19000
2023-09-26,3574,bawang_merah,20000
2023-09-27,3574,bawang_merah,20000
2023-09-28,3574,bawang_merah,20000
2023-09-29,3574,bawang_merah,20000
2023-10-02,3574,bawang_merah,20000
2023-10-03,3574,bawang_merah,20000
2023-10-04,3574,bawang_merah,19000
2023-10-05,3574,bawang_merah,19000
2023-10-06,3574,bawang_merah,19000
2023-10-09,3574,bawang_merah,19000
2023-10-10,3574,bawang_merah,19000
2023-10-11,3574,bawang_merah,19000
2023-10-12,3574,bawang_merah,19000
2023-10-13,3574,bawang_merah,19000
2023-10-16,3574,bawang_merah,19000
2023-10-17,3574,bawang_merah,19000
2023-10-18,3574,bawang_merah,19000
2023-10-19,3574,bawang_merah,19000
2023-10-20,3574,bawang_merah,19000
2023-10-23,3574,bawang_merah,19000
2023-10-24,3574,bawang_merah,19000
2023-10-25,3574,bawang_merah,19000
2023-10-26,3574,bawang_merah,19000
2023-10-27,3574,bawang_merah,19000
2023-10-30,3574,bawang_merah,19000
2023-10-31,3574,bawang_merah,19000
2023-11-01,3574,bawang_merah,19000
2023-11-02,3574,bawang_merah,19000
2023-11-03,3574,bawang_merah,20000
2023-11-06,3574,bawang_merah,21000
2023-11-07,3574,bawang_merah,22500
2023-11-08,3574,bawang_merah,24000
2023-11-09,3574,bawang_merah,24000
2023-11-10,3574,bawang_merah,24000
2023-11-13,3574,bawang_merah,25000
2023-11-14,3574,bawang_merah,25000
2023-11-15,3574,bawang_merah,25000
2023-11-16,3574,bawang_merah,24500
2023-11-17,3574,bawang_merah,23500
2023-11-20,3574,bawang_merah,24500
2023-11-21,3574,bawang_merah,24500
2023-11-22,3574,bawang_merah,24500
2023-11-23,3574,bawang_merah,24500
2023-11-24,3574,bawang_merah,24500
2023-11-27,3574,bawang_merah,24500
2023-11-28,3574,bawang_merah,24500
2023-11-29,3574,bawang_merah,28000
2023-11-30,3574,bawang_merah,28000
2023-12-01,3574,bawang_merah,27500
2023-12-04,3574,bawang_merah,27500
2023-12-05,3574,bawang_merah,27500
2023-12-06,3574,bawang_merah,27500
2023-12-07,3574,bawang_merah,27500
2023-12-08,3574,bawang_merah,27500
2023-12-11,3574,bawang_merah,27500
2023-12-12,3574,bawang_merah,27500
2023-12-13,3574,bawang_merah,27500
2023-12-14,3574,bawang_merah,30000
2023-12-15,3574,bawang_merah,30000
2023-12-18,3574,bawang_merah,30000
2023-12-19,3574,bawang_merah,30000
2023-12-20,3574,bawang_merah,30000
2023-12-21,3574,bawang_merah,30000
2023-12-22,3574,bawang_merah,30000
2023-12-27,3574,bawang_merah,30000
2023-12-28,3574,bawang_merah,30000
2023-12-29,3574,bawang_merah,33500
2024-01-01,3574,bawang_merah,33500
2024-01-02,3574,bawang_merah,35000
2024-01-03,3574,bawang_merah,35000
2024-01-04,3574,bawang_merah,35000
2024-01-05,3574,bawang_merah,35000
2024-01-08,3574,bawang_merah,35000
2024-01-09,3574,bawang_merah,35000
2024-01-10,3574,bawang_merah,35000
2024-01-11,3574,bawang_merah,35000
2024-01-12,3574,bawang_merah,35000
2024-01-15,3574,bawang_merah,33500
2024-01-16,3574,bawang_merah,33500
2024-01-17,3574,bawang_merah,33500
2024-01-18,3574,bawang_merah,33500
2024-01-19,3574,bawang_merah,34500
2024-01-22,3574,bawang_merah,34500
2024-01-23,3574,bawang_merah,30000
2024-01-24,3574,bawang_merah,30000
2024-01-25,3574,bawang_merah,30000
2024-01-26,3574,bawang_merah,30000
2024-01-29,3574,bawang_merah,30000
2024-01-30,3574,bawang_merah,30000
2024-01-31,3574,bawang_merah,30000
2024-02-01,3574,bawang_merah,30000
2024-02-02,3574,bawang_merah,30000
2024-02-05,3574,bawang_merah,30000
2024-02-06,3574,bawang_merah,30000
2024-02-07,3574,bawang_merah,30000
2024-02-08,3574,bawang_merah,30000
2024-02-09,3574,bawang_merah,30000
2024-02-12,3574,bawang_merah,30000
2024-02-13,3574,bawang_merah,27500
2024-02-14,3574,bawang_merah,27500
2024-02-15,3574,bawang_merah,27500
2024-02-16,3574,bawang_merah,27500
2024-02-19,3574,bawang_merah,27500
2024-02-20,3574,bawang_merah,27500
2024-02-21,3574,bawang_merah,28500
2024-02-22,3574,bawang_merah,30000
2024-02-23,3574,bawang_merah,30000
2024-02-26,3574,bawang_merah,30000
2024-02-27,3574,bawang_merah,30000
2024-02-28,3574,bawang_merah,30000
2024-02-29,3574,bawang_merah,30000
2024-03-01,3574,bawang_merah,30000
2024-03-04,3574,bawang_merah,30000
2024-03-05,3574,bawang_merah,30000
2024-03-06,3574,bawang_merah,30000
2024-03-07,3574,bawang_merah,30000
2024-03-08,3574,bawang_merah,30000
2024-03-11,3574,bawang_merah,30000
2024-03-12,3574,bawang_merah,30000
2024-03-13,3574,bawang_merah,29000
2024-03-14,3574,bawang_merah,29000
2024-03-15,3574,bawang_merah,29000
2024-03-18,3574,bawang_merah,29000
2024-03-19,3574,bawang_merah,29000
2024-03-20,3574,bawang_merah,29000
2024-03-21,3574,bawang_merah,29000
2024-03-22,3574,bawang_merah,29000
2024-03-25,3574,bawang_merah,29000
2024-03-26,3574,bawang_merah,29000
2024-03-27,3574,bawang_merah,29000
2024-03-28,3574,bawang_merah,29000
2024-03-29,3574,bawang_merah,29000
2024-04-01,3574,bawang_merah,29000
2024-04-02,3574,bawang_merah,29000
2024-04-03,3574,bawang_merah,29000
2024-04-04,3574,bawang_merah,35000
2024-04-05,3574,bawang_merah,40000
2024-04-08,3574,bawang_merah,40000
2024-04-09,3574,bawang_merah,40000
2024-04-10,3574,bawang_merah,40000
2024-04-11,3574,bawang_merah,40000
2024-04-12,3574,bawang_merah,40000
2024-04-15,3574,bawang_merah,40000
2024-04-16,3574,bawang_merah,45000
2024-04-17,3574,bawang_merah,52500
2024-04-18,3574,bawang_merah,52500
2024-04-19,3574,bawang_merah,52500
2024-04-22,3574,bawang_merah,52500
2024-04-23,3574,bawang_merah,52500
2024-04-24,3574,bawang_merah,52500
2024-04-25,3574,bawang_merah,52500
2024-04-26,3574,bawang_merah,52500
2024-04-29,3574,bawang_merah,53500
2024-04-30,3574,bawang_merah,53500
2024-05-01,3574,bawang_merah,53500
2024-05-02,3574,bawang_merah,49000
2024-05-03,3574,bawang_merah,49000
2024-05-06,3574,bawang_merah,47500
2024-05-07,3574,bawang_merah,47500
2024-05-08,3574,bawang_merah,47500
2024-05-09,3574,bawang_merah,47500
2024-05-10,3574,bawang_merah,47500
2024-05-13,3574,bawang_merah,48500
2024-05-14,3574,bawang_merah,49000
2024-05-15,3574,bawang_merah,49000
2024-05-16,3574,bawang_merah,49000
2024-05-17,3574,bawang_merah,49000
2024-05-20,3574,bawang_merah,49000
2024-05-21,3574,bawang_merah,50000
2024-05-22,3574,bawang_merah,50000
2024-05-23,3574,bawang_merah,50000
2024-05-24,3574,bawang_merah,50000
2024-05-27,3574,bawang_merah,45000
2024-05-28,3574,bawang_merah,45000
2024-05-29,3574,bawang_merah,45000
2024-05-30,3574,bawang_merah,45000
2024-05-31,3574,bawang_merah,45000
2024-06-03,3574,bawang_merah,45000
2024-06-04,3574,bawang_merah,45000
2024-06-05,3574,bawang_merah,41500
2024-06-06,3574,bawang_merah,40000
2024-06-07,3574,bawang_merah,40000
2024-06-10,3574,bawang_merah,40000
2024-06-11,3574,bawang_merah,40000
2024-06-12,3574,bawang_merah,40000
2024-06-13,3574,bawang_merah,40000
2024-06-14,3574,bawang_merah,40000
2024-06-17,3574,bawang_merah,40000
2024-06-18,3574,bawang_merah,40000
2024-06-19,3574,bawang_merah,38500
2024-06-20,3574,bawang_merah,37000
2024-06-21,3574,bawang_merah,37000
2024-06-24,3574,bawang_merah,35500
2024-06-25,3574,bawang_merah,35500
2024-06-26,3574,bawang_merah,32500
2024-06-27,3574,bawang_merah,32500
2024-06-28,3574,bawang_merah,32500
2024-07-01,3574,bawang_merah,28500
2024-07-02,3574,bawang_merah,28500
2024-07-03,3574,bawang_merah,27500
2024-07-04,3574,bawang_merah,27500
2024-07-05,3574,bawang_merah,27500
2024-07-08,3574,bawang_merah,27500
2024-07-09,3574,bawang_merah,27500
2024-07-10,3574,bawang_merah,27500
2024-07-11,3574,bawang_merah,27500
2024-07-12,3574,bawang_merah,25250
2024-07-15,3574,bawang_merah,24250
2024-07-16,3574,bawang_merah,23500
2024-07-17,3574,bawang_merah,23500
2024-07-18,3574,bawang_merah,23500
2024-07-19,3574,bawang_merah,23500
2024-07-22,3574,bawang_merah,22500
2024-07-23,3574,bawang_merah,22500
2024-07-24,3574,bawang_merah,22500
2024-07-25,3574,bawang_merah,21000
2024-07-26,3574,bawang_merah,20000
2024-07-29,3574,bawang_merah,19500
2024-07-30,3574,bawang_merah,19000
2024-07-31,3574,bawang_merah,19000
2024-08-01,3574,bawang_merah,19000
2024-08-02,3574,bawang_merah,19000
2024-08-05,3574,bawang_merah,18500
2024-08-06,3574,bawang_merah,18500
2024-08-07,3574,bawang_merah,19000
2024-08-08,3574,bawang_merah,19000
2024-08-09,3574,bawang_merah,19000
2024-08-12,3574,bawang_merah,19000
2024-08-13,3574,bawang_merah,20000
2024-08-14,3574,bawang_merah,20000
2024-08-15,3574,bawang_merah,20000
2024-08-16,3574,bawang_merah,20000
2024-08-19,3574,bawang_merah,20000
2024-08-20,3574,bawang_merah,20000
2024-08-21,3574,bawang_merah,20000
2024-08-22,3574,bawang_merah,20000
2024-08-23,3574,bawang_merah,20000
2024-08-26,3574,bawang_merah,23000
2024-08-27,3574,bawang_merah,23000
2024-08-28,3574,bawang_merah,23000
2024-08-29,3574,bawang_merah,22500
2024-08-30,3574,bawang_merah,22500
2024-09-02,3574,bawang_merah,23000
2024-09-03,3574,bawang_merah,23000
2024-09-04,3574,bawang_merah,22500
2024-09-05,3574,bawang_merah,22500
2024-09-06,3574,bawang_merah,22500
2024-09-09,3574,bawang_merah,24000
2024-09-10,3574,bawang_merah,24000
2024-09-11,3574,bawang_merah,24000
2024-09-12,3574,bawang_merah,24000
2024-09-13,3574,bawang_merah,24000
2024-09-16,3574,bawang_merah,24000
2024-09-17,3574,bawang_merah,24000
2024-09-18,3574,bawang_merah,24000
2024-09-19,3574,bawang_merah,24000
2024-09-20,3574,bawang_merah,24000
2024-09-23,3574,bawang_merah,23500
2024-09-24,3574,bawang_merah,23500
2024-09-25,3574,bawang_merah,23500
2024-09-26,3574,bawang_merah,23500
2024-09-27,3574,bawang_merah,23500
2024-09-30,3574,bawang_merah,23000
2024-10-01,3574,bawang_merah,23000
2024-10-02,3574,bawang_merah,23000
2024-10-03,3574,bawang_merah,23000
2024-10-04,3574,bawang_merah,23000
2024-10-07,3574,bawang_merah,23000
2024-10-08,3574,bawang_merah,23000
2024-10-09,3574,bawang_merah,23000
2024-10-10,3574,bawang_merah,23000
2024-10-11,3574,bawang_merah,23000
2024-10-14,3574,bawang_merah,23000
2024-10-15,3574,bawang_merah,23000
2024-10-16,3574,bawang_merah,24500
2024-10-17,3574,bawang_merah,24500
2024-10-18,3574,bawang_merah,24500
2024-10-21,3574,bawang_merah,25500
2024-10-22,3574,bawang_merah,25500
2024-10-23,3574,bawang_merah,26000
2024-10-24,3574,bawang_merah,26000
2024-10-25,3574,bawang_merah,26000
2024-10-28,3574,bawang_merah,26000
2024-10-29,3574,bawang_merah,26000
2024-10-30,3574,bawang_merah,26000
2024-10-31,3574,bawang_merah,27500
2024-11-01,3574,bawang_merah,28000
2024-11-04,3574,bawang_merah,28000
2024-11-05,3574,bawang_merah,33000
2024-11-06,3574,bawang_merah,33000
2024-11-07,3574,bawang_merah,33000
2024-11-08,3574,bawang_merah,33000
2024-11-11,3574,bawang_merah,36500
2024-11-12,3574,bawang_merah,36500
2024-11-13,3574,bawang_merah,36500
2024-11-14,3574,bawang_merah,36500
2024-11-15,3574,bawang_merah,36500
2024-11-18,3574,bawang_merah,36500
2024-11-19,3574,bawang_merah,37000
2024-11-20,3574,bawang_merah,37000
2024-11-21,3574,bawang_merah,37000
2024-11-22,3574,bawang_merah,37000
2024-11-25,3574,bawang_merah,39000
2024-11-26,3574,bawang_merah,39000
2024-11-27,3574,bawang_merah,39000
2024-11-28,3574,bawang_merah,39500
2024-11-29,3574,bawang_merah,39500
2024-12-02,3574,bawang_merah,40000
2024-12-03,3574,bawang_merah,40000
2024-12-04,3574,bawang_merah,40000
2024-12-05,3574,bawang_merah,39000
2024-12-06,3574,bawang_merah,39000
2024-12-09,3574,bawang_merah,39000
2024-12-10,3574,bawang_merah,39000
2024-12-11,3574,bawang_merah,39000
2024-12-12,3574,bawang_merah,39000
2024-12-13,3574,bawang_merah,39000
2024-12-16,3574,bawang_merah,39000
2024-12-17,3574,bawang_merah,39000
2024-12-18,3574,bawang_merah,39000
2024-12-19,3574,bawang_merah,39000
2024-12-20,3574,bawang_merah,39000
2024-12-23,3574,bawang_merah,39000
2024-12-24,3574,bawang_merah,39000
2024-12-25,3574,bawang_merah,39000
2024-12-26,3574,bawang_merah,39000
2024-12-27,3574,bawang_merah,39000
2024-12-30,3574,bawang_merah,39000
2024-12-31,3574,bawang_merah,39000
2025-01-01,3574,bawang_merah,39000
2025-01-02,3574,bawang_merah,39000
2025-01-03,3574,bawang_merah,39000
2025-01-06,3574,bawang_merah,39000
2025-01-07,3574,bawang_merah,40000
2025-01-08,3574,bawang_merah,40000
2025-01-09,3574,bawang_merah,40000
2025-01-10,3574,bawang_merah,40000
2025-01-13,3574,bawang_merah,39000
2025-01-14,3574,bawang_merah,39000
2025-01-15,3574,bawang_merah,39000
2025-01-16,3574,bawang_merah,39000
2025-01-17,3574,bawang_merah,38000
2025-01-20,3574,bawang_merah,35500
2025-01-21,3574,bawang_merah,35500
2025-01-22,3574,bawang_merah,35500
2025-01-23,3574,bawang_merah,35500
2025-01-24,3574,bawang_merah,35500
2025-01-27,3574,bawang_merah,35500
2025-01-28,3574,bawang_merah,35500
2025-01-29,3574,bawang_merah,35500
2025-01-30,3574,bawang_merah,35500
2025-01-31,3574,bawang_merah,35000
2025-02-03,3574,bawang_merah,35000
2025-02-04,3574,bawang_merah,35000
2025-02-05,3574,bawang_merah,35000
2025-02-06,3574,bawang_merah,35000
2025-02-07,3574,bawang_merah,35000
2025-02-10,3574,bawang_merah,35000
2025-02-11,3574,bawang_merah,35000
2025-02-12,3574,bawang_merah,35000
2025-02-13,3574,bawang_merah,35000
2025-02-14,3574,bawang_merah,34500
2025-02-17,3574,bawang_merah,33500
2025-02-18,3574,bawang_merah,33500
2025-02-19,3574,bawang_merah,33500
2025-02-20,3574,bawang_merah,33500
2025-02-21,3574,bawang_merah,32000
2025-02-24,3574,bawang_merah,33500
2025-02-25,3574,bawang_merah,35000
2025-02-26,3574,bawang_merah,35000
2025-02-27,3574,bawang_merah,35000
2025-02-28,3574,bawang_merah,35000
2025-03-03,3574,bawang_merah,35000
2025-03-04,3574,bawang_merah,35000
2025-03-05,3574,bawang_merah,35000
2025-03-06,3574,bawang_merah,40000
2025-03-07,3574,bawang_merah,40000
2025-03-10,3574,bawang_merah,40000
2025-03-11,3574,bawang_merah,40000
2025-03-12,3574,bawang_merah,40000
2025-03-13,3574,bawang_merah,40000
2025-03-14,3574,bawang_merah,44500
2025-03-17,3574,bawang_merah,45000
2025-03-18,3574,bawang_merah,45000
2025-03-19,3574,bawang_merah,45000
2025-03-20,3574,bawang_merah,45000
2025-03-21,3574,bawang_merah,45000
2025-03-24,3574,bawang_merah,45000
2025-03-25,3574,bawang_merah,45000
2025-03-26,3574,bawang_merah,45000
2025-03-27,3574,bawang_merah,45000
2025-03-28,3574,bawang_merah,45000
2025-03-31,3574,bawang_merah,45000
2025-04-01,3574,bawang_merah,45000
2025-04-02,3574,bawang_merah,45000
2025-04-03,3574,bawang_merah,45000
2025-04-04,3574,bawang_merah,45000
2025-04-07,3574,bawang_merah,45000
2025-04-08,3574,bawang_merah,45000
2025-04-09,3574,bawang_merah,45000
2025-04-10,3574,bawang_merah,45000
2025-04-11,3574,bawang_merah,45000
2025-04-14,3574,bawang_merah,45000
2025-04-15,3574,bawang_merah,45000
2025-04-16,3574,bawang_merah,45000
2025-04-17,3574,bawang_merah,45000
2025-04-18,3574,bawang_merah,45000
2025-04-21,3574,bawang_merah,45000
2025-04-22,3574,bawang_merah,45000
2025-04-23,3574,bawang_merah,45000
2025-04-24,3574,bawang_merah,45000
2025-04-25,3574,bawang_merah,42750
2025-04-28,3574,bawang_merah,40000
2025-04-29,3574,bawang_merah,40000
2025-04-30,3574,bawang_merah,40000
2025-05-01,3574,bawang_merah,40000
2025-05-02,3574,bawang_merah,40000
2025-05-05,3574,bawang_merah,40000
2025-05-06,3574,bawang_merah,40000
2025-05-07,3574,bawang_merah,40000
2025-05-08,3574,bawang_merah,40000
2025-05-09,3574,bawang_merah,40000
2025-05-12,3574,bawang_merah,40000
2025-05-13,3574,bawang_merah,40000
2025-05-14,3574,bawang_merah,40000
2025-05-15,3574,bawang_merah,40000
2025-05-16,3574,bawang_merah,40000
2025-05-19,3574,bawang_merah,38500
2025-05-20,3574,bawang_merah,35500
2025-05-21,3574,bawang_merah,35500
2025-05-22,3574,bawang_merah,35000
2025-05-23,3574,bawang_merah,35000
2025-05-26,3574,bawang_merah,35000
2025-05-27,3574,bawang_merah,35000
2025-05-28,3574,bawang_merah,35000
2025-05-29,3574,bawang_merah,35000
2025-05-30,3574,bawang_merah,35000
2025-06-02,3574,bawang_merah,35000
2025-06-03,3574,bawang_merah,39500
2025-06-04,3574,bawang_merah,39500
2025-06-05,3574,bawang_merah,39500
2025-06-06,3574,bawang_merah,39500
2025-06-09,3574,bawang_merah,39500
2025-06-10,3574,bawang_merah,39500
2025-06-11,3574,bawang_merah,39500
2025-06-12,3574,bawang_merah,42000
2025-06-13,3574,bawang_merah,45000
2025-06-16,3574,bawang_merah,45000
2025-06-17,3574,bawang_merah,45000
2025-06-18,3574,bawang_merah,45000
2025-06-19,3574,bawang_merah,40000
2025-06-20,3574,bawang_merah,40000
2025-06-23,3574,bawang_merah,40000
2025-06-24,3574,bawang_merah,40000
2025-06-25,3574,bawang_merah,40000
2025-06-26,3574,bawang_merah,40000
2025-06-27,3574,bawang_merah,40000
2025-06-30,3574,bawang_merah,40000
2025-07-01,3574,bawang_merah,38500
2025-07-02,3574,bawang_merah,38500
2025-07-03,3574,bawang_merah,38500
2025-07-04,3574,bawang_merah,38500
2025-07-07,3574,bawang_merah,40000
2025-07-08,3574,bawang_merah,40000
2025-07-09,3574,bawang_merah,40000
2025-07-10,3574,bawang_merah,40000
2025-07-11,3574,bawang_merah,40000
2025-07-14,3574,bawang_merah,40000
2025-07-15,3574,bawang_merah,40000
2025-07-16,3574,bawang_merah,40000
2025-07-17,3574,bawang_merah,40000
2025-07-18,3574,bawang_merah,40000
2025-07-21,3574,bawang_merah,40000
2025-07-22,3574,bawang_merah,40000
2025-07-23,3574,bawang_merah,45000
2025-07-24,3574,bawang_merah,45000
2025-07-25,3574,bawang_merah,45000
2025-07-28,3574,bawang_merah,50000
2025-07-29,3574,bawang_merah,50000
2025-07-30,3574,bawang_merah,50000
2025-07-31,3574,bawang_merah,50000
2025-08-01,3574,bawang_merah,50000
2025-08-04,3574,bawang_merah,50000
2025-08-05,3574,bawang_merah,50000
2025-08-06,3574,bawang_merah,50000
2025-08-07,3574,bawang_merah,50000
2025-08-08,3574,bawang_merah,50000
2025-08-11,3574,bawang_merah,50000
2025-08-12,3574,bawang_merah,50000
2025-08-13,3574,bawang_merah,50000
2025-08-14,3574,bawang_merah,50000
2025-08-15,3574,bawang_merah,50000
2025-08-18,3574,bawang_merah,50000
2025-08-19,3574,bawang_merah,50000
2025-08-20,3574,bawang_merah,45000
2025-08-21,3574,bawang_merah,45000
2025-08-22,3574,bawang_merah,45000
2025-08-25,3574,bawang_merah,45000
2025-08-26,3574,bawang_merah,45000
2025-08-27,3574,bawang_merah,45000
2025-08-28,3574,bawang_merah,45000
2025-08-29,3574,bawang_merah,45000
2025-09-01,3574,bawang_merah,40000
2025-09-02,3574,bawang_merah,40000
2025-09-03,3574,bawang_merah,40000
2025-09-04,3574,bawang_merah,40000
2025-09-05,3574,bawang_merah,40000
2025-09-08,3574,bawang_merah,35000
2025-09-09,3574,bawang_merah,35000
2025-09-10,3574,bawang_merah,35000
2025-09-11,3574,bawang_merah,35000
2025-09-12,3574,bawang_merah,35000
2025-09-15,3574,bawang_merah,35000
2025-09-16,3574,bawang_merah,35000
2025-09-17,3574,bawang_merah,35000
2025-09-18,3574,bawang_merah,35000
2025-09-19,3574,bawang_merah,35000
2025-09-22,3574,bawang_merah,35000
2025-09-23,3574,bawang_merah,35000
2025-09-24,3574,bawang_merah,35000
2025-09-25,3574,bawang_merah,35000
2025-09-26,3574,bawang_merah,35000
2025-09-29,3574,bawang_merah,35000
2025-09-30,3574,bawang_merah,35000
2025-10-01,3574,bawang_merah,35000
2025-10-02,3574,bawang_merah,35000
2025-10-03,3574,bawang_merah,35000
2025-10-06,3574,bawang_merah,35000
2025-10-07,3574,bawang_merah,35000
2025-10-08,3574,bawang_merah,39000
2025-10-09,3574,bawang_merah,39000
2025-10-10,3574,bawang_merah,39000
2025-10-13,3574,bawang_merah,38000
2025-10-14,3574,bawang_merah,38000
2025-10-15,3574,bawang_merah,38000
2025-10-16,3574,bawang_merah,38000
2025-10-17,3574,bawang_merah,38000
2025-10-20,3574,bawang_merah,40000
2025-10-21,3574,bawang_merah,40000
2025-10-22,3574,bawang_merah,40000
2025-10-23,3574,bawang_merah,40000
2025-10-24,3574,bawang_merah,39500
2025-10-27,3574,bawang_merah,40000
2025-10-28,3574,bawang_merah,40000
2025-10-29,3574,bawang_merah,40000
2025-10-30,3574,bawang_merah,40000
2025-10-31,3574,bawang_merah,40000
2025-11-03,3574,bawang_merah,40000
2025-11-04,3574,bawang_merah,40000
2025-11-05,3574,bawang_merah,40000
2025-11-06,3574,bawang_merah,40000
2025-11-07,3574,bawang_merah,40000
2025-11-10,3574,bawang_merah,40000
2025-11-11,3574,bawang_merah,40000
2025-11-12,3574,bawang_merah,40000
2025-11-13,3574,bawang_merah,40000
2025-11-14,3574,bawang_merah,40000
2025-11-17,3574,bawang_merah,40000
2025-11-18,3574,bawang_merah,40000
2025-11-19,3574,bawang_merah,40000
2025-11-20,3574,bawang_merah,40000
2025-11-21,3574,bawang_merah,40000
2025-11-24,3574,bawang_merah,40000
2025-11-25,3574,bawang_merah,40000
2025-11-26,3574,bawang_merah,40000
2025-11-27,3574,bawang_merah,40000
2025-11-28,3574,bawang_merah,40000
2025-12-01,3574,bawang_merah,48500
2025-12-02,3574,bawang_merah,48500
2025-12-03,3574,bawang_merah,50000
2025-12-04,3574,bawang_merah,50000
2025-12-05,3574,bawang_merah,50000
2025-12-08,3574,bawang_merah,50000
2025-12-09,3574,bawang_merah,50000
2025-12-10,3574,bawang_merah,50000
2025-12-11,3574,bawang_merah,51250
2025-12-12,3574,bawang_merah,54250
2025-12-15,3574,bawang_merah,53250
2025-12-16,3574,bawang_merah,53250
2025-12-17,3574,bawang_merah,53250
2025-12-18,3574,bawang_merah,53250
2025-12-19,3574,bawang_merah,53250
2025-12-22,3574,bawang_merah,45750
2025-12-23,3574,bawang_merah,45750
2025-12-24,3574,bawang_merah,45750
2025-12-25,3574,bawang_merah,45750
2025-12-26,3574,bawang_merah,45750
2025-12-29,3574,bawang_merah,46500
2025-12-30,3574,bawang_merah,45000
2025-12-31,3574,bawang_merah,45000
2021-01-04,3577,bawang_merah,29500
2021-01-05,3577,bawang_merah,29500
2021-01-06,3577,bawang_merah,29500
2021-01-07,3577,bawang_merah,29500
2021-01-08,3577,bawang_merah,29500
2021-01-11,3577,bawang_merah,26500
2021-01-12,3577,bawang_merah,26500
2021-01-13,3577,bawang_merah,26500
2021-01-14,3577,bawang_merah,26500
2021-01-15,3577,bawang_merah,26500
2021-01-18,3577,bawang_merah,22250
2021-01-19,3577,bawang_merah,22250
2021-01-20,3577,bawang_merah,22250
2021-01-21,3577,bawang_merah,22250
2021-01-22,3577,bawang_merah,22250
2021-01-25,3577,bawang_merah,24000
2021-01-26,3577,bawang_merah,24000
2021-01-27,3577,bawang_merah,24000
2021-01-28,3577,bawang_merah,24000
2021-01-29,3577,bawang_merah,24000
2021-02-01,3577,bawang_merah,23250
2021-02-02,3577,bawang_merah,23250
2021-02-03,3577,bawang_merah,23250
2021-02-04,3577,bawang_merah,23250
2021-02-05,3577,bawang_merah,23250
2021-02-08,3577,bawang_merah,24000
2021-02-09,3577,bawang_merah,24000
2021-02-10,3577,bawang_merah,24000
2021-02-11,3577,bawang_merah,24000
2021-02-15,3577,bawang_merah,31250
2021-02-16,3577,bawang_merah,31250
2021-02-17,3577,bawang_merah,31250
2021-02-18,3577,bawang_merah,31250
2021-02-19,3577,bawang_merah,31250
2021-02-22,3577,bawang_merah,32000
2021-02-23,3577,bawang_merah,32000
2021-02-24,3577,bawang_merah,32000
2021-02-25,3577,bawang_merah,32000
2021-02-26,3577,bawang_merah,32000
2021-03-01,3577,bawang_merah,32000
2021-03-02,3577,bawang_merah,32000
2021-03-03,3577,bawang_merah,32000
2021-03-04,3577,bawang_merah,32000
2021-03-05,3577,bawang_merah,32000
2021-03-08,3577,bawang_merah,32500
2021-03-09,3577,bawang_merah,32500
2021-03-10,3577,bawang_merah,32500
2021-03-12,3577,bawang_merah,32500
2021-03-15,3577,bawang_merah,32500
2021-03-16,3577,bawang_merah,32500
2021-03-17,3577,bawang_merah,32500
2021-03-18,3577,bawang_merah,32500
2021-03-19,3577,bawang_merah,32500
2021-03-22,3577,bawang_merah,31250
2021-03-23,3577,bawang_merah,31250
2021-03-24,3577,bawang_merah,31250
2021-03-25,3577,bawang_merah,31250
2021-03-26,3577,bawang_merah,31250
2021-03-29,3577,bawang_merah,30500
2021-03-30,3577,bawang_merah,30500
2021-03-31,3577,bawang_merah,30500
2021-04-01,3577,bawang_merah,30500
2021-04-05,3577,bawang_merah,28500
2021-04-06,3577,bawang_merah,28500
2021-04-07,3577,bawang_merah,28500
2021-04-08,3577,bawang_merah,28500
2021-04-09,3577,bawang_merah,28500
2021-04-12,3577,bawang_merah,26250
2021-04-13,3577,bawang_merah,26250
2021-04-14,3577,bawang_merah,26250
2021-04-15,3577,bawang_merah,26250
2021-04-16,3577,bawang_merah,26250
2021-04-19,3577,bawang_merah,25750
2021-04-20,3577,bawang_merah,25750
2021-04-21,3577,bawang_merah,25750
2021-04-22,3577,bawang_merah,25750
2021-04-23,3577,bawang_merah,25750
2021-04-26,3577,bawang_merah,26000
2021-04-27,3577,bawang_merah,26000
2021-04-28,3577,bawang_merah,26000
2021-04-29,3577,bawang_merah,26000
2021-04-30,3577,bawang_merah,26000
2021-05-03,3577,bawang_merah,25000
2021-05-04,3577,bawang_merah,25000
2021-05-05,3577,bawang_merah,25000
2021-05-06,3577,bawang_merah,25000
2021-05-07,3577,bawang_merah,25000
2021-05-10,3577,bawang_merah,28750
2021-05-11,3577,bawang_merah,28750
2021-05-17,3577,bawang_merah,25000
2021-05-18,3577,bawang_merah,25000
2021-05-19,3577,bawang_merah,25000
2021-05-20,3577,bawang_merah,25000
2021-05-21,3577,bawang_merah,25000
2021-05-24,3577,bawang_merah,28750
2021-05-25,3577,bawang_merah,28750
2021-05-27,3577,bawang_merah,28750
2021-05-28,3577,bawang_merah,28750
2021-05-31,3577,bawang_merah,26750
2021-06-02,3577,bawang_merah,26750
2021-06-03,3577,bawang_merah,26750
2021-06-04,3577,bawang_merah,26750
2021-06-07,3577,bawang_merah,25250
2021-06-08,3577,bawang_merah,25250
2021-06-09,3577,bawang_merah,25250
2021-06-10,3577,bawang_merah,25250
2021-06-11,3577,bawang_merah,25250
2021-06-14,3577,bawang_merah,25250
2021-06-15,3577,bawang_merah,25250
2021-06-16,3577,bawang_merah,25250
2021-06-17,3577,bawang_merah,25250
2021-06-18,3577,bawang_merah,25250
2021-06-21,3577,bawang_merah,26500
2021-06-22,3577,bawang_merah,26500
2021-06-23,3577,bawang_merah,26500
2021-06-24,3577,bawang_merah,26500
2021-06-25,3577,bawang_merah,26500
2021-06-28,3577,bawang_merah,33000
2021-06-29,3577,bawang_merah,33000
2021-06-30,3577,bawang_merah,33000
2021-07-01,3577,bawang_merah,33000
2021-07-02,3577,bawang_merah,33000
2021-07-05,3577,bawang_merah,31750
2021-07-06,3577,bawang_merah,31750
2021-07-07,3577,bawang_merah,31750
2021-07-08,3577,bawang_merah,31750
2021-07-09,3577,bawang_merah,31750
2021-07-12,3577,bawang_merah,30000
2021-07-13,3577,bawang_merah,30000
2021-07-14,3577,bawang_merah,30000
2021-07-15,3577,bawang_merah,30000
2021-07-16,3577,bawang_merah,30000
2021-07-19,3577,bawang_merah,30000
2021-07-21,3577,bawang_merah,30000
2021-07-22,3577,bawang_merah,30000
2021-07-23,3577,bawang_merah,30000
2021-07-26,3577,bawang_merah,35000
2021-07-27,3577,bawang_merah,35000
2021-07-28,3577,bawang_merah,35000
2021-07-29,3577,bawang_merah,35000
2021-07-30,3577,bawang_merah,35000
2021-08-02,3577,bawang_merah,34500
2021-08-03,3577,bawang_merah,34500
2021-08-04,3577,bawang_merah,34500
2021-08-05,3577,bawang_merah,34500
2021-08-06,3577,bawang_merah,34500
2021-08-09,3577,bawang_merah,32000
2021-08-10,3577,bawang_merah,32000
2021-08-12,3577,bawang_merah,32000
2021-08-13,3577,bawang_merah,32000
2021-08-16,3577,bawang_merah,27250
2021-08-18,3577,bawang_merah,27250
2021-08-19,3577,bawang_merah,27250
2021-08-20,3577,bawang_merah,27250
2021-08-23,3577,bawang_merah,25250
2021-08-24,3577,bawang_merah,25250
2021-08-25,3577,bawang_merah,25250
2021-08-26,3577,bawang_merah,25250
2021-08-27,3577,bawang_merah,25250
2021-08-30,3577,bawang_merah,22750
2021-08-31,3577,bawang_merah,22750
2021-09-01,3577,bawang_merah,22750
2021-09-02,3577,bawang_merah,22750
2021-09-03,3577,bawang_merah,22750
2021-09-06,3577,bawang_merah,24500
2021-09-07,3577,bawang_merah,24500
2021-09-08,3577,bawang_merah,24500
2021-09-09,3577,bawang_merah,24500
2021-09-10,3577,bawang_merah,24500
2021-09-13,3577,bawang_merah,24250
2021-09-14,3577,bawang_merah,24250
2021-09-15,3577,bawang_merah,24250
2021-09-16,3577,bawang_merah,24250
2021-09-17,3577,bawang_merah,24250
2021-09-20,3577,bawang_merah,23750
2021-09-21,3577,bawang_merah,23750
2021-09-22,3577,bawang_merah,23750
2021-09-23,3577,bawang_merah,23750
2021-09-24,3577,bawang_merah,23750
2021-09-27,3577,bawang_merah,23000
2021-09-28,3577,bawang_merah,23000
2021-09-29,3577,bawang_merah,23000
2021-09-30,3577,bawang_merah,23000
2021-10-01,3577,bawang_merah,23000
2021-10-04,3577,bawang_merah,23500
2021-10-05,3577,bawang_merah,23500
2021-10-06,3577,bawang_merah,23500
2021-10-07,3577,bawang_merah,23500
2021-10-08,3577,bawang_merah,23500
2021-10-11,3577,bawang_merah,23750
2021-10-12,3577,bawang_merah,23750
2021-10-13,3577,bawang_merah,23750
2021-10-14,3577,bawang_merah,23750
2021-10-15,3577,bawang_merah,23750
2021-10-18,3577,bawang_merah,25000
2021-10-19,3577,bawang_merah,25000
2021-10-21,3577,bawang_merah,25000
2021-10-22,3577,bawang_merah,25000
2021-10-25,3577,bawang_merah,23500
2021-10-26,3577,bawang_merah,23500
2021-10-27,3577,bawang_merah,23500
2021-10-28,3577,bawang_merah,23500
2021-10-29,3577,bawang_merah,23500
2021-11-01,3577,bawang_merah,23750
2021-11-02,3577,bawang_merah,23750
2021-11-03,3577,bawang_merah,23750
2021-11-04,3577,bawang_merah,23750
2021-11-05,3577,bawang_merah,23750
2021-11-08,3577,bawang_merah,24250
2021-11-09,3577,bawang_merah,24250
2021-11-10,3577,bawang_merah,24250
2021-11-11,3577,bawang_merah,24250
2021-11-12,3577,bawang_merah,24250
2021-11-15,3577,bawang_merah,23500
2021-11-16,3577,bawang_merah,21500
2021-11-17,3577,bawang_merah,21500
2021-11-18,3577,bawang_merah,21500
2021-11-19,3577,bawang_merah,21500
2021-11-22,3577,bawang_merah,20000
2021-11-23,3577,bawang_merah,20000
2021-11-24,3577,bawang_merah,20000
2021-11-25,3577,bawang_merah,20000
2021-11-26,3577,bawang_merah,20000
2021-11-29,3577,bawang_merah,21000
2021-11-30,3577,bawang_merah,21000
2021-12-01,3577,bawang_merah,21000
2021-12-02,3577,bawang_merah,21000
2021-12-03,3577,bawang_merah,21000
2021-12-06,3577,bawang_merah,20500
2021-12-07,3577,bawang_merah,20500
2021-12-08,3577,bawang_merah,20500
2021-12-09,3577,bawang_merah,20500
2021-12-10,3577,bawang_merah,20500
2021-12-13,3577,bawang_merah,20000
2021-12-14,3577,bawang_merah,20000
2021-12-15,3577,bawang_merah,20000
2021-12-16,3577,bawang_merah,20000
2021-12-17,3577,bawang_merah,20000
2021-12-20,3577,bawang_merah,24000
2021-12-21,3577,bawang_merah,24000
2021-12-22,3577,bawang_merah,24000
2021-12-23,3577,bawang_merah,24000
2021-12-24,3577,bawang_merah,24000
2021-12-27,3577,bawang_merah,23250
2021-12-28,3577,bawang_merah,23250
2021-12-29,3577,bawang_merah,23250
2021-12-30,3577,bawang_merah,23250
2021-12-31,3577,bawang_merah,23250
2022-01-03,3577,bawang_merah,22000
2022-01-04,3577,bawang_merah,22000
2022-01-05,3577,bawang_merah,22000
2022-01-06,3577,bawang_merah,22000
2022-01-07,3577,bawang_merah,22000
2022-01-10,3577,bawang_merah,22000
2022-01-11,3577,bawang_merah,22000
2022-01-12,3577,bawang_merah,22000
2022-01-13,3577,bawang_merah,22000
2022-01-14,3577,bawang_merah,22000
2022-01-17,3577,bawang_merah,24000
2022-01-18,3577,bawang_merah,24000
2022-01-19,3577,bawang_merah,24000
2022-01-20,3577,bawang_merah,24000
2022-01-21,3577,bawang_merah,24000
2022-01-24,3577,bawang_merah,22750
2022-01-25,3577,bawang_merah,22750
2022-01-26,3577,bawang_merah,22750
2022-01-27,3577,bawang_merah,22750
2022-01-28,3577,bawang_merah,22750
2022-01-31,3577,bawang_merah,22000
2022-02-02,3577,bawang_merah,22000
2022-02-03,3577,bawang_merah,22000
2022-02-04,3577,bawang_merah,22000
2022-02-07,3577,bawang_merah,32500
2022-02-08,3577,bawang_merah,32500
2022-02-09,3577,bawang_merah,32500
2022-02-10,3577,bawang_merah,32500
2022-02-11,3577,bawang_merah,33000
2022-02-14,3577,bawang_merah,33500
2022-02-15,3577,bawang_merah,33500
2022-02-16,3577,bawang_merah,33500
2022-02-17,3577,bawang_merah,33500
2022-02-18,3577,bawang_merah,33500
2022-02-21,3577,bawang_merah,34000
2022-02-22,3577,bawang_merah,34000
2022-02-23,3577,bawang_merah,34000
2022-02-24,3577,bawang_merah,34000
2022-02-25,3577,bawang_merah,34000
2022-03-01,3577,bawang_merah,35000
2022-03-02,3577,bawang_merah,35000
2022-03-04,3577,bawang_merah,35000
2022-03-07,3577,bawang_merah,34250
2022-03-08,3577,bawang_merah,34250
2022-03-09,3577,bawang_merah,34250
2022-03-10,3577,bawang_merah,34250
2022-03-11,3577,bawang_merah,34250
2022-03-14,3577,bawang_merah,35500
2022-03-15,3577,bawang_merah,35500
2022-03-16,3577,bawang_merah,35500
2022-03-17,3577,bawang_merah,35500
2022-03-18,3577,bawang_merah,35500
2022-03-21,3577,bawang_merah,33000
2022-03-22,3577,bawang_merah,33000
2022-03-23,3577,bawang_merah,33000
2022-03-24,3577,bawang_merah,33000
2022-03-25,3577,bawang_merah,33000
2022-03-28,3577,bawang_merah,31750
2022-03-29,3577,bawang_merah,31750
2022-03-30,3577,bawang_merah,31750
2022-03-31,3577,bawang_merah,31750
2022-04-01,3577,bawang_merah,31750
2022-04-04,3577,bawang_merah,32250
2022-04-05,3577,bawang_merah,32250
2022-04-06,3577,bawang_merah,32250
2022-04-07,3577,bawang_merah,32250
2022-04-08,3577,bawang_merah,32250
2022-04-11,3577,bawang_merah,30500
2022-04-12,3577,bawang_merah,30500
2022-04-13,3577,bawang_merah,30500
2022-04-14,3577,bawang_merah,30500
2022-04-18,3577,bawang_merah,29500
2022-04-19,3577,bawang_merah,29500
2022-04-20,3577,bawang_merah,29500
2022-04-21,3577,bawang_merah,29500
2022-04-22,3577,bawang_merah,29500
2022-04-25,3577,bawang_merah,29000
2022-04-26,3577,bawang_merah,29000
2022-04-27,3577,bawang_merah,29000
2022-04-28,3577,bawang_merah,29000
2022-05-09,3577,bawang_merah,34250
2022-05-10,3577,bawang_merah,34250
2022-05-11,3577,bawang_merah,34250
2022-05-12,3577,bawang_merah,34250
2022-05-13,3577,bawang_merah,34250
2022-05-17,3577,bawang_merah,37750
2022-05-18,3577,bawang_merah,37750
2022-05-19,3577,bawang_merah,37750
2022-05-20,3577,bawang_merah,37750
2022-05-23,3577,bawang_merah,38750
2022-05-24,3577,bawang_merah,38750
2022-05-25,3577,bawang_merah,38750
2022-05-27,3577,bawang_merah,38750
2022-05-30,3577,bawang_merah,41000
2022-05-31,3577,bawang_merah,41000
2022-06-02,3577,bawang_merah,41000
2022-06-03,3577,bawang_merah,41000
2022-06-06,3577,bawang_merah,43500
2022-06-07,3577,bawang_merah,43500
2022-06-08,3577,bawang_merah,43500
2022-06-09,3577,bawang_merah,43500
2022-06-10,3577,bawang_merah,43500
2022-06-13,3577,bawang_merah,49250
2022-06-14,3577,bawang_merah,49250
2022-06-15,3577,bawang_merah,49250
2022-06-16,3577,bawang_merah,49250
2022-06-17,3577,bawang_merah,49250
2022-06-20,3577,bawang_merah,54500
2022-06-21,3577,bawang_merah,54500
2022-06-22,3577,bawang_merah,54500
2022-06-23,3577,bawang_merah,54500
2022-06-24,3577,bawang_merah,54500
2022-06-27,3577,bawang_merah,60000
2022-06-28,3577,bawang_merah,60000
2022-06-29,3577,bawang_merah,60000
2022-06-30,3577,bawang_merah,60000
2022-07-01,3577,bawang_merah,60000
2022-07-04,3577,bawang_merah,65000
2022-07-05,3577,bawang_merah,65000
2022-07-06,3577,bawang_merah,65000
2022-07-07,3577,bawang_merah,65000
2022-07-08,3577,bawang_merah,65000
2022-07-11,3577,bawang_merah,75500
2022-07-12,3577,bawang_merah,75500
2022-07-13,3577,bawang_merah,75500
2022-07-14,3577,bawang_merah,75500
2022-07-15,3577,bawang_merah,75500
2022-07-18,3577,bawang_merah,63750
2022-07-19,3577,bawang_merah,63750
2022-07-20,3577,bawang_merah,63750
2022-07-21,3577,bawang_merah,63750
2022-07-22,3577,bawang_merah,48750
2022-07-25,3577,bawang_merah,45000
2022-07-26,3577,bawang_merah,45000
2022-07-27,3577,bawang_merah,45000
2022-07-28,3577,bawang_merah,45000
2022-07-29,3577,bawang_merah,45000
2022-08-01,3577,bawang_merah,38250
2022-08-02,3577,bawang_merah,38250
2022-08-03,3577,bawang_merah,38250
2022-08-04,3577,bawang_merah,38250
2022-08-05,3577,bawang_merah,38250
2022-08-08,3577,bawang_merah,36000
2022-08-09,3577,bawang_merah,36000
2022-08-10,3577,bawang_merah,36000
2022-08-11,3577,bawang_merah,36000
2022-08-12,3577,bawang_merah,36000
2022-08-15,3577,bawang_merah,32000
2022-08-16,3577,bawang_merah,32000
2022-08-18,3577,bawang_merah,32000
2022-08-19,3577,bawang_merah,32000
2022-08-22,3577,bawang_merah,28250
2022-08-23,3577,bawang_merah,28250
2022-08-24,3577,bawang_merah,28250
2022-08-25,3577,bawang_merah,28250
2022-08-26,3577,bawang_merah,28250
2022-08-29,3577,bawang_merah,25750
2022-08-30,3577,bawang_merah,25750
2022-08-31,3577,bawang_merah,25750
2022-09-01,3577,bawang_merah,25750
2022-09-02,3577,bawang_merah,25750
2022-09-05,3577,bawang_merah,29750
2022-09-06,3577,bawang_merah,29750
2022-09-07,3577,bawang_merah,29750
2022-09-08,3577,bawang_merah,29750
2022-09-09,3577,bawang_merah,29750
2022-09-12,3577,bawang_merah,29750
2022-09-13,3577,bawang_merah,30250
2022-09-14,3577,bawang_merah,30250
2022-09-15,3577,bawang_merah,30250
2022-09-16,3577,bawang_merah,30250
2022-09-19,3577,bawang_merah,30250
2022-09-20,3577,bawang_merah,30250
2022-09-21,3577,bawang_merah,30250
2022-09-22,3577,bawang_merah,30250
2022-09-23,3577,bawang_merah,30250
2022-09-26,3577,bawang_merah,30750
2022-09-27,3577,bawang_merah,30750
2022-09-28,3577,bawang_merah,30750
2022-09-29,3577,bawang_merah,30750
2022-09-30,3577,bawang_merah,30750
2022-10-03,3577,bawang_merah,31250
2022-10-04,3577,bawang_merah,31250
2022-10-05,3577,bawang_merah,31250
2022-10-06,3577,bawang_merah,31250
2022-10-07,3577,bawang_merah,31250
2022-10-10,3577,bawang_merah,32000
2022-10-11,3577,bawang_merah,32000
2022-10-12,3577,bawang_merah,32000
2022-10-13,3577,bawang_merah,32000
2022-10-14,3577,bawang_merah,32000
2022-10-17,3577,bawang_merah,32500
2022-10-18,3577,bawang_merah,32500
2022-10-19,3577,bawang_merah,32500
2022-10-20,3577,bawang_merah,32500
2022-10-21,3577,bawang_merah,32500
2022-10-24,3577,bawang_merah,29000
2022-10-25,3577,bawang_merah,29000
2022-10-26,3577,bawang_merah,29000
2022-10-27,3577,bawang_merah,29000
2022-10-28,3577,bawang_merah,29000
2022-10-31,3577,bawang_merah,33750
2022-11-01,3577,bawang_merah,33750
2022-11-02,3577,bawang_merah,33750
2022-11-03,3577,bawang_merah,33750
2022-11-04,3577,bawang_merah,33750
2022-11-07,3577,bawang_merah,34500
2022-11-08,3577,bawang_merah,34500
2022-11-09,3577,bawang_merah,34500
2022-11-10,3577,bawang_merah,34500
2022-11-11,3577,bawang_merah,34500
2022-11-14,3577,bawang_merah,30500
2022-11-15,3577,bawang_merah,30500
2022-11-16,3577,bawang_merah,30500
2022-11-17,3577,bawang_merah,30500
2022-11-18,3577,bawang_merah,30500
2022-11-21,3577,bawang_merah,30500
2022-11-22,3577,bawang_merah,30500
2022-11-23,3577,bawang_merah,30500
2022-11-24,3577,bawang_merah,30500
2022-11-25,3577,bawang_merah,30500
2022-11-28,3577,bawang_merah,31250
2022-11-29,3577,bawang_merah,31250
2022-11-30,3577,bawang_merah,31250
2022-12-01,3577,bawang_merah,31250
2022-12-02,3577,bawang_merah,31250
2022-12-05,3577,bawang_merah,31250
2022-12-06,3577,bawang_merah,31250
2022-12-07,3577,bawang_merah,31250
2022-12-08,3577,bawang_merah,31250
2022-12-09,3577,bawang_merah,31250
2022-12-12,3577,bawang_merah,32000
2022-12-13,3577,bawang_merah,32000
2022-12-14,3577,bawang_merah,32000
2022-12-15,3577,bawang_merah,32000
2022-12-16,3577,bawang_merah,32000
2022-12-19,3577,bawang_merah,34000
2022-12-20,3577,bawang_merah,34000
2022-12-21,3577,bawang_merah,34000
2022-12-22,3577,bawang_merah,34000
2022-12-23,3577,bawang_merah,34000
2022-12-26,3577,bawang_merah,32250
2022-12-27,3577,bawang_merah,32250
2022-12-28,3577,bawang_merah,32250
2022-12-29,3577,bawang_merah,32250
2022-12-30,3577,bawang_merah,32250
2023-01-02,3577,bawang_merah,34250
2023-01-03,3577,bawang_merah,34250
2023-01-04,3577,bawang_merah,34250
2023-01-05,3577,bawang_merah,34250
2023-01-06,3577,bawang_merah,33000
2023-01-09,3577,bawang_merah,33000
2023-01-10,3577,bawang_merah,33000
2023-01-11,3577,bawang_merah,33000
2023-01-12,3577,bawang_merah,33000
2023-01-13,3577,bawang_merah,33000
2023-01-16,3577,bawang_merah,35250
2023-01-17,3577,bawang_merah,35250
2023-01-18,3577,bawang_merah,35250
2023-01-19,3577,bawang_merah,35250
2023-01-20,3577,bawang_merah,35250
2023-01-23,3577,bawang_merah,35250
2023-01-24,3577,bawang_merah,42500
2023-01-25,3577,bawang_merah,42500
2023-01-26,3577,bawang_merah,42500
2023-01-27,3577,bawang_merah,42500
2023-01-30,3577,bawang_merah,41750
2023-01-31,3577,bawang_merah,41750
2023-02-01,3577,bawang_merah,41750
2023-02-02,3577,bawang_merah,41750
2023-02-03,3577,bawang_merah,41750
2023-02-06,3577,bawang_merah,42500
2023-02-07,3577,bawang_merah,42500
2023-02-08,3577,bawang_merah,42500
2023-02-09,3577,bawang_merah,42500
2023-02-10,3577,bawang_merah,42500
2023-02-13,3577,bawang_merah,41250
2023-02-14,3577,bawang_merah,41250
2023-02-15,3577,bawang_merah,41250
2023-02-16,3577,bawang_merah,41250
2023-02-17,3577,bawang_merah,41250
2023-02-20,3577,bawang_merah,37250
2023-02-21,3577,bawang_merah,37250
2023-02-22,3577,bawang_merah,37250
2023-02-23,3577,bawang_merah,37250
2023-02-24,3577,bawang_merah,37250
2023-02-27,3577,bawang_merah,34750
2023-02-28,3577,bawang_merah,34750
2023-03-01,3577,bawang_merah,34750
2023-03-02,3577,bawang_merah,34750
2023-03-03,3577,bawang_merah,34750
2023-03-06,3577,bawang_merah,35000
2023-03-07,3577,bawang_merah,35000
2023-03-08,3577,bawang_merah,35000
2023-03-09,3577,bawang_merah,34750
2023-03-10,3577,bawang_merah,34750
2023-03-13,3577,bawang_merah,35000
2023-03-14,3577,bawang_merah,35000
2023-03-15,3577,bawang_merah,35000
2023-03-16,3577,bawang_merah,35000
2023-03-17,3577,bawang_merah,35000
2023-03-20,3577,bawang_merah,35000
2023-03-21,3577,bawang_merah,35000
2023-03-22,3577,bawang_merah,35000
2023-03-23,3577,bawang_merah,35000
2023-03-24,3577,bawang_merah,35000
2023-03-27,3577,bawang_merah,34500
2023-03-28,3577,bawang_merah,34500
2023-03-29,3577,bawang_merah,34500
2023-03-30,3577,bawang_merah,34500
2023-03-31,3577,bawang_merah,34500
2023-04-03,3577,bawang_merah,32500
2023-04-04,3577,bawang_merah,32500
2023-04-05,3577,bawang_merah,32500
2023-04-06,3577,bawang_merah,32500
2023-04-07,3577,bawang_merah,32500
2023-04-10,3577,bawang_merah,30500
2023-04-11,3577,bawang_merah,30500
2023-04-12,3577,bawang_merah,30500
2023-04-13,3577,bawang_merah,30500
2023-04-14,3577,bawang_merah,30500
2023-04-17,3577,bawang_merah,32500
2023-04-18,3577,bawang_merah,32500
2023-04-19,3577,bawang_merah,32500
2023-04-20,3577,bawang_merah,32500
2023-04-21,3577,bawang_merah,32500
2023-04-24,3577,bawang_merah,32500
2023-04-25,3577,bawang_merah,32500
2023-04-26,3577,bawang_merah,36250
2023-04-27,3577,bawang_merah,36250
2023-04-28,3577,bawang_merah,36250
2023-05-01,3577,bawang_merah,36250
2023-05-02,3577,bawang_merah,40500
2023-05-03,3577,bawang_merah,40500
2023-05-04,3577,bawang_merah,40500
2023-05-05,3577,bawang_merah,40500
2023-05-08,3577,bawang_merah,43000
2023-05-09,3577,bawang_merah,43000
2023-05-10,3577,bawang_merah,43000
2023-05-11,3577,bawang_merah,43000
2023-05-12,3577,bawang_merah,43000
2023-05-15,3577,bawang_merah,40000
2023-05-16,3577,bawang_merah,40000
2023-05-17,3577,bawang_merah,40000
2023-05-18,3577,bawang_merah,40000
2023-05-19,3577,bawang_merah,40000
2023-05-22,3577,bawang_merah,40250
2023-05-23,3577,bawang_merah,39750
2023-05-24,3577,bawang_merah,39750
2023-05-25,3577,bawang_merah,39750
2023-05-26,3577,bawang_merah,39750
2023-05-29,3577,bawang_merah,36250
2023-05-30,3577,bawang_merah,36250
2023-05-31,3577,bawang_merah,36250
2023-06-01,3577,bawang_merah,36250
2023-06-02,3577,bawang_merah,36250
2023-06-05,3577,bawang_merah,36250
2023-06-06,3577,bawang_merah,36250
2023-06-07,3577,bawang_merah,36250
2023-06-08,3577,bawang_merah,36250
2023-06-09,3577,bawang_merah,36250
2023-06-12,3577,bawang_merah,39500
2023-06-13,3577,bawang_merah,39500
2023-06-14,3577,bawang_merah,39500
2023-06-15,3577,bawang_merah,39500
2023-06-16,3577,bawang_merah,39500
2023-06-19,3577,bawang_merah,37000
2023-06-20,3577,bawang_merah,37000
2023-06-21,3577,bawang_merah,37000
2023-06-22,3577,bawang_merah,37000
2023-06-23,3577,bawang_merah,37000
2023-06-26,3577,bawang_merah,35500
2023-06-27,3577,bawang_merah,35500
2023-06-28,3577,bawang_merah,35500
2023-06-29,3577,bawang_merah,35500
2023-06-30,3577,bawang_merah,35500
2023-07-03,3577,bawang_merah,35500
2023-07-04,3577,bawang_merah,35500
2023-07-05,3577,bawang_merah,35500
2023-07-06,3577,bawang_merah,35500
2023-07-07,3577,bawang_merah,35500
2023-07-10,3577,bawang_merah,36250
2023-07-11,3577,bawang_merah,36250
2023-07-12,3577,bawang_merah,36250
2023-07-13,3577,bawang_merah,36250
2023-07-14,3577,bawang_merah,36250
2023-07-17,3577,bawang_merah,30000
2023-07-18,3577,bawang_merah,30000
2023-07-19,3577,bawang_merah,30000
2023-07-20,3577,bawang_merah,30000
2023-07-21,3577,bawang_merah,30000
2023-07-24,3577,bawang_merah,27250
2023-07-25,3577,bawang_merah,27250
2023-07-26,3577,bawang_merah,27250
2023-07-27,3577,bawang_merah,27250
2023-07-28,3577,bawang_merah,27250
2023-07-31,3577,bawang_merah,24250
2023-08-01,3577,bawang_merah,24250
2023-08-02,3577,bawang_merah,24250
2023-08-03,3577,bawang_merah,24250
2023-08-04,3577,bawang_merah,24250
2023-08-07,3577,bawang_merah,23000
2023-08-08,3577,bawang_merah,23000
2023-08-09,3577,bawang_merah,23000
2023-08-10,3577,bawang_merah,23000
2023-08-11,3577,bawang_merah,23000
2023-08-14,3577,bawang_merah,23500
2023-08-15,3577,bawang_merah,23500
2023-08-16,3577,bawang_merah,23500
2023-08-17,3577,bawang_merah,23500
2023-08-18,3577,bawang_merah,23500
2023-08-21,3577,bawang_merah,20750
2023-08-22,3577,bawang_merah,20750
2023-08-23,3577,bawang_merah,20750
2023-08-24,3577,bawang_merah,20750
2023-08-25,3577,bawang_merah,20750
2023-08-28,3577,bawang_merah,19500
2023-08-29,3577,bawang_merah,19500
2023-08-30,3577,bawang_merah,19500
2023-08-31,3577,bawang_merah,19500
2023-09-01,3577,bawang_merah,19500
2023-09-04,3577,bawang_merah,19500
2023-09-05,3577,bawang_merah,19500
2023-09-06,3577,bawang_merah,19500
2023-09-07,3577,bawang_merah,19500
2023-09-08,3577,bawang_merah,19500
2023-09-11,3577,bawang_merah,19500
2023-09-12,3577,bawang_merah,19500
2023-09-13,3577,bawang_merah,19500
2023-09-14,3577,bawang_merah,19500
2023-09-15,3577,bawang_merah,19500
2023-09-18,3577,bawang_merah,19500
2023-09-19,3577,bawang_merah,19500
2023-09-20,3577,bawang_merah,19500
2023-09-21,3577,bawang_merah,19500
2023-09-22,3577,bawang_merah,19500
2023-09-25,3577,bawang_merah,18000
2023-09-26,3577,bawang_merah,18000
2023-09-27,3577,bawang_merah,18000
2023-09-28,3577,bawang_merah,18000
2023-09-29,3577,bawang_merah,18000
2023-10-02,3577,bawang_merah,18750
2023-10-03,3577,bawang_merah,18750
2023-10-04,3577,bawang_merah,18750
2023-10-05,3577,bawang_merah,18750
2023-10-06,3577,bawang_merah,18750
2023-10-09,3577,bawang_merah,18750
2023-10-10,3577,bawang_merah,19500
2023-10-11,3577,bawang_merah,19500
2023-10-12,3577,bawang_merah,19500
2023-10-13,3577,bawang_merah,19500
2023-10-16,3577,bawang_merah,19500
2023-10-17,3577,bawang_merah,19500
2023-10-18,3577,bawang_merah,19500
2023-10-19,3577,bawang_merah,19500
2023-10-20,3577,bawang_merah,19500
2023-10-23,3577,bawang_merah,19250
2023-10-24,3577,bawang_merah,19250
2023-10-25,3577,bawang_merah,19250
2023-10-26,3577,bawang_merah,19250
2023-10-27,3577,bawang_merah,19250
2023-10-30,3577,bawang_merah,19750
2023-10-31,3577,bawang_merah,19750
2023-11-01,3577,bawang_merah,19750
2023-11-02,3577,bawang_merah,19750
2023-11-03,3577,bawang_merah,19750
2023-11-06,3577,bawang_merah,23500
2023-11-07,3577,bawang_merah,25250
2023-11-08,3577,bawang_merah,25250
2023-11-09,3577,bawang_merah,25250
2023-11-10,3577,bawang_merah,25250
2023-11-13,3577,bawang_merah,25750
2023-11-14,3577,bawang_merah,25750
2023-11-15,3577,bawang_merah,25750
2023-11-16,3577,bawang_merah,25750
2023-11-17,3577,bawang_merah,25750
2023-11-20,3577,bawang_merah,25500
2023-11-21,3577,bawang_merah,25500
2023-11-22,3577,bawang_merah,25500
2023-11-23,3577,bawang_merah,25500
2023-11-24,3577,bawang_merah,25500
2023-11-27,3577,bawang_merah,25500
2023-11-28,3577,bawang_merah,25500
2023-11-29,3577,bawang_merah,25500
2023-11-30,3577,bawang_merah,25500
2023-12-01,3577,bawang_merah,25500
2023-12-04,3577,bawang_merah,26750
2023-12-05,3577,bawang_merah,25500
2023-12-06,3577,bawang_merah,25500
2023-12-07,3577,bawang_merah,25500
2023-12-08,3577,bawang_merah,25500
2023-12-11,3577,bawang_merah,26250
2023-12-12,3577,bawang_merah,26250
2023-12-13,3577,bawang_merah,26250
2023-12-14,3577,bawang_merah,26250
2023-12-15,3577,bawang_merah,26250
2023-12-18,3577,bawang_merah,27250
2023-12-19,3577,bawang_merah,27250
2023-12-20,3577,bawang_merah,27250
2023-12-21,3577,bawang_merah,27250
2023-12-22,3577,bawang_merah,27250
2023-12-25,3577,bawang_merah,27250
2023-12-26,3577,bawang_merah,27250
2023-12-27,3577,bawang_merah,32000
2023-12-28,3577,bawang_merah,32000
2023-12-29,3577,bawang_merah,32000
2024-01-01,3577,bawang_merah,32000
2024-01-02,3577,bawang_merah,35750
2024-01-03,3577,bawang_merah,35750
2024-01-04,3577,bawang_merah,35750
2024-01-05,3577,bawang_merah,35750
2024-01-08,3577,bawang_merah,37000
2024-01-09,3577,bawang_merah,37000
2024-01-10,3577,bawang_merah,37000
2024-01-11,3577,bawang_merah,37000
2024-01-12,3577,bawang_merah,37000
2024-01-15,3577,bawang_merah,33750
2024-01-16,3577,bawang_merah,33750
2024-01-17,3577,bawang_merah,33750
2024-01-18,3577,bawang_merah,33750
2024-01-19,3577,bawang_merah,33750
2024-01-22,3577,bawang_merah,33250
2024-01-23,3577,bawang_merah,33250
2024-01-24,3577,bawang_merah,33250
2024-01-25,3577,bawang_merah,33250
2024-01-26,3577,bawang_merah,33250
2024-01-29,3577,bawang_merah,30750
2024-01-30,3577,bawang_merah,33250
2024-01-31,3577,bawang_merah,33250
2024-02-01,3577,bawang_merah,33250
2024-02-02,3577,bawang_merah,33250
2024-02-05,3577,bawang_merah,31500
2024-02-06,3577,bawang_merah,28500
2024-02-07,3577,bawang_merah,28500
2024-02-08,3577,bawang_merah,28500
2024-02-09,3577,bawang_merah,28500
2024-02-12,3577,bawang_merah,28750
2024-02-13,3577,bawang_merah,28750
2024-02-14,3577,bawang_merah,28750
2024-02-15,3577,bawang_merah,28750
2024-02-16,3577,bawang_merah,28750
2024-02-19,3577,bawang_merah,28750
2024-02-20,3577,bawang_merah,28750
2024-02-21,3577,bawang_merah,28750
2024-02-22,3577,bawang_merah,28750
2024-02-23,3577,bawang_merah,28750
2024-02-26,3577,bawang_merah,30000
2024-02-27,3577,bawang_merah,30000
2024-02-28,3577,bawang_merah,30000
2024-02-29,3577,bawang_merah,30000
2024-03-01,3577,bawang_merah,30000
2024-03-04,3577,bawang_merah,30000
2024-03-05,3577,bawang_merah,30000
2024-03-06,3577,bawang_merah,30000
2024-03-07,3577,bawang_merah,30000
2024-03-08,3577,bawang_merah,30250
2024-03-11,3577,bawang_merah,30250
2024-03-12,3577,bawang_merah,30250
2024-03-13,3577,bawang_merah,30000
2024-03-14,3577,bawang_merah,30000
2024-03-15,3577,bawang_merah,30000
2024-03-18,3577,bawang_merah,30250
2024-03-19,3577,bawang_merah,30250
2024-03-20,3577,bawang_merah,30250
2024-03-21,3577,bawang_merah,30250
2024-03-22,3577,bawang_merah,30250
2024-03-25,3577,bawang_merah,30000
2024-03-26,3577,bawang_merah,30000
2024-03-27,3577,bawang_merah,30000
2024-03-28,3577,bawang_merah,30000
2024-03-29,3577,bawang_merah,30000
2024-04-01,3577,bawang_merah,32750
2024-04-02,3577,bawang_merah,35250
2024-04-03,3577,bawang_merah,35250
2024-04-04,3577,bawang_merah,35250
2024-04-05,3577,bawang_merah,35250
2024-04-08,3577,bawang_merah,35250
2024-04-09,3577,bawang_merah,35250
2024-04-10,3577,bawang_merah,35250
2024-04-11,3577,bawang_merah,35250
2024-04-12,3577,bawang_merah,35250
2024-04-15,3577,bawang_merah,35250
2024-04-16,3577,bawang_merah,52500
2024-04-17,3577,bawang_merah,52500
2024-04-18,3577,bawang_merah,52500
2024-04-19,3577,bawang_merah,52500
2024-04-22,3577,bawang_merah,65000
2024-04-23,3577,bawang_merah,65000
2024-04-24,3577,bawang_merah,65000
2024-04-25,3577,bawang_merah,65000
2024-04-26,3577,bawang_merah,62500
2024-04-29,3577,bawang_merah,58750
2024-04-30,3577,bawang_merah,58750
2024-05-01,3577,bawang_merah,58750
2024-05-02,3577,bawang_merah,58750
2024-05-03,3577,bawang_merah,58750
2024-05-06,3577,bawang_merah,51250
2024-05-07,3577,bawang_merah,51250
2024-05-08,3577,bawang_merah,51250
2024-05-09,3577,bawang_merah,51250
2024-05-10,3577,bawang_merah,51250
2024-05-13,3577,bawang_merah,50000
2024-05-14,3577,bawang_merah,51500
2024-05-15,3577,bawang_merah,51500
2024-05-16,3577,bawang_merah,51500
2024-05-17,3577,bawang_merah,51500
2024-05-20,3577,bawang_merah,51250
2024-05-21,3577,bawang_merah,51250
2024-05-22,3577,bawang_merah,51250
2024-05-23,3577,bawang_merah,51250
2024-05-24,3577,bawang_merah,51250
2024-05-27,3577,bawang_merah,50000
2024-05-28,3577,bawang_merah,47500
2024-05-29,3577,bawang_merah,47500
2024-05-30,3577,bawang_merah,47500
2024-05-31,3577,bawang_merah,47500
2024-06-03,3577,bawang_merah,45000
2024-06-04,3577,bawang_merah,45000
2024-06-05,3577,bawang_merah,45000
2024-06-06,3577,bawang_merah,45000
2024-06-07,3577,bawang_merah,45000
2024-06-10,3577,bawang_merah,42000
2024-06-11,3577,bawang_merah,39500
2024-06-12,3577,bawang_merah,39500
2024-06-13,3577,bawang_merah,39500
2024-06-14,3577,bawang_merah,39500
2024-06-17,3577,bawang_merah,39500
2024-06-18,3577,bawang_merah,39500
2024-06-19,3577,bawang_merah,38750
2024-06-20,3577,bawang_merah,38750
2024-06-21,3577,bawang_merah,38750
2024-06-24,3577,bawang_merah,37500
2024-06-25,3577,bawang_merah,37000
2024-06-26,3577,bawang_merah,37000
2024-06-27,3577,bawang_merah,37000
2024-06-28,3577,bawang_merah,37000
2024-07-01,3577,bawang_merah,31250
2024-07-02,3577,bawang_merah,31250
2024-07-03,3577,bawang_merah,31250
2024-07-04,3577,bawang_merah,31250
2024-07-05,3577,bawang_merah,31250
2024-07-08,3577,bawang_merah,30750
2024-07-09,3577,bawang_merah,30750
2024-07-10,3577,bawang_merah,30750
2024-07-11,3577,bawang_merah,30750
2024-07-12,3577,bawang_merah,30750
2024-07-15,3577,bawang_merah,26750
2024-07-16,3577,bawang_merah,26750
2024-07-17,3577,bawang_merah,26750
2024-07-18,3577,bawang_merah,26750
2024-07-19,3577,bawang_merah,26750
2024-07-22,3577,bawang_merah,25000
2024-07-23,3577,bawang_merah,25000
2024-07-24,3577,bawang_merah,25000
2024-07-25,3577,bawang_merah,25000
2024-07-26,3577,bawang_merah,25000
2024-07-29,3577,bawang_merah,21750
2024-07-30,3577,bawang_merah,21750
2024-07-31,3577,bawang_merah,21750
2024-08-01,3577,bawang_merah,21750
2024-08-02,3577,bawang_merah,21750
2024-08-05,3577,bawang_merah,20250
2024-08-06,3577,bawang_merah,19750
2024-08-07,3577,bawang_merah,19750
2024-08-08,3577,bawang_merah,19750
2024-08-09,3577,bawang_merah,19750
2024-08-12,3577,bawang_merah,20500
2024-08-13,3577,bawang_merah,20500
2024-08-14,3577,bawang_merah,20500
2024-08-15,3577,bawang_merah,20500
2024-08-16,3577,bawang_merah,20500
2024-08-19,3577,bawang_merah,20500
2024-08-20,3577,bawang_merah,20000
2024-08-21,3577,bawang_merah,20000
2024-08-22,3577,bawang_merah,20000
2024-08-26,3577,bawang_merah,20000
2024-08-27,3577,bawang_merah,20000
2024-08-28,3577,bawang_merah,20000
2024-08-29,3577,bawang_merah,20000
2024-08-30,3577,bawang_merah,20000
2024-09-02,3577,bawang_merah,21750
2024-09-03,3577,bawang_merah,21750
2024-09-04,3577,bawang_merah,21750
2024-09-05,3577,bawang_merah,21750
2024-09-06,3577,bawang_merah,21750
2024-09-09,3577,bawang_merah,22500
2024-09-10,3577,bawang_merah,22500
2024-09-11,3577,bawang_merah,22500
2024-09-12,3577,bawang_merah,22500
2024-09-13,3577,bawang_merah,22500
2024-09-16,3577,bawang_merah,22500
2024-09-17,3577,bawang_merah,22750
2024-09-18,3577,bawang_merah,22750
2024-09-19,3577,bawang_merah,22750
2024-09-20,3577,bawang_merah,22750
2024-09-23,3577,bawang_merah,22250
2024-09-24,3577,bawang_merah,23500
2024-09-25,3577,bawang_merah,23500
2024-09-26,3577,bawang_merah,23500
2024-09-27,3577,bawang_merah,23500
2024-09-30,3577,bawang_merah,25000
2024-10-01,3577,bawang_merah,25000
2024-10-02,3577,bawang_merah,25000
2024-10-03,3577,bawang_merah,25000
2024-10-04,3577,bawang_merah,25000
2024-10-07,3577,bawang_merah,26750
2024-10-08,3577,bawang_merah,26750
2024-10-09,3577,bawang_merah,26750
2024-10-10,3577,bawang_merah,26750
2024-10-11,3577,bawang_merah,26750
2024-10-14,3577,bawang_merah,26000
2024-10-15,3577,bawang_merah,26000
2024-10-16,3577,bawang_merah,26000
2024-10-17,3577,bawang_merah,26000
2024-10-18,3577,bawang_merah,26000
2024-10-21,3577,bawang_merah,28250
2024-10-22,3577,bawang_merah,27750
2024-10-23,3577,bawang_merah,27750
2024-10-24,3577,bawang_merah,27750
2024-10-25,3577,bawang_merah,27750
2024-10-28,3577,bawang_merah,32750
2024-10-29,3577,bawang_merah,32750
2024-10-30,3577,bawang_merah,32750
2024-10-31,3577,bawang_merah,32750
2024-11-01,3577,bawang_merah,32750
2024-11-04,3577,bawang_merah,37500
2024-11-05,3577,bawang_merah,37750
2024-11-06,3577,bawang_merah,37750
2024-11-07,3577,bawang_merah,37750
2024-11-08,3577,bawang_merah,37750
2024-11-11,3577,bawang_merah,38000
2024-11-12,3577,bawang_merah,38500
2024-11-13,3577,bawang_merah,38500
2024-11-14,3577,bawang_merah,38500
2024-11-15,3577,bawang_merah,38500
2024-11-18,3577,bawang_merah,40000
2024-11-19,3577,bawang_merah,40000
2024-11-20,3577,bawang_merah,40000
2024-11-21,3577,bawang_merah,40000
2024-11-22,3577,bawang_merah,40000
2024-11-25,3577,bawang_merah,40000
2024-11-26,3577,bawang_merah,41750
2024-11-27,3577,bawang_merah,41750
2024-11-28,3577,bawang_merah,41750
2024-11-29,3577,bawang_merah,41750
2024-12-02,3577,bawang_merah,41750
2024-12-03,3577,bawang_merah,40000
2024-12-04,3577,bawang_merah,40000
2024-12-05,3577,bawang_merah,40000
2024-12-06,3577,bawang_merah,40000
2024-12-09,3577,bawang_merah,40000
2024-12-10,3577,bawang_merah,40000
2024-12-11,3577,bawang_merah,40000
2024-12-12,3577,bawang_merah,40000
2024-12-13,3577,bawang_merah,40000
2024-12-16,3577,bawang_merah,40000
2024-12-17,3577,bawang_merah,40000
2024-12-18,3577,bawang_merah,40000
2024-12-19,3577,bawang_merah,40000
2024-12-20,3577,bawang_merah,40000
2024-12-23,3577,bawang_merah,40000
2024-12-24,3577,bawang_merah,36750
2024-12-25,3577,bawang_merah,36750
2024-12-26,3577,bawang_merah,36750
2024-12-27,3577,bawang_merah,36750
2024-12-30,3577,bawang_merah,36750
2024-12-31,3577,bawang_merah,38250
2025-01-01,3577,bawang_merah,38250
2025-01-02,3577,bawang_merah,38250
2025-01-03,3577,bawang_merah,38250
2025-01-06,3577,bawang_merah,37000
2025-01-07,3577,bawang_merah,36750
2025-01-08,3577,bawang_merah,36750
2025-01-09,3577,bawang_merah,36750
2025-01-10,3577,bawang_merah,36750
2025-01-13,3577,bawang_merah,37250
2025-01-14,3577,bawang_merah,37250
2025-01-15,3577,bawang_merah,37250
2025-01-16,3577,bawang_merah,37250
2025-01-17,3577,bawang_merah,37250
2025-01-20,3577,bawang_merah,34000
2025-01-21,3577,bawang_merah,34000
2025-01-22,3577,bawang_merah,34000
2025-01-23,3577,bawang_merah,34000
2025-01-24,3577,bawang_merah,34000
2025-01-27,3577,bawang_merah,34000
2025-01-28,3577,bawang_merah,34000
2025-01-29,3577,bawang_merah,34000
2025-01-30,3577,bawang_merah,34000
2025-01-31,3577,bawang_merah,34000
2025-02-03,3577,bawang_merah,32750
2025-02-04,3577,bawang_merah,32500
2025-02-05,3577,bawang_merah,32500
2025-02-06,3577,bawang_merah,32500
2025-02-07,3577,bawang_merah,32500
2025-02-10,3577,bawang_merah,30000
2025-02-11,3577,bawang_merah,30000
2025-02-12,3577,bawang_merah,30000
2025-02-13,3577,bawang_merah,30000
2025-02-14,3577,bawang_merah,30000
2025-02-17,3577,bawang_merah,30000
2025-02-18,3577,bawang_merah,30000
2025-02-19,3577,bawang_merah,30000
2025-02-20,3577,bawang_merah,30000
2025-02-21,3577,bawang_merah,30000
2025-02-24,3577,bawang_merah,30000
2025-02-25,3577,bawang_merah,30000
2025-02-26,3577,bawang_merah,30000
2025-02-27,3577,bawang_merah,30000
2025-02-28,3577,bawang_merah,30000
2025-03-03,3577,bawang_merah,39500
2025-03-04,3577,bawang_merah,39500
2025-03-05,3577,bawang_merah,39500
2025-03-06,3577,bawang_merah,39500
2025-03-07,3577,bawang_merah,39500
2025-03-10,3577,bawang_merah,50500
2025-03-11,3577,bawang_merah,50500
2025-03-12,3577,bawang_merah,50500
2025-03-13,3577,bawang_merah,50500
2025-03-14,3577,bawang_merah,50500
2025-03-17,3577,bawang_merah,50000
2025-03-18,3577,bawang_merah,50000
2025-03-19,3577,bawang_merah,50000
2025-03-20,3577,bawang_merah,50000
2025-03-21,3577,bawang_merah,50000
2025-03-24,3577,bawang_merah,50000
2025-03-25,3577,bawang_merah,50000
2025-03-26,3577,bawang_merah,50000
2025-03-27,3577,bawang_merah,50000
2025-03-28,3577,bawang_merah,50000
2025-03-31,3577,bawang_merah,50000
2025-04-01,3577,bawang_merah,50000
2025-04-02,3577,bawang_merah,50000
2025-04-03,3577,bawang_merah,50000
2025-04-04,3577,bawang_merah,50000
2025-04-07,3577,bawang_merah,50000
2025-04-08,3577,bawang_merah,51250
2025-04-09,3577,bawang_merah,51250
2025-04-10,3577,bawang_merah,51250
2025-04-11,3577,bawang_merah,51250
2025-04-14,3577,bawang_merah,51250
2025-04-15,3577,bawang_merah,51250
2025-04-16,3577,bawang_merah,51250
2025-04-17,3577,bawang_merah,51250
2025-04-18,3577,bawang_merah,51250
2025-04-21,3577,bawang_merah,51250
2025-04-22,3577,bawang_merah,51250
2025-04-23,3577,bawang_merah,51250
2025-04-24,3577,bawang_merah,51250
2025-04-25,3577,bawang_merah,51250
2025-04-28,3577,bawang_merah,48250
2025-04-29,3577,bawang_merah,46500
2025-04-30,3577,bawang_merah,46500
2025-05-01,3577,bawang_merah,46500
2025-05-02,3577,bawang_merah,46500
2025-05-05,3577,bawang_merah,47750
2025-05-06,3577,bawang_merah,47750
2025-05-07,3577,bawang_merah,47750
2025-05-08,3577,bawang_merah,47750
2025-05-09,3577,bawang_merah,47750
2025-05-12,3577,bawang_merah,47750
2025-05-13,3577,bawang_merah,47750
2025-05-14,3577,bawang_merah,40750
2025-05-15,3577,bawang_merah,40750
2025-05-16,3577,bawang_merah,40750
2025-05-19,3577,bawang_merah,40000
2025-05-20,3577,bawang_merah,40000
2025-05-21,3577,bawang_merah,40000
2025-05-22,3577,bawang_merah,40000
2025-05-23,3577,bawang_merah,40000
2025-05-26,3577,bawang_merah,35750
2025-05-27,3577,bawang_merah,35750
2025-05-28,3577,bawang_merah,35750
2025-05-29,3577,bawang_merah,35750
2025-05-30,3577,bawang_merah,35750
2025-06-02,3577,bawang_merah,41250
2025-06-03,3577,bawang_merah,41250
2025-06-04,3577,bawang_merah,41250
2025-06-05,3577,bawang_merah,41250
2025-06-06,3577,bawang_merah,41250
2025-06-09,3577,bawang_merah,41250
2025-06-10,3577,bawang_merah,43250
2025-06-11,3577,bawang_merah,43250
2025-06-12,3577,bawang_merah,43250
2025-06-13,3577,bawang_merah,43250
2025-06-16,3577,bawang_merah,52500
2025-06-17,3577,bawang_merah,52500
2025-06-18,3577,bawang_merah,52500
2025-06-19,3577,bawang_merah,52500
2025-06-20,3577,bawang_merah,52500
2025-06-23,3577,bawang_merah,49500
2025-06-24,3577,bawang_merah,49500
2025-06-25,3577,bawang_merah,49500
2025-06-26,3577,bawang_merah,49500
2025-06-27,3577,bawang_merah,49500
2025-06-30,3577,bawang_merah,43750
2025-07-01,3577,bawang_merah,43750
2025-07-02,3577,bawang_merah,43750
2025-07-03,3577,bawang_merah,43750
2025-07-04,3577,bawang_merah,43750
2025-07-07,3577,bawang_merah,45750
2025-07-08,3577,bawang_merah,45750
2025-07-09,3577,bawang_merah,45750
2025-07-10,3577,bawang_merah,45750
2025-07-11,3577,bawang_merah,45750
2025-07-14,3577,bawang_merah,47000
2025-07-15,3577,bawang_merah,48250
2025-07-16,3577,bawang_merah,48250
2025-07-17,3577,bawang_merah,48250
2025-07-18,3577,bawang_merah,48250
2025-07-21,3577,bawang_merah,51500
2025-07-22,3577,bawang_merah,52500
2025-07-23,3577,bawang_merah,52500
2025-07-24,3577,bawang_merah,52500
2025-07-25,3577,bawang_merah,52500
2025-07-28,3577,bawang_merah,58000
2025-07-29,3577,bawang_merah,58000
2025-07-30,3577,bawang_merah,58000
2025-07-31,3577,bawang_merah,58000
2025-08-01,3577,bawang_merah,58000
2025-08-04,3577,bawang_merah,58750
2025-08-05,3577,bawang_merah,58750
2025-08-06,3577,bawang_merah,58750
2025-08-07,3577,bawang_merah,58750
2025-08-08,3577,bawang_merah,58750
2025-08-11,3577,bawang_merah,58750
2025-08-12,3577,bawang_merah,58750
2025-08-13,3577,bawang_merah,58750
2025-08-14,3577,bawang_merah,58750
2025-08-15,3577,bawang_merah,58750
2025-08-18,3577,bawang_merah,58750
2025-08-19,3577,bawang_merah,51450
2025-08-20,3577,bawang_merah,51450
2025-08-21,3577,bawang_merah,51450
2025-08-22,3577,bawang_merah,51450
2025-08-25,3577,bawang_merah,43750
2025-08-26,3577,bawang_merah,43750
2025-08-27,3577,bawang_merah,43750
2025-08-28,3577,bawang_merah,43750
2025-08-29,3577,bawang_merah,43750
2025-09-01,3577,bawang_merah,38750
2025-09-02,3577,bawang_merah,38750
2025-09-03,3577,bawang_merah,38750
2025-09-04,3577,bawang_merah,38750
2025-09-05,3577,bawang_merah,38750
2025-09-08,3577,bawang_merah,37500
2025-09-09,3577,bawang_merah,37500
2025-09-10,3577,bawang_merah,37500
2025-09-11,3577,bawang_merah,37500
2025-09-12,3577,bawang_merah,37500
2025-09-15,3577,bawang_merah,37500
2025-09-16,3577,bawang_merah,37500
2025-09-17,3577,bawang_merah,37500
2025-09-18,3577,bawang_merah,37500
2025-09-19,3577,bawang_merah,37500
2025-09-22,3577,bawang_merah,37500
2025-09-23,3577,bawang_merah,36250
2025-09-24,3577,bawang_merah,36250
2025-09-25,3577,bawang_merah,36250
2025-09-26,3577,bawang_merah,36250
2025-09-29,3577,bawang_merah,35000
2025-09-30,3577,bawang_merah,35000
2025-10-01,3577,bawang_merah,35000
2025-10-02,3577,bawang_merah,35000
2025-10-03,3577,bawang_merah,35000
2025-10-06,3577,bawang_merah,35000
2025-10-07,3577,bawang_merah,35000
2025-10-08,3577,bawang_merah,35000
2025-10-09,3577,bawang_merah,35000
2025-10-10,3577,bawang_merah,35000
2025-10-13,3577,bawang_merah,39500
2025-10-14,3577,bawang_merah,39500
2025-10-15,3577,bawang_merah,39500
2025-10-16,3577,bawang_merah,39500
2025-10-17,3577,bawang_merah,39500
2025-10-20,3577,bawang_merah,39500
2025-10-21,3577,bawang_merah,40000
2025-10-22,3577,bawang_merah,40000
2025-10-23,3577,bawang_merah,40000
2025-10-24,3577,bawang_merah,40000
2025-10-27,3577,bawang_merah,40000
2025-10-28,3577,bawang_merah,39500
2025-10-29,3577,bawang_merah,39500
2025-10-30,3577,bawang_merah,39500
2025-10-31,3577,bawang_merah,39500
2025-11-03,3577,bawang_merah,42500
2025-11-04,3577,bawang_merah,42500
2025-11-05,3577,bawang_merah,42500
2025-11-06,3577,bawang_merah,42500
2025-11-07,3577,bawang_merah,42500
2025-11-10,3577,bawang_merah,42500
2025-11-11,3577,bawang_merah,40000
2025-11-12,3577,bawang_merah,40000
2025-11-13,3577,bawang_merah,40000
2025-11-14,3577,bawang_merah,40000
2025-11-17,3577,bawang_merah,40000
2025-11-18,3577,bawang_merah,40000
2025-11-19,3577,bawang_merah,40000
2025-11-20,3577,bawang_merah,40000
2025-11-21,3577,bawang_merah,40000
2025-11-24,3577,bawang_merah,40000
2025-11-25,3577,bawang_merah,40000
2025-11-26,3577,bawang_merah,40000
2025-11-27,3577,bawang_merah,40000
2025-11-28,3577,bawang_merah,40000
2025-12-01,3577,bawang_merah,46000
2025-12-02,3577,bawang_merah,48500
2025-12-03,3577,bawang_merah,48500
2025-12-04,3577,bawang_merah,48500
2025-12-05,3577,bawang_merah,48500
2025-12-08,3577,bawang_merah,55000
2025-12-09,3577,bawang_merah,56250
2025-12-10,3577,bawang_merah,56250
2025-12-11,3577,bawang_merah,56250
2025-12-12,3577,bawang_merah,56250
2025-12-15,3577,bawang_merah,51250
2025-12-16,3577,bawang_merah,51250
2025-12-17,3577,bawang_merah,51250
2025-12-18,3577,bawang_merah,51250
2025-12-19,3577,bawang_merah,51250
2025-12-22,3577,bawang_merah,42500
2025-12-23,3577,bawang_merah,42500
2025-12-24,3577,bawang_merah,42500
2025-12-25,3577,bawang_merah,42500
2025-12-26,3577,bawang_merah,42500
2025-12-29,3577,bawang_merah,35000
2025-12-30,3577,bawang_merah,35000
2025-12-31,3577,bawang_merah,35000
2021-01-04,3578,bawang_merah,28250
2021-01-05,3578,bawang_merah,28250
2021-01-06,3578,bawang_merah,28250
2021-01-07,3578,bawang_merah,28250
2021-01-08,3578,bawang_merah,28250
2021-01-11,3578,bawang_merah,27250
2021-01-12,3578,bawang_merah,27250
2021-01-13,3578,bawang_merah,27250
2021-01-14,3578,bawang_merah,27750
2021-01-15,3578,bawang_merah,27250
2021-01-18,3578,bawang_merah,27750
2021-01-19,3578,bawang_merah,27750
2021-01-20,3578,bawang_merah,27250
2021-01-21,3578,bawang_merah,26250
2021-01-22,3578,bawang_merah,26250
2021-01-25,3578,bawang_merah,26250
2021-01-26,3578,bawang_merah,25750
2021-01-27,3578,bawang_merah,25750
2021-01-28,3578,bawang_merah,25750
2021-01-29,3578,bawang_merah,25750
2021-02-01,3578,bawang_merah,25250
2021-02-02,3578,bawang_merah,25500
2021-02-03,3578,bawang_merah,25500
2021-02-04,3578,bawang_merah,26500
2021-02-05,3578,bawang_merah,26500
2021-02-08,3578,bawang_merah,26500
2021-02-09,3578,bawang_merah,26750
2021-02-10,3578,bawang_merah,26750
2021-02-11,3578,bawang_merah,26750
2021-02-15,3578,bawang_merah,28750
2021-02-16,3578,bawang_merah,29750
2021-02-17,3578,bawang_merah,29750
2021-02-18,3578,bawang_merah,31000
2021-02-19,3578,bawang_merah,31000
2021-02-22,3578,bawang_merah,28750
2021-02-23,3578,bawang_merah,29500
2021-02-24,3578,bawang_merah,29500
2021-02-25,3578,bawang_merah,29250
2021-02-26,3578,bawang_merah,29250
2021-03-01,3578,bawang_merah,30500
2021-03-02,3578,bawang_merah,30750
2021-03-03,3578,bawang_merah,30750
2021-03-04,3578,bawang_merah,31250
2021-03-05,3578,bawang_merah,31250
2021-03-08,3578,bawang_merah,30750
2021-03-09,3578,bawang_merah,31250
2021-03-10,3578,bawang_merah,31250
2021-03-12,3578,bawang_merah,31250
2021-03-15,3578,bawang_merah,31250
2021-03-16,3578,bawang_merah,31250
2021-03-17,3578,bawang_merah,31250
2021-03-18,3578,bawang_merah,31250
2021-03-19,3578,bawang_merah,30750
2021-03-22,3578,bawang_merah,30750
2021-03-23,3578,bawang_merah,30750
2021-03-24,3578,bawang_merah,30750
2021-03-25,3578,bawang_merah,30750
2021-03-26,3578,bawang_merah,30750
2021-03-29,3578,bawang_merah,30500
2021-03-30,3578,bawang_merah,30500
2021-03-31,3578,bawang_merah,30500
2021-04-01,3578,bawang_merah,30500
2021-04-05,3578,bawang_merah,30500
2021-04-06,3578,bawang_merah,30500
2021-04-07,3578,bawang_merah,30500
2021-04-08,3578,bawang_merah,30500
2021-04-09,3578,bawang_merah,30500
2021-04-12,3578,bawang_merah,29250
2021-04-13,3578,bawang_merah,29250
2021-04-14,3578,bawang_merah,29750
2021-04-15,3578,bawang_merah,30000
2021-04-16,3578,bawang_merah,30000
2021-04-19,3578,bawang_merah,30750
2021-04-20,3578,bawang_merah,30750
2021-04-21,3578,bawang_merah,30750
2021-04-22,3578,bawang_merah,30750
2021-04-23,3578,bawang_merah,30750
2021-04-26,3578,bawang_merah,29500
2021-04-27,3578,bawang_merah,29500
2021-04-28,3578,bawang_merah,29500
2021-04-29,3578,bawang_merah,29000
2021-04-30,3578,bawang_merah,29000
2021-05-03,3578,bawang_merah,29500
2021-05-04,3578,bawang_merah,29500
2021-05-05,3578,bawang_merah,29500
2021-05-06,3578,bawang_merah,30250
2021-05-07,3578,bawang_merah,30750
2021-05-10,3578,bawang_merah,31500
2021-05-11,3578,bawang_merah,31500
2021-05-17,3578,bawang_merah,31000
2021-05-18,3578,bawang_merah,29750
2021-05-19,3578,bawang_merah,30750
2021-05-20,3578,bawang_merah,30250
2021-05-21,3578,bawang_merah,29750
2021-05-24,3578,bawang_merah,29500
2021-05-25,3578,bawang_merah,29500
2021-05-27,3578,bawang_merah,29500
2021-05-28,3578,bawang_merah,29500
2021-05-31,3578,bawang_merah,29250
2021-06-02,3578,bawang_merah,28750
2021-06-03,3578,bawang_merah,28750
2021-06-04,3578,bawang_merah,28250
2021-06-07,3578,bawang_merah,28500
2021-06-08,3578,bawang_merah,28500
2021-06-09,3578,bawang_merah,28500
2021-06-10,3578,bawang_merah,28500
2021-06-11,3578,bawang_merah,28000
2021-06-14,3578,bawang_merah,28000
2021-06-15,3578,bawang_merah,27500
2021-06-16,3578,bawang_merah,26250
2021-06-17,3578,bawang_merah,26250
2021-06-18,3578,bawang_merah,26250
2021-06-21,3578,bawang_merah,27250
2021-06-22,3578,bawang_merah,27250
2021-06-23,3578,bawang_merah,26750
2021-06-24,3578,bawang_merah,27250
2021-06-25,3578,bawang_merah,27250
2021-06-28,3578,bawang_merah,28250
2021-06-29,3578,bawang_merah,31750
2021-06-30,3578,bawang_merah,29250
2021-07-01,3578,bawang_merah,29750
2021-07-02,3578,bawang_merah,28750
2021-07-05,3578,bawang_merah,30250
2021-07-06,3578,bawang_merah,30250
2021-07-07,3578,bawang_merah,30250
2021-07-08,3578,bawang_merah,30250
2021-07-09,3578,bawang_merah,29750
2021-07-12,3578,bawang_merah,30250
2021-07-13,3578,bawang_merah,30250
2021-07-14,3578,bawang_merah,29250
2021-07-15,3578,bawang_merah,29250
2021-07-16,3578,bawang_merah,29250
2021-07-19,3578,bawang_merah,31750
2021-07-21,3578,bawang_merah,31750
2021-07-22,3578,bawang_merah,34500
2021-07-23,3578,bawang_merah,34500
2021-07-26,3578,bawang_merah,34750
2021-07-27,3578,bawang_merah,34750
2021-07-28,3578,bawang_merah,34750
2021-07-29,3578,bawang_merah,34750
2021-07-30,3578,bawang_merah,34750
2021-08-02,3578,bawang_merah,36000
2021-08-03,3578,bawang_merah,36000
2021-08-04,3578,bawang_merah,36000
2021-08-05,3578,bawang_merah,35500
2021-08-06,3578,bawang_merah,35250
2021-08-09,3578,bawang_merah,32750
2021-08-10,3578,bawang_merah,31250
2021-08-12,3578,bawang_merah,31250
2021-08-13,3578,bawang_merah,31500
2021-08-16,3578,bawang_merah,29750
2021-08-18,3578,bawang_merah,28500
2021-08-19,3578,bawang_merah,28250
2021-08-20,3578,bawang_merah,28250
2021-08-23,3578,bawang_merah,27500
2021-08-24,3578,bawang_merah,27500
2021-08-25,3578,bawang_merah,27000
2021-08-26,3578,bawang_merah,26500
2021-08-27,3578,bawang_merah,26500
2021-08-30,3578,bawang_merah,25750
2021-08-31,3578,bawang_merah,25000
2021-09-01,3578,bawang_merah,24750
2021-09-02,3578,bawang_merah,24750
2021-09-03,3578,bawang_merah,24750
2021-09-06,3578,bawang_merah,24750
2021-09-07,3578,bawang_merah,24750
2021-09-08,3578,bawang_merah,24750
2021-09-09,3578,bawang_merah,25500
2021-09-10,3578,bawang_merah,25500
2021-09-13,3578,bawang_merah,24500
2021-09-14,3578,bawang_merah,24500
2021-09-15,3578,bawang_merah,24500
2021-09-16,3578,bawang_merah,24500
2021-09-17,3578,bawang_merah,24500
2021-09-20,3578,bawang_merah,25000
2021-09-21,3578,bawang_merah,25000
2021-09-22,3578,bawang_merah,25000
2021-09-23,3578,bawang_merah,25000
2021-09-24,3578,bawang_merah,24500
2021-09-27,3578,bawang_merah,24500
2021-09-28,3578,bawang_merah,24500
2021-09-29,3578,bawang_merah,24500
2021-09-30,3578,bawang_merah,24000
2021-10-01,3578,bawang_merah,24000
2021-10-04,3578,bawang_merah,24500
2021-10-05,3578,bawang_merah,24500
2021-10-06,3578,bawang_merah,24500
2021-10-07,3578,bawang_merah,24750
2021-10-08,3578,bawang_merah,24750
2021-10-11,3578,bawang_merah,26500
2021-10-12,3578,bawang_merah,26250
2021-10-13,3578,bawang_merah,26500
2021-10-14,3578,bawang_merah,26500
2021-10-15,3578,bawang_merah,26750
2021-10-18,3578,bawang_merah,27250
2021-10-19,3578,bawang_merah,27250
2021-10-21,3578,bawang_merah,27250
2021-10-22,3578,bawang_merah,27250
2021-10-25,3578,bawang_merah,26750
2021-10-26,3578,bawang_merah,26750
2021-10-27,3578,bawang_merah,26750
2021-10-28,3578,bawang_merah,26750
2021-10-29,3578,bawang_merah,26750
2021-11-01,3578,bawang_merah,25750
2021-11-02,3578,bawang_merah,26250
2021-11-03,3578,bawang_merah,26250
2021-11-04,3578,bawang_merah,25750
2021-11-05,3578,bawang_merah,25750
2021-11-08,3578,bawang_merah,25750
2021-11-09,3578,bawang_merah,25750
2021-11-10,3578,bawang_merah,24500
2021-11-11,3578,bawang_merah,24500
2021-11-12,3578,bawang_merah,24500
2021-11-15,3578,bawang_merah,24000
2021-11-16,3578,bawang_merah,24000
2021-11-17,3578,bawang_merah,24000
2021-11-18,3578,bawang_merah,24000
2021-11-19,3578,bawang_merah,23000
2021-11-22,3578,bawang_merah,22000
2021-11-23,3578,bawang_merah,21500
2021-11-24,3578,bawang_merah,21250
2021-11-25,3578,bawang_merah,21250
2021-11-26,3578,bawang_merah,20500
2021-11-29,3578,bawang_merah,20000
2021-11-30,3578,bawang_merah,21000
2021-12-01,3578,bawang_merah,21000
2021-12-02,3578,bawang_merah,21000
2021-12-03,3578,bawang_merah,21500
2021-12-06,3578,bawang_merah,21000
2021-12-07,3578,bawang_merah,24000
2021-12-08,3578,bawang_merah,24000
2021-12-09,3578,bawang_merah,25250
2021-12-10,3578,bawang_merah,26500
2021-12-13,3578,bawang_merah,25500
2021-12-14,3578,bawang_merah,25500
2021-12-15,3578,bawang_merah,25250
2021-12-16,3578,bawang_merah,25750
2021-12-17,3578,bawang_merah,25750
2021-12-20,3578,bawang_merah,25750
2021-12-21,3578,bawang_merah,25750
2021-12-22,3578,bawang_merah,26250
2021-12-23,3578,bawang_merah,26250
2021-12-24,3578,bawang_merah,24500
2021-12-27,3578,bawang_merah,24250
2021-12-28,3578,bawang_merah,26250
2021-12-29,3578,bawang_merah,25750
2021-12-30,3578,bawang_merah,25750
2021-12-31,3578,bawang_merah,26250
2022-01-03,3578,bawang_merah,25750
2022-01-04,3578,bawang_merah,28000
2022-01-05,3578,bawang_merah,25750
2022-01-06,3578,bawang_merah,25750
2022-01-07,3578,bawang_merah,25750
2022-01-10,3578,bawang_merah,25000
2022-01-11,3578,bawang_merah,25750
2022-01-12,3578,bawang_merah,25750
2022-01-13,3578,bawang_merah,25750
2022-01-14,3578,bawang_merah,24750
2022-01-17,3578,bawang_merah,25750
2022-01-18,3578,bawang_merah,25750
2022-01-19,3578,bawang_merah,25750
2022-01-20,3578,bawang_merah,25750
2022-01-21,3578,bawang_merah,25750
2022-01-24,3578,bawang_merah,24750
2022-01-25,3578,bawang_merah,24750
2022-01-26,3578,bawang_merah,24750
2022-01-27,3578,bawang_merah,24750
2022-01-28,3578,bawang_merah,24750
2022-01-31,3578,bawang_merah,24750
2022-02-02,3578,bawang_merah,25750
2022-02-03,3578,bawang_merah,28500
2022-02-04,3578,bawang_merah,28500
2022-02-07,3578,bawang_merah,30000
2022-02-08,3578,bawang_merah,30500
2022-02-09,3578,bawang_merah,30500
2022-02-10,3578,bawang_merah,35750
2022-02-11,3578,bawang_merah,35500
2022-02-14,3578,bawang_merah,33250
2022-02-15,3578,bawang_merah,33250
2022-02-16,3578,bawang_merah,33750
2022-02-17,3578,bawang_merah,33750
2022-02-18,3578,bawang_merah,33750
2022-02-21,3578,bawang_merah,36500
2022-02-22,3578,bawang_merah,34500
2022-02-23,3578,bawang_merah,35750
2022-02-24,3578,bawang_merah,37000
2022-02-25,3578,bawang_merah,37000
2022-03-01,3578,bawang_merah,35500
2022-03-02,3578,bawang_merah,35000
2022-03-04,3578,bawang_merah,35750
2022-03-07,3578,bawang_merah,34250
2022-03-08,3578,bawang_merah,34250
2022-03-09,3578,bawang_merah,32750
2022-03-10,3578,bawang_merah,32750
2022-03-11,3578,bawang_merah,32750
2022-03-14,3578,bawang_merah,30500
2022-03-15,3578,bawang_merah,30500
2022-03-16,3578,bawang_merah,30000
2022-03-17,3578,bawang_merah,28750
2022-03-18,3578,bawang_merah,28750
2022-03-21,3578,bawang_merah,29000
2022-03-22,3578,bawang_merah,28500
2022-03-23,3578,bawang_merah,27250
2022-03-24,3578,bawang_merah,27750
2022-03-25,3578,bawang_merah,27750
2022-03-28,3578,bawang_merah,27500
2022-03-29,3578,bawang_merah,27500
2022-03-30,3578,bawang_merah,28000
2022-03-31,3578,bawang_merah,28500
2022-04-01,3578,bawang_merah,28500
2022-04-04,3578,bawang_merah,29000
2022-04-05,3578,bawang_merah,30500
2022-04-06,3578,bawang_merah,30500
2022-04-07,3578,bawang_merah,30250
2022-04-08,3578,bawang_merah,30250
2022-04-11,3578,bawang_merah,30000
2022-04-12,3578,bawang_merah,30000
2022-04-13,3578,bawang_merah,30750
2022-04-14,3578,bawang_merah,30000
2022-04-18,3578,bawang_merah,29250
2022-04-19,3578,bawang_merah,29250
2022-04-20,3578,bawang_merah,29250
2022-04-21,3578,bawang_merah,29250
2022-04-22,3578,bawang_merah,29250
2022-04-25,3578,bawang_merah,31750
2022-04-26,3578,bawang_merah,33000
2022-04-27,3578,bawang_merah,33000
2022-04-28,3578,bawang_merah,33500
2022-05-09,3578,bawang_merah,34500
2022-05-10,3578,bawang_merah,34500
2022-05-11,3578,bawang_merah,34500
2022-05-12,3578,bawang_merah,34500
2022-05-13,3578,bawang_merah,35000
2022-05-17,3578,bawang_merah,38000
2022-05-18,3578,bawang_merah,39500
2022-05-19,3578,bawang_merah,39500
2022-05-20,3578,bawang_merah,39500
2022-05-23,3578,bawang_merah,40500
2022-05-24,3578,bawang_merah,40500
2022-05-25,3578,bawang_merah,40500
2022-05-27,3578,bawang_merah,40500
2022-05-30,3578,bawang_merah,40500
2022-05-31,3578,bawang_merah,40500
2022-06-02,3578,bawang_merah,40000
2022-06-03,3578,bawang_merah,41000
2022-06-06,3578,bawang_merah,42750
2022-06-07,3578,bawang_merah,42750
2022-06-08,3578,bawang_merah,45000
2022-06-09,3578,bawang_merah,47500
2022-06-10,3578,bawang_merah,48750
2022-06-13,3578,bawang_merah,48750
2022-06-14,3578,bawang_merah,48750
2022-06-15,3578,bawang_merah,50000
2022-06-16,3578,bawang_merah,50000
2022-06-17,3578,bawang_merah,48750
2022-06-20,3578,bawang_merah,55000
2022-06-21,3578,bawang_merah,53750
2022-06-22,3578,bawang_merah,53750
2022-06-23,3578,bawang_merah,55000
2022-06-24,3578,bawang_merah,55000
2022-06-27,3578,bawang_merah,55000
2022-06-28,3578,bawang_merah,56250
2022-06-29,3578,bawang_merah,56250
2022-06-30,3578,bawang_merah,58250
2022-07-01,3578,bawang_merah,58750
2022-07-04,3578,bawang_merah,62500
2022-07-05,3578,bawang_merah,65000
2022-07-06,3578,bawang_merah,66250
2022-07-07,3578,bawang_merah,67500
2022-07-08,3578,bawang_merah,68750
2022-07-11,3578,bawang_merah,75000
2022-07-12,3578,bawang_merah,73750
2022-07-13,3578,bawang_merah,73750
2022-07-14,3578,bawang_merah,71000
2022-07-15,3578,bawang_merah,71000
2022-07-18,3578,bawang_merah,61250
2022-07-19,3578,bawang_merah,60000
2022-07-20,3578,bawang_merah,60000
2022-07-21,3578,bawang_merah,60000
2022-07-22,3578,bawang_merah,52500
2022-07-25,3578,bawang_merah,37500
2022-07-26,3578,bawang_merah,37500
2022-07-27,3578,bawang_merah,37500
2022-07-28,3578,bawang_merah,37500
2022-07-29,3578,bawang_merah,37500
2022-08-01,3578,bawang_merah,37500
2022-08-02,3578,bawang_merah,37500
2022-08-03,3578,bawang_merah,37500
2022-08-04,3578,bawang_merah,37500
2022-08-05,3578,bawang_merah,35000
2022-08-08,3578,bawang_merah,35000
2022-08-09,3578,bawang_merah,35000
2022-08-10,3578,bawang_merah,35000
2022-08-11,3578,bawang_merah,35000
2022-08-12,3578,bawang_merah,35000
2022-08-15,3578,bawang_merah,33750
2022-08-16,3578,bawang_merah,33000
2022-08-18,3578,bawang_merah,33000
2022-08-19,3578,bawang_merah,31000
2022-08-22,3578,bawang_merah,31750
2022-08-23,3578,bawang_merah,30500
2022-08-24,3578,bawang_merah,30000
2022-08-25,3578,bawang_merah,29250
2022-08-26,3578,bawang_merah,28750
2022-08-29,3578,bawang_merah,29250
2022-08-30,3578,bawang_merah,29250
2022-08-31,3578,bawang_merah,29250
2022-09-01,3578,bawang_merah,27750
2022-09-02,3578,bawang_merah,28250
2022-09-05,3578,bawang_merah,31250
2022-09-06,3578,bawang_merah,31250
2022-09-07,3578,bawang_merah,31250
2022-09-08,3578,bawang_merah,32000
2022-09-09,3578,bawang_merah,32000
2022-09-12,3578,bawang_merah,33250
2022-09-13,3578,bawang_merah,32750
2022-09-14,3578,bawang_merah,32750
2022-09-15,3578,bawang_merah,32750
2022-09-16,3578,bawang_merah,32500
2022-09-19,3578,bawang_merah,31250
2022-09-20,3578,bawang_merah,31250
2022-09-21,3578,bawang_merah,31750
2022-09-22,3578,bawang_merah,31750
2022-09-23,3578,bawang_merah,31750
2022-09-26,3578,bawang_merah,31750
2022-09-27,3578,bawang_merah,30250
2022-09-28,3578,bawang_merah,30250
2022-09-29,3578,bawang_merah,30250
2022-09-30,3578,bawang_merah,30500
2022-10-03,3578,bawang_merah,32000
2022-10-04,3578,bawang_merah,31750
2022-10-05,3578,bawang_merah,32250
2022-10-06,3578,bawang_merah,32250
2022-10-07,3578,bawang_merah,32250
2022-10-10,3578,bawang_merah,33000
2022-10-11,3578,bawang_merah,33250
2022-10-12,3578,bawang_merah,33250
2022-10-13,3578,bawang_merah,32750
2022-10-14,3578,bawang_merah,32500
2022-10-17,3578,bawang_merah,32750
2022-10-18,3578,bawang_merah,32750
2022-10-19,3578,bawang_merah,32500
2022-10-20,3578,bawang_merah,32500
2022-10-21,3578,bawang_merah,32750
2022-10-24,3578,bawang_merah,32750
2022-10-25,3578,bawang_merah,32750
2022-10-26,3578,bawang_merah,32750
2022-10-27,3578,bawang_merah,34750
2022-10-28,3578,bawang_merah,36250
2022-10-31,3578,bawang_merah,37000
2022-11-01,3578,bawang_merah,37000
2022-11-02,3578,bawang_merah,37000
2022-11-03,3578,bawang_merah,37000
2022-11-04,3578,bawang_merah,36500
2022-11-07,3578,bawang_merah,35250
2022-11-08,3578,bawang_merah,35250
2022-11-09,3578,bawang_merah,35250
2022-11-10,3578,bawang_merah,33250
2022-11-11,3578,bawang_merah,33750
2022-11-14,3578,bawang_merah,35250
2022-11-15,3578,bawang_merah,35250
2022-11-16,3578,bawang_merah,35250
2022-11-17,3578,bawang_merah,35750
2022-11-18,3578,bawang_merah,34250
2022-11-21,3578,bawang_merah,34250
2022-11-22,3578,bawang_merah,32250
2022-11-23,3578,bawang_merah,32500
2022-11-24,3578,bawang_merah,31750
2022-11-25,3578,bawang_merah,31750
2022-11-28,3578,bawang_merah,31750
2022-11-29,3578,bawang_merah,31750
2022-11-30,3578,bawang_merah,31750
2022-12-01,3578,bawang_merah,32250
2022-12-02,3578,bawang_merah,32750
2022-12-05,3578,bawang_merah,33000
2022-12-06,3578,bawang_merah,33000
2022-12-07,3578,bawang_merah,33000
2022-12-08,3578,bawang_merah,32250
2022-12-09,3578,bawang_merah,32750
2022-12-12,3578,bawang_merah,33250
2022-12-13,3578,bawang_merah,33250
2022-12-14,3578,bawang_merah,33500
2022-12-15,3578,bawang_merah,33500
2022-12-16,3578,bawang_merah,34250
2022-12-19,3578,bawang_merah,32500
2022-12-20,3578,bawang_merah,32500
2022-12-21,3578,bawang_merah,35000
2022-12-22,3578,bawang_merah,35500
2022-12-23,3578,bawang_merah,35250
2022-12-26,3578,bawang_merah,34250
2022-12-27,3578,bawang_merah,34250
2022-12-28,3578,bawang_merah,36500
2022-12-29,3578,bawang_merah,35000
2022-12-30,3578,bawang_merah,35000
2023-01-02,3578,bawang_merah,35500
2023-01-03,3578,bawang_merah,35750
2023-01-04,3578,bawang_merah,35500
2023-01-05,3578,bawang_merah,35750
2023-01-06,3578,bawang_merah,36000
2023-01-09,3578,bawang_merah,34500
2023-01-10,3578,bawang_merah,34500
2023-01-11,3578,bawang_merah,35250
2023-01-12,3578,bawang_merah,35250
2023-01-13,3578,bawang_merah,35500
2023-01-16,3578,bawang_merah,36500
2023-01-17,3578,bawang_merah,36500
2023-01-18,3578,bawang_merah,36000
2023-01-19,3578,bawang_merah,37000
2023-01-20,3578,bawang_merah,37000
2023-01-23,3578,bawang_merah,37000
2023-01-24,3578,bawang_merah,38750
2023-01-25,3578,bawang_merah,38750
2023-01-26,3578,bawang_merah,41000
2023-01-27,3578,bawang_merah,41000
2023-01-30,3578,bawang_merah,39000
2023-01-31,3578,bawang_merah,41250
2023-02-01,3578,bawang_merah,41250
2023-02-02,3578,bawang_merah,42250
2023-02-03,3578,bawang_merah,42250
2023-02-06,3578,bawang_merah,41250
2023-02-07,3578,bawang_merah,42500
2023-02-08,3578,bawang_merah,42500
2023-02-09,3578,bawang_merah,42500
2023-02-10,3578,bawang_merah,41250
2023-02-13,3578,bawang_merah,38250
2023-02-14,3578,bawang_merah,38250
2023-02-15,3578,bawang_merah,35750
2023-02-16,3578,bawang_merah,35750
2023-02-17,3578,bawang_merah,33750
2023-02-20,3578,bawang_merah,34750
2023-02-21,3578,bawang_merah,33750
2023-02-22,3578,bawang_merah,33750
2023-02-23,3578,bawang_merah,33750
2023-02-24,3578,bawang_merah,33000
2023-02-27,3578,bawang_merah,33000
2023-02-28,3578,bawang_merah,31750
2023-03-01,3578,bawang_merah,31750
2023-03-02,3578,bawang_merah,31000
2023-03-03,3578,bawang_merah,33000
2023-03-06,3578,bawang_merah,35250
2023-03-07,3578,bawang_merah,35250
2023-03-08,3578,bawang_merah,35500
2023-03-09,3578,bawang_merah,35500
2023-03-10,3578,bawang_merah,35750
2023-03-13,3578,bawang_merah,34000
2023-03-14,3578,bawang_merah,34750
2023-03-15,3578,bawang_merah,34750
2023-03-16,3578,bawang_merah,35500
2023-03-17,3578,bawang_merah,35500
2023-03-20,3578,bawang_merah,35250
2023-03-21,3578,bawang_merah,35250
2023-03-22,3578,bawang_merah,35250
2023-03-23,3578,bawang_merah,35250
2023-03-24,3578,bawang_merah,32750
2023-03-27,3578,bawang_merah,32750
2023-03-28,3578,bawang_merah,32750
2023-03-29,3578,bawang_merah,32750
2023-03-30,3578,bawang_merah,33250
2023-03-31,3578,bawang_merah,33250
2023-04-03,3578,bawang_merah,32750
2023-04-04,3578,bawang_merah,32750
2023-04-05,3578,bawang_merah,32000
2023-04-06,3578,bawang_merah,32750
2023-04-07,3578,bawang_merah,32750
2023-04-10,3578,bawang_merah,32250
2023-04-11,3578,bawang_merah,32250
2023-04-12,3578,bawang_merah,32250
2023-04-13,3578,bawang_merah,32500
2023-04-14,3578,bawang_merah,32500
2023-04-17,3578,bawang_merah,37750
2023-04-18,3578,bawang_merah,40250
2023-04-24,3578,bawang_merah,40000
2023-04-25,3578,bawang_merah,40250
2023-04-26,3578,bawang_merah,44000
2023-04-27,3578,bawang_merah,45250
2023-04-28,3578,bawang_merah,45250
2023-05-02,3578,bawang_merah,42750
2023-05-03,3578,bawang_merah,41250
2023-05-04,3578,bawang_merah,41250
2023-05-05,3578,bawang_merah,41500
2023-05-08,3578,bawang_merah,43250
2023-05-09,3578,bawang_merah,43250
2023-05-10,3578,bawang_merah,42750
2023-05-11,3578,bawang_merah,42750
2023-05-12,3578,bawang_merah,42750
2023-05-15,3578,bawang_merah,42500
2023-05-16,3578,bawang_merah,42500
2023-05-17,3578,bawang_merah,42500
2023-05-18,3578,bawang_merah,42500
2023-05-19,3578,bawang_merah,40500
2023-05-22,3578,bawang_merah,41750
2023-05-23,3578,bawang_merah,41750
2023-05-24,3578,bawang_merah,41750
2023-05-25,3578,bawang_merah,41250
2023-05-26,3578,bawang_merah,40000
2023-05-29,3578,bawang_merah,39000
2023-05-30,3578,bawang_merah,39000
2023-05-31,3578,bawang_merah,39750
2023-06-01,3578,bawang_merah,39750
2023-06-02,3578,bawang_merah,39750
2023-06-05,3578,bawang_merah,37000
2023-06-06,3578,bawang_merah,37000
2023-06-07,3578,bawang_merah,37500
2023-06-08,3578,bawang_merah,37500
2023-06-09,3578,bawang_merah,37500
2023-06-12,3578,bawang_merah,37750
2023-06-13,3578,bawang_merah,37750
2023-06-14,3578,bawang_merah,37750
2023-06-15,3578,bawang_merah,37750
2023-06-16,3578,bawang_merah,37750
2023-06-19,3578,bawang_merah,37500
2023-06-20,3578,bawang_merah,37500
2023-06-21,3578,bawang_merah,37500
2023-06-22,3578,bawang_merah,36250
2023-06-23,3578,bawang_merah,35000
2023-06-26,3578,bawang_merah,35250
2023-06-27,3578,bawang_merah,35250
2023-06-28,3578,bawang_merah,35250
2023-06-29,3578,bawang_merah,35250
2023-06-30,3578,bawang_merah,35250
2023-07-03,3578,bawang_merah,37250
2023-07-04,3578,bawang_merah,37250
2023-07-05,3578,bawang_merah,37250
2023-07-06,3578,bawang_merah,37000
2023-07-07,3578,bawang_merah,36250
2023-07-10,3578,bawang_merah,33000
2023-07-11,3578,bawang_merah,33250
2023-07-12,3578,bawang_merah,32000
2023-07-13,3578,bawang_merah,29500
2023-07-14,3578,bawang_merah,29500
2023-07-17,3578,bawang_merah,26250
2023-07-18,3578,bawang_merah,26250
2023-07-19,3578,bawang_merah,26250
2023-07-20,3578,bawang_merah,25000
2023-07-21,3578,bawang_merah,23750
2023-07-24,3578,bawang_merah,25000
2023-07-25,3578,bawang_merah,25000
2023-07-26,3578,bawang_merah,26250
2023-07-27,3578,bawang_merah,27000
2023-07-28,3578,bawang_merah,25500
2023-07-31,3578,bawang_merah,26500
2023-08-01,3578,bawang_merah,26500
2023-08-02,3578,bawang_merah,26000
2023-08-03,3578,bawang_merah,27000
2023-08-04,3578,bawang_merah,27000
2023-08-07,3578,bawang_merah,26250
2023-08-08,3578,bawang_merah,26250
2023-08-09,3578,bawang_merah,26250
2023-08-10,3578,bawang_merah,24250
2023-08-11,3578,bawang_merah,24500
2023-08-14,3578,bawang_merah,23500
2023-08-15,3578,bawang_merah,23500
2023-08-16,3578,bawang_merah,23750
2023-08-17,3578,bawang_merah,23750
2023-08-18,3578,bawang_merah,23000
2023-08-21,3578,bawang_merah,22750
2023-08-22,3578,bawang_merah,22750
2023-08-23,3578,bawang_merah,23500
2023-08-24,3578,bawang_merah,23500
2023-08-25,3578,bawang_merah,22750
2023-08-28,3578,bawang_merah,22500
2023-08-29,3578,bawang_merah,22500
2023-08-30,3578,bawang_merah,21500
2023-08-31,3578,bawang_merah,21500
2023-09-01,3578,bawang_merah,21500
2023-09-04,3578,bawang_merah,22250
2023-09-05,3578,bawang_merah,22250
2023-09-06,3578,bawang_merah,22250
2023-09-07,3578,bawang_merah,22250
2023-09-08,3578,bawang_merah,22250
2023-09-11,3578,bawang_merah,22500
2023-09-12,3578,bawang_merah,22500
2023-09-13,3578,bawang_merah,23250
2023-09-14,3578,bawang_merah,23250
2023-09-15,3578,bawang_merah,23250
2023-09-18,3578,bawang_merah,22500
2023-09-19,3578,bawang_merah,22500
2023-09-20,3578,bawang_merah,22500
2023-09-21,3578,bawang_merah,22500
2023-09-22,3578,bawang_merah,24000
2023-09-25,3578,bawang_merah,21500
2023-09-26,3578,bawang_merah,21500
2023-09-27,3578,bawang_merah,21500
2023-09-28,3578,bawang_merah,21500
2023-09-29,3578,bawang_merah,21750
2023-10-02,3578,bawang_merah,21750
2023-10-03,3578,bawang_merah,21750
2023-10-04,3578,bawang_merah,21750
2023-10-05,3578,bawang_merah,21750
2023-10-06,3578,bawang_merah,22000
2023-10-09,3578,bawang_merah,22250
2023-10-10,3578,bawang_merah,22250
2023-10-11,3578,bawang_merah,23000
2023-10-12,3578,bawang_merah,23000
2023-10-13,3578,bawang_merah,23000
2023-10-16,3578,bawang_merah,23000
2023-10-17,3578,bawang_merah,23000
2023-10-18,3578,bawang_merah,23000
2023-10-19,3578,bawang_merah,23000
2023-10-20,3578,bawang_merah,23000
2023-10-23,3578,bawang_merah,21750
2023-10-24,3578,bawang_merah,21750
2023-10-25,3578,bawang_merah,21500
2023-10-26,3578,bawang_merah,21750
2023-10-27,3578,bawang_merah,21750
2023-10-30,3578,bawang_merah,22250
2023-10-31,3578,bawang_merah,24000
2023-11-01,3578,bawang_merah,24000
2023-11-02,3578,bawang_merah,24000
2023-11-03,3578,bawang_merah,24000
2023-11-06,3578,bawang_merah,26750
2023-11-07,3578,bawang_merah,26750
2023-11-08,3578,bawang_merah,26750
2023-11-09,3578,bawang_merah,26750
2023-11-10,3578,bawang_merah,26750
2023-11-13,3578,bawang_merah,27250
2023-11-14,3578,bawang_merah,27250
2023-11-15,3578,bawang_merah,26000
2023-11-16,3578,bawang_merah,26000
2023-11-17,3578,bawang_merah,26250
2023-11-20,3578,bawang_merah,27000
2023-11-21,3578,bawang_merah,27000
2023-11-22,3578,bawang_merah,27000
2023-11-23,3578,bawang_merah,27000
2023-11-24,3578,bawang_merah,27000
2023-11-27,3578,bawang_merah,26500
2023-11-28,3578,bawang_merah,26500
2023-11-29,3578,bawang_merah,26500
2023-11-30,3578,bawang_merah,26500
2023-12-01,3578,bawang_merah,26500
2023-12-04,3578,bawang_merah,27750
2023-12-05,3578,bawang_merah,27750
2023-12-06,3578,bawang_merah,27750
2023-12-07,3578,bawang_merah,28250
2023-12-08,3578,bawang_merah,28000
2023-12-11,3578,bawang_merah,30500
2023-12-12,3578,bawang_merah,30500
2023-12-13,3578,bawang_merah,30500
2023-12-14,3578,bawang_merah,30500
2023-12-15,3578,bawang_merah,30500
2023-12-18,3578,bawang_merah,30500
2023-12-19,3578,bawang_merah,30500
2023-12-20,3578,bawang_merah,30500
2023-12-21,3578,bawang_merah,30500
2023-12-22,3578,bawang_merah,32500
2023-12-27,3578,bawang_merah,33750
2023-12-28,3578,bawang_merah,35000
2023-12-29,3578,bawang_merah,35000
2024-01-01,3578,bawang_merah,35000
2024-01-02,3578,bawang_merah,35000
2024-01-03,3578,bawang_merah,35000
2024-01-04,3578,bawang_merah,32500
2024-01-05,3578,bawang_merah,32500
2024-01-08,3578,bawang_merah,33500
2024-01-09,3578,bawang_merah,33500
2024-01-10,3578,bawang_merah,33500
2024-01-11,3578,bawang_merah,33500
2024-01-12,3578,bawang_merah,32250
2024-01-15,3578,bawang_merah,29250
2024-01-16,3578,bawang_merah,29250
2024-01-17,3578,bawang_merah,29250
2024-01-18,3578,bawang_merah,29250
2024-01-19,3578,bawang_merah,29250
2024-01-22,3578,bawang_merah,28250
2024-01-23,3578,bawang_merah,28250
2024-01-24,3578,bawang_merah,28250
2024-01-25,3578,bawang_merah,28250
2024-01-26,3578,bawang_merah,26500
2024-01-29,3578,bawang_merah,27000
2024-01-30,3578,bawang_merah,27000
2024-01-31,3578,bawang_merah,27000
2024-02-01,3578,bawang_merah,27000
2024-02-02,3578,bawang_merah,27000
2024-02-05,3578,bawang_merah,26500
2024-02-06,3578,bawang_merah,26500
2024-02-07,3578,bawang_merah,25750
2024-02-08,3578,bawang_merah,25750
2024-02-09,3578,bawang_merah,25750
2024-02-12,3578,bawang_merah,26000
2024-02-13,3578,bawang_merah,26000
2024-02-14,3578,bawang_merah,26000
2024-02-15,3578,bawang_merah,27750
2024-02-16,3578,bawang_merah,28250
2024-02-19,3578,bawang_merah,28750
2024-02-20,3578,bawang_merah,28750
2024-02-21,3578,bawang_merah,28750
2024-02-22,3578,bawang_merah,28750
2024-02-23,3578,bawang_merah,28750
2024-02-26,3578,bawang_merah,28250
2024-02-27,3578,bawang_merah,28250
2024-02-28,3578,bawang_merah,28250
2024-02-29,3578,bawang_merah,28000
2024-03-01,3578,bawang_merah,28000
2024-03-04,3578,bawang_merah,28000
2024-03-05,3578,bawang_merah,28000
2024-03-06,3578,bawang_merah,28000
2024-03-07,3578,bawang_merah,28000
2024-03-08,3578,bawang_merah,27500
2024-03-11,3578,bawang_merah,27500
2024-03-12,3578,bawang_merah,27500
2024-03-13,3578,bawang_merah,27500
2024-03-14,3578,bawang_merah,27500
2024-03-15,3578,bawang_merah,28000
2024-03-18,3578,bawang_merah,33250
2024-03-19,3578,bawang_merah,33250
2024-03-20,3578,bawang_merah,33250
2024-03-21,3578,bawang_merah,33250
2024-03-22,3578,bawang_merah,33250
2024-03-25,3578,bawang_merah,33750
2024-03-26,3578,bawang_merah,33750
2024-03-27,3578,bawang_merah,33750
2024-03-28,3578,bawang_merah,33750
2024-03-29,3578,bawang_merah,33750
2024-04-01,3578,bawang_merah,34500
2024-04-02,3578,bawang_merah,34500
2024-04-03,3578,bawang_merah,38000
2024-04-04,3578,bawang_merah,42000
2024-04-05,3578,bawang_merah,42750
2024-04-08,3578,bawang_merah,42750
2024-04-09,3578,bawang_merah,42750
2024-04-10,3578,bawang_merah,42750
2024-04-11,3578,bawang_merah,42750
2024-04-12,3578,bawang_merah,42750
2024-04-15,3578,bawang_merah,42750
2024-04-16,3578,bawang_merah,54750
2024-04-17,3578,bawang_merah,58500
2024-04-18,3578,bawang_merah,53750
2024-04-19,3578,bawang_merah,53750
2024-04-22,3578,bawang_merah,58750
2024-04-23,3578,bawang_merah,58750
2024-04-24,3578,bawang_merah,58750
2024-04-25,3578,bawang_merah,58750
2024-04-26,3578,bawang_merah,61250
2024-04-29,3578,bawang_merah,60000
2024-04-30,3578,bawang_merah,58750
2024-05-01,3578,bawang_merah,58750
2024-05-02,3578,bawang_merah,57500
2024-05-03,3578,bawang_merah,57500
2024-05-06,3578,bawang_merah,50000
2024-05-07,3578,bawang_merah,47500
2024-05-08,3578,bawang_merah,47500
2024-05-09,3578,bawang_merah,47500
2024-05-10,3578,bawang_merah,47500
2024-05-13,3578,bawang_merah,48750
2024-05-14,3578,bawang_merah,50000
2024-05-15,3578,bawang_merah,50000
2024-05-16,3578,bawang_merah,50000
2024-05-17,3578,bawang_merah,49750
2024-05-20,3578,bawang_merah,48750
2024-05-21,3578,bawang_merah,54250
2024-05-22,3578,bawang_merah,54250
2024-05-23,3578,bawang_merah,54250
2024-05-24,3578,bawang_merah,54250
2024-05-27,3578,bawang_merah,48750
2024-05-28,3578,bawang_merah,48750
2024-05-29,3578,bawang_merah,47500
2024-05-30,3578,bawang_merah,47500
2024-05-31,3578,bawang_merah,47500
2024-06-03,3578,bawang_merah,46250
2024-06-04,3578,bawang_merah,45000
2024-06-05,3578,bawang_merah,41250
2024-06-06,3578,bawang_merah,40000
2024-06-07,3578,bawang_merah,40000
2024-06-10,3578,bawang_merah,38750
2024-06-11,3578,bawang_merah,38750
2024-06-12,3578,bawang_merah,38750
2024-06-13,3578,bawang_merah,38750
2024-06-14,3578,bawang_merah,38750
2024-06-17,3578,bawang_merah,38750
2024-06-18,3578,bawang_merah,38750
2024-06-19,3578,bawang_merah,40000
2024-06-20,3578,bawang_merah,40000
2024-06-21,3578,bawang_merah,40000
2024-06-24,3578,bawang_merah,36750
2024-06-25,3578,bawang_merah,36750
2024-06-26,3578,bawang_merah,36750
2024-06-27,3578,bawang_merah,36250
2024-06-28,3578,bawang_merah,32500
2024-07-01,3578,bawang_merah,28750
2024-07-02,3578,bawang_merah,28750
2024-07-03,3578,bawang_merah,28750
2024-07-04,3578,bawang_merah,28750
2024-07-08,3578,bawang_merah,28750
2024-07-09,3578,bawang_merah,28750
2024-07-10,3578,bawang_merah,28750
2024-07-11,3578,bawang_merah,28750
2024-07-12,3578,bawang_merah,28750
2024-07-15,3578,bawang_merah,26250
2024-07-16,3578,bawang_merah,25000
2024-07-17,3578,bawang_merah,25000
2024-07-18,3578,bawang_merah,25000
2024-07-19,3578,bawang_merah,25000
2024-07-22,3578,bawang_merah,25000
2024-07-23,3578,bawang_merah,25000
2024-07-24,3578,bawang_merah,25000
2024-07-25,3578,bawang_merah,25000
2024-07-26,3578,bawang_merah,25000
2024-07-29,3578,bawang_merah,25000
2024-07-30,3578,bawang_merah,25000
2024-07-31,3578,bawang_merah,25000
2024-08-01,3578,bawang_merah,25000
2024-08-02,3578,bawang_merah,25000
2024-08-05,3578,bawang_merah,25000
2024-08-06,3578,bawang_merah,25000
2024-08-07,3578,bawang_merah,25000
2024-08-08,3578,bawang_merah,25000
2024-08-09,3578,bawang_merah,25000
2024-08-12,3578,bawang_merah,23750
2024-08-13,3578,bawang_merah,23750
2024-08-14,3578,bawang_merah,23750
2024-08-15,3578,bawang_merah,23750
2024-08-16,3578,bawang_merah,23750
2024-08-19,3578,bawang_merah,24500
2024-08-20,3578,bawang_merah,24500
2024-08-21,3578,bawang_merah,24500
2024-08-22,3578,bawang_merah,23250
2024-08-23,3578,bawang_merah,23250
2024-08-26,3578,bawang_merah,23500
2024-08-27,3578,bawang_merah,23500
2024-08-28,3578,bawang_merah,23500
2024-08-29,3578,bawang_merah,23500
2024-08-30,3578,bawang_merah,23500
2024-09-02,3578,bawang_merah,25000
2024-09-03,3578,bawang_merah,25000
2024-09-04,3578,bawang_merah,25000
2024-09-05,3578,bawang_merah,25000
2024-09-06,3578,bawang_merah,23750
2024-09-09,3578,bawang_merah,25000
2024-09-10,3578,bawang_merah,25000
2024-09-11,3578,bawang_merah,25000
2024-09-12,3578,bawang_merah,25000
2024-09-13,3578,bawang_merah,25000
2024-09-17,3578,bawang_merah,25000
2024-09-18,3578,bawang_merah,25000
2024-09-19,3578,bawang_merah,25000
2024-09-20,3578,bawang_merah,25000
2024-09-23,3578,bawang_merah,25000
2024-09-24,3578,bawang_merah,25000
2024-09-25,3578,bawang_merah,23750
2024-09-26,3578,bawang_merah,23750
2024-09-27,3578,bawang_merah,25000
2024-09-30,3578,bawang_merah,25750
2024-10-01,3578,bawang_merah,25750
2024-10-02,3578,bawang_merah,25750
2024-10-03,3578,bawang_merah,25750
2024-10-04,3578,bawang_merah,25750
2024-10-07,3578,bawang_merah,26000
2024-10-08,3578,bawang_merah,26000
2024-10-09,3578,bawang_merah,26000
2024-10-10,3578,bawang_merah,26000
2024-10-11,3578,bawang_merah,26000
2024-10-14,3578,bawang_merah,26000
2024-10-15,3578,bawang_merah,26250
2024-10-16,3578,bawang_merah,26250
2024-10-17,3578,bawang_merah,26750
2024-10-18,3578,bawang_merah,26750
2024-10-21,3578,bawang_merah,27250
2024-10-22,3578,bawang_merah,27750
2024-10-23,3578,bawang_merah,27250
2024-10-24,3578,bawang_merah,27000
2024-10-25,3578,bawang_merah,27500
2024-10-28,3578,bawang_merah,29500
2024-10-29,3578,bawang_merah,30000
2024-10-30,3578,bawang_merah,30000
2024-10-31,3578,bawang_merah,30000
2024-11-01,3578,bawang_merah,30000
2024-11-04,3578,bawang_merah,32750
2024-11-05,3578,bawang_merah,34000
2024-11-06,3578,bawang_merah,34500
2024-11-07,3578,bawang_merah,34500
2024-11-08,3578,bawang_merah,34500
2024-11-11,3578,bawang_merah,36750
2024-11-12,3578,bawang_merah,36750
2024-11-13,3578,bawang_merah,38000
2024-11-14,3578,bawang_merah,38000
2024-11-15,3578,bawang_merah,38000
2024-11-18,3578,bawang_merah,37500
2024-11-19,3578,bawang_merah,37500
2024-11-20,3578,bawang_merah,37500
2024-11-21,3578,bawang_merah,38750
2024-11-22,3578,bawang_merah,38750
2024-11-25,3578,bawang_merah,37500
2024-11-26,3578,bawang_merah,37500
2024-11-27,3578,bawang_merah,37500
2024-11-28,3578,bawang_merah,38750
2024-11-29,3578,bawang_merah,41000
2024-12-02,3578,bawang_merah,38500
2024-12-03,3578,bawang_merah,38500
2024-12-04,3578,bawang_merah,38500
2024-12-05,3578,bawang_merah,38500
2024-12-06,3578,bawang_merah,38500
2024-12-09,3578,bawang_merah,38500
2024-12-10,3578,bawang_merah,38500
2024-12-11,3578,bawang_merah,38500
2024-12-12,3578,bawang_merah,38500
2024-12-13,3578,bawang_merah,40500
2024-12-16,3578,bawang_merah,40250
2024-12-17,3578,bawang_merah,40250
2024-12-18,3578,bawang_merah,40250
2024-12-19,3578,bawang_merah,39250
2024-12-20,3578,bawang_merah,38750
2024-12-23,3578,bawang_merah,37250
2024-12-24,3578,bawang_merah,37250
2024-12-25,3578,bawang_merah,37250
2024-12-26,3578,bawang_merah,37250
2024-12-27,3578,bawang_merah,40500
2024-12-30,3578,bawang_merah,37500
2024-12-31,3578,bawang_merah,37500
2025-01-02,3578,bawang_merah,37500
2025-01-03,3578,bawang_merah,38500
2025-01-06,3578,bawang_merah,35000
2025-01-07,3578,bawang_merah,35000
2025-01-08,3578,bawang_merah,35000
2025-01-09,3578,bawang_merah,35000
2025-01-10,3578,bawang_merah,36250
2025-01-13,3578,bawang_merah,35000
2025-01-14,3578,bawang_merah,35000
2025-01-15,3578,bawang_merah,35000
2025-01-16,3578,bawang_merah,35000
2025-01-17,3578,bawang_merah,35000
2025-01-20,3578,bawang_merah,33000
2025-01-21,3578,bawang_merah,33000
2025-01-22,3578,bawang_merah,33000
2025-01-23,3578,bawang_merah,32500
2025-01-24,3578,bawang_merah,32500
2025-01-27,3578,bawang_merah,32500
2025-01-28,3578,bawang_merah,32500
2025-01-29,3578,bawang_merah,32500
2025-01-30,3578,bawang_merah,28250
2025-01-31,3578,bawang_merah,28750
2025-02-03,3578,bawang_merah,28250
2025-02-04,3578,bawang_merah,28250
2025-02-05,3578,bawang_merah,28250
2025-02-06,3578,bawang_merah,28750
2025-02-07,3578,bawang_merah,28750
2025-02-10,3578,bawang_merah,28750
2025-02-11,3578,bawang_merah,28750
2025-02-12,3578,bawang_merah,28750
2025-02-13,3578,bawang_merah,28250
2025-02-14,3578,bawang_merah,28750
2025-02-17,3578,bawang_merah,29250
2025-02-18,3578,bawang_merah,29250
2025-02-19,3578,bawang_merah,29250
2025-02-20,3578,bawang_merah,29250
2025-02-21,3578,bawang_merah,29250
2025-02-24,3578,bawang_merah,30500
2025-02-25,3578,bawang_merah,33750
2025-02-26,3578,bawang_merah,33750
2025-02-27,3578,bawang_merah,33750
2025-02-28,3578,bawang_merah,35000
2025-03-03,3578,bawang_merah,39500
2025-03-04,3578,bawang_merah,39500
2025-03-05,3578,bawang_merah,40750
2025-03-06,3578,bawang_merah,42250
2025-03-07,3578,bawang_merah,42250
2025-03-10,3578,bawang_merah,40000
2025-03-11,3578,bawang_merah,42000
2025-03-12,3578,bawang_merah,42000
2025-03-13,3578,bawang_merah,42500
2025-03-14,3578,bawang_merah,43250
2025-03-17,3578,bawang_merah,43750
2025-03-18,3578,bawang_merah,45000
2025-03-19,3578,bawang_merah,45000
2025-03-20,3578,bawang_merah,44500
2025-03-21,3578,bawang_merah,44500
2025-03-24,3578,bawang_merah,46250
2025-03-25,3578,bawang_merah,46250
2025-03-26,3578,bawang_merah,46250
2025-03-27,3578,bawang_merah,45000
2025-03-28,3578,bawang_merah,45000
2025-03-31,3578,bawang_merah,45000
2025-04-01,3578,bawang_merah,45000
2025-04-02,3578,bawang_merah,45000
2025-04-03,3578,bawang_merah,45000
2025-04-04,3578,bawang_merah,45000
2025-04-07,3578,bawang_merah,45000
2025-04-08,3578,bawang_merah,46250
2025-04-09,3578,bawang_merah,46250
2025-04-10,3578,bawang_merah,46250
2025-04-11,3578,bawang_merah,47500
2025-04-14,3578,bawang_merah,48750
2025-04-15,3578,bawang_merah,48750
2025-04-16,3578,bawang_merah,48750
2025-04-17,3578,bawang_merah,48750
2025-04-18,3578,bawang_merah,48750
2025-04-21,3578,bawang_merah,41250
2025-04-22,3578,bawang_merah,42500
2025-04-23,3578,bawang_merah,42500
2025-04-24,3578,bawang_merah,41250
2025-04-25,3578,bawang_merah,42500
2025-04-28,3578,bawang_merah,40000
2025-04-29,3578,bawang_merah,40000
2025-04-30,3578,bawang_merah,40000
2025-05-01,3578,bawang_merah,40000
2025-05-02,3578,bawang_merah,39500
2025-05-05,3578,bawang_merah,38750
2025-05-06,3578,bawang_merah,39250
2025-05-07,3578,bawang_merah,39250
2025-05-08,3578,bawang_merah,38750
2025-05-09,3578,bawang_merah,38000
2025-05-12,3578,bawang_merah,38000
2025-05-13,3578,bawang_merah,38000
2025-05-14,3578,bawang_merah,40750
2025-05-15,3578,bawang_merah,40000
2025-05-16,3578,bawang_merah,40000
2025-05-19,3578,bawang_merah,36250
2025-05-20,3578,bawang_merah,35000
2025-05-21,3578,bawang_merah,35000
2025-05-22,3578,bawang_merah,36000
2025-05-23,3578,bawang_merah,35250
2025-05-26,3578,bawang_merah,35750
2025-05-27,3578,bawang_merah,35750
2025-05-28,3578,bawang_merah,35000
2025-05-29,3578,bawang_merah,35000
2025-05-30,3578,bawang_merah,35000
2025-06-02,3578,bawang_merah,38750
2025-06-03,3578,bawang_merah,38750
2025-06-04,3578,bawang_merah,38750
2025-06-05,3578,bawang_merah,40000
2025-06-06,3578,bawang_merah,40000
2025-06-09,3578,bawang_merah,40000
2025-06-10,3578,bawang_merah,40000
2025-06-11,3578,bawang_merah,40000
2025-06-12,3578,bawang_merah,41250
2025-06-13,3578,bawang_merah,41250
2025-06-16,3578,bawang_merah,43750
2025-06-17,3578,bawang_merah,45000
2025-06-18,3578,bawang_merah,45000
2025-06-19,3578,bawang_merah,43750
2025-06-20,3578,bawang_merah,45000
2025-06-23,3578,bawang_merah,41500
2025-06-24,3578,bawang_merah,44000
2025-06-25,3578,bawang_merah,44000
2025-06-26,3578,bawang_merah,43500
2025-06-27,3578,bawang_merah,43500
2025-06-30,3578,bawang_merah,42250
2025-07-01,3578,bawang_merah,41250
2025-07-02,3578,bawang_merah,41250
2025-07-03,3578,bawang_merah,40000
2025-07-04,3578,bawang_merah,40750
2025-07-07,3578,bawang_merah,43000
2025-07-08,3578,bawang_merah,43000
2025-07-09,3578,bawang_merah,43000
2025-07-10,3578,bawang_merah,44250
2025-07-11,3578,bawang_merah,44500
2025-07-14,3578,bawang_merah,45250
2025-07-15,3578,bawang_merah,46500
2025-07-16,3578,bawang_merah,46000
2025-07-17,3578,bawang_merah,45500
2025-07-18,3578,bawang_merah,45500
2025-07-21,3578,bawang_merah,46250
2025-07-22,3578,bawang_merah,46250
2025-07-23,3578,bawang_merah,47500
2025-07-24,3578,bawang_merah,48750
2025-07-25,3578,bawang_merah,48750
2025-07-28,3578,bawang_merah,51250
2025-07-29,3578,bawang_merah,51250
2025-07-30,3578,bawang_merah,56250
2025-07-31,3578,bawang_merah,53750
2025-08-01,3578,bawang_merah,53000
2025-08-04,3578,bawang_merah,54000
2025-08-05,3578,bawang_merah,54000
2025-08-06,3578,bawang_merah,54000
2025-08-07,3578,bawang_merah,52750
2025-08-08,3578,bawang_merah,54250
2025-08-11,3578,bawang_merah,50750
2025-08-12,3578,bawang_merah,50000
2025-08-13,3578,bawang_merah,50500
2025-08-14,3578,bawang_merah,47500
2025-08-15,3578,bawang_merah,46250
2025-08-18,3578,bawang_merah,46250
2025-08-19,3578,bawang_merah,43750
2025-08-20,3578,bawang_merah,43750
2025-08-21,3578,bawang_merah,43000
2025-08-22,3578,bawang_merah,41750
2025-08-25,3578,bawang_merah,39250
2025-08-26,3578,bawang_merah,39250
2025-08-27,3578,bawang_merah,39250
2025-08-28,3578,bawang_merah,38750
2025-08-29,3578,bawang_merah,38750
2025-09-01,3578,bawang_merah,38750
2025-09-02,3578,bawang_merah,38750
2025-09-03,3578,bawang_merah,38750
2025-09-04,3578,bawang_merah,37500
2025-09-05,3578,bawang_merah,37500
2025-09-08,3578,bawang_merah,36750
2025-09-09,3578,bawang_merah,36750
2025-09-10,3578,bawang_merah,38000
2025-09-11,3578,bawang_merah,38750
2025-09-12,3578,bawang_merah,38750
2025-09-15,3578,bawang_merah,33750
2025-09-16,3578,bawang_merah,33750
2025-09-17,3578,bawang_merah,35750
2025-09-18,3578,bawang_merah,36500
2025-09-19,3578,bawang_merah,36500
2025-09-22,3578,bawang_merah,34250
2025-09-23,3578,bawang_merah,34250
2025-09-24,3578,bawang_merah,35000
2025-09-25,3578,bawang_merah,35000
2025-09-26,3578,bawang_merah,35000
2025-09-29,3578,bawang_merah,35250
2025-09-30,3578,bawang_merah,35250
2025-10-01,3578,bawang_merah,36500
2025-10-02,3578,bawang_merah,35250
2025-10-03,3578,bawang_merah,35250
2025-10-06,3578,bawang_merah,36250
2025-10-07,3578,bawang_merah,36750
2025-10-08,3578,bawang_merah,37500
2025-10-09,3578,bawang_merah,36750
2025-10-10,3578,bawang_merah,38250
2025-10-13,3578,bawang_merah,37000
2025-10-14,3578,bawang_merah,37000
2025-10-15,3578,bawang_merah,38250
2025-10-16,3578,bawang_merah,38250
2025-10-17,3578,bawang_merah,38250
2025-10-20,3578,bawang_merah,39000
2025-10-21,3578,bawang_merah,39000
2025-10-22,3578,bawang_merah,39000
2025-10-23,3578,bawang_merah,39000
2025-10-24,3578,bawang_merah,39500
2025-10-27,3578,bawang_merah,39250
2025-10-28,3578,bawang_merah,41750
2025-10-29,3578,bawang_merah,41750
2025-10-30,3578,bawang_merah,40500
2025-10-31,3578,bawang_merah,41000
2025-11-03,3578,bawang_merah,42000
2025-11-04,3578,bawang_merah,42500
2025-11-05,3578,bawang_merah,43000
2025-11-06,3578,bawang_merah,42500
2025-11-07,3578,bawang_merah,43500
2025-11-10,3578,bawang_merah,43500
2025-11-11,3578,bawang_merah,43500
2025-11-12,3578,bawang_merah,43500
2025-11-13,3578,bawang_merah,43500
2025-11-14,3578,bawang_merah,43500
2025-11-17,3578,bawang_merah,43000
2025-11-18,3578,bawang_merah,43250
2025-11-19,3578,bawang_merah,43250
2025-11-20,3578,bawang_merah,40000
2025-11-21,3578,bawang_merah,40000
2025-11-24,3578,bawang_merah,44000
2025-11-25,3578,bawang_merah,44000
2025-11-26,3578,bawang_merah,44000
2025-11-27,3578,bawang_merah,43500
2025-11-28,3578,bawang_merah,44750
2025-12-01,3578,bawang_merah,45000
2025-12-02,3578,bawang_merah,45000
2025-12-03,3578,bawang_merah,48000
2025-12-04,3578,bawang_merah,47750
2025-12-05,3578,bawang_merah,49250
2025-12-08,3578,bawang_merah,48750
2025-12-09,3578,bawang_merah,48750
2025-12-10,3578,bawang_merah,48750
2025-12-11,3578,bawang_merah,48750
2025-12-12,3578,bawang_merah,48750
2025-12-15,3578,bawang_merah,47500
2025-12-16,3578,bawang_merah,43750
2025-12-17,3578,bawang_merah,43750
2025-12-18,3578,bawang_merah,42500
2025-12-19,3578,bawang_merah,39500
2025-12-22,3578,bawang_merah,39250
2025-12-23,3578,bawang_merah,40000
2025-12-24,3578,bawang_merah,40000
2025-12-25,3578,bawang_merah,40000
2025-12-26,3578,bawang_merah,40000
2025-12-29,3578,bawang_merah,38750
2025-12-30,3578,bawang_merah,38750
2025-12-31,3578,bawang_merah,38750
