date,city_id,commodity_code,price_per_kg
2021-01-04,3509,cabe_rawit,69000
2021-01-05,3509,cabe_rawit,70000
2021-01-06,3509,cabe_rawit,60000
2021-01-07,3509,cabe_rawit,57500
2021-01-08,3509,cabe_rawit,57500
2021-01-11,3509,cabe_rawit,69000
2021-01-12,3509,cabe_rawit,69000
2021-01-13,3509,cabe_rawit,66000
2021-01-14,3509,cabe_rawit,66000
2021-01-15,3509,cabe_rawit,66000
2021-01-18,3509,cabe_rawit,61000
2021-01-19,3509,cabe_rawit,61000
2021-01-20,3509,cabe_rawit,61000
2021-01-21,3509,cabe_rawit,61000
2021-01-22,3509,cabe_rawit,61000
2021-01-25,3509,cabe_rawit,63500
2021-01-26,3509,cabe_rawit,63500
2021-01-27,3509,cabe_rawit,63500
2021-01-28,3509,cabe_rawit,64500
2021-01-29,3509,cabe_rawit,64500
2021-02-01,3509,cabe_rawit,59000
2021-02-02,3509,cabe_rawit,58000
2021-02-03,3509,cabe_rawit,58000
2021-02-04,3509,cabe_rawit,58000
2021-02-05,3509,cabe_rawit,58000
2021-02-08,3509,cabe_rawit,58500
2021-02-09,3509,cabe_rawit,58500
2021-02-10,3509,cabe_rawit,56500
2021-02-11,3509,cabe_rawit,59000
2021-02-15,3509,cabe_rawit,73500
2021-02-16,3509,cabe_rawit,70000
2021-02-17,3509,cabe_rawit,77500
2021-02-18,3509,cabe_rawit,83500
2021-02-19,3509,cabe_rawit,83500
2021-02-22,3509,cabe_rawit,84500
2021-02-23,3509,cabe_rawit,84500
2021-02-24,3509,cabe_rawit,85000
2021-02-25,3509,cabe_rawit,85000
2021-02-26,3509,cabe_rawit,83500
2021-03-01,3509,cabe_rawit,89000
2021-03-02,3509,cabe_rawit,100000
2021-03-03,3509,cabe_rawit,100000
2021-03-04,3509,cabe_rawit,100000
2021-03-05,3509,cabe_rawit,104500
2021-03-08,3509,cabe_rawit,102500
2021-03-09,3509,cabe_rawit,97500
2021-03-10,3509,cabe_rawit,97500
2021-03-12,3509,cabe_rawit,99000
2021-03-15,3509,cabe_rawit,115000
2021-03-16,3509,cabe_rawit,112500
2021-03-17,3509,cabe_rawit,112500
2021-03-18,3509,cabe_rawit,112500
2021-03-19,3509,cabe_rawit,107500
2021-03-22,3509,cabe_rawit,100000
2021-03-23,3509,cabe_rawit,99000
2021-03-24,3509,cabe_rawit,94000
2021-03-25,3509,cabe_rawit,87500
2021-03-26,3509,cabe_rawit,87500
2021-03-29,3509,cabe_rawit,70000
2021-03-30,3509,cabe_rawit,58000
2021-03-31,3509,cabe_rawit,52500
2021-04-01,3509,cabe_rawit,52500
2021-04-05,3509,cabe_rawit,61500
2021-04-06,3509,cabe_rawit,62500
2021-04-07,3509,cabe_rawit,62500
2021-04-08,3509,cabe_rawit,59000
2021-04-09,3509,cabe_rawit,59000
2021-04-12,3509,cabe_rawit,59000
2021-04-13,3509,cabe_rawit,55000
2021-04-14,3509,cabe_rawit,62500
2021-04-15,3509,cabe_rawit,62500
2021-04-16,3509,cabe_rawit,60000
2021-04-19,3509,cabe_rawit,38000
2021-04-20,3509,cabe_rawit,42500
2021-04-21,3509,cabe_rawit,42500
2021-04-22,3509,cabe_rawit,37500
2021-04-23,3509,cabe_rawit,37500
2021-04-26,3509,cabe_rawit,41000
2021-04-27,3509,cabe_rawit,41000
2021-04-28,3509,cabe_rawit,41000
2021-04-29,3509,cabe_rawit,41000
2021-04-30,3509,cabe_rawit,41000
2021-05-03,3509,cabe_rawit,42500
2021-05-04,3509,cabe_rawit,46500
2021-05-05,3509,cabe_rawit,46500
2021-05-06,3509,cabe_rawit,45000
2021-05-07,3509,cabe_rawit,42500
2021-05-10,3509,cabe_rawit,58500
2021-05-11,3509,cabe_rawit,52000
2021-05-17,3509,cabe_rawit,35500
2021-05-18,3509,cabe_rawit,35500
2021-05-19,3509,cabe_rawit,37000
2021-05-20,3509,cabe_rawit,37000
2021-05-21,3509,cabe_rawit,37000
2021-05-24,3509,cabe_rawit,31000
2021-05-25,3509,cabe_rawit,31000
2021-05-27,3509,cabe_rawit,29000
2021-05-28,3509,cabe_rawit,29000
2021-05-31,3509,cabe_rawit,29000
2021-06-02,3509,cabe_rawit,29000
2021-06-03,3509,cabe_rawit,27000
2021-06-04,3509,cabe_rawit,27000
2021-06-07,3509,cabe_rawit,27000
2021-06-08,3509,cabe_rawit,27000
2021-06-09,3509,cabe_rawit,27000
2021-06-10,3509,cabe_rawit,24500
2021-06-11,3509,cabe_rawit,25000
2021-06-14,3509,cabe_rawit,25000
2021-06-15,3509,cabe_rawit,25500
2021-06-16,3509,cabe_rawit,25500
2021-06-17,3509,cabe_rawit,25500
2021-06-18,3509,cabe_rawit,29000
2021-06-21,3509,cabe_rawit,36500
2021-06-22,3509,cabe_rawit,38000
2021-06-23,3509,cabe_rawit,39000
2021-06-24,3509,cabe_rawit,39000
2021-06-25,3509,cabe_rawit,46500
2021-06-28,3509,cabe_rawit,46500
2021-06-29,3509,cabe_rawit,45000
2021-06-30,3509,cabe_rawit,45000
2021-07-01,3509,cabe_rawit,45000
2021-07-02,3509,cabe_rawit,45000
2021-07-05,3509,cabe_rawit,45500
2021-07-06,3509,cabe_rawit,53500
2021-07-07,3509,cabe_rawit,57500
2021-07-08,3509,cabe_rawit,55500
2021-07-09,3509,cabe_rawit,54000
2021-07-12,3509,cabe_rawit,57500
2021-07-13,3509,cabe_rawit,57500
2021-07-14,3509,cabe_rawit,57500
2021-07-15,3509,cabe_rawit,53500
2021-07-16,3509,cabe_rawit,53500
2021-07-19,3509,cabe_rawit,53500
2021-07-21,3509,cabe_rawit,48000
2021-07-22,3509,cabe_rawit,50000
2021-07-23,3509,cabe_rawit,50000
2021-07-26,3509,cabe_rawit,39000
2021-07-27,3509,cabe_rawit,36500
2021-07-28,3509,cabe_rawit,35000
2021-07-29,3509,cabe_rawit,35000
2021-07-30,3509,cabe_rawit,30000
2021-08-02,3509,cabe_rawit,30000
2021-08-03,3509,cabe_rawit,29000
2021-08-04,3509,cabe_rawit,27000
2021-08-05,3509,cabe_rawit,26000
2021-08-06,3509,cabe_rawit,26000
2021-08-09,3509,cabe_rawit,24000
2021-08-10,3509,cabe_rawit,23000
2021-08-12,3509,cabe_rawit,17500
2021-08-13,3509,cabe_rawit,17500
2021-08-16,3509,cabe_rawit,14000
2021-08-18,3509,cabe_rawit,14500
2021-08-19,3509,cabe_rawit,14500
2021-08-20,3509,cabe_rawit,14500
2021-08-23,3509,cabe_rawit,13000
2021-08-24,3509,cabe_rawit,13000
2021-08-25,3509,cabe_rawit,12500
2021-08-26,3509,cabe_rawit,11000
2021-08-27,3509,cabe_rawit,11000
2021-08-30,3509,cabe_rawit,11000
2021-08-31,3509,cabe_rawit,11000
2021-09-01,3509,cabe_rawit,13000
2021-09-02,3509,cabe_rawit,13000
2021-09-03,3509,cabe_rawit,13500
2021-09-06,3509,cabe_rawit,14500
2021-09-07,3509,cabe_rawit,14500
2021-09-08,3509,cabe_rawit,14500
2021-09-09,3509,cabe_rawit,14500
2021-09-10,3509,cabe_rawit,15000
2021-09-13,3509,cabe_rawit,15500
2021-09-14,3509,cabe_rawit,15500
2021-09-15,3509,cabe_rawit,15500
2021-09-16,3509,cabe_rawit,15500
2021-09-17,3509,cabe_rawit,15500
2021-09-20,3509,cabe_rawit,15500
2021-09-21,3509,cabe_rawit,15500
2021-09-22,3509,cabe_rawit,15500
2021-09-23,3509,cabe_rawit,15500
2021-09-24,3509,cabe_rawit,15500
2021-09-27,3509,cabe_rawit,15000
2021-09-28,3509,cabe_rawit,15500
2021-09-29,3509,cabe_rawit,15500
2021-09-30,3509,cabe_rawit,16500
2021-10-01,3509,cabe_rawit,16500
2021-10-04,3509,cabe_rawit,16500
2021-10-05,3509,cabe_rawit,16500
2021-10-06,3509,cabe_rawit,17500
2021-10-07,3509,cabe_rawit,19000
2021-10-08,3509,cabe_rawit,19000
2021-10-11,3509,cabe_rawit,17500
2021-10-12,3509,cabe_rawit,17500
2021-10-13,3509,cabe_rawit,17500
2021-10-14,3509,cabe_rawit,19000
2021-10-15,3509,cabe_rawit,19000
2021-10-18,3509,cabe_rawit,19000
2021-10-19,3509,cabe_rawit,19000
2021-10-21,3509,cabe_rawit,19000
2021-10-22,3509,cabe_rawit,17500
2021-10-25,3509,cabe_rawit,19000
2021-10-26,3509,cabe_rawit,16000
2021-10-27,3509,cabe_rawit,15500
2021-10-28,3509,cabe_rawit,15500
2021-10-29,3509,cabe_rawit,15500
2021-11-01,3509,cabe_rawit,16000
2021-11-02,3509,cabe_rawit,16000
2021-11-03,3509,cabe_rawit,16000
2021-11-04,3509,cabe_rawit,17000
2021-11-05,3509,cabe_rawit,17000
2021-11-08,3509,cabe_rawit,15500
2021-11-09,3509,cabe_rawit,15500
2021-11-10,3509,cabe_rawit,15500
2021-11-11,3509,cabe_rawit,15500
2021-11-12,3509,cabe_rawit,15500
2021-11-15,3509,cabe_rawit,15500
2021-11-16,3509,cabe_rawit,15500
2021-11-17,3509,cabe_rawit,15000
2021-11-18,3509,cabe_rawit,15000
2021-11-19,3509,cabe_rawit,15000
2021-11-22,3509,cabe_rawit,18000
2021-11-23,3509,cabe_rawit,20000
2021-11-24,3509,cabe_rawit,21000
2021-11-25,3509,cabe_rawit,19000
2021-11-26,3509,cabe_rawit,19000
2021-11-29,3509,cabe_rawit,28000
2021-11-30,3509,cabe_rawit,29000
2021-12-01,3509,cabe_rawit,37500
2021-12-02,3509,cabe_rawit,39000
2021-12-03,3509,cabe_rawit,45500
2021-12-06,3509,cabe_rawit,49000
2021-12-07,3509,cabe_rawit,49000
2021-12-08,3509,cabe_rawit,49000
2021-12-09,3509,cabe_rawit,49000
2021-12-10,3509,cabe_rawit,47000
2021-12-13,3509,cabe_rawit,64500
2021-12-14,3509,cabe_rawit,72000
2021-12-15,3509,cabe_rawit,71000
2021-12-16,3509,cabe_rawit,66000
2021-12-17,3509,cabe_rawit,64500
2021-12-20,3509,cabe_rawit,70000
2021-12-21,3509,cabe_rawit,73500
2021-12-22,3509,cabe_rawit,72500
2021-12-23,3509,cabe_rawit,80000
2021-12-24,3509,cabe_rawit,79000
2021-12-27,3509,cabe_rawit,78000
2021-12-28,3509,cabe_rawit,72500
2021-12-29,3509,cabe_rawit,68000
2021-12-30,3509,cabe_rawit,68000
2021-12-31,3509,cabe_rawit,69000
2022-01-03,3509,cabe_rawit,60000
2022-01-04,3509,cabe_rawit,52500
2022-01-05,3509,cabe_rawit,50000
2022-01-06,3509,cabe_rawit,51000
2022-01-07,3509,cabe_rawit,42500
2022-01-10,3509,cabe_rawit,42500
2022-01-11,3509,cabe_rawit,32000
2022-01-12,3509,cabe_rawit,34500
2022-01-13,3509,cabe_rawit,33000
2022-01-14,3509,cabe_rawit,33000
2022-01-17,3509,cabe_rawit,32000
2022-01-18,3509,cabe_rawit,30000
2022-01-19,3509,cabe_rawit,30000
2022-01-20,3509,cabe_rawit,29000
2022-01-21,3509,cabe_rawit,26500
2022-01-24,3509,cabe_rawit,23500
2022-01-25,3509,cabe_rawit,22000
2022-01-26,3509,cabe_rawit,22000
2022-01-27,3509,cabe_rawit,22000
2022-01-28,3509,cabe_rawit,22000
2022-01-31,3509,cabe_rawit,19000
2022-02-02,3509,cabe_rawit,19000
2022-02-03,3509,cabe_rawit,29000
2022-02-04,3509,cabe_rawit,32000
2022-02-07,3509,cabe_rawit,32000
2022-02-08,3509,cabe_rawit,32000
2022-02-09,3509,cabe_rawit,32000
2022-02-10,3509,cabe_rawit,33500
2022-02-11,3509,cabe_rawit,33500
2022-02-14,3509,cabe_rawit,34500
2022-02-15,3509,cabe_rawit,36000
2022-02-16,3509,cabe_rawit,36500
2022-02-17,3509,cabe_rawit,36500
2022-02-18,3509,cabe_rawit,36500
2022-02-21,3509,cabe_rawit,42500
2022-02-22,3509,cabe_rawit,42500
2022-02-23,3509,cabe_rawit,43500
2022-02-24,3509,cabe_rawit,43500
2022-02-25,3509,cabe_rawit,43500
2022-03-01,3509,cabe_rawit,55000
2022-03-02,3509,cabe_rawit,55000
2022-03-04,3509,cabe_rawit,55000
2022-03-07,3509,cabe_rawit,57000
2022-03-08,3509,cabe_rawit,56000
2022-03-09,3509,cabe_rawit,48000
2022-03-10,3509,cabe_rawit,45000
2022-03-11,3509,cabe_rawit,47000
2022-03-14,3509,cabe_rawit,42000
2022-03-15,3509,cabe_rawit,41000
2022-03-16,3509,cabe_rawit,44000
2022-03-17,3509,cabe_rawit,44500
2022-03-18,3509,cabe_rawit,47000
2022-03-21,3509,cabe_rawit,40000
2022-03-22,3509,cabe_rawit,39000
2022-03-23,3509,cabe_rawit,39000
2022-03-24,3509,cabe_rawit,39000
2022-03-25,3509,cabe_rawit,39000
2022-03-28,3509,cabe_rawit,38000
2022-03-29,3509,cabe_rawit,38000
2022-03-30,3509,cabe_rawit,39000
2022-03-31,3509,cabe_rawit,39000
2022-04-01,3509,cabe_rawit,36000
2022-04-04,3509,cabe_rawit,38000
2022-04-05,3509,cabe_rawit,38000
2022-04-06,3509,cabe_rawit,36000
2022-04-07,3509,cabe_rawit,36000
2022-04-08,3509,cabe_rawit,36000
2022-04-11,3509,cabe_rawit,26000
2022-04-12,3509,cabe_rawit,23000
2022-04-13,3509,cabe_rawit,22000
2022-04-14,3509,cabe_rawit,22000
2022-04-18,3509,cabe_rawit,21000
2022-04-19,3509,cabe_rawit,21000
2022-04-20,3509,cabe_rawit,21000
2022-04-21,3509,cabe_rawit,21000
2022-04-22,3509,cabe_rawit,21000
2022-04-25,3509,cabe_rawit,21000
2022-04-26,3509,cabe_rawit,26000
2022-04-27,3509,cabe_rawit,26500
2022-04-28,3509,cabe_rawit,26500
2022-05-09,3509,cabe_rawit,22000
2022-05-10,3509,cabe_rawit,22000
2022-05-11,3509,cabe_rawit,22000
2022-05-12,3509,cabe_rawit,21000
2022-05-13,3509,cabe_rawit,20000
2022-05-17,3509,cabe_rawit,29000
2022-05-18,3509,cabe_rawit,31000
2022-05-19,3509,cabe_rawit,33500
2022-05-20,3509,cabe_rawit,41000
2022-05-23,3509,cabe_rawit,39000
2022-05-24,3509,cabe_rawit,41000
2022-05-25,3509,cabe_rawit,43000
2022-05-27,3509,cabe_rawit,43500
2022-05-30,3509,cabe_rawit,53500
2022-05-31,3509,cabe_rawit,53500
2022-06-02,3509,cabe_rawit,56500
2022-06-03,3509,cabe_rawit,62500
2022-06-06,3509,cabe_rawit,78000
2022-06-07,3509,cabe_rawit,78000
2022-06-08,3509,cabe_rawit,78000
2022-06-09,3509,cabe_rawit,79000
2022-06-10,3509,cabe_rawit,79000
2022-06-13,3509,cabe_rawit,79000
2022-06-14,3509,cabe_rawit,83500
2022-06-15,3509,cabe_rawit,88000
2022-06-16,3509,cabe_rawit,88000
2022-06-17,3509,cabe_rawit,87500
2022-06-20,3509,cabe_rawit,87500
2022-06-21,3509,cabe_rawit,88000
2022-06-22,3509,cabe_rawit,88500
2022-06-23,3509,cabe_rawit,92500
2022-06-24,3509,cabe_rawit,93500
2022-06-27,3509,cabe_rawit,93500
2022-06-28,3509,cabe_rawit,88000
2022-06-29,3509,cabe_rawit,83500
2022-06-30,3509,cabe_rawit,83500
2022-07-01,3509,cabe_rawit,80000
2022-07-04,3509,cabe_rawit,89000
2022-07-05,3509,cabe_rawit,95000
2022-07-06,3509,cabe_rawit,89000
2022-07-07,3509,cabe_rawit,89000
2022-07-08,3509,cabe_rawit,87500
2022-07-11,3509,cabe_rawit,92500
2022-07-12,3509,cabe_rawit,95000
2022-07-13,3509,cabe_rawit,86000
2022-07-14,3509,cabe_rawit,66000
2022-07-15,3509,cabe_rawit,65000
2022-07-18,3509,cabe_rawit,62500
2022-07-19,3509,cabe_rawit,62500
2022-07-20,3509,cabe_rawit,52500
2022-07-21,3509,cabe_rawit,55000
2022-07-22,3509,cabe_rawit,53000
2022-07-25,3509,cabe_rawit,57500
2022-07-26,3509,cabe_rawit,57000
2022-07-27,3509,cabe_rawit,56000
2022-07-28,3509,cabe_rawit,56500
2022-07-29,3509,cabe_rawit,58000
2022-08-01,3509,cabe_rawit,59000
2022-08-02,3509,cabe_rawit,59000
2022-08-03,3509,cabe_rawit,59000
2022-08-04,3509,cabe_rawit,59000
2022-08-05,3509,cabe_rawit,59000
2022-08-08,3509,cabe_rawit,58000
2022-08-09,3509,cabe_rawit,57500
2022-08-10,3509,cabe_rawit,54000
2022-08-11,3509,cabe_rawit,53500
2022-08-12,3509,cabe_rawit,45500
2022-08-15,3509,cabe_rawit,35000
2022-08-16,3509,cabe_rawit,37000
2022-08-18,3509,cabe_rawit,35000
2022-08-19,3509,cabe_rawit,35000
2022-08-22,3509,cabe_rawit,33500
2022-08-23,3509,cabe_rawit,33000
2022-08-24,3509,cabe_rawit,32000
2022-08-25,3509,cabe_rawit,34500
2022-08-26,3509,cabe_rawit,32500
2022-08-29,3509,cabe_rawit,34500
2022-08-30,3509,cabe_rawit,41000
2022-08-31,3509,cabe_rawit,43000
2022-09-01,3509,cabe_rawit,44500
2022-09-02,3509,cabe_rawit,46000
2022-09-05,3509,cabe_rawit,47000
2022-09-06,3509,cabe_rawit,50000
2022-09-07,3509,cabe_rawit,53500
2022-09-08,3509,cabe_rawit,53500
2022-09-09,3509,cabe_rawit,49000
2022-09-12,3509,cabe_rawit,47000
2022-09-13,3509,cabe_rawit,47000
2022-09-14,3509,cabe_rawit,47000
2022-09-15,3509,cabe_rawit,47000
2022-09-16,3509,cabe_rawit,53500
2022-09-19,3509,cabe_rawit,57000
2022-09-20,3509,cabe_rawit,58000
2022-09-21,3509,cabe_rawit,56500
2022-09-22,3509,cabe_rawit,53500
2022-09-23,3509,cabe_rawit,52500
2022-09-26,3509,cabe_rawit,52500
2022-09-27,3509,cabe_rawit,52500
2022-09-28,3509,cabe_rawit,52500
2022-09-29,3509,cabe_rawit,52500
2022-09-30,3509,cabe_rawit,52000
2022-10-03,3509,cabe_rawit,48000
2022-10-04,3509,cabe_rawit,48000
2022-10-05,3509,cabe_rawit,43500
2022-10-06,3509,cabe_rawit,35000
2022-10-07,3509,cabe_rawit,33000
2022-10-10,3509,cabe_rawit,37000
2022-10-11,3509,cabe_rawit,39000
2022-10-12,3509,cabe_rawit,35500
2022-10-13,3509,cabe_rawit,35500
2022-10-14,3509,cabe_rawit,35500
2022-10-17,3509,cabe_rawit,35000
2022-10-18,3509,cabe_rawit,32500
2022-10-19,3509,cabe_rawit,32500
2022-10-20,3509,cabe_rawit,32500
2022-10-21,3509,cabe_rawit,29000
2022-10-24,3509,cabe_rawit,29000
2022-10-25,3509,cabe_rawit,31000
2022-10-26,3509,cabe_rawit,31000
2022-10-27,3509,cabe_rawit,29000
2022-10-28,3509,cabe_rawit,29000
2022-10-31,3509,cabe_rawit,23000
2022-11-01,3509,cabe_rawit,23000
2022-11-02,3509,cabe_rawit,21000
2022-11-03,3509,cabe_rawit,21000
2022-11-04,3509,cabe_rawit,24500
2022-11-07,3509,cabe_rawit,25500
2022-11-08,3509,cabe_rawit,25000
2022-11-09,3509,cabe_rawit,25000
2022-11-10,3509,cabe_rawit,25000
2022-11-11,3509,cabe_rawit,23000
2022-11-14,3509,cabe_rawit,23000
2022-11-15,3509,cabe_rawit,24500
2022-11-16,3509,cabe_rawit,24500
2022-11-17,3509,cabe_rawit,27000
2022-11-18,3509,cabe_rawit,27000
2022-11-21,3509,cabe_rawit,29000
2022-11-22,3509,cabe_rawit,29000
2022-11-23,3509,cabe_rawit,29000
2022-11-24,3509,cabe_rawit,29000
2022-11-25,3509,cabe_rawit,26000
2022-11-28,3509,cabe_rawit,26500
2022-11-29,3509,cabe_rawit,27000
2022-11-30,3509,cabe_rawit,27500
2022-12-01,3509,cabe_rawit,27500
2022-12-02,3509,cabe_rawit,29000
2022-12-05,3509,cabe_rawit,41000
2022-12-06,3509,cabe_rawit,43000
2022-12-07,3509,cabe_rawit,43000
2022-12-08,3509,cabe_rawit,43000
2022-12-09,3509,cabe_rawit,38500
2022-12-12,3509,cabe_rawit,32000
2022-12-13,3509,cabe_rawit,30000
2022-12-14,3509,cabe_rawit,31000
2022-12-15,3509,cabe_rawit,29000
2022-12-16,3509,cabe_rawit,29000
2022-12-19,3509,cabe_rawit,31000
2022-12-20,3509,cabe_rawit,31000
2022-12-21,3509,cabe_rawit,31000
2022-12-22,3509,cabe_rawit,31000
2022-12-23,3509,cabe_rawit,31000
2022-12-26,3509,cabe_rawit,39000
2022-12-27,3509,cabe_rawit,43500
2022-12-28,3509,cabe_rawit,44500
2022-12-29,3509,cabe_rawit,46500
2022-12-30,3509,cabe_rawit,46500
2023-01-02,3509,cabe_rawit,62500
2023-01-03,3509,cabe_rawit,60000
2023-01-04,3509,cabe_rawit,57500
2023-01-05,3509,cabe_rawit,49000
2023-01-06,3509,cabe_rawit,53500
2023-01-09,3509,cabe_rawit,53500
2023-01-10,3509,cabe_rawit,49000
2023-01-11,3509,cabe_rawit,49000
2023-01-12,3509,cabe_rawit,49000
2023-01-13,3509,cabe_rawit,49000
2023-01-16,3509,cabe_rawit,39000
2023-01-17,3509,cabe_rawit,41000
2023-01-18,3509,cabe_rawit,41000
2023-01-19,3509,cabe_rawit,41000
2023-01-20,3509,cabe_rawit,42000
2023-01-23,3509,cabe_rawit,42000
2023-01-24,3509,cabe_rawit,48500
2023-01-25,3509,cabe_rawit,48500
2023-01-26,3509,cabe_rawit,48500
2023-01-27,3509,cabe_rawit,50000
2023-01-30,3509,cabe_rawit,51000
2023-01-31,3509,cabe_rawit,51000
2023-02-01,3509,cabe_rawit,49000
2023-02-02,3509,cabe_rawit,45000
2023-02-03,3509,cabe_rawit,43500
2023-02-06,3509,cabe_rawit,50000
2023-02-07,3509,cabe_rawit,53500
2023-02-08,3509,cabe_rawit,53500
2023-02-09,3509,cabe_rawit,55000
2023-02-10,3509,cabe_rawit,57000
2023-02-13,3509,cabe_rawit,56500
2023-02-14,3509,cabe_rawit,56500
2023-02-15,3509,cabe_rawit,58000
2023-02-16,3509,cabe_rawit,58000
2023-02-17,3509,cabe_rawit,62000
2023-02-20,3509,cabe_rawit,62000
2023-02-21,3509,cabe_rawit,62000
2023-02-22,3509,cabe_rawit,62000
2023-02-23,3509,cabe_rawit,63000
2023-02-24,3509,cabe_rawit,63000
2023-02-27,3509,cabe_rawit,57500
2023-02-28,3509,cabe_rawit,55000
2023-03-01,3509,cabe_rawit,55000
2023-03-02,3509,cabe_rawit,55500
2023-03-03,3509,cabe_rawit,55500
2023-03-06,3509,cabe_rawit,69000
2023-03-07,3509,cabe_rawit,72000
2023-03-08,3509,cabe_rawit,72000
2023-03-09,3509,cabe_rawit,73000
2023-03-10,3509,cabe_rawit,73000
2023-03-13,3509,cabe_rawit,73000
2023-03-14,3509,cabe_rawit,71000
2023-03-15,3509,cabe_rawit,73500
2023-03-16,3509,cabe_rawit,77000
2023-03-17,3509,cabe_rawit,77000
2023-03-20,3509,cabe_rawit,77000
2023-03-21,3509,cabe_rawit,78000
2023-03-24,3509,cabe_rawit,78000
2023-03-27,3509,cabe_rawit,78000
2023-03-28,3509,cabe_rawit,37500
2023-03-29,3509,cabe_rawit,28500
2023-03-30,3509,cabe_rawit,47000
2023-03-31,3509,cabe_rawit,43000
2023-04-03,3509,cabe_rawit,41000
2023-04-04,3509,cabe_rawit,35000
2023-04-05,3509,cabe_rawit,34000
2023-04-06,3509,cabe_rawit,34000
2023-04-07,3509,cabe_rawit,34000
2023-04-10,3509,cabe_rawit,34000
2023-04-11,3509,cabe_rawit,30000
2023-04-12,3509,cabe_rawit,30000
2023-04-13,3509,cabe_rawit,26500
2023-04-14,3509,cabe_rawit,25000
2023-04-17,3509,cabe_rawit,25000
2023-04-18,3509,cabe_rawit,25000
2023-04-19,3509,cabe_rawit,25000
2023-04-20,3509,cabe_rawit,25000
2023-04-21,3509,cabe_rawit,25000
2023-04-24,3509,cabe_rawit,25000
2023-04-25,3509,cabe_rawit,25000
2023-04-26,3509,cabe_rawit,24000
2023-04-27,3509,cabe_rawit,24000
2023-04-28,3509,cabe_rawit,23500
2023-05-01,3509,cabe_rawit,23500
2023-05-02,3509,cabe_rawit,23000
2023-05-03,3509,cabe_rawit,23000
2023-05-04,3509,cabe_rawit,21000
2023-05-05,3509,cabe_rawit,21000
2023-05-08,3509,cabe_rawit,22000
2023-05-09,3509,cabe_rawit,26500
2023-05-10,3509,cabe_rawit,27500
2023-05-11,3509,cabe_rawit,25500
2023-05-12,3509,cabe_rawit,25000
2023-05-15,3509,cabe_rawit,25000
2023-05-16,3509,cabe_rawit,24500
2023-05-17,3509,cabe_rawit,29000
2023-05-18,3509,cabe_rawit,29000
2023-05-19,3509,cabe_rawit,31000
2023-05-22,3509,cabe_rawit,35000
2023-05-23,3509,cabe_rawit,36000
2023-05-24,3509,cabe_rawit,32000
2023-05-25,3509,cabe_rawit,32000
2023-05-26,3509,cabe_rawit,32000
2023-05-29,3509,cabe_rawit,32000
2023-05-30,3509,cabe_rawit,34500
2023-05-31,3509,cabe_rawit,35000
2023-06-01,3509,cabe_rawit,35000
2023-06-02,3509,cabe_rawit,35000
2023-06-05,3509,cabe_rawit,35000
2023-06-06,3509,cabe_rawit,35500
2023-06-07,3509,cabe_rawit,36000
2023-06-08,3509,cabe_rawit,36000
2023-06-09,3509,cabe_rawit,36000
2023-06-12,3509,cabe_rawit,36000
2023-06-13,3509,cabe_rawit,33000
2023-06-14,3509,cabe_rawit,31000
2023-06-15,3509,cabe_rawit,31000
2023-06-16,3509,cabe_rawit,29000
2023-06-19,3509,cabe_rawit,25000
2023-06-20,3509,cabe_rawit,25000
2023-06-21,3509,cabe_rawit,29000
2023-06-22,3509,cabe_rawit,29000
2023-06-23,3509,cabe_rawit,29000
2023-06-26,3509,cabe_rawit,29000
2023-06-27,3509,cabe_rawit,29000
2023-06-28,3509,cabe_rawit,29000
2023-06-29,3509,cabe_rawit,29000
2023-06-30,3509,cabe_rawit,29000
2023-07-03,3509,cabe_rawit,23000
2023-07-04,3509,cabe_rawit,21000
2023-07-05,3509,cabe_rawit,21000
2023-07-06,3509,cabe_rawit,19000
2023-07-07,3509,cabe_rawit,19000
2023-07-10,3509,cabe_rawit,21000
2023-07-11,3509,cabe_rawit,21000
2023-07-12,3509,cabe_rawit,21000
2023-07-13,3509,cabe_rawit,21000
2023-07-14,3509,cabe_rawit,21000
2023-07-17,3509,cabe_rawit,23000
2023-07-18,3509,cabe_rawit,23000
2023-07-19,3509,cabe_rawit,23000
2023-07-20,3509,cabe_rawit,27500
2023-07-21,3509,cabe_rawit,27500
2023-07-24,3509,cabe_rawit,31000
2023-07-25,3509,cabe_rawit,33500
2023-07-26,3509,cabe_rawit,34500
2023-07-27,3509,cabe_rawit,35000
2023-07-28,3509,cabe_rawit,35000
2023-07-31,3509,cabe_rawit,33500
2023-08-01,3509,cabe_rawit,33500
2023-08-02,3509,cabe_rawit,35000
2023-08-03,3509,cabe_rawit,35000
2023-08-04,3509,cabe_rawit,37000
2023-08-07,3509,cabe_rawit,39000
2023-08-08,3509,cabe_rawit,39000
2023-08-09,3509,cabe_rawit,39000
2023-08-10,3509,cabe_rawit,39000
2023-08-11,3509,cabe_rawit,39000
2023-08-14,3509,cabe_rawit,40000
2023-08-15,3509,cabe_rawit,43500
2023-08-16,3509,cabe_rawit,43500
2023-08-17,3509,cabe_rawit,43500
2023-08-18,3509,cabe_rawit,43500
2023-08-21,3509,cabe_rawit,39000
2023-08-22,3509,cabe_rawit,39000
2023-08-23,3509,cabe_rawit,39000
2023-08-24,3509,cabe_rawit,29000
2023-08-25,3509,cabe_rawit,27000
2023-08-28,3509,cabe_rawit,27000
2023-08-29,3509,cabe_rawit,27000
2023-08-30,3509,cabe_rawit,27000
2023-08-31,3509,cabe_rawit,27000
2023-09-01,3509,cabe_rawit,27000
2023-09-04,3509,cabe_rawit,25000
2023-09-05,3509,cabe_rawit,25000
2023-09-06,3509,cabe_rawit,24000
2023-09-07,3509,cabe_rawit,24000
2023-09-08,3509,cabe_rawit,24000
2023-09-11,3509,cabe_rawit,25000
2023-09-12,3509,cabe_rawit,25000
2023-09-13,3509,cabe_rawit,25000
2023-09-14,3509,cabe_rawit,25000
2023-09-15,3509,cabe_rawit,25000
2023-09-18,3509,cabe_rawit,25000
2023-09-19,3509,cabe_rawit,25000
2023-09-20,3509,cabe_rawit,25000
2023-09-21,3509,cabe_rawit,25000
2023-09-22,3509,cabe_rawit,25000
2023-09-25,3509,cabe_rawit,27000
2023-09-26,3509,cabe_rawit,27000
2023-09-27,3509,cabe_rawit,25500
2023-09-28,3509,cabe_rawit,25500
2023-09-29,3509,cabe_rawit,27000
2023-10-02,3509,cabe_rawit,31000
2023-10-03,3509,cabe_rawit,33000
2023-10-04,3509,cabe_rawit,33000
2023-10-05,3509,cabe_rawit,34500
2023-10-06,3509,cabe_rawit,34500
2023-10-09,3509,cabe_rawit,39000
2023-10-10,3509,cabe_rawit,40000
2023-10-11,3509,cabe_rawit,40000
2023-10-12,3509,cabe_rawit,41000
2023-10-13,3509,cabe_rawit,41000
2023-10-16,3509,cabe_rawit,41000
2023-10-17,3509,cabe_rawit,41000
2023-10-18,3509,cabe_rawit,41000
2023-10-19,3509,cabe_rawit,41000
2023-10-20,3509,cabe_rawit,41000
2023-10-23,3509,cabe_rawit,66500
2023-10-24,3509,cabe_rawit,59000
2023-10-25,3509,cabe_rawit,59000
2023-10-26,3509,cabe_rawit,59000
2023-10-27,3509,cabe_rawit,64150
2023-10-30,3509,cabe_rawit,69650
2023-10-31,3509,cabe_rawit,66000
2023-11-01,3509,cabe_rawit,66000
2023-11-02,3509,cabe_rawit,65150
2023-11-03,3509,cabe_rawit,71150
2023-11-06,3509,cabe_rawit,63150
2023-11-07,3509,cabe_rawit,68650
2023-11-08,3509,cabe_rawit,73350
2023-11-09,3509,cabe_rawit,73000
2023-11-10,3509,cabe_rawit,73000
2023-11-13,3509,cabe_rawit,71650
2023-11-14,3509,cabe_rawit,71650
2023-11-15,3509,cabe_rawit,74500
2023-11-16,3509,cabe_rawit,74650
2023-11-17,3509,cabe_rawit,77650
2023-11-20,3509,cabe_rawit,82350
2023-11-21,3509,cabe_rawit,84350
2023-11-22,3509,cabe_rawit,88850
2023-11-23,3509,cabe_rawit,83350
2023-11-24,3509,cabe_rawit,83350
2023-11-27,3509,cabe_rawit,81650
2023-11-28,3509,cabe_rawit,82350
2023-11-29,3509,cabe_rawit,80000
2023-11-30,3509,cabe_rawit,76350
2023-12-01,3509,cabe_rawit,78650
2023-12-04,3509,cabe_rawit,81350
2023-12-05,3509,cabe_rawit,82350
2023-12-06,3509,cabe_rawit,82650
2023-12-07,3509,cabe_rawit,84650
2023-12-08,3509,cabe_rawit,87000
2023-12-11,3509,cabe_rawit,83350
2023-12-12,3509,cabe_rawit,83350
2023-12-13,3509,cabe_rawit,78350
2023-12-14,3509,cabe_rawit,78650
2023-12-15,3509,cabe_rawit,78350
2023-12-18,3509,cabe_rawit,66650
2023-12-19,3509,cabe_rawit,71350
2023-12-20,3509,cabe_rawit,73350
2023-12-21,3509,cabe_rawit,69650
2023-12-22,3509,cabe_rawit,71650
2023-12-27,3509,cabe_rawit,71500
2023-12-28,3509,cabe_rawit,71350
2023-12-29,3509,cabe_rawit,69500
2024-01-01,3509,cabe_rawit,69500
2024-01-02,3509,cabe_rawit,67500
2024-01-03,3509,cabe_rawit,66650
2024-01-04,3509,cabe_rawit,57150
2024-01-05,3509,cabe_rawit,55500
2024-01-08,3509,cabe_rawit,52650
2024-01-09,3509,cabe_rawit,47000
2024-01-10,3509,cabe_rawit,46850
2024-01-11,3509,cabe_rawit,45000
2024-01-12,3509,cabe_rawit,45000
2024-01-15,3509,cabe_rawit,44350
2024-01-16,3509,cabe_rawit,44000
2024-01-17,3509,cabe_rawit,42850
2024-01-18,3509,cabe_rawit,41150
2024-01-19,3509,cabe_rawit,35000
2024-01-22,3509,cabe_rawit,32150
2024-01-23,3509,cabe_rawit,31650
2024-01-24,3509,cabe_rawit,31650
2024-01-25,3509,cabe_rawit,31650
2024-01-26,3509,cabe_rawit,32000
2024-01-29,3509,cabe_rawit,34650
2024-01-30,3509,cabe_rawit,34650
2024-01-31,3509,cabe_rawit,34400
2024-02-01,3509,cabe_rawit,34400
2024-02-02,3509,cabe_rawit,31100
2024-02-05,3509,cabe_rawit,35650
2024-02-06,3509,cabe_rawit,36000
2024-02-07,3509,cabe_rawit,36000
2024-02-08,3509,cabe_rawit,36000
2024-02-09,3509,cabe_rawit,36000
2024-02-12,3509,cabe_rawit,42000
2024-02-13,3509,cabe_rawit,41350
2024-02-14,3509,cabe_rawit,41350
2024-02-15,3509,cabe_rawit,51850
2024-02-16,3509,cabe_rawit,49650
2024-02-19,3509,cabe_rawit,59350
2024-02-20,3509,cabe_rawit,58350
2024-02-21,3509,cabe_rawit,63650
2024-02-22,3509,cabe_rawit,64500
2024-02-23,3509,cabe_rawit,67150
2024-02-26,3509,cabe_rawit,49150
2024-02-27,3509,cabe_rawit,58500
2024-02-28,3509,cabe_rawit,58650
2024-02-29,3509,cabe_rawit,53350
2024-03-01,3509,cabe_rawit,53000
2024-03-04,3509,cabe_rawit,56350
2024-03-05,3509,cabe_rawit,54000
2024-03-06,3509,cabe_rawit,52350
2024-03-07,3509,cabe_rawit,52150
2024-03-08,3509,cabe_rawit,51850
2024-03-11,3509,cabe_rawit,51850
2024-03-12,3509,cabe_rawit,51850
2024-03-13,3509,cabe_rawit,51850
2024-03-14,3509,cabe_rawit,51650
2024-03-15,3509,cabe_rawit,53350
2024-03-18,3509,cabe_rawit,45850
2024-03-19,3509,cabe_rawit,41500
2024-03-20,3509,cabe_rawit,38150
2024-03-21,3509,cabe_rawit,38150
2024-03-22,3509,cabe_rawit,35000
2024-03-25,3509,cabe_rawit,32000
2024-03-26,3509,cabe_rawit,32650
2024-03-27,3509,cabe_rawit,33500
2024-03-28,3509,cabe_rawit,31150
2024-03-29,3509,cabe_rawit,31150
2024-04-01,3509,cabe_rawit,34000
2024-04-02,3509,cabe_rawit,34000
2024-04-03,3509,cabe_rawit,32650
2024-04-04,3509,cabe_rawit,29650
2024-04-05,3509,cabe_rawit,28150
2024-04-08,3509,cabe_rawit,28150
2024-04-09,3509,cabe_rawit,28150
2024-04-10,3509,cabe_rawit,28150
2024-04-11,3509,cabe_rawit,28150
2024-04-12,3509,cabe_rawit,28150
2024-04-15,3509,cabe_rawit,28150
2024-04-16,3509,cabe_rawit,28150
2024-04-17,3509,cabe_rawit,28150
2024-04-18,3509,cabe_rawit,28000
2024-04-19,3509,cabe_rawit,23500
2024-04-22,3509,cabe_rawit,32500
2024-04-23,3509,cabe_rawit,32000
2024-04-24,3509,cabe_rawit,29350
2024-04-25,3509,cabe_rawit,30650
2024-04-26,3509,cabe_rawit,31000
2024-04-29,3509,cabe_rawit,23350
2024-04-30,3509,cabe_rawit,23350
2024-05-01,3509,cabe_rawit,23350
2024-05-02,3509,cabe_rawit,21350
2024-05-03,3509,cabe_rawit,22500
2024-05-06,3509,cabe_rawit,19850
2024-05-07,3509,cabe_rawit,19850
2024-05-08,3509,cabe_rawit,19850
2024-05-09,3509,cabe_rawit,19850
2024-05-10,3509,cabe_rawit,19850
2024-05-13,3509,cabe_rawit,22000
2024-05-14,3509,cabe_rawit,22650
2024-05-15,3509,cabe_rawit,27150
2024-05-16,3509,cabe_rawit,24500
2024-05-17,3509,cabe_rawit,27850
2024-05-20,3509,cabe_rawit,25500
2024-05-21,3509,cabe_rawit,26150
2024-05-22,3509,cabe_rawit,26000
2024-05-23,3509,cabe_rawit,26000
2024-05-24,3509,cabe_rawit,26000
2024-05-27,3509,cabe_rawit,28850
2024-05-28,3509,cabe_rawit,27650
2024-05-29,3509,cabe_rawit,29500
2024-05-30,3509,cabe_rawit,27850
2024-05-31,3509,cabe_rawit,26500
2024-06-03,3509,cabe_rawit,26350
2024-06-04,3509,cabe_rawit,30000
2024-06-05,3509,cabe_rawit,24650
2024-06-06,3509,cabe_rawit,29850
2024-06-07,3509,cabe_rawit,30000
2024-06-10,3509,cabe_rawit,33350
2024-06-11,3509,cabe_rawit,33000
2024-06-12,3509,cabe_rawit,32850
2024-06-13,3509,cabe_rawit,30000
2024-06-14,3509,cabe_rawit,29000
2024-06-17,3509,cabe_rawit,29000
2024-06-18,3509,cabe_rawit,29000
2024-06-19,3509,cabe_rawit,29650
2024-06-20,3509,cabe_rawit,28150
2024-06-21,3509,cabe_rawit,25850
2024-06-24,3509,cabe_rawit,25650
2024-06-26,3509,cabe_rawit,28350
2024-06-28,3509,cabe_rawit,27000
2024-07-01,3509,cabe_rawit,32500
2024-07-02,3509,cabe_rawit,32850
2024-07-03,3509,cabe_rawit,33850
2024-07-04,3509,cabe_rawit,33850
2024-07-05,3509,cabe_rawit,36650
2024-07-08,3509,cabe_rawit,37150
2024-07-09,3509,cabe_rawit,41850
2024-07-10,3509,cabe_rawit,42000
2024-07-11,3509,cabe_rawit,47650
2024-07-12,3509,cabe_rawit,49500
2024-07-15,3509,cabe_rawit,53500
2024-07-16,3509,cabe_rawit,54000
2024-07-17,3509,cabe_rawit,59150
2024-07-18,3509,cabe_rawit,67850
2024-07-19,3509,cabe_rawit,72150
2024-07-22,3509,cabe_rawit,67150
2024-07-23,3509,cabe_rawit,68150
2024-07-24,3509,cabe_rawit,77650
2024-07-25,3509,cabe_rawit,74500
2024-07-26,3509,cabe_rawit,67150
2024-07-29,3509,cabe_rawit,73150
2024-07-30,3509,cabe_rawit,71150
2024-07-31,3509,cabe_rawit,70150
2024-08-01,3509,cabe_rawit,69850
2024-08-02,3509,cabe_rawit,64150
2024-08-05,3509,cabe_rawit,67000
2024-08-06,3509,cabe_rawit,66850
2024-08-07,3509,cabe_rawit,62650
2024-08-09,3509,cabe_rawit,61850
2024-08-12,3509,cabe_rawit,60000
2024-08-13,3509,cabe_rawit,59000
2024-08-14,3509,cabe_rawit,52850
2024-08-15,3509,cabe_rawit,49150
2024-08-16,3509,cabe_rawit,47850
2024-08-19,3509,cabe_rawit,51150
2024-08-21,3509,cabe_rawit,42850
2024-08-22,3509,cabe_rawit,42350
2024-08-23,3509,cabe_rawit,39850
2024-08-27,3509,cabe_rawit,28500
2024-08-28,3509,cabe_rawit,30150
2024-08-29,3509,cabe_rawit,31350
2024-08-30,3509,cabe_rawit,32000
2024-09-02,3509,cabe_rawit,25650
2024-09-03,3509,cabe_rawit,30500
2024-09-04,3509,cabe_rawit,31350
2024-09-05,3509,cabe_rawit,31500
2024-09-06,3509,cabe_rawit,31850
2024-09-09,3509,cabe_rawit,33350
2024-09-10,3509,cabe_rawit,32150
2024-09-11,3509,cabe_rawit,32000
2024-09-12,3509,cabe_rawit,32000
2024-09-13,3509,cabe_rawit,31150
2024-09-16,3509,cabe_rawit,31150
2024-09-17,3509,cabe_rawit,34150
2024-09-18,3509,cabe_rawit,34500
2024-09-19,3509,cabe_rawit,34350
2024-09-20,3509,cabe_rawit,32500
2024-09-23,3509,cabe_rawit,32850
2024-09-24,3509,cabe_rawit,32150
2024-09-25,3509,cabe_rawit,31150
2024-09-26,3509,cabe_rawit,32350
2024-09-27,3509,cabe_rawit,30500
2024-09-30,3509,cabe_rawit,30500
2024-10-01,3509,cabe_rawit,31000
2024-10-02,3509,cabe_rawit,28650
2024-10-03,3509,cabe_rawit,31850
2024-10-04,3509,cabe_rawit,30000
2024-10-07,3509,cabe_rawit,30850
2024-10-08,3509,cabe_rawit,34850
2024-10-09,3509,cabe_rawit,38250
2024-10-10,3509,cabe_rawit,37500
2024-10-11,3509,cabe_rawit,38500
2024-10-14,3509,cabe_rawit,38350
2024-10-15,3509,cabe_rawit,38850
2024-10-16,3509,cabe_rawit,38500
2024-10-17,3509,cabe_rawit,37150
2024-10-18,3509,cabe_rawit,35500
2024-10-21,3509,cabe_rawit,36850
2024-10-22,3509,cabe_rawit,35350
2024-10-23,3509,cabe_rawit,34500
2024-10-24,3509,cabe_rawit,34850
2024-10-25,3509,cabe_rawit,33350
2024-10-28,3509,cabe_rawit,32650
2024-10-29,3509,cabe_rawit,31500
2024-10-30,3509,cabe_rawit,31500
2024-10-31,3509,cabe_rawit,30850
2024-11-01,3509,cabe_rawit,30850
2024-11-04,3509,cabe_rawit,27150
2024-11-05,3509,cabe_rawit,26850
2024-11-06,3509,cabe_rawit,26850
2024-11-07,3509,cabe_rawit,28000
2024-11-08,3509,cabe_rawit,28000
2024-11-11,3509,cabe_rawit,31850
2024-11-12,3509,cabe_rawit,34850
2024-11-14,3509,cabe_rawit,32500
2024-11-18,3509,cabe_rawit,28500
2024-11-20,3509,cabe_rawit,28500
2024-11-21,3509,cabe_rawit,27500
2024-11-22,3509,cabe_rawit,26350
2024-11-25,3509,cabe_rawit,23500
2024-11-26,3509,cabe_rawit,21650
2024-11-27,3509,cabe_rawit,21000
2024-11-28,3509,cabe_rawit,21650
2024-11-29,3509,cabe_rawit,22650
2024-12-02,3509,cabe_rawit,22500
2024-12-03,3509,cabe_rawit,20150
2024-12-04,3509,cabe_rawit,23850
2024-12-05,3509,cabe_rawit,24500
2024-12-06,3509,cabe_rawit,24850
2024-12-09,3509,cabe_rawit,27850
2024-12-10,3509,cabe_rawit,29500
2024-12-11,3509,cabe_rawit,30850
2024-12-12,3509,cabe_rawit,29500
2024-12-13,3509,cabe_rawit,30350
2024-12-16,3509,cabe_rawit,33150
2024-12-17,3509,cabe_rawit,41850
2024-12-18,3509,cabe_rawit,35350
2024-12-19,3509,cabe_rawit,33150
2024-12-20,3509,cabe_rawit,42150
2024-12-23,3509,cabe_rawit,37500
2024-12-24,3509,cabe_rawit,40150
2024-12-25,3509,cabe_rawit,40150
2024-12-26,3509,cabe_rawit,40150
2024-12-27,3509,cabe_rawit,45350
2024-12-30,3509,cabe_rawit,53650
2024-12-31,3509,cabe_rawit,56500
2025-01-01,3509,cabe_rawit,56500
2025-01-02,3509,cabe_rawit,64650
2025-01-03,3509,cabe_rawit,71500
2025-01-06,3509,cabe_rawit,78350
2025-01-07,3509,cabe_rawit,74250
2025-01-08,3509,cabe_rawit,82150
2025-01-10,3509,cabe_rawit,79500
2025-01-13,3509,cabe_rawit,71850
2025-01-14,3509,cabe_rawit,77500
2025-01-15,3509,cabe_rawit,72500
2025-01-17,3509,cabe_rawit,72500
2025-01-20,3509,cabe_rawit,56650
2025-01-21,3509,cabe_rawit,50650
2025-01-22,3509,cabe_rawit,51500
2025-01-23,3509,cabe_rawit,52350
2025-01-24,3509,cabe_rawit,53650
2025-01-27,3509,cabe_rawit,53650
2025-01-28,3509,cabe_rawit,53650
2025-01-29,3509,cabe_rawit,53650
2025-01-30,3509,cabe_rawit,55650
2025-01-31,3509,cabe_rawit,55650
2025-02-03,3509,cabe_rawit,56150
2025-02-04,3509,cabe_rawit,58000
2025-02-05,3509,cabe_rawit,57500
2025-02-06,3509,cabe_rawit,57500
2025-02-07,3509,cabe_rawit,60150
2025-02-10,3509,cabe_rawit,60150
2025-02-11,3509,cabe_rawit,55000
2025-02-12,3509,cabe_rawit,55500
2025-02-13,3509,cabe_rawit,55150
2025-02-14,3509,cabe_rawit,55150
2025-02-17,3509,cabe_rawit,59850
2025-02-18,3509,cabe_rawit,60650
2025-02-19,3509,cabe_rawit,60350
2025-02-20,3509,cabe_rawit,63150
2025-02-21,3509,cabe_rawit,63150
2025-02-24,3509,cabe_rawit,80150
2025-02-25,3509,cabe_rawit,84500
2025-02-26,3509,cabe_rawit,87000
2025-02-27,3509,cabe_rawit,89650
2025-02-28,3509,cabe_rawit,74500
2025-03-03,3509,cabe_rawit,98650
2025-03-04,3509,cabe_rawit,102850
2025-03-05,3509,cabe_rawit,104150
2025-03-06,3509,cabe_rawit,101150
2025-03-07,3509,cabe_rawit,98650
2025-03-10,3509,cabe_rawit,70000
2025-03-11,3509,cabe_rawit,60000
2025-03-12,3509,cabe_rawit,66650
2025-03-13,3509,cabe_rawit,74500
2025-03-14,3509,cabe_rawit,82500
2025-03-17,3509,cabe_rawit,75000
2025-03-18,3509,cabe_rawit,70150
2025-03-19,3509,cabe_rawit,74500
2025-03-20,3509,cabe_rawit,75850
2025-03-21,3509,cabe_rawit,73000
2025-03-24,3509,cabe_rawit,83350
2025-03-25,3509,cabe_rawit,84850
2025-03-26,3509,cabe_rawit,79150
2025-03-27,3509,cabe_rawit,79150
2025-03-28,3509,cabe_rawit,79150
2025-03-31,3509,cabe_rawit,79150
2025-04-01,3509,cabe_rawit,79150
2025-04-02,3509,cabe_rawit,79150
2025-04-03,3509,cabe_rawit,79150
2025-04-04,3509,cabe_rawit,79150
2025-04-07,3509,cabe_rawit,79150
2025-04-08,3509,cabe_rawit,70150
2025-04-09,3509,cabe_rawit,70150
2025-04-10,3509,cabe_rawit,69150
2025-04-11,3509,cabe_rawit,69150
2025-04-14,3509,cabe_rawit,68000
2025-04-15,3509,cabe_rawit,65000
2025-04-16,3509,cabe_rawit,63350
2025-04-17,3509,cabe_rawit,63850
2025-04-18,3509,cabe_rawit,63850
2025-04-21,3509,cabe_rawit,48150
2025-04-22,3509,cabe_rawit,45850
2025-04-23,3509,cabe_rawit,40150
2025-04-24,3509,cabe_rawit,40150
2025-04-25,3509,cabe_rawit,39500
2025-04-28,3509,cabe_rawit,37000
2025-04-29,3509,cabe_rawit,37150
2025-04-30,3509,cabe_rawit,36650
2025-05-01,3509,cabe_rawit,36650
2025-05-02,3509,cabe_rawit,34650
2025-05-05,3509,cabe_rawit,34650
2025-05-06,3509,cabe_rawit,34650
2025-05-07,3509,cabe_rawit,34500
2025-05-08,3509,cabe_rawit,34150
2025-05-09,3509,cabe_rawit,28150
2025-05-12,3509,cabe_rawit,28150
2025-05-13,3509,cabe_rawit,28150
2025-05-14,3509,cabe_rawit,25500
2025-05-15,3509,cabe_rawit,24850
2025-05-16,3509,cabe_rawit,25150
2025-05-19,3509,cabe_rawit,23650
2025-05-20,3509,cabe_rawit,23350
2025-05-21,3509,cabe_rawit,22500
2025-05-22,3509,cabe_rawit,21150
2025-05-23,3509,cabe_rawit,19000
2025-05-26,3509,cabe_rawit,19000
2025-05-27,3509,cabe_rawit,19850
2025-05-28,3509,cabe_rawit,21500
2025-05-29,3509,cabe_rawit,21500
2025-05-30,3509,cabe_rawit,21500
2025-06-02,3509,cabe_rawit,31650
2025-06-03,3509,cabe_rawit,32150
2025-06-04,3509,cabe_rawit,36500
2025-06-05,3509,cabe_rawit,34650
2025-06-06,3509,cabe_rawit,34650
2025-06-09,3509,cabe_rawit,34650
2025-06-10,3509,cabe_rawit,32650
2025-06-11,3509,cabe_rawit,32650
2025-06-12,3509,cabe_rawit,35150
2025-06-13,3509,cabe_rawit,35850
2025-06-16,3509,cabe_rawit,40150
2025-06-17,3509,cabe_rawit,40850
2025-06-18,3509,cabe_rawit,41150
2025-06-19,3509,cabe_rawit,49850
2025-06-20,3509,cabe_rawit,52650
2025-06-23,3509,cabe_rawit,49650
2025-06-24,3509,cabe_rawit,51350
2025-06-25,3509,cabe_rawit,51650
2025-06-26,3509,cabe_rawit,57150
2025-06-27,3509,cabe_rawit,57150
2025-06-30,3509,cabe_rawit,58850
2025-07-01,3509,cabe_rawit,59650
2025-07-02,3509,cabe_rawit,58500
2025-07-03,3509,cabe_rawit,60850
2025-07-04,3509,cabe_rawit,63150
2025-07-07,3509,cabe_rawit,61000
2025-07-08,3509,cabe_rawit,62150
2025-07-09,3509,cabe_rawit,57500
2025-07-10,3509,cabe_rawit,56000
2025-07-11,3509,cabe_rawit,56650
2025-07-14,3509,cabe_rawit,59650
2025-07-15,3509,cabe_rawit,59850
2025-07-16,3509,cabe_rawit,59850
2025-07-17,3509,cabe_rawit,45000
2025-07-18,3509,cabe_rawit,44500
2025-07-21,3509,cabe_rawit,33650
2025-07-22,3509,cabe_rawit,37850
2025-07-23,3509,cabe_rawit,38150
2025-07-24,3509,cabe_rawit,36150
2025-07-25,3509,cabe_rawit,36150
2025-07-28,3509,cabe_rawit,33650
2025-07-29,3509,cabe_rawit,30650
2025-07-30,3509,cabe_rawit,30350
2025-07-31,3509,cabe_rawit,30000
2025-08-01,3509,cabe_rawit,31350
2025-08-04,3509,cabe_rawit,30650
2025-08-05,3509,cabe_rawit,30000
2025-08-06,3509,cabe_rawit,31350
2025-08-07,3509,cabe_rawit,31150
2025-08-08,3509,cabe_rawit,31150
2025-08-11,3509,cabe_rawit,29500
2025-08-12,3509,cabe_rawit,29350
2025-08-13,3509,cabe_rawit,29350
2025-08-14,3509,cabe_rawit,25500
2025-08-15,3509,cabe_rawit,23150
2025-08-18,3509,cabe_rawit,23150
2025-08-19,3509,cabe_rawit,25850
2025-08-20,3509,cabe_rawit,27000
2025-08-21,3509,cabe_rawit,26350
2025-08-22,3509,cabe_rawit,26000
2025-08-25,3509,cabe_rawit,23150
2025-08-26,3509,cabe_rawit,22500
2025-08-27,3509,cabe_rawit,23000
2025-08-28,3509,cabe_rawit,21150
2025-08-29,3509,cabe_rawit,20850
2025-09-01,3509,cabe_rawit,23150
2025-09-02,3509,cabe_rawit,21500
2025-09-03,3509,cabe_rawit,21350
2025-09-04,3509,cabe_rawit,23850
2025-09-05,3509,cabe_rawit,23850
2025-09-08,3509,cabe_rawit,27000
2025-09-09,3509,cabe_rawit,29000
2025-09-10,3509,cabe_rawit,29150
2025-09-11,3509,cabe_rawit,29500
2025-09-12,3509,cabe_rawit,26500
2025-09-15,3509,cabe_rawit,28850
2025-09-16,3509,cabe_rawit,29150
2025-09-17,3509,cabe_rawit,30500
2025-09-18,3509,cabe_rawit,31850
2025-09-19,3509,cabe_rawit,31850
2025-09-22,3509,cabe_rawit,32000
2025-09-23,3509,cabe_rawit,32500
2025-09-24,3509,cabe_rawit,30650
2025-09-25,3509,cabe_rawit,31000
2025-09-26,3509,cabe_rawit,30500
2025-09-29,3509,cabe_rawit,31350
2025-09-30,3509,cabe_rawit,31350
2025-10-01,3509,cabe_rawit,31350
2025-10-02,3509,cabe_rawit,31350
2025-10-03,3509,cabe_rawit,31350
2025-10-06,3509,cabe_rawit,32000
2025-10-07,3509,cabe_rawit,33150
2025-10-08,3509,cabe_rawit,33150
2025-10-09,3509,cabe_rawit,32000
2025-10-10,3509,cabe_rawit,32000
2025-10-13,3509,cabe_rawit,31150
2025-10-14,3509,cabe_rawit,29500
2025-10-15,3509,cabe_rawit,27350
2025-10-16,3509,cabe_rawit,27350
2025-10-17,3509,cabe_rawit,26650
2025-10-20,3509,cabe_rawit,23850
2025-10-21,3509,cabe_rawit,23500
2025-10-22,3509,cabe_rawit,23000
2025-10-23,3509,cabe_rawit,28500
2025-10-24,3509,cabe_rawit,26650
2025-10-27,3509,cabe_rawit,24650
2025-10-28,3509,cabe_rawit,23150
2025-10-29,3509,cabe_rawit,23150
2025-10-30,3509,cabe_rawit,20850
2025-10-31,3509,cabe_rawit,22650
2025-11-03,3509,cabe_rawit,21850
2025-11-04,3509,cabe_rawit,21850
2025-11-05,3509,cabe_rawit,21850
2025-11-06,3509,cabe_rawit,22000
2025-11-07,3509,cabe_rawit,22850
2025-11-10,3509,cabe_rawit,22850
2025-11-11,3509,cabe_rawit,22850
2025-11-12,3509,cabe_rawit,24000
2025-11-13,3509,cabe_rawit,26000
2025-11-14,3509,cabe_rawit,26650
2025-11-17,3509,cabe_rawit,32500
2025-11-18,3509,cabe_rawit,41500
2025-11-19,3509,cabe_rawit,39850
2025-11-20,3509,cabe_rawit,36350
2025-11-21,3509,cabe_rawit,37650
2025-11-24,3509,cabe_rawit,41650
2025-11-25,3509,cabe_rawit,42850
2025-11-26,3509,cabe_rawit,43150
2025-11-27,3509,cabe_rawit,44850
2025-11-28,3509,cabe_rawit,46850
2025-12-01,3509,cabe_rawit,59850
2025-12-02,3509,cabe_rawit,72150
2025-12-03,3509,cabe_rawit,76000
2025-12-04,3509,cabe_rawit,78500
2025-12-05,3509,cabe_rawit,76650
2025-12-08,3509,cabe_rawit,84150
2025-12-09,3509,cabe_rawit,85350
2025-12-10,3509,cabe_rawit,84850
2025-12-11,3509,cabe_rawit,82500
2025-12-12,3509,cabe_rawit,72150
2025-12-15,3509,cabe_rawit,69000
2025-12-16,3509,cabe_rawit,69650
2025-12-17,3509,cabe_rawit,56000
2025-12-18,3509,cabe_rawit,53350
2025-12-19,3509,cabe_rawit,45650
2025-12-22,3509,cabe_rawit,56500
2025-12-23,3509,cabe_rawit,55650
2025-12-24,3509,cabe_rawit,58150
2025-12-25,3509,cabe_rawit,58150
2025-12-26,3509,cabe_rawit,58150
2025-12-29,3509,cabe_rawit,53000
2025-12-30,3509,cabe_rawit,53000
2025-12-31,3509,cabe_rawit,53000
2021-01-04,3510,cabe_rawit,70500
2021-01-05,3510,cabe_rawit,70500
2021-01-06,3510,cabe_rawit,62500
2021-01-07,3510,cabe_rawit,61750
2021-01-08,3510,cabe_rawit,61250
2021-01-11,3510,cabe_rawit,68500
2021-01-12,3510,cabe_rawit,70000
2021-01-13,3510,cabe_rawit,67500
2021-01-14,3510,cabe_rawit,65000
2021-01-15,3510,cabe_rawit,69250
2021-01-18,3510,cabe_rawit,62000
2021-01-19,3510,cabe_rawit,62000
2021-01-20,3510,cabe_rawit,61000
2021-01-21,3510,cabe_rawit,60000
2021-01-22,3510,cabe_rawit,60000
2021-01-25,3510,cabe_rawit,65000
2021-01-26,3510,cabe_rawit,65000
2021-01-27,3510,cabe_rawit,65000
2021-01-28,3510,cabe_rawit,64500
2021-01-29,3510,cabe_rawit,64500
2021-02-01,3510,cabe_rawit,60000
2021-02-02,3510,cabe_rawit,60000
2021-02-03,3510,cabe_rawit,56250
2021-02-04,3510,cabe_rawit,55000
2021-02-05,3510,cabe_rawit,55000
2021-02-08,3510,cabe_rawit,60000
2021-02-09,3510,cabe_rawit,60000
2021-02-10,3510,cabe_rawit,59500
2021-02-11,3510,cabe_rawit,59500
2021-02-15,3510,cabe_rawit,73750
2021-02-16,3510,cabe_rawit,73750
2021-02-17,3510,cabe_rawit,73750
2021-02-18,3510,cabe_rawit,73750
2021-02-19,3510,cabe_rawit,81750
2021-02-22,3510,cabe_rawit,83750
2021-02-23,3510,cabe_rawit,83750
2021-02-24,3510,cabe_rawit,87500
2021-02-25,3510,cabe_rawit,87500
2021-02-26,3510,cabe_rawit,85000
2021-03-01,3510,cabe_rawit,89250
2021-03-02,3510,cabe_rawit,89250
2021-03-03,3510,cabe_rawit,98750
2021-03-04,3510,cabe_rawit,100000
2021-03-05,3510,cabe_rawit,100000
2021-03-08,3510,cabe_rawit,100000
2021-03-09,3510,cabe_rawit,96250
2021-03-10,3510,cabe_rawit,97500
2021-03-12,3510,cabe_rawit,98250
2021-03-15,3510,cabe_rawit,111250
2021-03-16,3510,cabe_rawit,111250
2021-03-17,3510,cabe_rawit,111250
2021-03-18,3510,cabe_rawit,112500
2021-03-19,3510,cabe_rawit,112500
2021-03-22,3510,cabe_rawit,107500
2021-03-23,3510,cabe_rawit,102500
2021-03-24,3510,cabe_rawit,95000
2021-03-25,3510,cabe_rawit,92500
2021-03-26,3510,cabe_rawit,92500
2021-03-29,3510,cabe_rawit,78750
2021-03-30,3510,cabe_rawit,65500
2021-03-31,3510,cabe_rawit,50000
2021-04-01,3510,cabe_rawit,50000
2021-04-05,3510,cabe_rawit,60500
2021-04-06,3510,cabe_rawit,60500
2021-04-07,3510,cabe_rawit,60750
2021-04-08,3510,cabe_rawit,60000
2021-04-09,3510,cabe_rawit,60000
2021-04-12,3510,cabe_rawit,57750
2021-04-13,3510,cabe_rawit,55500
2021-04-14,3510,cabe_rawit,63750
2021-04-15,3510,cabe_rawit,63750
2021-04-16,3510,cabe_rawit,63750
2021-04-19,3510,cabe_rawit,37500
2021-04-20,3510,cabe_rawit,42000
2021-04-21,3510,cabe_rawit,43750
2021-04-22,3510,cabe_rawit,38750
2021-04-23,3510,cabe_rawit,38750
2021-04-26,3510,cabe_rawit,40000
2021-04-27,3510,cabe_rawit,41750
2021-04-28,3510,cabe_rawit,41750
2021-04-29,3510,cabe_rawit,41750
2021-04-30,3510,cabe_rawit,41750
2021-05-03,3510,cabe_rawit,43750
2021-05-04,3510,cabe_rawit,44500
2021-05-05,3510,cabe_rawit,45000
2021-05-06,3510,cabe_rawit,45000
2021-05-07,3510,cabe_rawit,44500
2021-05-10,3510,cabe_rawit,58500
2021-05-11,3510,cabe_rawit,54750
2021-05-17,3510,cabe_rawit,34250
2021-05-18,3510,cabe_rawit,34250
2021-05-19,3510,cabe_rawit,38750
2021-05-20,3510,cabe_rawit,38750
2021-05-21,3510,cabe_rawit,38750
2021-05-24,3510,cabe_rawit,32000
2021-05-25,3510,cabe_rawit,32000
2021-05-27,3510,cabe_rawit,30750
2021-05-28,3510,cabe_rawit,30750
2021-05-31,3510,cabe_rawit,30750
2021-06-02,3510,cabe_rawit,30750
2021-06-03,3510,cabe_rawit,28750
2021-06-04,3510,cabe_rawit,28750
2021-06-07,3510,cabe_rawit,28000
2021-06-08,3510,cabe_rawit,28000
2021-06-09,3510,cabe_rawit,28000
2021-06-10,3510,cabe_rawit,27500
2021-06-11,3510,cabe_rawit,27500
2021-06-14,3510,cabe_rawit,26500
2021-06-15,3510,cabe_rawit,26250
2021-06-16,3510,cabe_rawit,26750
2021-06-17,3510,cabe_rawit,26750
2021-06-18,3510,cabe_rawit,26500
2021-06-21,3510,cabe_rawit,35750
2021-06-22,3510,cabe_rawit,38250
2021-06-23,3510,cabe_rawit,40000
2021-06-24,3510,cabe_rawit,40000
2021-06-25,3510,cabe_rawit,40000
2021-06-28,3510,cabe_rawit,42750
2021-06-29,3510,cabe_rawit,44250
2021-06-30,3510,cabe_rawit,44250
2021-07-01,3510,cabe_rawit,44250
2021-07-02,3510,cabe_rawit,44250
2021-07-05,3510,cabe_rawit,44750
2021-07-06,3510,cabe_rawit,49500
2021-07-07,3510,cabe_rawit,60000
2021-07-08,3510,cabe_rawit,57000
2021-07-09,3510,cabe_rawit,55750
2021-07-12,3510,cabe_rawit,60000
2021-07-13,3510,cabe_rawit,60000
2021-07-14,3510,cabe_rawit,55500
2021-07-15,3510,cabe_rawit,55000
2021-07-16,3510,cabe_rawit,55000
2021-07-19,3510,cabe_rawit,46500
2021-07-21,3510,cabe_rawit,43750
2021-07-22,3510,cabe_rawit,45000
2021-07-23,3510,cabe_rawit,45000
2021-07-26,3510,cabe_rawit,34250
2021-07-27,3510,cabe_rawit,33500
2021-07-28,3510,cabe_rawit,33500
2021-07-29,3510,cabe_rawit,28500
2021-07-30,3510,cabe_rawit,28500
2021-08-02,3510,cabe_rawit,28500
2021-08-03,3510,cabe_rawit,27250
2021-08-04,3510,cabe_rawit,27250
2021-08-05,3510,cabe_rawit,27250
2021-08-06,3510,cabe_rawit,26500
2021-08-09,3510,cabe_rawit,23750
2021-08-10,3510,cabe_rawit,23000
2021-08-12,3510,cabe_rawit,21750
2021-08-13,3510,cabe_rawit,21750
2021-08-16,3510,cabe_rawit,13000
2021-08-18,3510,cabe_rawit,13500
2021-08-19,3510,cabe_rawit,13500
2021-08-20,3510,cabe_rawit,13500
2021-08-23,3510,cabe_rawit,11000
2021-08-24,3510,cabe_rawit,11000
2021-08-25,3510,cabe_rawit,11000
2021-08-26,3510,cabe_rawit,11000
2021-08-27,3510,cabe_rawit,11000
2021-08-30,3510,cabe_rawit,11500
2021-08-31,3510,cabe_rawit,11500
2021-09-01,3510,cabe_rawit,11500
2021-09-02,3510,cabe_rawit,14000
2021-09-03,3510,cabe_rawit,14000
2021-09-06,3510,cabe_rawit,13500
2021-09-07,3510,cabe_rawit,13500
2021-09-08,3510,cabe_rawit,13500
2021-09-09,3510,cabe_rawit,13750
2021-09-10,3510,cabe_rawit,13750
2021-09-13,3510,cabe_rawit,13750
2021-09-14,3510,cabe_rawit,15000
2021-09-15,3510,cabe_rawit,15000
2021-09-16,3510,cabe_rawit,14000
2021-09-17,3510,cabe_rawit,14000
2021-09-20,3510,cabe_rawit,17000
2021-09-21,3510,cabe_rawit,17000
2021-09-22,3510,cabe_rawit,17000
2021-09-23,3510,cabe_rawit,19000
2021-09-24,3510,cabe_rawit,18500
2021-09-27,3510,cabe_rawit,14750
2021-09-28,3510,cabe_rawit,14000
2021-09-29,3510,cabe_rawit,14000
2021-09-30,3510,cabe_rawit,15250
2021-10-01,3510,cabe_rawit,14750
2021-10-04,3510,cabe_rawit,15500
2021-10-05,3510,cabe_rawit,15750
2021-10-06,3510,cabe_rawit,16250
2021-10-07,3510,cabe_rawit,18000
2021-10-08,3510,cabe_rawit,19000
2021-10-11,3510,cabe_rawit,16250
2021-10-12,3510,cabe_rawit,16250
2021-10-13,3510,cabe_rawit,16250
2021-10-14,3510,cabe_rawit,16250
2021-10-15,3510,cabe_rawit,16500
2021-10-18,3510,cabe_rawit,17000
2021-10-19,3510,cabe_rawit,17000
2021-10-21,3510,cabe_rawit,16750
2021-10-22,3510,cabe_rawit,16750
2021-10-25,3510,cabe_rawit,15000
2021-10-26,3510,cabe_rawit,13250
2021-10-27,3510,cabe_rawit,13000
2021-10-28,3510,cabe_rawit,13000
2021-10-29,3510,cabe_rawit,13000
2021-11-01,3510,cabe_rawit,14250
2021-11-02,3510,cabe_rawit,13500
2021-11-03,3510,cabe_rawit,14750
2021-11-04,3510,cabe_rawit,17000
2021-11-05,3510,cabe_rawit,17250
2021-11-08,3510,cabe_rawit,15250
2021-11-09,3510,cabe_rawit,15250
2021-11-10,3510,cabe_rawit,15250
2021-11-11,3510,cabe_rawit,15250
2021-11-12,3510,cabe_rawit,15000
2021-11-15,3510,cabe_rawit,14250
2021-11-16,3510,cabe_rawit,14250
2021-11-17,3510,cabe_rawit,12500
2021-11-18,3510,cabe_rawit,12500
2021-11-19,3510,cabe_rawit,12500
2021-11-22,3510,cabe_rawit,20750
2021-11-23,3510,cabe_rawit,21000
2021-11-24,3510,cabe_rawit,21000
2021-11-25,3510,cabe_rawit,19000
2021-11-26,3510,cabe_rawit,19000
2021-11-29,3510,cabe_rawit,29500
2021-11-30,3510,cabe_rawit,29500
2021-12-01,3510,cabe_rawit,33750
2021-12-02,3510,cabe_rawit,39500
2021-12-03,3510,cabe_rawit,40000
2021-12-06,3510,cabe_rawit,46500
2021-12-07,3510,cabe_rawit,46500
2021-12-08,3510,cabe_rawit,47250
2021-12-09,3510,cabe_rawit,47250
2021-12-10,3510,cabe_rawit,48000
2021-12-13,3510,cabe_rawit,66750
2021-12-14,3510,cabe_rawit,68500
2021-12-15,3510,cabe_rawit,68250
2021-12-16,3510,cabe_rawit,68250
2021-12-17,3510,cabe_rawit,68500
2021-12-20,3510,cabe_rawit,72250
2021-12-21,3510,cabe_rawit,71500
2021-12-22,3510,cabe_rawit,70750
2021-12-23,3510,cabe_rawit,74500
2021-12-24,3510,cabe_rawit,75750
2021-12-27,3510,cabe_rawit,75000
2021-12-28,3510,cabe_rawit,75250
2021-12-29,3510,cabe_rawit,69250
2021-12-30,3510,cabe_rawit,68750
2021-12-31,3510,cabe_rawit,68750
2022-01-03,3510,cabe_rawit,48750
2022-01-04,3510,cabe_rawit,48750
2022-01-05,3510,cabe_rawit,47500
2022-01-06,3510,cabe_rawit,47500
2022-01-07,3510,cabe_rawit,39000
2022-01-10,3510,cabe_rawit,39000
2022-01-11,3510,cabe_rawit,36750
2022-01-12,3510,cabe_rawit,36750
2022-01-13,3510,cabe_rawit,36250
2022-01-14,3510,cabe_rawit,36250
2022-01-17,3510,cabe_rawit,32750
2022-01-18,3510,cabe_rawit,30750
2022-01-19,3510,cabe_rawit,28500
2022-01-20,3510,cabe_rawit,28000
2022-01-21,3510,cabe_rawit,28000
2022-01-24,3510,cabe_rawit,23750
2022-01-25,3510,cabe_rawit,20500
2022-01-26,3510,cabe_rawit,20500
2022-01-27,3510,cabe_rawit,20000
2022-01-28,3510,cabe_rawit,20000
2022-01-31,3510,cabe_rawit,18250
2022-02-02,3510,cabe_rawit,20000
2022-02-03,3510,cabe_rawit,20000
2022-02-04,3510,cabe_rawit,26500
2022-02-07,3510,cabe_rawit,30000
2022-02-08,3510,cabe_rawit,30000
2022-02-09,3510,cabe_rawit,30000
2022-02-10,3510,cabe_rawit,32250
2022-02-11,3510,cabe_rawit,32250
2022-02-14,3510,cabe_rawit,31250
2022-02-15,3510,cabe_rawit,31250
2022-02-16,3510,cabe_rawit,31250
2022-02-17,3510,cabe_rawit,31250
2022-02-18,3510,cabe_rawit,31250
2022-02-21,3510,cabe_rawit,36250
2022-02-22,3510,cabe_rawit,36750
2022-02-23,3510,cabe_rawit,39000
2022-02-24,3510,cabe_rawit,43250
2022-02-25,3510,cabe_rawit,44000
2022-03-01,3510,cabe_rawit,55250
2022-03-02,3510,cabe_rawit,55250
2022-03-04,3510,cabe_rawit,55250
2022-03-07,3510,cabe_rawit,56500
2022-03-08,3510,cabe_rawit,56500
2022-03-09,3510,cabe_rawit,50000
2022-03-10,3510,cabe_rawit,46250
2022-03-11,3510,cabe_rawit,46250
2022-03-14,3510,cabe_rawit,42500
2022-03-15,3510,cabe_rawit,40000
2022-03-16,3510,cabe_rawit,41750
2022-03-17,3510,cabe_rawit,44000
2022-03-18,3510,cabe_rawit,46250
2022-03-21,3510,cabe_rawit,41000
2022-03-22,3510,cabe_rawit,39500
2022-03-23,3510,cabe_rawit,39500
2022-03-24,3510,cabe_rawit,39500
2022-03-25,3510,cabe_rawit,39000
2022-03-28,3510,cabe_rawit,38500
2022-03-29,3510,cabe_rawit,37750
2022-03-30,3510,cabe_rawit,40500
2022-03-31,3510,cabe_rawit,40500
2022-04-01,3510,cabe_rawit,40500
2022-04-04,3510,cabe_rawit,41000
2022-04-05,3510,cabe_rawit,38500
2022-04-06,3510,cabe_rawit,36000
2022-04-07,3510,cabe_rawit,36000
2022-04-08,3510,cabe_rawit,35750
2022-04-11,3510,cabe_rawit,28750
2022-04-12,3510,cabe_rawit,25000
2022-04-13,3510,cabe_rawit,24000
2022-04-14,3510,cabe_rawit,23250
2022-04-18,3510,cabe_rawit,20000
2022-04-19,3510,cabe_rawit,20000
2022-04-20,3510,cabe_rawit,20000
2022-04-21,3510,cabe_rawit,20000
2022-04-22,3510,cabe_rawit,20000
2022-04-25,3510,cabe_rawit,20000
2022-04-26,3510,cabe_rawit,27250
2022-04-27,3510,cabe_rawit,29000
2022-04-28,3510,cabe_rawit,29000
2022-05-09,3510,cabe_rawit,20500
2022-05-10,3510,cabe_rawit,21000
2022-05-11,3510,cabe_rawit,21000
2022-05-12,3510,cabe_rawit,21000
2022-05-13,3510,cabe_rawit,21500
2022-05-17,3510,cabe_rawit,34250
2022-05-18,3510,cabe_rawit,35000
2022-05-19,3510,cabe_rawit,35000
2022-05-20,3510,cabe_rawit,35000
2022-05-23,3510,cabe_rawit,40000
2022-05-24,3510,cabe_rawit,42750
2022-05-25,3510,cabe_rawit,45000
2022-05-27,3510,cabe_rawit,51750
2022-05-30,3510,cabe_rawit,59500
2022-05-31,3510,cabe_rawit,59500
2022-06-02,3510,cabe_rawit,64000
2022-06-03,3510,cabe_rawit,64500
2022-06-06,3510,cabe_rawit,79500
2022-06-07,3510,cabe_rawit,77000
2022-06-08,3510,cabe_rawit,75750
2022-06-09,3510,cabe_rawit,78750
2022-06-10,3510,cabe_rawit,78750
2022-06-13,3510,cabe_rawit,80000
2022-06-14,3510,cabe_rawit,85250
2022-06-15,3510,cabe_rawit,85500
2022-06-16,3510,cabe_rawit,85500
2022-06-17,3510,cabe_rawit,85500
2022-06-20,3510,cabe_rawit,89500
2022-06-21,3510,cabe_rawit,89500
2022-06-22,3510,cabe_rawit,89500
2022-06-23,3510,cabe_rawit,92500
2022-06-24,3510,cabe_rawit,92500
2022-06-27,3510,cabe_rawit,94250
2022-06-28,3510,cabe_rawit,95000
2022-06-29,3510,cabe_rawit,83750
2022-06-30,3510,cabe_rawit,81250
2022-07-01,3510,cabe_rawit,78750
2022-07-04,3510,cabe_rawit,87500
2022-07-05,3510,cabe_rawit,89500
2022-07-06,3510,cabe_rawit,90000
2022-07-07,3510,cabe_rawit,90000
2022-07-08,3510,cabe_rawit,85000
2022-07-11,3510,cabe_rawit,85750
2022-07-12,3510,cabe_rawit,95750
2022-07-13,3510,cabe_rawit,95750
2022-07-14,3510,cabe_rawit,72500
2022-07-15,3510,cabe_rawit,66250
2022-07-18,3510,cabe_rawit,64500
2022-07-19,3510,cabe_rawit,64500
2022-07-20,3510,cabe_rawit,51750
2022-07-21,3510,cabe_rawit,56250
2022-07-22,3510,cabe_rawit,50500
2022-07-25,3510,cabe_rawit,56250
2022-07-26,3510,cabe_rawit,56250
2022-07-27,3510,cabe_rawit,54500
2022-07-28,3510,cabe_rawit,58250
2022-07-29,3510,cabe_rawit,58750
2022-08-01,3510,cabe_rawit,58250
2022-08-02,3510,cabe_rawit,58250
2022-08-03,3510,cabe_rawit,58250
2022-08-04,3510,cabe_rawit,54500
2022-08-05,3510,cabe_rawit,54500
2022-08-08,3510,cabe_rawit,54500
2022-08-09,3510,cabe_rawit,54500
2022-08-10,3510,cabe_rawit,47750
2022-08-11,3510,cabe_rawit,47750
2022-08-12,3510,cabe_rawit,45000
2022-08-15,3510,cabe_rawit,29500
2022-08-16,3510,cabe_rawit,29500
2022-08-18,3510,cabe_rawit,28750
2022-08-19,3510,cabe_rawit,32250
2022-08-22,3510,cabe_rawit,34000
2022-08-23,3510,cabe_rawit,34000
2022-08-24,3510,cabe_rawit,34000
2022-08-25,3510,cabe_rawit,34750
2022-08-26,3510,cabe_rawit,33500
2022-08-29,3510,cabe_rawit,38750
2022-08-30,3510,cabe_rawit,41500
2022-08-31,3510,cabe_rawit,42250
2022-09-01,3510,cabe_rawit,42250
2022-09-02,3510,cabe_rawit,45500
2022-09-05,3510,cabe_rawit,46000
2022-09-06,3510,cabe_rawit,49000
2022-09-07,3510,cabe_rawit,51750
2022-09-08,3510,cabe_rawit,52250
2022-09-09,3510,cabe_rawit,50000
2022-09-12,3510,cabe_rawit,47250
2022-09-13,3510,cabe_rawit,47250
2022-09-14,3510,cabe_rawit,47250
2022-09-15,3510,cabe_rawit,47250
2022-09-16,3510,cabe_rawit,47250
2022-09-19,3510,cabe_rawit,60750
2022-09-20,3510,cabe_rawit,60750
2022-09-21,3510,cabe_rawit,59250
2022-09-22,3510,cabe_rawit,56250
2022-09-23,3510,cabe_rawit,56250
2022-09-26,3510,cabe_rawit,51250
2022-09-27,3510,cabe_rawit,51250
2022-09-28,3510,cabe_rawit,51250
2022-09-29,3510,cabe_rawit,50750
2022-09-30,3510,cabe_rawit,50750
2022-10-03,3510,cabe_rawit,47000
2022-10-04,3510,cabe_rawit,47000
2022-10-05,3510,cabe_rawit,43000
2022-10-06,3510,cabe_rawit,37250
2022-10-07,3510,cabe_rawit,34250
2022-10-10,3510,cabe_rawit,40500
2022-10-11,3510,cabe_rawit,41000
2022-10-12,3510,cabe_rawit,35750
2022-10-13,3510,cabe_rawit,35500
2022-10-14,3510,cabe_rawit,35500
2022-10-17,3510,cabe_rawit,34750
2022-10-18,3510,cabe_rawit,33500
2022-10-19,3510,cabe_rawit,31750
2022-10-20,3510,cabe_rawit,31750
2022-10-21,3510,cabe_rawit,30000
2022-10-24,3510,cabe_rawit,25750
2022-10-25,3510,cabe_rawit,29500
2022-10-26,3510,cabe_rawit,29500
2022-10-27,3510,cabe_rawit,29500
2022-10-28,3510,cabe_rawit,29000
2022-10-31,3510,cabe_rawit,23500
2022-11-01,3510,cabe_rawit,23250
2022-11-02,3510,cabe_rawit,24500
2022-11-03,3510,cabe_rawit,23250
2022-11-04,3510,cabe_rawit,23750
2022-11-07,3510,cabe_rawit,24750
2022-11-08,3510,cabe_rawit,24750
2022-11-09,3510,cabe_rawit,24750
2022-11-10,3510,cabe_rawit,25750
2022-11-11,3510,cabe_rawit,25000
2022-11-14,3510,cabe_rawit,26250
2022-11-15,3510,cabe_rawit,26750
2022-11-16,3510,cabe_rawit,26750
2022-11-17,3510,cabe_rawit,30000
2022-11-18,3510,cabe_rawit,30000
2022-11-21,3510,cabe_rawit,30000
2022-11-22,3510,cabe_rawit,30000
2022-11-23,3510,cabe_rawit,30000
2022-11-24,3510,cabe_rawit,27750
2022-11-25,3510,cabe_rawit,26250
2022-11-28,3510,cabe_rawit,28750
2022-11-29,3510,cabe_rawit,29250
2022-11-30,3510,cabe_rawit,29250
2022-12-01,3510,cabe_rawit,29250
2022-12-02,3510,cabe_rawit,31000
2022-12-05,3510,cabe_rawit,40000
2022-12-06,3510,cabe_rawit,44250
2022-12-07,3510,cabe_rawit,44250
2022-12-08,3510,cabe_rawit,44250
2022-12-09,3510,cabe_rawit,42250
2022-12-12,3510,cabe_rawit,37000
2022-12-13,3510,cabe_rawit,33750
2022-12-14,3510,cabe_rawit,35000
2022-12-15,3510,cabe_rawit,30000
2022-12-16,3510,cabe_rawit,30000
2022-12-19,3510,cabe_rawit,30500
2022-12-20,3510,cabe_rawit,30500
2022-12-21,3510,cabe_rawit,34500
2022-12-22,3510,cabe_rawit,34500
2022-12-23,3510,cabe_rawit,34500
2022-12-26,3510,cabe_rawit,39250
2022-12-27,3510,cabe_rawit,45000
2022-12-28,3510,cabe_rawit,46500
2022-12-29,3510,cabe_rawit,45750
2022-12-30,3510,cabe_rawit,45750
2023-01-02,3510,cabe_rawit,59500
2023-01-03,3510,cabe_rawit,58000
2023-01-04,3510,cabe_rawit,52750
2023-01-05,3510,cabe_rawit,49250
2023-01-06,3510,cabe_rawit,53500
2023-01-09,3510,cabe_rawit,55750
2023-01-10,3510,cabe_rawit,53250
2023-01-11,3510,cabe_rawit,52750
2023-01-12,3510,cabe_rawit,52750
2023-01-13,3510,cabe_rawit,52750
2023-01-16,3510,cabe_rawit,40000
2023-01-17,3510,cabe_rawit,40500
2023-01-18,3510,cabe_rawit,40500
2023-01-19,3510,cabe_rawit,45250
2023-01-20,3510,cabe_rawit,45500
2023-01-23,3510,cabe_rawit,45500
2023-01-24,3510,cabe_rawit,50000
2023-01-25,3510,cabe_rawit,50000
2023-01-26,3510,cabe_rawit,50000
2023-01-27,3510,cabe_rawit,50000
2023-01-30,3510,cabe_rawit,52750
2023-01-31,3510,cabe_rawit,52750
2023-02-01,3510,cabe_rawit,49250
2023-02-02,3510,cabe_rawit,44000
2023-02-03,3510,cabe_rawit,43000
2023-02-06,3510,cabe_rawit,56000
2023-02-07,3510,cabe_rawit,56500
2023-02-08,3510,cabe_rawit,56500
2023-02-09,3510,cabe_rawit,52750
2023-02-10,3510,cabe_rawit,52750
2023-02-13,3510,cabe_rawit,55500
2023-02-14,3510,cabe_rawit,56750
2023-02-15,3510,cabe_rawit,57250
2023-02-16,3510,cabe_rawit,64500
2023-02-17,3510,cabe_rawit,64750
2023-02-20,3510,cabe_rawit,61250
2023-02-21,3510,cabe_rawit,61250
2023-02-22,3510,cabe_rawit,59500
2023-02-23,3510,cabe_rawit,60000
2023-02-24,3510,cabe_rawit,60000
2023-02-27,3510,cabe_rawit,57750
2023-02-28,3510,cabe_rawit,56000
2023-03-01,3510,cabe_rawit,57500
2023-03-02,3510,cabe_rawit,56250
2023-03-03,3510,cabe_rawit,55750
2023-03-06,3510,cabe_rawit,72250
2023-03-07,3510,cabe_rawit,72250
2023-03-08,3510,cabe_rawit,72250
2023-03-09,3510,cabe_rawit,74500
2023-03-10,3510,cabe_rawit,74500
2023-03-13,3510,cabe_rawit,72000
2023-03-14,3510,cabe_rawit,71750
2023-03-15,3510,cabe_rawit,75250
2023-03-16,3510,cabe_rawit,77250
2023-03-17,3510,cabe_rawit,77250
2023-03-20,3510,cabe_rawit,80500
2023-03-21,3510,cabe_rawit,80500
2023-03-24,3510,cabe_rawit,80000
2023-03-27,3510,cabe_rawit,80500
2023-03-28,3510,cabe_rawit,28000
2023-03-29,3510,cabe_rawit,25000
2023-03-30,3510,cabe_rawit,41250
2023-03-31,3510,cabe_rawit,40500
2023-04-03,3510,cabe_rawit,41500
2023-04-04,3510,cabe_rawit,35000
2023-04-05,3510,cabe_rawit,32500
2023-04-06,3510,cabe_rawit,30750
2023-04-07,3510,cabe_rawit,30750
2023-04-10,3510,cabe_rawit,29250
2023-04-11,3510,cabe_rawit,28250
2023-04-12,3510,cabe_rawit,28250
2023-04-13,3510,cabe_rawit,23000
2023-04-14,3510,cabe_rawit,21750
2023-04-17,3510,cabe_rawit,21750
2023-04-18,3510,cabe_rawit,21750
2023-04-19,3510,cabe_rawit,21750
2023-04-20,3510,cabe_rawit,21750
2023-04-21,3510,cabe_rawit,21750
2023-04-24,3510,cabe_rawit,21750
2023-04-25,3510,cabe_rawit,21750
2023-04-26,3510,cabe_rawit,22250
2023-04-27,3510,cabe_rawit,21750
2023-04-28,3510,cabe_rawit,21750
2023-05-01,3510,cabe_rawit,21750
2023-05-02,3510,cabe_rawit,24500
2023-05-03,3510,cabe_rawit,24500
2023-05-04,3510,cabe_rawit,21750
2023-05-05,3510,cabe_rawit,21750
2023-05-08,3510,cabe_rawit,24750
2023-05-09,3510,cabe_rawit,25500
2023-05-10,3510,cabe_rawit,28250
2023-05-11,3510,cabe_rawit,27000
2023-05-12,3510,cabe_rawit,24500
2023-05-15,3510,cabe_rawit,24500
2023-05-16,3510,cabe_rawit,24000
2023-05-17,3510,cabe_rawit,31000
2023-05-18,3510,cabe_rawit,31000
2023-05-19,3510,cabe_rawit,31500
2023-05-22,3510,cabe_rawit,35000
2023-05-23,3510,cabe_rawit,35500
2023-05-24,3510,cabe_rawit,35000
2023-05-25,3510,cabe_rawit,32750
2023-05-26,3510,cabe_rawit,31750
2023-05-29,3510,cabe_rawit,31000
2023-05-30,3510,cabe_rawit,33250
2023-05-31,3510,cabe_rawit,34000
2023-06-01,3510,cabe_rawit,34000
2023-06-02,3510,cabe_rawit,34000
2023-06-05,3510,cabe_rawit,34000
2023-06-06,3510,cabe_rawit,34750
2023-06-07,3510,cabe_rawit,35250
2023-06-08,3510,cabe_rawit,35250
2023-06-09,3510,cabe_rawit,35250
2023-06-12,3510,cabe_rawit,30750
2023-06-13,3510,cabe_rawit,30750
2023-06-14,3510,cabe_rawit,30250
2023-06-15,3510,cabe_rawit,30250
2023-06-16,3510,cabe_rawit,30250
2023-06-19,3510,cabe_rawit,25750
2023-06-20,3510,cabe_rawit,25250
2023-06-21,3510,cabe_rawit,27250
2023-06-22,3510,cabe_rawit,27250
2023-06-23,3510,cabe_rawit,27250
2023-06-26,3510,cabe_rawit,27250
2023-06-27,3510,cabe_rawit,27250
2023-06-28,3510,cabe_rawit,27250
2023-06-29,3510,cabe_rawit,27250
2023-06-30,3510,cabe_rawit,27250
2023-07-03,3510,cabe_rawit,23000
2023-07-04,3510,cabe_rawit,20500
2023-07-05,3510,cabe_rawit,20500
2023-07-06,3510,cabe_rawit,20000
2023-07-07,3510,cabe_rawit,20000
2023-07-10,3510,cabe_rawit,21500
2023-07-11,3510,cabe_rawit,21500
2023-07-12,3510,cabe_rawit,21500
2023-07-13,3510,cabe_rawit,21500
2023-07-14,3510,cabe_rawit,21000
2023-07-17,3510,cabe_rawit,22250
2023-07-18,3510,cabe_rawit,22250
2023-07-19,3510,cabe_rawit,22250
2023-07-20,3510,cabe_rawit,24500
2023-07-21,3510,cabe_rawit,24750
2023-07-24,3510,cabe_rawit,28750
2023-07-25,3510,cabe_rawit,34250
2023-07-26,3510,cabe_rawit,35500
2023-07-27,3510,cabe_rawit,35750
2023-07-28,3510,cabe_rawit,35750
2023-07-31,3510,cabe_rawit,32500
2023-08-01,3510,cabe_rawit,35750
2023-08-02,3510,cabe_rawit,35750
2023-08-03,3510,cabe_rawit,35750
2023-08-04,3510,cabe_rawit,37000
2023-08-07,3510,cabe_rawit,39000
2023-08-08,3510,cabe_rawit,39000
2023-08-09,3510,cabe_rawit,39000
2023-08-10,3510,cabe_rawit,39500
2023-08-11,3510,cabe_rawit,39500
2023-08-14,3510,cabe_rawit,41000
2023-08-15,3510,cabe_rawit,41500
2023-08-16,3510,cabe_rawit,42750
2023-08-17,3510,cabe_rawit,42750
2023-08-18,3510,cabe_rawit,44000
2023-08-21,3510,cabe_rawit,35250
2023-08-22,3510,cabe_rawit,35250
2023-08-23,3510,cabe_rawit,35250
2023-08-24,3510,cabe_rawit,31000
2023-08-25,3510,cabe_rawit,27250
2023-08-28,3510,cabe_rawit,25500
2023-08-29,3510,cabe_rawit,25500
2023-08-30,3510,cabe_rawit,25500
2023-08-31,3510,cabe_rawit,25000
2023-09-01,3510,cabe_rawit,25000
2023-09-04,3510,cabe_rawit,24500
2023-09-05,3510,cabe_rawit,21500
2023-09-06,3510,cabe_rawit,22000
2023-09-07,3510,cabe_rawit,22000
2023-09-08,3510,cabe_rawit,22000
2023-09-11,3510,cabe_rawit,23250
2023-09-12,3510,cabe_rawit,24250
2023-09-13,3510,cabe_rawit,24500
2023-09-14,3510,cabe_rawit,24500
2023-09-15,3510,cabe_rawit,24500
2023-09-18,3510,cabe_rawit,24500
2023-09-19,3510,cabe_rawit,24500
2023-09-20,3510,cabe_rawit,24500
2023-09-21,3510,cabe_rawit,25000
2023-09-22,3510,cabe_rawit,25000
2023-09-25,3510,cabe_rawit,27500
2023-09-26,3510,cabe_rawit,27500
2023-09-27,3510,cabe_rawit,27000
2023-09-28,3510,cabe_rawit,27000
2023-09-29,3510,cabe_rawit,27250
2023-10-02,3510,cabe_rawit,31500
2023-10-03,3510,cabe_rawit,33000
2023-10-04,3510,cabe_rawit,33000
2023-10-05,3510,cabe_rawit,35250
2023-10-06,3510,cabe_rawit,35250
2023-10-09,3510,cabe_rawit,39000
2023-10-10,3510,cabe_rawit,40500
2023-10-11,3510,cabe_rawit,40500
2023-10-12,3510,cabe_rawit,40500
2023-10-13,3510,cabe_rawit,40500
2023-10-16,3510,cabe_rawit,40500
2023-10-17,3510,cabe_rawit,40500
2023-10-18,3510,cabe_rawit,44750
2023-10-19,3510,cabe_rawit,44750
2023-10-20,3510,cabe_rawit,44750
2023-10-23,3510,cabe_rawit,66000
2023-10-24,3510,cabe_rawit,62000
2023-10-25,3510,cabe_rawit,61250
2023-10-26,3510,cabe_rawit,60500
2023-10-27,3510,cabe_rawit,60500
2023-10-30,3510,cabe_rawit,68750
2023-10-31,3510,cabe_rawit,66750
2023-11-01,3510,cabe_rawit,66000
2023-11-02,3510,cabe_rawit,66000
2023-11-03,3510,cabe_rawit,69500
2023-11-06,3510,cabe_rawit,62500
2023-11-07,3510,cabe_rawit,61500
2023-11-08,3510,cabe_rawit,74000
2023-11-09,3510,cabe_rawit,73000
2023-11-10,3510,cabe_rawit,73000
2023-11-13,3510,cabe_rawit,72000
2023-11-14,3510,cabe_rawit,72000
2023-11-15,3510,cabe_rawit,74000
2023-11-16,3510,cabe_rawit,74000
2023-11-17,3510,cabe_rawit,76750
2023-11-20,3510,cabe_rawit,85000
2023-11-21,3510,cabe_rawit,85000
2023-11-22,3510,cabe_rawit,87000
2023-11-23,3510,cabe_rawit,84250
2023-11-24,3510,cabe_rawit,83000
2023-11-27,3510,cabe_rawit,80000
2023-11-28,3510,cabe_rawit,80750
2023-11-29,3510,cabe_rawit,78750
2023-11-30,3510,cabe_rawit,76750
2023-12-01,3510,cabe_rawit,77750
2023-12-04,3510,cabe_rawit,82500
2023-12-05,3510,cabe_rawit,82500
2023-12-06,3510,cabe_rawit,82500
2023-12-07,3510,cabe_rawit,84250
2023-12-08,3510,cabe_rawit,86000
2023-12-11,3510,cabe_rawit,83250
2023-12-12,3510,cabe_rawit,82750
2023-12-13,3510,cabe_rawit,79500
2023-12-14,3510,cabe_rawit,79500
2023-12-15,3510,cabe_rawit,79500
2023-12-18,3510,cabe_rawit,61250
2023-12-19,3510,cabe_rawit,64750
2023-12-20,3510,cabe_rawit,68250
2023-12-21,3510,cabe_rawit,68750
2023-12-22,3510,cabe_rawit,70000
2023-12-27,3510,cabe_rawit,70000
2023-12-28,3510,cabe_rawit,70500
2023-12-29,3510,cabe_rawit,70500
2024-01-01,3510,cabe_rawit,70500
2024-01-02,3510,cabe_rawit,62500
2024-01-03,3510,cabe_rawit,62500
2024-01-04,3510,cabe_rawit,61750
2024-01-05,3510,cabe_rawit,60500
2024-01-08,3510,cabe_rawit,46250
2024-01-09,3510,cabe_rawit,46250
2024-01-10,3510,cabe_rawit,46750
2024-01-11,3510,cabe_rawit,46750
2024-01-12,3510,cabe_rawit,47000
2024-01-15,3510,cabe_rawit,43750
2024-01-16,3510,cabe_rawit,45500
2024-01-17,3510,cabe_rawit,44750
2024-01-18,3510,cabe_rawit,40500
2024-01-19,3510,cabe_rawit,39500
2024-01-22,3510,cabe_rawit,30000
2024-01-23,3510,cabe_rawit,30000
2024-01-24,3510,cabe_rawit,30000
2024-01-25,3510,cabe_rawit,30000
2024-01-26,3510,cabe_rawit,32750
2024-01-29,3510,cabe_rawit,34500
2024-01-30,3510,cabe_rawit,34000
2024-01-31,3510,cabe_rawit,32750
2024-02-01,3510,cabe_rawit,33000
2024-02-02,3510,cabe_rawit,31000
2024-02-05,3510,cabe_rawit,32750
2024-02-06,3510,cabe_rawit,32750
2024-02-07,3510,cabe_rawit,32750
2024-02-08,3510,cabe_rawit,32750
2024-02-09,3510,cabe_rawit,32750
2024-02-12,3510,cabe_rawit,32500
2024-02-13,3510,cabe_rawit,31500
2024-02-14,3510,cabe_rawit,31500
2024-02-15,3510,cabe_rawit,36250
2024-02-16,3510,cabe_rawit,39500
2024-02-19,3510,cabe_rawit,62000
2024-02-20,3510,cabe_rawit,66250
2024-02-21,3510,cabe_rawit,66250
2024-02-22,3510,cabe_rawit,66250
2024-02-23,3510,cabe_rawit,66250
2024-02-26,3510,cabe_rawit,61750
2024-02-27,3510,cabe_rawit,59500
2024-02-28,3510,cabe_rawit,59500
2024-02-29,3510,cabe_rawit,54750
2024-03-01,3510,cabe_rawit,54750
2024-03-04,3510,cabe_rawit,57000
2024-03-05,3510,cabe_rawit,56000
2024-03-06,3510,cabe_rawit,53750
2024-03-07,3510,cabe_rawit,55000
2024-03-08,3510,cabe_rawit,54250
2024-03-11,3510,cabe_rawit,54250
2024-03-12,3510,cabe_rawit,54250
2024-03-13,3510,cabe_rawit,52250
2024-03-14,3510,cabe_rawit,51000
2024-03-15,3510,cabe_rawit,50250
2024-03-18,3510,cabe_rawit,51750
2024-03-19,3510,cabe_rawit,49500
2024-03-20,3510,cabe_rawit,45000
2024-03-21,3510,cabe_rawit,39250
2024-03-22,3510,cabe_rawit,38750
2024-03-25,3510,cabe_rawit,38750
2024-03-26,3510,cabe_rawit,38750
2024-03-27,3510,cabe_rawit,38250
2024-03-28,3510,cabe_rawit,38250
2024-03-29,3510,cabe_rawit,38250
2024-04-01,3510,cabe_rawit,37000
2024-04-02,3510,cabe_rawit,37000
2024-04-03,3510,cabe_rawit,34500
2024-04-04,3510,cabe_rawit,31500
2024-04-05,3510,cabe_rawit,27250
2024-04-08,3510,cabe_rawit,27250
2024-04-09,3510,cabe_rawit,27250
2024-04-10,3510,cabe_rawit,27250
2024-04-11,3510,cabe_rawit,27250
2024-04-12,3510,cabe_rawit,27250
2024-04-15,3510,cabe_rawit,27250
2024-04-16,3510,cabe_rawit,27250
2024-04-17,3510,cabe_rawit,27250
2024-04-18,3510,cabe_rawit,26000
2024-04-19,3510,cabe_rawit,25000
2024-04-22,3510,cabe_rawit,29500
2024-04-23,3510,cabe_rawit,32500
2024-04-24,3510,cabe_rawit,31250
2024-04-25,3510,cabe_rawit,31250
2024-04-26,3510,cabe_rawit,31250
2024-04-29,3510,cabe_rawit,24250
2024-04-30,3510,cabe_rawit,23750
2024-05-01,3510,cabe_rawit,23750
2024-05-02,3510,cabe_rawit,21750
2024-05-03,3510,cabe_rawit,21750
2024-05-06,3510,cabe_rawit,19500
2024-05-07,3510,cabe_rawit,19500
2024-05-08,3510,cabe_rawit,19500
2024-05-09,3510,cabe_rawit,19500
2024-05-10,3510,cabe_rawit,19500
2024-05-13,3510,cabe_rawit,19500
2024-05-14,3510,cabe_rawit,19500
2024-05-15,3510,cabe_rawit,23250
2024-05-16,3510,cabe_rawit,26250
2024-05-17,3510,cabe_rawit,29000
2024-05-20,3510,cabe_rawit,29500
2024-05-21,3510,cabe_rawit,28500
2024-05-22,3510,cabe_rawit,27000
2024-05-23,3510,cabe_rawit,27000
2024-05-24,3510,cabe_rawit,27000
2024-05-27,3510,cabe_rawit,27500
2024-05-28,3510,cabe_rawit,28250
2024-05-29,3510,cabe_rawit,29250
2024-05-30,3510,cabe_rawit,29500
2024-05-31,3510,cabe_rawit,29250
2024-06-03,3510,cabe_rawit,29000
2024-06-05,3510,cabe_rawit,29000
2024-06-06,3510,cabe_rawit,29000
2024-06-07,3510,cabe_rawit,29500
2024-06-10,3510,cabe_rawit,34000
2024-06-11,3510,cabe_rawit,34000
2024-06-12,3510,cabe_rawit,31750
2024-06-13,3510,cabe_rawit,31750
2024-06-14,3510,cabe_rawit,31750
2024-06-17,3510,cabe_rawit,31750
2024-06-18,3510,cabe_rawit,31750
2024-06-19,3510,cabe_rawit,29500
2024-06-20,3510,cabe_rawit,27250
2024-06-21,3510,cabe_rawit,27250
2024-06-24,3510,cabe_rawit,24250
2024-06-25,3510,cabe_rawit,26500
2024-06-26,3510,cabe_rawit,29000
2024-06-28,3510,cabe_rawit,29000
2024-07-01,3510,cabe_rawit,31250
2024-07-02,3510,cabe_rawit,31250
2024-07-03,3510,cabe_rawit,33250
2024-07-04,3510,cabe_rawit,34500
2024-07-05,3510,cabe_rawit,34750
2024-07-08,3510,cabe_rawit,39500
2024-07-09,3510,cabe_rawit,44500
2024-07-10,3510,cabe_rawit,48000
2024-07-11,3510,cabe_rawit,50250
2024-07-12,3510,cabe_rawit,50250
2024-07-15,3510,cabe_rawit,57000
2024-07-16,3510,cabe_rawit,57000
2024-07-17,3510,cabe_rawit,62250
2024-07-18,3510,cabe_rawit,63250
2024-07-19,3510,cabe_rawit,74250
2024-07-22,3510,cabe_rawit,69500
2024-07-23,3510,cabe_rawit,72750
2024-07-24,3510,cabe_rawit,72750
2024-07-25,3510,cabe_rawit,70000
2024-07-26,3510,cabe_rawit,69250
2024-07-29,3510,cabe_rawit,72250
2024-07-30,3510,cabe_rawit,72000
2024-07-31,3510,cabe_rawit,72250
2024-08-01,3510,cabe_rawit,72250
2024-08-02,3510,cabe_rawit,68000
2024-08-05,3510,cabe_rawit,65250
2024-08-06,3510,cabe_rawit,67000
2024-08-07,3510,cabe_rawit,64250
2024-08-09,3510,cabe_rawit,66000
2024-08-12,3510,cabe_rawit,60000
2024-08-13,3510,cabe_rawit,58750
2024-08-14,3510,cabe_rawit,54500
2024-08-15,3510,cabe_rawit,54500
2024-08-16,3510,cabe_rawit,54500
2024-08-19,3510,cabe_rawit,54500
2024-08-21,3510,cabe_rawit,46500
2024-08-22,3510,cabe_rawit,44500
2024-08-23,3510,cabe_rawit,44000
2024-08-27,3510,cabe_rawit,32750
2024-08-28,3510,cabe_rawit,29250
2024-08-29,3510,cabe_rawit,30250
2024-08-30,3510,cabe_rawit,34000
2024-09-02,3510,cabe_rawit,30500
2024-09-03,3510,cabe_rawit,30500
2024-09-04,3510,cabe_rawit,30500
2024-09-05,3510,cabe_rawit,30750
2024-09-06,3510,cabe_rawit,31250
2024-09-09,3510,cabe_rawit,33750
2024-09-10,3510,cabe_rawit,33750
2024-09-11,3510,cabe_rawit,33500
2024-09-12,3510,cabe_rawit,33500
2024-09-13,3510,cabe_rawit,33500
2024-09-16,3510,cabe_rawit,33500
2024-09-17,3510,cabe_rawit,35000
2024-09-18,3510,cabe_rawit,33750
2024-09-19,3510,cabe_rawit,34000
2024-09-20,3510,cabe_rawit,32500
2024-09-23,3510,cabe_rawit,36000
2024-09-24,3510,cabe_rawit,36000
2024-09-25,3510,cabe_rawit,36000
2024-09-26,3510,cabe_rawit,35500
2024-09-27,3510,cabe_rawit,33250
2024-09-30,3510,cabe_rawit,31000
2024-10-01,3510,cabe_rawit,30750
2024-10-02,3510,cabe_rawit,30250
2024-10-03,3510,cabe_rawit,30250
2024-10-04,3510,cabe_rawit,30250
2024-10-07,3510,cabe_rawit,30250
2024-10-08,3510,cabe_rawit,30250
2024-10-09,3510,cabe_rawit,33000
2024-10-10,3510,cabe_rawit,35250
2024-10-11,3510,cabe_rawit,37000
2024-10-14,3510,cabe_rawit,41250
2024-10-15,3510,cabe_rawit,42000
2024-10-16,3510,cabe_rawit,42000
2024-10-17,3510,cabe_rawit,41250
2024-10-18,3510,cabe_rawit,39500
2024-10-21,3510,cabe_rawit,39500
2024-10-22,3510,cabe_rawit,36750
2024-10-23,3510,cabe_rawit,36750
2024-10-24,3510,cabe_rawit,36750
2024-10-25,3510,cabe_rawit,35250
2024-10-28,3510,cabe_rawit,34500
2024-10-29,3510,cabe_rawit,33250
2024-10-30,3510,cabe_rawit,33250
2024-10-31,3510,cabe_rawit,32000
2024-11-01,3510,cabe_rawit,32000
2024-11-04,3510,cabe_rawit,32000
2024-11-05,3510,cabe_rawit,29500
2024-11-07,3510,cabe_rawit,29250
2024-11-08,3510,cabe_rawit,30500
2024-11-11,3510,cabe_rawit,30000
2024-11-12,3510,cabe_rawit,30500
2024-11-14,3510,cabe_rawit,31500
2024-11-18,3510,cabe_rawit,27000
2024-11-20,3510,cabe_rawit,28500
2024-11-21,3510,cabe_rawit,27500
2024-11-22,3510,cabe_rawit,27250
2024-11-25,3510,cabe_rawit,27750
2024-11-26,3510,cabe_rawit,29000
2024-11-27,3510,cabe_rawit,29000
2024-11-28,3510,cabe_rawit,27500
2024-11-29,3510,cabe_rawit,25500
2024-12-02,3510,cabe_rawit,24000
2024-12-03,3510,cabe_rawit,24250
2024-12-04,3510,cabe_rawit,24250
2024-12-05,3510,cabe_rawit,24250
2024-12-06,3510,cabe_rawit,26250
2024-12-09,3510,cabe_rawit,29000
2024-12-10,3510,cabe_rawit,30750
2024-12-11,3510,cabe_rawit,31250
2024-12-12,3510,cabe_rawit,31250
2024-12-13,3510,cabe_rawit,29500
2024-12-16,3510,cabe_rawit,35000
2024-12-17,3510,cabe_rawit,38250
2024-12-18,3510,cabe_rawit,38250
2024-12-19,3510,cabe_rawit,36250
2024-12-20,3510,cabe_rawit,37500
2024-12-23,3510,cabe_rawit,39000
2024-12-24,3510,cabe_rawit,35250
2024-12-25,3510,cabe_rawit,35250
2024-12-26,3510,cabe_rawit,35250
2024-12-27,3510,cabe_rawit,38250
2024-12-30,3510,cabe_rawit,48750
2024-12-31,3510,cabe_rawit,48750
2025-01-01,3510,cabe_rawit,48750
2025-01-02,3510,cabe_rawit,45500
2025-01-03,3510,cabe_rawit,57000
2025-01-06,3510,cabe_rawit,85500
2025-01-07,3510,cabe_rawit,85500
2025-01-08,3510,cabe_rawit,80750
2025-01-10,3510,cabe_rawit,84250
2025-01-13,3510,cabe_rawit,79500
2025-01-14,3510,cabe_rawit,74500
2025-01-15,3510,cabe_rawit,85000
2025-01-17,3510,cabe_rawit,80000
2025-01-20,3510,cabe_rawit,79500
2025-01-21,3510,cabe_rawit,68000
2025-01-22,3510,cabe_rawit,57000
2025-01-23,3510,cabe_rawit,63750
2025-01-24,3510,cabe_rawit,54000
2025-01-27,3510,cabe_rawit,54000
2025-01-28,3510,cabe_rawit,54000
2025-01-29,3510,cabe_rawit,54000
2025-01-30,3510,cabe_rawit,56750
2025-01-31,3510,cabe_rawit,56750
2025-02-03,3510,cabe_rawit,57500
2025-02-04,3510,cabe_rawit,62500
2025-02-05,3510,cabe_rawit,62500
2025-02-06,3510,cabe_rawit,62500
2025-02-07,3510,cabe_rawit,62250
2025-02-10,3510,cabe_rawit,62250
2025-02-11,3510,cabe_rawit,49500
2025-02-12,3510,cabe_rawit,52500
2025-02-13,3510,cabe_rawit,52500
2025-02-14,3510,cabe_rawit,52500
2025-02-17,3510,cabe_rawit,60000
2025-02-18,3510,cabe_rawit,61750
2025-02-19,3510,cabe_rawit,61250
2025-02-20,3510,cabe_rawit,60750
2025-02-21,3510,cabe_rawit,60750
2025-02-24,3510,cabe_rawit,81750
2025-02-25,3510,cabe_rawit,81250
2025-02-26,3510,cabe_rawit,82250
2025-02-27,3510,cabe_rawit,82250
2025-02-28,3510,cabe_rawit,82750
2025-03-03,3510,cabe_rawit,100750
2025-03-04,3510,cabe_rawit,105000
2025-03-05,3510,cabe_rawit,105000
2025-03-06,3510,cabe_rawit,82500
2025-03-07,3510,cabe_rawit,82500
2025-03-10,3510,cabe_rawit,82000
2025-03-11,3510,cabe_rawit,81000
2025-03-12,3510,cabe_rawit,68000
2025-03-13,3510,cabe_rawit,66750
2025-03-14,3510,cabe_rawit,82750
2025-03-17,3510,cabe_rawit,69500
2025-03-18,3510,cabe_rawit,67750
2025-03-19,3510,cabe_rawit,63750
2025-03-20,3510,cabe_rawit,66750
2025-03-21,3510,cabe_rawit,66750
2025-03-24,3510,cabe_rawit,73250
2025-03-25,3510,cabe_rawit,86250
2025-03-26,3510,cabe_rawit,86250
2025-03-27,3510,cabe_rawit,90750
2025-03-28,3510,cabe_rawit,90750
2025-03-31,3510,cabe_rawit,90750
2025-04-01,3510,cabe_rawit,90750
2025-04-02,3510,cabe_rawit,90750
2025-04-03,3510,cabe_rawit,90750
2025-04-04,3510,cabe_rawit,90750
2025-04-07,3510,cabe_rawit,90750
2025-04-08,3510,cabe_rawit,80000
2025-04-09,3510,cabe_rawit,87500
2025-04-10,3510,cabe_rawit,87500
2025-04-11,3510,cabe_rawit,87500
2025-04-14,3510,cabe_rawit,76750
2025-04-15,3510,cabe_rawit,76750
2025-04-16,3510,cabe_rawit,76750
2025-04-17,3510,cabe_rawit,70000
2025-04-18,3510,cabe_rawit,70000
2025-04-21,3510,cabe_rawit,53250
2025-04-22,3510,cabe_rawit,50000
2025-04-23,3510,cabe_rawit,45000
2025-04-24,3510,cabe_rawit,44750
2025-04-25,3510,cabe_rawit,45500
2025-04-28,3510,cabe_rawit,37750
2025-04-29,3510,cabe_rawit,36500
2025-04-30,3510,cabe_rawit,34750
2025-05-01,3510,cabe_rawit,34750
2025-05-02,3510,cabe_rawit,33750
2025-05-05,3510,cabe_rawit,37500
2025-05-06,3510,cabe_rawit,34250
2025-05-07,3510,cabe_rawit,34000
2025-05-08,3510,cabe_rawit,34000
2025-05-09,3510,cabe_rawit,31500
2025-05-12,3510,cabe_rawit,31500
2025-05-13,3510,cabe_rawit,31500
2025-05-14,3510,cabe_rawit,30000
2025-05-15,3510,cabe_rawit,28500
2025-05-16,3510,cabe_rawit,27750
2025-05-19,3510,cabe_rawit,25500
2025-05-20,3510,cabe_rawit,24500
2025-05-21,3510,cabe_rawit,24500
2025-05-22,3510,cabe_rawit,21250
2025-05-23,3510,cabe_rawit,19500
2025-05-26,3510,cabe_rawit,22500
2025-05-27,3510,cabe_rawit,21500
2025-05-28,3510,cabe_rawit,22250
2025-05-29,3510,cabe_rawit,22250
2025-05-30,3510,cabe_rawit,22250
2025-06-02,3510,cabe_rawit,31000
2025-06-03,3510,cabe_rawit,33000
2025-06-04,3510,cabe_rawit,34250
2025-06-05,3510,cabe_rawit,34250
2025-06-06,3510,cabe_rawit,34250
2025-06-09,3510,cabe_rawit,34250
2025-06-10,3510,cabe_rawit,32750
2025-06-11,3510,cabe_rawit,33000
2025-06-12,3510,cabe_rawit,35250
2025-06-13,3510,cabe_rawit,35250
2025-06-16,3510,cabe_rawit,38000
2025-06-17,3510,cabe_rawit,38250
2025-06-18,3510,cabe_rawit,39250
2025-06-19,3510,cabe_rawit,48000
2025-06-20,3510,cabe_rawit,54000
2025-06-23,3510,cabe_rawit,56250
2025-06-24,3510,cabe_rawit,57500
2025-06-25,3510,cabe_rawit,57500
2025-06-26,3510,cabe_rawit,59250
2025-06-27,3510,cabe_rawit,59250
2025-06-30,3510,cabe_rawit,59500
2025-07-01,3510,cabe_rawit,59500
2025-07-02,3510,cabe_rawit,59500
2025-07-03,3510,cabe_rawit,58500
2025-07-04,3510,cabe_rawit,58500
2025-07-07,3510,cabe_rawit,54500
2025-07-08,3510,cabe_rawit,54250
2025-07-09,3510,cabe_rawit,56500
2025-07-10,3510,cabe_rawit,58500
2025-07-11,3510,cabe_rawit,58750
2025-07-14,3510,cabe_rawit,59000
2025-07-15,3510,cabe_rawit,59250
2025-07-16,3510,cabe_rawit,59250
2025-07-17,3510,cabe_rawit,56750
2025-07-18,3510,cabe_rawit,50500
2025-07-21,3510,cabe_rawit,40000
2025-07-22,3510,cabe_rawit,39000
2025-07-23,3510,cabe_rawit,39500
2025-07-24,3510,cabe_rawit,36750
2025-07-25,3510,cabe_rawit,36250
2025-07-28,3510,cabe_rawit,36500
2025-07-29,3510,cabe_rawit,34500
2025-07-30,3510,cabe_rawit,33750
2025-07-31,3510,cabe_rawit,35000
2025-08-01,3510,cabe_rawit,35000
2025-08-04,3510,cabe_rawit,35000
2025-08-05,3510,cabe_rawit,29500
2025-08-06,3510,cabe_rawit,32000
2025-08-07,3510,cabe_rawit,31000
2025-08-08,3510,cabe_rawit,31000
2025-08-11,3510,cabe_rawit,31000
2025-08-12,3510,cabe_rawit,30000
2025-08-13,3510,cabe_rawit,29000
2025-08-14,3510,cabe_rawit,26750
2025-08-15,3510,cabe_rawit,25000
2025-08-18,3510,cabe_rawit,25000
2025-08-19,3510,cabe_rawit,25000
2025-08-20,3510,cabe_rawit,27000
2025-08-21,3510,cabe_rawit,26750
2025-08-22,3510,cabe_rawit,26250
2025-08-25,3510,cabe_rawit,26250
2025-08-26,3510,cabe_rawit,28000
2025-08-27,3510,cabe_rawit,26750
2025-08-28,3510,cabe_rawit,24250
2025-08-29,3510,cabe_rawit,23500
2025-09-01,3510,cabe_rawit,23250
2025-09-02,3510,cabe_rawit,23250
2025-09-03,3510,cabe_rawit,22500
2025-09-04,3510,cabe_rawit,23250
2025-09-05,3510,cabe_rawit,23250
2025-09-08,3510,cabe_rawit,24750
2025-09-09,3510,cabe_rawit,25000
2025-09-10,3510,cabe_rawit,25000
2025-09-11,3510,cabe_rawit,26750
2025-09-12,3510,cabe_rawit,26750
2025-09-15,3510,cabe_rawit,28250
2025-09-16,3510,cabe_rawit,29250
2025-09-17,3510,cabe_rawit,31000
2025-09-18,3510,cabe_rawit,31250
2025-09-19,3510,cabe_rawit,32000
2025-09-22,3510,cabe_rawit,31750
2025-09-23,3510,cabe_rawit,31250
2025-09-24,3510,cabe_rawit,30000
2025-09-25,3510,cabe_rawit,30000
2025-09-26,3510,cabe_rawit,30000
2025-09-29,3510,cabe_rawit,30000
2025-09-30,3510,cabe_rawit,29500
2025-10-01,3510,cabe_rawit,29500
2025-10-02,3510,cabe_rawit,29500
2025-10-03,3510,cabe_rawit,29500
2025-10-06,3510,cabe_rawit,29750
2025-10-07,3510,cabe_rawit,29500
2025-10-08,3510,cabe_rawit,30000
2025-10-09,3510,cabe_rawit,31250
2025-10-10,3510,cabe_rawit,31500
2025-10-13,3510,cabe_rawit,30000
2025-10-14,3510,cabe_rawit,29500
2025-10-15,3510,cabe_rawit,25250
2025-10-16,3510,cabe_rawit,25250
2025-10-17,3510,cabe_rawit,25500
2025-10-20,3510,cabe_rawit,24250
2025-10-21,3510,cabe_rawit,23000
2025-10-22,3510,cabe_rawit,23000
2025-10-23,3510,cabe_rawit,25750
2025-10-24,3510,cabe_rawit,25250
2025-10-27,3510,cabe_rawit,24750
2025-10-28,3510,cabe_rawit,24000
2025-10-29,3510,cabe_rawit,24000
2025-10-30,3510,cabe_rawit,25500
2025-10-31,3510,cabe_rawit,25500
2025-11-03,3510,cabe_rawit,25000
2025-11-04,3510,cabe_rawit,23750
2025-11-05,3510,cabe_rawit,24000
2025-11-06,3510,cabe_rawit,24000
2025-11-07,3510,cabe_rawit,24250
2025-11-10,3510,cabe_rawit,24500
2025-11-11,3510,cabe_rawit,24500
2025-11-12,3510,cabe_rawit,25500
2025-11-13,3510,cabe_rawit,27250
2025-11-14,3510,cabe_rawit,27500
2025-11-17,3510,cabe_rawit,30000
2025-11-18,3510,cabe_rawit,36750
2025-11-19,3510,cabe_rawit,42250
2025-11-20,3510,cabe_rawit,34000
2025-11-21,3510,cabe_rawit,36250
2025-11-24,3510,cabe_rawit,42250
2025-11-25,3510,cabe_rawit,42750
2025-11-26,3510,cabe_rawit,42750
2025-11-27,3510,cabe_rawit,44750
2025-11-28,3510,cabe_rawit,47500
2025-12-01,3510,cabe_rawit,57250
2025-12-02,3510,cabe_rawit,70250
2025-12-03,3510,cabe_rawit,75250
2025-12-04,3510,cabe_rawit,77000
2025-12-05,3510,cabe_rawit,77750
2025-12-08,3510,cabe_rawit,79250
2025-12-09,3510,cabe_rawit,80000
2025-12-10,3510,cabe_rawit,82500
2025-12-11,3510,cabe_rawit,82500
2025-12-12,3510,cabe_rawit,75000
2025-12-15,3510,cabe_rawit,71500
2025-12-16,3510,cabe_rawit,67500
2025-12-17,3510,cabe_rawit,58750
2025-12-18,3510,cabe_rawit,49750
2025-12-19,3510,cabe_rawit,44750
2025-12-22,3510,cabe_rawit,58000
2025-12-23,3510,cabe_rawit,56500
2025-12-24,3510,cabe_rawit,58750
2025-12-25,3510,cabe_rawit,58750
2025-12-26,3510,cabe_rawit,58750
2025-12-29,3510,cabe_rawit,54000
2025-12-30,3510,cabe_rawit,53000
2025-12-31,3510,cabe_rawit,53000
2021-01-04,3529,cabe_rawit,66500
2021-01-05,3529,cabe_rawit,72750
2021-01-06,3529,cabe_rawit,65000
2021-01-07,3529,cabe_rawit,60000
2021-01-08,3529,cabe_rawit,65000
2021-01-11,3529,cabe_rawit,66250
2021-01-12,3529,cabe_rawit,66250
2021-01-13,3529,cabe_rawit,67500
2021-01-14,3529,cabe_rawit,66250
2021-01-15,3529,cabe_rawit,67500
2021-01-18,3529,cabe_rawit,61250
2021-01-19,3529,cabe_rawit,66250
2021-01-20,3529,cabe_rawit,66250
2021-01-21,3529,cabe_rawit,69000
2021-01-22,3529,cabe_rawit,67750
2021-01-25,3529,cabe_rawit,58750
2021-01-26,3529,cabe_rawit,66750
2021-01-27,3529,cabe_rawit,66750
2021-01-28,3529,cabe_rawit,63000
2021-01-29,3529,cabe_rawit,63750
2021-02-01,3529,cabe_rawit,57750
2021-02-02,3529,cabe_rawit,62000
2021-02-03,3529,cabe_rawit,62500
2021-02-04,3529,cabe_rawit,62500
2021-02-05,3529,cabe_rawit,62500
2021-02-08,3529,cabe_rawit,62500
2021-02-09,3529,cabe_rawit,62500
2021-02-10,3529,cabe_rawit,62500
2021-02-11,3529,cabe_rawit,62500
2021-02-15,3529,cabe_rawit,68250
2021-02-16,3529,cabe_rawit,68250
2021-02-17,3529,cabe_rawit,80000
2021-02-18,3529,cabe_rawit,82500
2021-02-19,3529,cabe_rawit,82500
2021-02-22,3529,cabe_rawit,86250
2021-02-23,3529,cabe_rawit,90000
2021-02-24,3529,cabe_rawit,90000
2021-02-25,3529,cabe_rawit,83750
2021-02-26,3529,cabe_rawit,85000
2021-03-01,3529,cabe_rawit,97500
2021-03-02,3529,cabe_rawit,97500
2021-03-03,3529,cabe_rawit,107500
2021-03-04,3529,cabe_rawit,105000
2021-03-05,3529,cabe_rawit,105000
2021-03-08,3529,cabe_rawit,105000
2021-03-09,3529,cabe_rawit,68750
2021-03-10,3529,cabe_rawit,68750
2021-03-12,3529,cabe_rawit,68750
2021-03-15,3529,cabe_rawit,77500
2021-03-16,3529,cabe_rawit,81250
2021-03-17,3529,cabe_rawit,80000
2021-03-18,3529,cabe_rawit,81250
2021-03-19,3529,cabe_rawit,81250
2021-03-22,3529,cabe_rawit,80000
2021-03-23,3529,cabe_rawit,82500
2021-03-24,3529,cabe_rawit,71250
2021-03-25,3529,cabe_rawit,71250
2021-03-26,3529,cabe_rawit,71250
2021-03-29,3529,cabe_rawit,67500
2021-03-30,3529,cabe_rawit,68750
2021-03-31,3529,cabe_rawit,53750
2021-04-01,3529,cabe_rawit,57500
2021-04-05,3529,cabe_rawit,61250
2021-04-06,3529,cabe_rawit,61250
2021-04-07,3529,cabe_rawit,61250
2021-04-08,3529,cabe_rawit,61250
2021-04-09,3529,cabe_rawit,62500
2021-04-12,3529,cabe_rawit,63750
2021-04-13,3529,cabe_rawit,63750
2021-04-14,3529,cabe_rawit,66250
2021-04-15,3529,cabe_rawit,66250
2021-04-16,3529,cabe_rawit,66250
2021-04-19,3529,cabe_rawit,65250
2021-04-20,3529,cabe_rawit,63750
2021-04-21,3529,cabe_rawit,61250
2021-04-22,3529,cabe_rawit,55000
2021-04-23,3529,cabe_rawit,45000
2021-04-26,3529,cabe_rawit,40000
2021-04-27,3529,cabe_rawit,40000
2021-04-28,3529,cabe_rawit,43750
2021-04-29,3529,cabe_rawit,45000
2021-04-30,3529,cabe_rawit,45000
2021-05-03,3529,cabe_rawit,47500
2021-05-04,3529,cabe_rawit,47500
2021-05-05,3529,cabe_rawit,45000
2021-05-06,3529,cabe_rawit,46250
2021-05-07,3529,cabe_rawit,46250
2021-05-10,3529,cabe_rawit,53750
2021-05-11,3529,cabe_rawit,56250
2021-05-17,3529,cabe_rawit,33750
2021-05-18,3529,cabe_rawit,27750
2021-05-19,3529,cabe_rawit,30000
2021-05-20,3529,cabe_rawit,30000
2021-05-21,3529,cabe_rawit,35000
2021-05-24,3529,cabe_rawit,27500
2021-05-25,3529,cabe_rawit,22500
2021-05-27,3529,cabe_rawit,23250
2021-05-28,3529,cabe_rawit,22500
2021-05-31,3529,cabe_rawit,17500
2021-06-02,3529,cabe_rawit,17500
2021-06-03,3529,cabe_rawit,17500
2021-06-04,3529,cabe_rawit,17500
2021-06-07,3529,cabe_rawit,17500
2021-06-08,3529,cabe_rawit,16500
2021-06-09,3529,cabe_rawit,17000
2021-06-10,3529,cabe_rawit,17000
2021-06-11,3529,cabe_rawit,18000
2021-06-14,3529,cabe_rawit,22000
2021-06-15,3529,cabe_rawit,19750
2021-06-16,3529,cabe_rawit,19750
2021-06-17,3529,cabe_rawit,18750
2021-06-18,3529,cabe_rawit,18500
2021-06-21,3529,cabe_rawit,19500
2021-06-22,3529,cabe_rawit,19500
2021-06-23,3529,cabe_rawit,20000
2021-06-24,3529,cabe_rawit,20000
2021-06-25,3529,cabe_rawit,27000
2021-06-28,3529,cabe_rawit,23000
2021-06-29,3529,cabe_rawit,23000
2021-06-30,3529,cabe_rawit,32000
2021-07-01,3529,cabe_rawit,32000
2021-07-02,3529,cabe_rawit,30750
2021-07-05,3529,cabe_rawit,27500
2021-07-06,3529,cabe_rawit,35500
2021-07-07,3529,cabe_rawit,40000
2021-07-08,3529,cabe_rawit,40000
2021-07-09,3529,cabe_rawit,37500
2021-07-12,3529,cabe_rawit,42500
2021-07-13,3529,cabe_rawit,44500
2021-07-14,3529,cabe_rawit,42500
2021-07-15,3529,cabe_rawit,42500
2021-07-16,3529,cabe_rawit,42500
2021-07-19,3529,cabe_rawit,44500
2021-07-21,3529,cabe_rawit,47000
2021-07-22,3529,cabe_rawit,47000
2021-07-23,3529,cabe_rawit,47000
2021-07-26,3529,cabe_rawit,33250
2021-07-27,3529,cabe_rawit,33250
2021-07-28,3529,cabe_rawit,32500
2021-07-29,3529,cabe_rawit,34500
2021-07-30,3529,cabe_rawit,26750
2021-08-02,3529,cabe_rawit,22000
2021-08-03,3529,cabe_rawit,18250
2021-08-04,3529,cabe_rawit,17750
2021-08-05,3529,cabe_rawit,17750
2021-08-06,3529,cabe_rawit,17250
2021-08-09,3529,cabe_rawit,15250
2021-08-10,3529,cabe_rawit,15750
2021-08-12,3529,cabe_rawit,15500
2021-08-13,3529,cabe_rawit,15500
2021-08-16,3529,cabe_rawit,16000
2021-08-18,3529,cabe_rawit,15750
2021-08-19,3529,cabe_rawit,14000
2021-08-20,3529,cabe_rawit,14000
2021-08-23,3529,cabe_rawit,13000
2021-08-24,3529,cabe_rawit,13250
2021-08-25,3529,cabe_rawit,11500
2021-08-26,3529,cabe_rawit,11500
2021-08-27,3529,cabe_rawit,11500
2021-08-30,3529,cabe_rawit,13000
2021-08-31,3529,cabe_rawit,13000
2021-09-01,3529,cabe_rawit,13000
2021-09-02,3529,cabe_rawit,13500
2021-09-03,3529,cabe_rawit,13750
2021-09-06,3529,cabe_rawit,13750
2021-09-07,3529,cabe_rawit,13750
2021-09-08,3529,cabe_rawit,13750
2021-09-09,3529,cabe_rawit,13750
2021-09-10,3529,cabe_rawit,13750
2021-09-13,3529,cabe_rawit,13500
2021-09-14,3529,cabe_rawit,13500
2021-09-15,3529,cabe_rawit,15500
2021-09-16,3529,cabe_rawit,15500
2021-09-17,3529,cabe_rawit,14250
2021-09-20,3529,cabe_rawit,16250
2021-09-21,3529,cabe_rawit,15750
2021-09-22,3529,cabe_rawit,15750
2021-09-23,3529,cabe_rawit,15750
2021-09-24,3529,cabe_rawit,15750
2021-09-27,3529,cabe_rawit,15750
2021-09-28,3529,cabe_rawit,15750
2021-09-29,3529,cabe_rawit,15500
2021-09-30,3529,cabe_rawit,15500
2021-10-01,3529,cabe_rawit,16250
2021-10-04,3529,cabe_rawit,16250
2021-10-05,3529,cabe_rawit,16250
2021-10-06,3529,cabe_rawit,21500
2021-10-07,3529,cabe_rawit,16000
2021-10-08,3529,cabe_rawit,16000
2021-10-11,3529,cabe_rawit,16000
2021-10-12,3529,cabe_rawit,16500
2021-10-13,3529,cabe_rawit,16500
2021-10-14,3529,cabe_rawit,16500
2021-10-15,3529,cabe_rawit,18500
2021-10-18,3529,cabe_rawit,16500
2021-10-19,3529,cabe_rawit,17000
2021-10-21,3529,cabe_rawit,17000
2021-10-22,3529,cabe_rawit,16750
2021-10-25,3529,cabe_rawit,16750
2021-10-26,3529,cabe_rawit,15250
2021-10-27,3529,cabe_rawit,15000
2021-10-28,3529,cabe_rawit,15500
2021-10-29,3529,cabe_rawit,15500
2021-11-01,3529,cabe_rawit,14500
2021-11-02,3529,cabe_rawit,14500
2021-11-03,3529,cabe_rawit,13750
2021-11-04,3529,cabe_rawit,13750
2021-11-05,3529,cabe_rawit,14000
2021-11-08,3529,cabe_rawit,13750
2021-11-09,3529,cabe_rawit,13750
2021-11-10,3529,cabe_rawit,13750
2021-11-11,3529,cabe_rawit,13750
2021-11-12,3529,cabe_rawit,13750
2021-11-15,3529,cabe_rawit,13250
2021-11-16,3529,cabe_rawit,13250
2021-11-17,3529,cabe_rawit,13250
2021-11-18,3529,cabe_rawit,15750
2021-11-19,3529,cabe_rawit,15750
2021-11-22,3529,cabe_rawit,18500
2021-11-23,3529,cabe_rawit,19000
2021-11-24,3529,cabe_rawit,19000
2021-11-25,3529,cabe_rawit,18500
2021-11-26,3529,cabe_rawit,22500
2021-11-29,3529,cabe_rawit,22500
2021-11-30,3529,cabe_rawit,22500
2021-12-01,3529,cabe_rawit,28500
2021-12-02,3529,cabe_rawit,31500
2021-12-03,3529,cabe_rawit,44500
2021-12-06,3529,cabe_rawit,51250
2021-12-07,3529,cabe_rawit,56250
2021-12-08,3529,cabe_rawit,56250
2021-12-09,3529,cabe_rawit,56250
2021-12-10,3529,cabe_rawit,57500
2021-12-13,3529,cabe_rawit,71250
2021-12-14,3529,cabe_rawit,71250
2021-12-15,3529,cabe_rawit,61250
2021-12-16,3529,cabe_rawit,63750
2021-12-17,3529,cabe_rawit,71250
2021-12-20,3529,cabe_rawit,73750
2021-12-21,3529,cabe_rawit,76250
2021-12-22,3529,cabe_rawit,80000
2021-12-23,3529,cabe_rawit,77500
2021-12-24,3529,cabe_rawit,80000
2021-12-27,3529,cabe_rawit,77500
2021-12-28,3529,cabe_rawit,75000
2021-12-29,3529,cabe_rawit,65000
2021-12-30,3529,cabe_rawit,61250
2021-12-31,3529,cabe_rawit,47500
2022-01-03,3529,cabe_rawit,45000
2022-01-04,3529,cabe_rawit,37500
2022-01-05,3529,cabe_rawit,33000
2022-01-06,3529,cabe_rawit,31500
2022-01-07,3529,cabe_rawit,31500
2022-01-10,3529,cabe_rawit,27500
2022-01-11,3529,cabe_rawit,27500
2022-01-12,3529,cabe_rawit,25750
2022-01-13,3529,cabe_rawit,23750
2022-01-14,3529,cabe_rawit,23750
2022-01-17,3529,cabe_rawit,23750
2022-01-18,3529,cabe_rawit,22250
2022-01-19,3529,cabe_rawit,23500
2022-01-20,3529,cabe_rawit,23500
2022-01-21,3529,cabe_rawit,20000
2022-01-24,3529,cabe_rawit,22250
2022-01-25,3529,cabe_rawit,22250
2022-01-26,3529,cabe_rawit,22500
2022-01-27,3529,cabe_rawit,19500
2022-01-28,3529,cabe_rawit,17500
2022-01-31,3529,cabe_rawit,19000
2022-02-02,3529,cabe_rawit,19000
2022-02-03,3529,cabe_rawit,21000
2022-02-04,3529,cabe_rawit,24000
2022-02-07,3529,cabe_rawit,21500
2022-02-08,3529,cabe_rawit,23250
2022-02-09,3529,cabe_rawit,23250
2022-02-10,3529,cabe_rawit,23250
2022-02-11,3529,cabe_rawit,23500
2022-02-14,3529,cabe_rawit,23500
2022-02-15,3529,cabe_rawit,23500
2022-02-16,3529,cabe_rawit,27500
2022-02-17,3529,cabe_rawit,27500
2022-02-18,3529,cabe_rawit,27500
2022-02-21,3529,cabe_rawit,30000
2022-02-22,3529,cabe_rawit,30000
2022-02-23,3529,cabe_rawit,31000
2022-02-24,3529,cabe_rawit,32000
2022-02-25,3529,cabe_rawit,32500
2022-03-01,3529,cabe_rawit,32500
2022-03-02,3529,cabe_rawit,35000
2022-03-04,3529,cabe_rawit,38250
2022-03-07,3529,cabe_rawit,42500
2022-03-08,3529,cabe_rawit,45500
2022-03-09,3529,cabe_rawit,43750
2022-03-10,3529,cabe_rawit,37500
2022-03-11,3529,cabe_rawit,37500
2022-03-14,3529,cabe_rawit,37500
2022-03-15,3529,cabe_rawit,38750
2022-03-16,3529,cabe_rawit,38750
2022-03-17,3529,cabe_rawit,41250
2022-03-18,3529,cabe_rawit,40000
2022-03-21,3529,cabe_rawit,33000
2022-03-22,3529,cabe_rawit,34250
2022-03-23,3529,cabe_rawit,33000
2022-03-24,3529,cabe_rawit,33000
2022-03-25,3529,cabe_rawit,33000
2022-03-28,3529,cabe_rawit,27500
2022-03-29,3529,cabe_rawit,27250
2022-03-30,3529,cabe_rawit,26250
2022-03-31,3529,cabe_rawit,25500
2022-04-01,3529,cabe_rawit,25500
2022-04-04,3529,cabe_rawit,27500
2022-04-05,3529,cabe_rawit,27750
2022-04-06,3529,cabe_rawit,26000
2022-04-07,3529,cabe_rawit,24500
2022-04-08,3529,cabe_rawit,21500
2022-04-11,3529,cabe_rawit,19000
2022-04-12,3529,cabe_rawit,19000
2022-04-13,3529,cabe_rawit,19000
2022-04-14,3529,cabe_rawit,21000
2022-04-18,3529,cabe_rawit,21000
2022-04-19,3529,cabe_rawit,21000
2022-04-20,3529,cabe_rawit,21000
2022-04-21,3529,cabe_rawit,19000
2022-04-22,3529,cabe_rawit,19000
2022-04-25,3529,cabe_rawit,23000
2022-04-26,3529,cabe_rawit,25500
2022-04-27,3529,cabe_rawit,26750
2022-04-28,3529,cabe_rawit,23000
2022-05-09,3529,cabe_rawit,26500
2022-05-10,3529,cabe_rawit,27250
2022-05-11,3529,cabe_rawit,28000
2022-05-12,3529,cabe_rawit,27250
2022-05-13,3529,cabe_rawit,25500
2022-05-17,3529,cabe_rawit,29000
2022-05-18,3529,cabe_rawit,33500
2022-05-19,3529,cabe_rawit,33500
2022-05-20,3529,cabe_rawit,35750
2022-05-23,3529,cabe_rawit,35750
2022-05-24,3529,cabe_rawit,40500
2022-05-25,3529,cabe_rawit,42500
2022-05-27,3529,cabe_rawit,43750
2022-05-30,3529,cabe_rawit,46250
2022-05-31,3529,cabe_rawit,47000
2022-06-02,3529,cabe_rawit,51250
2022-06-03,3529,cabe_rawit,62500
2022-06-06,3529,cabe_rawit,77500
2022-06-07,3529,cabe_rawit,83000
2022-06-08,3529,cabe_rawit,83750
2022-06-09,3529,cabe_rawit,81250
2022-06-10,3529,cabe_rawit,81250
2022-06-13,3529,cabe_rawit,81250
2022-06-14,3529,cabe_rawit,80000
2022-06-15,3529,cabe_rawit,83750
2022-06-16,3529,cabe_rawit,80750
2022-06-17,3529,cabe_rawit,80250
2022-06-20,3529,cabe_rawit,82250
2022-06-21,3529,cabe_rawit,83000
2022-06-22,3529,cabe_rawit,82500
2022-06-23,3529,cabe_rawit,82500
2022-06-24,3529,cabe_rawit,82500
2022-06-27,3529,cabe_rawit,80000
2022-06-28,3529,cabe_rawit,80000
2022-06-29,3529,cabe_rawit,78750
2022-06-30,3529,cabe_rawit,77500
2022-07-01,3529,cabe_rawit,77500
2022-07-04,3529,cabe_rawit,82500
2022-07-05,3529,cabe_rawit,87500
2022-07-06,3529,cabe_rawit,87500
2022-07-07,3529,cabe_rawit,85500
2022-07-08,3529,cabe_rawit,85500
2022-07-11,3529,cabe_rawit,90000
2022-07-12,3529,cabe_rawit,89000
2022-07-13,3529,cabe_rawit,81250
2022-07-14,3529,cabe_rawit,78250
2022-07-15,3529,cabe_rawit,75000
2022-07-18,3529,cabe_rawit,73750
2022-07-19,3529,cabe_rawit,72500
2022-07-20,3529,cabe_rawit,72500
2022-07-21,3529,cabe_rawit,67500
2022-07-22,3529,cabe_rawit,67500
2022-07-25,3529,cabe_rawit,65000
2022-07-26,3529,cabe_rawit,65000
2022-07-27,3529,cabe_rawit,60000
2022-07-28,3529,cabe_rawit,58250
2022-07-29,3529,cabe_rawit,60000
2022-08-01,3529,cabe_rawit,62500
2022-08-02,3529,cabe_rawit,62500
2022-08-03,3529,cabe_rawit,62500
2022-08-04,3529,cabe_rawit,56250
2022-08-05,3529,cabe_rawit,47500
2022-08-08,3529,cabe_rawit,47500
2022-08-09,3529,cabe_rawit,46750
2022-08-10,3529,cabe_rawit,46750
2022-08-11,3529,cabe_rawit,44000
2022-08-12,3529,cabe_rawit,38750
2022-08-15,3529,cabe_rawit,33750
2022-08-16,3529,cabe_rawit,43750
2022-08-18,3529,cabe_rawit,36250
2022-08-19,3529,cabe_rawit,32750
2022-08-22,3529,cabe_rawit,33000
2022-08-23,3529,cabe_rawit,32000
2022-08-24,3529,cabe_rawit,32000
2022-08-25,3529,cabe_rawit,32250
2022-08-26,3529,cabe_rawit,32250
2022-08-29,3529,cabe_rawit,40500
2022-08-30,3529,cabe_rawit,45250
2022-08-31,3529,cabe_rawit,42500
2022-09-01,3529,cabe_rawit,37750
2022-09-02,3529,cabe_rawit,37000
2022-09-05,3529,cabe_rawit,41250
2022-09-06,3529,cabe_rawit,43000
2022-09-07,3529,cabe_rawit,43000
2022-09-08,3529,cabe_rawit,42500
2022-09-09,3529,cabe_rawit,43500
2022-09-12,3529,cabe_rawit,45500
2022-09-13,3529,cabe_rawit,53250
2022-09-14,3529,cabe_rawit,56250
2022-09-15,3529,cabe_rawit,52500
2022-09-16,3529,cabe_rawit,52500
2022-09-19,3529,cabe_rawit,73750
2022-09-20,3529,cabe_rawit,65000
2022-09-21,3529,cabe_rawit,53750
2022-09-22,3529,cabe_rawit,50000
2022-09-23,3529,cabe_rawit,51250
2022-09-26,3529,cabe_rawit,52000
2022-09-27,3529,cabe_rawit,50750
2022-09-28,3529,cabe_rawit,50750
2022-09-29,3529,cabe_rawit,50750
2022-09-30,3529,cabe_rawit,50000
2022-10-03,3529,cabe_rawit,50000
2022-10-04,3529,cabe_rawit,46000
2022-10-05,3529,cabe_rawit,41000
2022-10-06,3529,cabe_rawit,37500
2022-10-07,3529,cabe_rawit,34500
2022-10-10,3529,cabe_rawit,32500
2022-10-11,3529,cabe_rawit,32000
2022-10-12,3529,cabe_rawit,32000
2022-10-13,3529,cabe_rawit,32500
2022-10-14,3529,cabe_rawit,31500
2022-10-17,3529,cabe_rawit,29250
2022-10-18,3529,cabe_rawit,29500
2022-10-19,3529,cabe_rawit,27750
2022-10-20,3529,cabe_rawit,30500
2022-10-21,3529,cabe_rawit,30500
2022-10-24,3529,cabe_rawit,25500
2022-10-25,3529,cabe_rawit,25500
2022-10-26,3529,cabe_rawit,22750
2022-10-27,3529,cabe_rawit,22750
2022-10-28,3529,cabe_rawit,21250
2022-10-31,3529,cabe_rawit,21500
2022-11-01,3529,cabe_rawit,21500
2022-11-02,3529,cabe_rawit,21250
2022-11-03,3529,cabe_rawit,20500
2022-11-04,3529,cabe_rawit,21000
2022-11-07,3529,cabe_rawit,21500
2022-11-08,3529,cabe_rawit,20500
2022-11-09,3529,cabe_rawit,20000
2022-11-10,3529,cabe_rawit,20500
2022-11-11,3529,cabe_rawit,19500
2022-11-14,3529,cabe_rawit,23000
2022-11-15,3529,cabe_rawit,23000
2022-11-16,3529,cabe_rawit,24500
2022-11-17,3529,cabe_rawit,21000
2022-11-18,3529,cabe_rawit,20500
2022-11-21,3529,cabe_rawit,21000
2022-11-22,3529,cabe_rawit,20000
2022-11-23,3529,cabe_rawit,20000
2022-11-24,3529,cabe_rawit,19500
2022-11-25,3529,cabe_rawit,22250
2022-11-28,3529,cabe_rawit,20000
2022-11-29,3529,cabe_rawit,21000
2022-11-30,3529,cabe_rawit,22000
2022-12-01,3529,cabe_rawit,22000
2022-12-02,3529,cabe_rawit,22000
2022-12-05,3529,cabe_rawit,25500
2022-12-06,3529,cabe_rawit,25500
2022-12-07,3529,cabe_rawit,26250
2022-12-08,3529,cabe_rawit,29000
2022-12-09,3529,cabe_rawit,30500
2022-12-12,3529,cabe_rawit,29000
2022-12-13,3529,cabe_rawit,26750
2022-12-14,3529,cabe_rawit,26250
2022-12-15,3529,cabe_rawit,26250
2022-12-16,3529,cabe_rawit,26250
2022-12-19,3529,cabe_rawit,26750
2022-12-20,3529,cabe_rawit,24500
2022-12-21,3529,cabe_rawit,24500
2022-12-22,3529,cabe_rawit,24250
2022-12-23,3529,cabe_rawit,24750
2022-12-26,3529,cabe_rawit,30500
2022-12-27,3529,cabe_rawit,31500
2022-12-28,3529,cabe_rawit,29500
2022-12-29,3529,cabe_rawit,30500
2022-12-30,3529,cabe_rawit,33500
2023-01-02,3529,cabe_rawit,45500
2023-01-03,3529,cabe_rawit,66250
2023-01-04,3529,cabe_rawit,70000
2023-01-05,3529,cabe_rawit,66250
2023-01-06,3529,cabe_rawit,65000
2023-01-09,3529,cabe_rawit,64500
2023-01-10,3529,cabe_rawit,60000
2023-01-11,3529,cabe_rawit,58500
2023-01-12,3529,cabe_rawit,55000
2023-01-13,3529,cabe_rawit,50750
2023-01-16,3529,cabe_rawit,46500
2023-01-17,3529,cabe_rawit,46500
2023-01-18,3529,cabe_rawit,51500
2023-01-19,3529,cabe_rawit,51500
2023-01-20,3529,cabe_rawit,49000
2023-01-23,3529,cabe_rawit,49000
2023-01-24,3529,cabe_rawit,54750
2023-01-25,3529,cabe_rawit,52750
2023-01-26,3529,cabe_rawit,52250
2023-01-27,3529,cabe_rawit,54000
2023-01-30,3529,cabe_rawit,55000
2023-01-31,3529,cabe_rawit,55000
2023-02-01,3529,cabe_rawit,55000
2023-02-02,3529,cabe_rawit,54000
2023-02-03,3529,cabe_rawit,53000
2023-02-06,3529,cabe_rawit,66250
2023-02-07,3529,cabe_rawit,66250
2023-02-08,3529,cabe_rawit,65000
2023-02-09,3529,cabe_rawit,63750
2023-02-10,3529,cabe_rawit,65000
2023-02-13,3529,cabe_rawit,70000
2023-02-14,3529,cabe_rawit,68750
2023-02-15,3529,cabe_rawit,72500
2023-02-16,3529,cabe_rawit,72500
2023-02-17,3529,cabe_rawit,72500
2023-02-20,3529,cabe_rawit,71250
2023-02-21,3529,cabe_rawit,72000
2023-02-22,3529,cabe_rawit,68750
2023-02-23,3529,cabe_rawit,68750
2023-02-24,3529,cabe_rawit,72000
2023-02-27,3529,cabe_rawit,65000
2023-02-28,3529,cabe_rawit,65000
2023-03-01,3529,cabe_rawit,65000
2023-03-02,3529,cabe_rawit,70000
2023-03-03,3529,cabe_rawit,75000
2023-03-06,3529,cabe_rawit,80000
2023-03-07,3529,cabe_rawit,82000
2023-03-08,3529,cabe_rawit,82500
2023-03-09,3529,cabe_rawit,81250
2023-03-10,3529,cabe_rawit,82000
2023-03-13,3529,cabe_rawit,83500
2023-03-14,3529,cabe_rawit,85000
2023-03-15,3529,cabe_rawit,88750
2023-03-16,3529,cabe_rawit,90000
2023-03-17,3529,cabe_rawit,86000
2023-03-20,3529,cabe_rawit,81250
2023-03-21,3529,cabe_rawit,81250
2023-03-22,3529,cabe_rawit,81250
2023-03-23,3529,cabe_rawit,81250
2023-03-24,3529,cabe_rawit,75000
2023-03-27,3529,cabe_rawit,71250
2023-03-28,3529,cabe_rawit,63750
2023-03-29,3529,cabe_rawit,47500
2023-03-30,3529,cabe_rawit,55500
2023-03-31,3529,cabe_rawit,50750
2023-04-03,3529,cabe_rawit,45000
2023-04-04,3529,cabe_rawit,45000
2023-04-05,3529,cabe_rawit,40750
2023-04-06,3529,cabe_rawit,36500
2023-04-07,3529,cabe_rawit,36500
2023-04-10,3529,cabe_rawit,31750
2023-04-11,3529,cabe_rawit,32000
2023-04-12,3529,cabe_rawit,31000
2023-04-13,3529,cabe_rawit,31500
2023-04-14,3529,cabe_rawit,29500
2023-04-17,3529,cabe_rawit,28250
2023-04-18,3529,cabe_rawit,37750
2023-04-26,3529,cabe_rawit,37750
2023-04-27,3529,cabe_rawit,24500
2023-04-28,3529,cabe_rawit,25500
2023-05-02,3529,cabe_rawit,27250
2023-05-03,3529,cabe_rawit,26750
2023-05-04,3529,cabe_rawit,26750
2023-05-05,3529,cabe_rawit,26750
2023-05-08,3529,cabe_rawit,28000
2023-05-09,3529,cabe_rawit,28000
2023-05-10,3529,cabe_rawit,30000
2023-05-11,3529,cabe_rawit,31000
2023-05-12,3529,cabe_rawit,29000
2023-05-15,3529,cabe_rawit,32500
2023-05-16,3529,cabe_rawit,33750
2023-05-17,3529,cabe_rawit,34000
2023-05-18,3529,cabe_rawit,34000
2023-05-19,3529,cabe_rawit,32750
2023-05-22,3529,cabe_rawit,40000
2023-05-23,3529,cabe_rawit,37250
2023-05-24,3529,cabe_rawit,36750
2023-05-25,3529,cabe_rawit,38000
2023-05-26,3529,cabe_rawit,39000
2023-05-29,3529,cabe_rawit,38750
2023-05-30,3529,cabe_rawit,38500
2023-05-31,3529,cabe_rawit,39500
2023-06-01,3529,cabe_rawit,39500
2023-06-02,3529,cabe_rawit,39500
2023-06-05,3529,cabe_rawit,39000
2023-06-06,3529,cabe_rawit,38250
2023-06-07,3529,cabe_rawit,37000
2023-06-08,3529,cabe_rawit,38500
2023-06-09,3529,cabe_rawit,38500
2023-06-12,3529,cabe_rawit,36000
2023-06-13,3529,cabe_rawit,35500
2023-06-14,3529,cabe_rawit,34500
2023-06-15,3529,cabe_rawit,33000
2023-06-16,3529,cabe_rawit,32500
2023-06-19,3529,cabe_rawit,32500
2023-06-20,3529,cabe_rawit,36750
2023-06-21,3529,cabe_rawit,34000
2023-06-22,3529,cabe_rawit,32500
2023-06-23,3529,cabe_rawit,34000
2023-06-26,3529,cabe_rawit,34000
2023-06-27,3529,cabe_rawit,33250
2023-06-28,3529,cabe_rawit,33250
2023-06-29,3529,cabe_rawit,33250
2023-06-30,3529,cabe_rawit,33250
2023-07-03,3529,cabe_rawit,31000
2023-07-04,3529,cabe_rawit,26750
2023-07-05,3529,cabe_rawit,23750
2023-07-06,3529,cabe_rawit,22500
2023-07-07,3529,cabe_rawit,24500
2023-07-10,3529,cabe_rawit,26500
2023-07-11,3529,cabe_rawit,27000
2023-07-12,3529,cabe_rawit,26250
2023-07-13,3529,cabe_rawit,25750
2023-07-14,3529,cabe_rawit,26750
2023-07-17,3529,cabe_rawit,26750
2023-07-18,3529,cabe_rawit,25750
2023-07-19,3529,cabe_rawit,28000
2023-07-20,3529,cabe_rawit,30500
2023-07-21,3529,cabe_rawit,32250
2023-07-24,3529,cabe_rawit,31000
2023-07-25,3529,cabe_rawit,33500
2023-07-26,3529,cabe_rawit,33250
2023-07-27,3529,cabe_rawit,33250
2023-07-28,3529,cabe_rawit,31000
2023-07-31,3529,cabe_rawit,34500
2023-08-01,3529,cabe_rawit,35750
2023-08-02,3529,cabe_rawit,35250
2023-08-03,3529,cabe_rawit,37500
2023-08-04,3529,cabe_rawit,38000
2023-08-07,3529,cabe_rawit,38000
2023-08-08,3529,cabe_rawit,38500
2023-08-09,3529,cabe_rawit,38500
2023-08-10,3529,cabe_rawit,38500
2023-08-11,3529,cabe_rawit,37250
2023-08-14,3529,cabe_rawit,36500
2023-08-15,3529,cabe_rawit,36500
2023-08-16,3529,cabe_rawit,37000
2023-08-17,3529,cabe_rawit,37000
2023-08-18,3529,cabe_rawit,37750
2023-08-21,3529,cabe_rawit,37750
2023-08-22,3529,cabe_rawit,37750
2023-08-23,3529,cabe_rawit,31000
2023-08-24,3529,cabe_rawit,27250
2023-08-25,3529,cabe_rawit,27250
2023-08-28,3529,cabe_rawit,21000
2023-08-29,3529,cabe_rawit,21000
2023-08-30,3529,cabe_rawit,21000
2023-08-31,3529,cabe_rawit,21000
2023-09-01,3529,cabe_rawit,21000
2023-09-04,3529,cabe_rawit,24500
2023-09-05,3529,cabe_rawit,25000
2023-09-06,3529,cabe_rawit,24250
2023-09-07,3529,cabe_rawit,23500
2023-09-08,3529,cabe_rawit,23500
2023-09-11,3529,cabe_rawit,22750
2023-09-12,3529,cabe_rawit,22750
2023-09-13,3529,cabe_rawit,22000
2023-09-14,3529,cabe_rawit,22000
2023-09-15,3529,cabe_rawit,22000
2023-09-18,3529,cabe_rawit,22000
2023-09-19,3529,cabe_rawit,22000
2023-09-20,3529,cabe_rawit,22000
2023-09-21,3529,cabe_rawit,22000
2023-09-22,3529,cabe_rawit,22000
2023-09-25,3529,cabe_rawit,22000
2023-09-26,3529,cabe_rawit,24250
2023-09-27,3529,cabe_rawit,24250
2023-09-28,3529,cabe_rawit,24250
2023-09-29,3529,cabe_rawit,26000
2023-10-02,3529,cabe_rawit,26000
2023-10-03,3529,cabe_rawit,28250
2023-10-04,3529,cabe_rawit,33250
2023-10-05,3529,cabe_rawit,34000
2023-10-06,3529,cabe_rawit,34000
2023-10-09,3529,cabe_rawit,35500
2023-10-10,3529,cabe_rawit,35500
2023-10-11,3529,cabe_rawit,37000
2023-10-12,3529,cabe_rawit,37750
2023-10-13,3529,cabe_rawit,37750
2023-10-16,3529,cabe_rawit,41000
2023-10-17,3529,cabe_rawit,41000
2023-10-18,3529,cabe_rawit,42750
2023-10-19,3529,cabe_rawit,43000
2023-10-20,3529,cabe_rawit,45500
2023-10-23,3529,cabe_rawit,53000
2023-10-24,3529,cabe_rawit,53000
2023-10-25,3529,cabe_rawit,51500
2023-10-26,3529,cabe_rawit,53250
2023-10-27,3529,cabe_rawit,53750
2023-10-30,3529,cabe_rawit,62500
2023-10-31,3529,cabe_rawit,65000
2023-11-01,3529,cabe_rawit,61750
2023-11-02,3529,cabe_rawit,57250
2023-11-03,3529,cabe_rawit,62750
2023-11-06,3529,cabe_rawit,62750
2023-11-07,3529,cabe_rawit,61500
2023-11-08,3529,cabe_rawit,67500
2023-11-09,3529,cabe_rawit,67500
2023-11-10,3529,cabe_rawit,70000
2023-11-13,3529,cabe_rawit,72000
2023-11-14,3529,cabe_rawit,72000
2023-11-15,3529,cabe_rawit,71000
2023-11-16,3529,cabe_rawit,74000
2023-11-17,3529,cabe_rawit,79500
2023-11-20,3529,cabe_rawit,89500
2023-11-21,3529,cabe_rawit,89250
2023-11-22,3529,cabe_rawit,93250
2023-11-23,3529,cabe_rawit,93250
2023-11-24,3529,cabe_rawit,89500
2023-11-27,3529,cabe_rawit,87500
2023-11-28,3529,cabe_rawit,87500
2023-11-29,3529,cabe_rawit,86250
2023-11-30,3529,cabe_rawit,86250
2023-12-01,3529,cabe_rawit,85000
2023-12-04,3529,cabe_rawit,90000
2023-12-05,3529,cabe_rawit,92500
2023-12-06,3529,cabe_rawit,91250
2023-12-07,3529,cabe_rawit,89750
2023-12-08,3529,cabe_rawit,90000
2023-12-11,3529,cabe_rawit,92500
2023-12-12,3529,cabe_rawit,90750
2023-12-13,3529,cabe_rawit,90750
2023-12-14,3529,cabe_rawit,90000
2023-12-15,3529,cabe_rawit,88750
2023-12-18,3529,cabe_rawit,83750
2023-12-19,3529,cabe_rawit,83750
2023-12-20,3529,cabe_rawit,82500
2023-12-21,3529,cabe_rawit,82500
2023-12-22,3529,cabe_rawit,82500
2023-12-27,3529,cabe_rawit,82500
2023-12-28,3529,cabe_rawit,82500
2023-12-29,3529,cabe_rawit,77250
2024-01-01,3529,cabe_rawit,77250
2024-01-02,3529,cabe_rawit,77250
2024-01-03,3529,cabe_rawit,77250
2024-01-04,3529,cabe_rawit,72500
2024-01-05,3529,cabe_rawit,62500
2024-01-08,3529,cabe_rawit,58500
2024-01-09,3529,cabe_rawit,56250
2024-01-10,3529,cabe_rawit,54500
2024-01-11,3529,cabe_rawit,48750
2024-01-12,3529,cabe_rawit,46750
2024-01-15,3529,cabe_rawit,50750
2024-01-16,3529,cabe_rawit,53250
2024-01-17,3529,cabe_rawit,45750
2024-01-18,3529,cabe_rawit,43250
2024-01-19,3529,cabe_rawit,42000
2024-01-22,3529,cabe_rawit,41000
2024-01-23,3529,cabe_rawit,37500
2024-01-24,3529,cabe_rawit,37750
2024-01-25,3529,cabe_rawit,37750
2024-01-26,3529,cabe_rawit,40500
2024-01-29,3529,cabe_rawit,40500
2024-01-30,3529,cabe_rawit,40500
2024-01-31,3529,cabe_rawit,39500
2024-02-01,3529,cabe_rawit,36250
2024-02-02,3529,cabe_rawit,36250
2024-02-05,3529,cabe_rawit,37250
2024-02-06,3529,cabe_rawit,42000
2024-02-07,3529,cabe_rawit,41000
2024-02-08,3529,cabe_rawit,41000
2024-02-09,3529,cabe_rawit,41000
2024-02-12,3529,cabe_rawit,62000
2024-02-13,3529,cabe_rawit,65000
2024-02-14,3529,cabe_rawit,65000
2024-02-15,3529,cabe_rawit,86250
2024-02-16,3529,cabe_rawit,90000
2024-02-19,3529,cabe_rawit,85000
2024-02-20,3529,cabe_rawit,85000
2024-02-21,3529,cabe_rawit,85000
2024-02-22,3529,cabe_rawit,85000
2024-02-23,3529,cabe_rawit,85000
2024-02-26,3529,cabe_rawit,67500
2024-02-27,3529,cabe_rawit,71250
2024-02-28,3529,cabe_rawit,67500
2024-02-29,3529,cabe_rawit,62000
2024-03-01,3529,cabe_rawit,57500
2024-03-04,3529,cabe_rawit,68750
2024-03-05,3529,cabe_rawit,65500
2024-03-06,3529,cabe_rawit,62500
2024-03-07,3529,cabe_rawit,60000
2024-03-08,3529,cabe_rawit,60000
2024-03-11,3529,cabe_rawit,60000
2024-03-12,3529,cabe_rawit,60000
2024-03-13,3529,cabe_rawit,78000
2024-03-14,3529,cabe_rawit,78000
2024-03-15,3529,cabe_rawit,54500
2024-03-18,3529,cabe_rawit,50250
2024-03-19,3529,cabe_rawit,53250
2024-03-20,3529,cabe_rawit,45000
2024-03-21,3529,cabe_rawit,37750
2024-03-22,3529,cabe_rawit,35500
2024-03-25,3529,cabe_rawit,27750
2024-03-26,3529,cabe_rawit,28500
2024-03-27,3529,cabe_rawit,27750
2024-03-28,3529,cabe_rawit,25500
2024-03-29,3529,cabe_rawit,25500
2024-04-01,3529,cabe_rawit,29500
2024-04-02,3529,cabe_rawit,30000
2024-04-03,3529,cabe_rawit,29000
2024-04-04,3529,cabe_rawit,28250
2024-04-05,3529,cabe_rawit,27750
2024-04-08,3529,cabe_rawit,27750
2024-04-09,3529,cabe_rawit,27750
2024-04-10,3529,cabe_rawit,27750
2024-04-11,3529,cabe_rawit,27750
2024-04-12,3529,cabe_rawit,27750
2024-04-15,3529,cabe_rawit,27750
2024-04-16,3529,cabe_rawit,29500
2024-04-17,3529,cabe_rawit,29500
2024-04-18,3529,cabe_rawit,29500
2024-04-19,3529,cabe_rawit,29500
2024-04-22,3529,cabe_rawit,34000
2024-04-23,3529,cabe_rawit,33000
2024-04-24,3529,cabe_rawit,33500
2024-04-25,3529,cabe_rawit,31500
2024-04-26,3529,cabe_rawit,33000
2024-04-29,3529,cabe_rawit,26000
2024-04-30,3529,cabe_rawit,26000
2024-05-01,3529,cabe_rawit,26000
2024-05-02,3529,cabe_rawit,26000
2024-05-03,3529,cabe_rawit,23250
2024-05-06,3529,cabe_rawit,21500
2024-05-07,3529,cabe_rawit,22750
2024-05-08,3529,cabe_rawit,22000
2024-05-09,3529,cabe_rawit,22000
2024-05-10,3529,cabe_rawit,22000
2024-05-13,3529,cabe_rawit,22000
2024-05-14,3529,cabe_rawit,23250
2024-05-15,3529,cabe_rawit,25500
2024-05-16,3529,cabe_rawit,25500
2024-05-17,3529,cabe_rawit,26750
2024-05-20,3529,cabe_rawit,26750
2024-05-21,3529,cabe_rawit,28000
2024-05-22,3529,cabe_rawit,30000
2024-05-23,3529,cabe_rawit,30000
2024-05-24,3529,cabe_rawit,30000
2024-05-27,3529,cabe_rawit,30000
2024-05-28,3529,cabe_rawit,30000
2024-05-29,3529,cabe_rawit,30000
2024-05-30,3529,cabe_rawit,30000
2024-05-31,3529,cabe_rawit,30000
2024-06-03,3529,cabe_rawit,31750
2024-06-04,3529,cabe_rawit,32750
2024-06-05,3529,cabe_rawit,33500
2024-06-06,3529,cabe_rawit,33750
2024-06-07,3529,cabe_rawit,33750
2024-06-10,3529,cabe_rawit,37250
2024-06-11,3529,cabe_rawit,37250
2024-06-12,3529,cabe_rawit,37000
2024-06-13,3529,cabe_rawit,36000
2024-06-14,3529,cabe_rawit,35500
2024-06-17,3529,cabe_rawit,35500
2024-06-18,3529,cabe_rawit,35500
2024-06-19,3529,cabe_rawit,35500
2024-06-20,3529,cabe_rawit,35500
2024-06-21,3529,cabe_rawit,32500
2024-06-24,3529,cabe_rawit,31250
2024-06-25,3529,cabe_rawit,35000
2024-06-26,3529,cabe_rawit,34000
2024-06-27,3529,cabe_rawit,33000
2024-06-28,3529,cabe_rawit,32250
2024-07-01,3529,cabe_rawit,37750
2024-07-02,3529,cabe_rawit,38000
2024-07-03,3529,cabe_rawit,42500
2024-07-04,3529,cabe_rawit,44250
2024-07-08,3529,cabe_rawit,46250
2024-07-09,3529,cabe_rawit,49500
2024-07-10,3529,cabe_rawit,56750
2024-07-11,3529,cabe_rawit,54500
2024-07-12,3529,cabe_rawit,57250
2024-07-15,3529,cabe_rawit,63250
2024-07-16,3529,cabe_rawit,62000
2024-07-17,3529,cabe_rawit,68000
2024-07-18,3529,cabe_rawit,76750
2024-07-19,3529,cabe_rawit,73750
2024-07-22,3529,cabe_rawit,73250
2024-07-23,3529,cabe_rawit,77750
2024-07-24,3529,cabe_rawit,77750
2024-07-25,3529,cabe_rawit,75500
2024-07-26,3529,cabe_rawit,67500
2024-07-29,3529,cabe_rawit,72750
2024-07-30,3529,cabe_rawit,72750
2024-07-31,3529,cabe_rawit,66250
2024-08-01,3529,cabe_rawit,61250
2024-08-02,3529,cabe_rawit,68750
2024-08-05,3529,cabe_rawit,68750
2024-08-06,3529,cabe_rawit,66250
2024-08-07,3529,cabe_rawit,60000
2024-08-08,3529,cabe_rawit,57000
2024-08-09,3529,cabe_rawit,57000
2024-08-12,3529,cabe_rawit,57000
2024-08-13,3529,cabe_rawit,48750
2024-08-14,3529,cabe_rawit,42750
2024-08-15,3529,cabe_rawit,42250
2024-08-16,3529,cabe_rawit,37750
2024-08-19,3529,cabe_rawit,38250
2024-08-20,3529,cabe_rawit,37750
2024-08-21,3529,cabe_rawit,35250
2024-08-22,3529,cabe_rawit,34250
2024-08-23,3529,cabe_rawit,31500
2024-08-26,3529,cabe_rawit,27250
2024-08-27,3529,cabe_rawit,25000
2024-08-28,3529,cabe_rawit,28000
2024-08-29,3529,cabe_rawit,27500
2024-08-30,3529,cabe_rawit,25500
2024-09-02,3529,cabe_rawit,23500
2024-09-03,3529,cabe_rawit,24000
2024-09-04,3529,cabe_rawit,26750
2024-09-05,3529,cabe_rawit,26750
2024-09-06,3529,cabe_rawit,26250
2024-09-09,3529,cabe_rawit,26750
2024-09-10,3529,cabe_rawit,26750
2024-09-11,3529,cabe_rawit,27500
2024-09-12,3529,cabe_rawit,27500
2024-09-13,3529,cabe_rawit,27500
2024-09-17,3529,cabe_rawit,28000
2024-09-18,3529,cabe_rawit,30000
2024-09-19,3529,cabe_rawit,30000
2024-09-20,3529,cabe_rawit,30000
2024-09-23,3529,cabe_rawit,30000
2024-09-24,3529,cabe_rawit,30000
2024-09-25,3529,cabe_rawit,30000
2024-09-26,3529,cabe_rawit,30000
2024-09-27,3529,cabe_rawit,30000
2024-09-30,3529,cabe_rawit,30000
2024-10-01,3529,cabe_rawit,29500
2024-10-02,3529,cabe_rawit,29000
2024-10-03,3529,cabe_rawit,29000
2024-10-04,3529,cabe_rawit,31000
2024-10-07,3529,cabe_rawit,31500
2024-10-08,3529,cabe_rawit,31500
2024-10-09,3529,cabe_rawit,31500
2024-10-10,3529,cabe_rawit,31500
2024-10-11,3529,cabe_rawit,31500
2024-10-14,3529,cabe_rawit,32000
2024-10-15,3529,cabe_rawit,32000
2024-10-16,3529,cabe_rawit,32000
2024-10-17,3529,cabe_rawit,30000
2024-10-18,3529,cabe_rawit,29000
2024-10-21,3529,cabe_rawit,28000
2024-10-22,3529,cabe_rawit,28250
2024-10-23,3529,cabe_rawit,27750
2024-10-24,3529,cabe_rawit,27750
2024-10-25,3529,cabe_rawit,27750
2024-10-28,3529,cabe_rawit,26500
2024-10-29,3529,cabe_rawit,26500
2024-10-30,3529,cabe_rawit,25500
2024-10-31,3529,cabe_rawit,25500
2024-11-01,3529,cabe_rawit,24000
2024-11-04,3529,cabe_rawit,21000
2024-11-05,3529,cabe_rawit,22500
2024-11-06,3529,cabe_rawit,23750
2024-11-07,3529,cabe_rawit,25000
2024-11-08,3529,cabe_rawit,26250
2024-11-11,3529,cabe_rawit,29500
2024-11-12,3529,cabe_rawit,29500
2024-11-13,3529,cabe_rawit,28500
2024-11-14,3529,cabe_rawit,27750
2024-11-15,3529,cabe_rawit,26000
2024-11-18,3529,cabe_rawit,27750
2024-11-19,3529,cabe_rawit,24000
2024-11-20,3529,cabe_rawit,20000
2024-11-21,3529,cabe_rawit,23500
2024-11-22,3529,cabe_rawit,21750
2024-11-25,3529,cabe_rawit,21750
2024-11-26,3529,cabe_rawit,25500
2024-11-27,3529,cabe_rawit,25500
2024-11-28,3529,cabe_rawit,25500
2024-11-29,3529,cabe_rawit,30000
2024-12-02,3529,cabe_rawit,29000
2024-12-03,3529,cabe_rawit,29000
2024-12-04,3529,cabe_rawit,31000
2024-12-05,3529,cabe_rawit,34500
2024-12-06,3529,cabe_rawit,34250
2024-12-09,3529,cabe_rawit,34250
2024-12-10,3529,cabe_rawit,34250
2024-12-11,3529,cabe_rawit,35250
2024-12-12,3529,cabe_rawit,37750
2024-12-13,3529,cabe_rawit,35000
2024-12-16,3529,cabe_rawit,35000
2024-12-17,3529,cabe_rawit,42250
2024-12-18,3529,cabe_rawit,42250
2024-12-19,3529,cabe_rawit,42250
2024-12-20,3529,cabe_rawit,42250
2024-12-23,3529,cabe_rawit,62500
2024-12-24,3529,cabe_rawit,55750
2024-12-25,3529,cabe_rawit,55750
2024-12-26,3529,cabe_rawit,55750
2024-12-27,3529,cabe_rawit,60750
2024-12-30,3529,cabe_rawit,65250
2024-12-31,3529,cabe_rawit,70250
2025-01-02,3529,cabe_rawit,73250
2025-01-03,3529,cabe_rawit,73250
2025-01-06,3529,cabe_rawit,95250
2025-01-07,3529,cabe_rawit,96250
2025-01-08,3529,cabe_rawit,100250
2025-01-09,3529,cabe_rawit,100250
2025-01-10,3529,cabe_rawit,107500
2025-01-13,3529,cabe_rawit,98750
2025-01-14,3529,cabe_rawit,93750
2025-01-15,3529,cabe_rawit,89000
2025-01-16,3529,cabe_rawit,85000
2025-01-17,3529,cabe_rawit,75000
2025-01-20,3529,cabe_rawit,67500
2025-01-21,3529,cabe_rawit,67500
2025-01-22,3529,cabe_rawit,67500
2025-01-23,3529,cabe_rawit,67500
2025-01-24,3529,cabe_rawit,67500
2025-01-27,3529,cabe_rawit,67500
2025-01-28,3529,cabe_rawit,67500
2025-01-29,3529,cabe_rawit,67500
2025-01-30,3529,cabe_rawit,67500
2025-01-31,3529,cabe_rawit,67500
2025-02-03,3529,cabe_rawit,67500
2025-02-04,3529,cabe_rawit,67500
2025-02-05,3529,cabe_rawit,67500
2025-02-06,3529,cabe_rawit,62500
2025-02-07,3529,cabe_rawit,58750
2025-02-10,3529,cabe_rawit,53500
2025-02-11,3529,cabe_rawit,54000
2025-02-12,3529,cabe_rawit,57250
2025-02-13,3529,cabe_rawit,57750
2025-02-14,3529,cabe_rawit,57750
2025-02-17,3529,cabe_rawit,57750
2025-02-18,3529,cabe_rawit,62750
2025-02-19,3529,cabe_rawit,67750
2025-02-20,3529,cabe_rawit,72250
2025-02-21,3529,cabe_rawit,72250
2025-02-24,3529,cabe_rawit,83500
2025-02-25,3529,cabe_rawit,91750
2025-02-26,3529,cabe_rawit,92500
2025-02-27,3529,cabe_rawit,92500
2025-02-28,3529,cabe_rawit,90750
2025-03-03,3529,cabe_rawit,132500
2025-03-04,3529,cabe_rawit,116250
2025-03-05,3529,cabe_rawit,95000
2025-03-06,3529,cabe_rawit,95000
2025-03-07,3529,cabe_rawit,81250
2025-03-10,3529,cabe_rawit,82500
2025-03-11,3529,cabe_rawit,82500
2025-03-12,3529,cabe_rawit,82500
2025-03-13,3529,cabe_rawit,87500
2025-03-14,3529,cabe_rawit,88750
2025-03-17,3529,cabe_rawit,88750
2025-03-18,3529,cabe_rawit,88750
2025-03-19,3529,cabe_rawit,88750
2025-03-20,3529,cabe_rawit,88750
2025-03-21,3529,cabe_rawit,85000
2025-03-24,3529,cabe_rawit,82000
2025-03-25,3529,cabe_rawit,87500
2025-03-26,3529,cabe_rawit,87500
2025-03-27,3529,cabe_rawit,87500
2025-03-28,3529,cabe_rawit,87500
2025-03-31,3529,cabe_rawit,87500
2025-04-01,3529,cabe_rawit,87500
2025-04-02,3529,cabe_rawit,87500
2025-04-03,3529,cabe_rawit,87500
2025-04-04,3529,cabe_rawit,87500
2025-04-07,3529,cabe_rawit,87500
2025-04-08,3529,cabe_rawit,77500
2025-04-09,3529,cabe_rawit,75000
2025-04-10,3529,cabe_rawit,75000
2025-04-11,3529,cabe_rawit,75000
2025-04-14,3529,cabe_rawit,71500
2025-04-15,3529,cabe_rawit,71750
2025-04-16,3529,cabe_rawit,71750
2025-04-17,3529,cabe_rawit,71750
2025-04-18,3529,cabe_rawit,71750
2025-04-21,3529,cabe_rawit,42750
2025-04-22,3529,cabe_rawit,43250
2025-04-23,3529,cabe_rawit,43250
2025-04-24,3529,cabe_rawit,43000
2025-04-25,3529,cabe_rawit,43000
2025-04-28,3529,cabe_rawit,40250
2025-04-29,3529,cabe_rawit,34000
2025-04-30,3529,cabe_rawit,33500
2025-05-01,3529,cabe_rawit,33500
2025-05-02,3529,cabe_rawit,33500
2025-05-05,3529,cabe_rawit,31250
2025-05-06,3529,cabe_rawit,30750
2025-05-07,3529,cabe_rawit,30750
2025-05-08,3529,cabe_rawit,30750
2025-05-09,3529,cabe_rawit,29000
2025-05-12,3529,cabe_rawit,29000
2025-05-13,3529,cabe_rawit,29000
2025-05-14,3529,cabe_rawit,25750
2025-05-15,3529,cabe_rawit,25750
2025-05-16,3529,cabe_rawit,29000
2025-05-19,3529,cabe_rawit,28000
2025-05-20,3529,cabe_rawit,27250
2025-05-21,3529,cabe_rawit,26250
2025-05-22,3529,cabe_rawit,28750
2025-05-23,3529,cabe_rawit,28750
2025-05-26,3529,cabe_rawit,23250
2025-05-27,3529,cabe_rawit,25000
2025-05-28,3529,cabe_rawit,25500
2025-05-29,3529,cabe_rawit,25500
2025-05-30,3529,cabe_rawit,25500
2025-06-02,3529,cabe_rawit,30500
2025-06-03,3529,cabe_rawit,37750
2025-06-04,3529,cabe_rawit,37750
2025-06-05,3529,cabe_rawit,34750
2025-06-06,3529,cabe_rawit,34750
2025-06-09,3529,cabe_rawit,34750
2025-06-10,3529,cabe_rawit,35250
2025-06-11,3529,cabe_rawit,35250
2025-06-12,3529,cabe_rawit,34750
2025-06-13,3529,cabe_rawit,36750
2025-06-16,3529,cabe_rawit,46250
2025-06-17,3529,cabe_rawit,43250
2025-06-18,3529,cabe_rawit,56750
2025-06-19,3529,cabe_rawit,60750
2025-06-20,3529,cabe_rawit,71500
2025-06-23,3529,cabe_rawit,61750
2025-06-24,3529,cabe_rawit,62750
2025-06-25,3529,cabe_rawit,57750
2025-06-26,3529,cabe_rawit,57750
2025-06-27,3529,cabe_rawit,57750
2025-06-30,3529,cabe_rawit,61750
2025-07-01,3529,cabe_rawit,61750
2025-07-02,3529,cabe_rawit,61750
2025-07-03,3529,cabe_rawit,63500
2025-07-04,3529,cabe_rawit,67750
2025-07-07,3529,cabe_rawit,66250
2025-07-08,3529,cabe_rawit,67250
2025-07-09,3529,cabe_rawit,66500
2025-07-10,3529,cabe_rawit,67000
2025-07-11,3529,cabe_rawit,63250
2025-07-14,3529,cabe_rawit,61500
2025-07-15,3529,cabe_rawit,61500
2025-07-16,3529,cabe_rawit,54500
2025-07-17,3529,cabe_rawit,46500
2025-07-18,3529,cabe_rawit,42500
2025-07-21,3529,cabe_rawit,36750
2025-07-22,3529,cabe_rawit,37250
2025-07-23,3529,cabe_rawit,36500
2025-07-24,3529,cabe_rawit,35250
2025-07-25,3529,cabe_rawit,37250
2025-07-28,3529,cabe_rawit,31750
2025-07-29,3529,cabe_rawit,33000
2025-07-30,3529,cabe_rawit,32750
2025-07-31,3529,cabe_rawit,31750
2025-08-01,3529,cabe_rawit,29500
2025-08-04,3529,cabe_rawit,29000
2025-08-05,3529,cabe_rawit,28000
2025-08-06,3529,cabe_rawit,28000
2025-08-07,3529,cabe_rawit,27250
2025-08-08,3529,cabe_rawit,25750
2025-08-11,3529,cabe_rawit,25250
2025-08-12,3529,cabe_rawit,24500
2025-08-13,3529,cabe_rawit,24500
2025-08-14,3529,cabe_rawit,22000
2025-08-15,3529,cabe_rawit,22000
2025-08-18,3529,cabe_rawit,22000
2025-08-19,3529,cabe_rawit,21000
2025-08-20,3529,cabe_rawit,21000
2025-08-21,3529,cabe_rawit,21000
2025-08-22,3529,cabe_rawit,21000
2025-08-25,3529,cabe_rawit,21000
2025-08-26,3529,cabe_rawit,18000
2025-08-27,3529,cabe_rawit,18000
2025-08-28,3529,cabe_rawit,18000
2025-08-29,3529,cabe_rawit,18000
2025-09-01,3529,cabe_rawit,16250
2025-09-02,3529,cabe_rawit,15750
2025-09-03,3529,cabe_rawit,18500
2025-09-04,3529,cabe_rawit,19500
2025-09-05,3529,cabe_rawit,19500
2025-09-08,3529,cabe_rawit,23250
2025-09-09,3529,cabe_rawit,24000
2025-09-10,3529,cabe_rawit,24000
2025-09-11,3529,cabe_rawit,24000
2025-09-12,3529,cabe_rawit,24000
2025-09-15,3529,cabe_rawit,26500
2025-09-16,3529,cabe_rawit,27000
2025-09-17,3529,cabe_rawit,26500
2025-09-18,3529,cabe_rawit,26500
2025-09-19,3529,cabe_rawit,26000
2025-09-22,3529,cabe_rawit,26000
2025-09-23,3529,cabe_rawit,26000
2025-09-24,3529,cabe_rawit,26000
2025-09-25,3529,cabe_rawit,24500
2025-09-26,3529,cabe_rawit,24500
2025-09-29,3529,cabe_rawit,24500
2025-09-30,3529,cabe_rawit,23000
2025-10-01,3529,cabe_rawit,22750
2025-10-02,3529,cabe_rawit,22750
2025-10-03,3529,cabe_rawit,22500
2025-10-06,3529,cabe_rawit,23750
2025-10-07,3529,cabe_rawit,23750
2025-10-08,3529,cabe_rawit,23000
2025-10-09,3529,cabe_rawit,23250
2025-10-10,3529,cabe_rawit,23500
2025-10-13,3529,cabe_rawit,22500
2025-10-14,3529,cabe_rawit,21500
2025-10-15,3529,cabe_rawit,21000
2025-10-16,3529,cabe_rawit,19000
2025-10-17,3529,cabe_rawit,18000
2025-10-20,3529,cabe_rawit,18500
2025-10-21,3529,cabe_rawit,18500
2025-10-22,3529,cabe_rawit,17250
2025-10-23,3529,cabe_rawit,19000
2025-10-24,3529,cabe_rawit,19000
2025-10-27,3529,cabe_rawit,18000
2025-10-28,3529,cabe_rawit,18000
2025-10-29,3529,cabe_rawit,18500
2025-10-30,3529,cabe_rawit,18000
2025-10-31,3529,cabe_rawit,18000
2025-11-03,3529,cabe_rawit,20000
2025-11-04,3529,cabe_rawit,18000
2025-11-05,3529,cabe_rawit,18000
2025-11-06,3529,cabe_rawit,18000
2025-11-07,3529,cabe_rawit,18000
2025-11-10,3529,cabe_rawit,21000
2025-11-11,3529,cabe_rawit,21000
2025-11-12,3529,cabe_rawit,21000
2025-11-13,3529,cabe_rawit,21500
2025-11-14,3529,cabe_rawit,22500
2025-11-17,3529,cabe_rawit,22500
2025-11-18,3529,cabe_rawit,39500
2025-11-19,3529,cabe_rawit,39500
2025-11-20,3529,cabe_rawit,39500
2025-11-21,3529,cabe_rawit,38500
2025-11-24,3529,cabe_rawit,42500
2025-11-25,3529,cabe_rawit,43000
2025-11-26,3529,cabe_rawit,43000
2025-11-27,3529,cabe_rawit,43500
2025-11-28,3529,cabe_rawit,54250
2025-12-01,3529,cabe_rawit,59250
2025-12-02,3529,cabe_rawit,88250
2025-12-03,3529,cabe_rawit,89500
2025-12-04,3529,cabe_rawit,89500
2025-12-05,3529,cabe_rawit,89500
2025-12-08,3529,cabe_rawit,89500
2025-12-09,3529,cabe_rawit,85250
2025-12-10,3529,cabe_rawit,85250
2025-12-11,3529,cabe_rawit,82250
2025-12-12,3529,cabe_rawit,75500
2025-12-15,3529,cabe_rawit,73250
2025-12-16,3529,cabe_rawit,72000
2025-12-17,3529,cabe_rawit,72000
2025-12-18,3529,cabe_rawit,63250
2025-12-19,3529,cabe_rawit,62750
2025-12-22,3529,cabe_rawit,62750
2025-12-23,3529,cabe_rawit,61250
2025-12-24,3529,cabe_rawit,58250
2025-12-25,3529,cabe_rawit,58250
2025-12-26,3529,cabe_rawit,58250
2025-12-29,3529,cabe_rawit,62500
2025-12-30,3529,cabe_rawit,55500
2025-12-31,3529,cabe_rawit,56250
2021-01-04,3571,cabe_rawit,77500
2021-01-05,3571,cabe_rawit,77500
2021-01-06,3571,cabe_rawit,75500
2021-01-07,3571,cabe_rawit,74500
2021-01-08,3571,cabe_rawit,74500
2021-01-11,3571,cabe_rawit,76000
2021-01-12,3571,cabe_rawit,73500
2021-01-13,3571,cabe_rawit,69750
2021-01-14,3571,cabe_rawit,71500
2021-01-15,3571,cabe_rawit,68500
2021-01-18,3571,cabe_rawit,61750
2021-01-19,3571,cabe_rawit,63750
2021-01-20,3571,cabe_rawit,61500
2021-01-21,3571,cabe_rawit,64000
2021-01-22,3571,cabe_rawit,65500
2021-01-25,3571,cabe_rawit,69250
2021-01-26,3571,cabe_rawit,70500
2021-01-27,3571,cabe_rawit,70500
2021-01-28,3571,cabe_rawit,68500
2021-01-29,3571,cabe_rawit,68250
2021-02-01,3571,cabe_rawit,66750
2021-02-02,3571,cabe_rawit,66250
2021-02-03,3571,cabe_rawit,65000
2021-02-04,3571,cabe_rawit,62000
2021-02-05,3571,cabe_rawit,62000
2021-02-08,3571,cabe_rawit,67500
2021-02-09,3571,cabe_rawit,66500
2021-02-10,3571,cabe_rawit,64000
2021-02-11,3571,cabe_rawit,69500
2021-02-15,3571,cabe_rawit,81750
2021-02-16,3571,cabe_rawit,80500
2021-02-17,3571,cabe_rawit,86250
2021-02-18,3571,cabe_rawit,88250
2021-02-19,3571,cabe_rawit,88750
2021-02-22,3571,cabe_rawit,87750
2021-02-23,3571,cabe_rawit,90500
2021-02-24,3571,cabe_rawit,89750
2021-02-25,3571,cabe_rawit,91250
2021-02-26,3571,cabe_rawit,90250
2021-03-01,3571,cabe_rawit,93000
2021-03-02,3571,cabe_rawit,103750
2021-03-03,3571,cabe_rawit,103250
2021-03-04,3571,cabe_rawit,101500
2021-03-05,3571,cabe_rawit,103250
2021-03-08,3571,cabe_rawit,102250
2021-03-09,3571,cabe_rawit,102750
2021-03-10,3571,cabe_rawit,103250
2021-03-12,3571,cabe_rawit,114000
2021-03-15,3571,cabe_rawit,118750
2021-03-16,3571,cabe_rawit,120000
2021-03-17,3571,cabe_rawit,120000
2021-03-18,3571,cabe_rawit,120000
2021-03-19,3571,cabe_rawit,121250
2021-03-22,3571,cabe_rawit,106250
2021-03-23,3571,cabe_rawit,101750
2021-03-24,3571,cabe_rawit,97500
2021-03-25,3571,cabe_rawit,84750
2021-03-26,3571,cabe_rawit,80000
2021-03-29,3571,cabe_rawit,71750
2021-03-30,3571,cabe_rawit,62250
2021-03-31,3571,cabe_rawit,57500
2021-04-01,3571,cabe_rawit,61250
2021-04-05,3571,cabe_rawit,68750
2021-04-06,3571,cabe_rawit,75000
2021-04-07,3571,cabe_rawit,72000
2021-04-08,3571,cabe_rawit,70000
2021-04-09,3571,cabe_rawit,68250
2021-04-12,3571,cabe_rawit,63750
2021-04-13,3571,cabe_rawit,57750
2021-04-14,3571,cabe_rawit,59000
2021-04-15,3571,cabe_rawit,62250
2021-04-16,3571,cabe_rawit,57500
2021-04-19,3571,cabe_rawit,38750
2021-04-20,3571,cabe_rawit,44000
2021-04-21,3571,cabe_rawit,48000
2021-04-22,3571,cabe_rawit,38500
2021-04-23,3571,cabe_rawit,39000
2021-04-26,3571,cabe_rawit,43500
2021-04-27,3571,cabe_rawit,47750
2021-04-28,3571,cabe_rawit,50750
2021-04-29,3571,cabe_rawit,49500
2021-04-30,3571,cabe_rawit,50750
2021-05-03,3571,cabe_rawit,49750
2021-05-04,3571,cabe_rawit,49750
2021-05-05,3571,cabe_rawit,50750
2021-05-06,3571,cabe_rawit,47000
2021-05-07,3571,cabe_rawit,48250
2021-05-10,3571,cabe_rawit,60000
2021-05-11,3571,cabe_rawit,52250
2021-05-17,3571,cabe_rawit,43750
2021-05-18,3571,cabe_rawit,36750
2021-05-19,3571,cabe_rawit,32750
2021-05-20,3571,cabe_rawit,39500
2021-05-21,3571,cabe_rawit,39500
2021-05-24,3571,cabe_rawit,33750
2021-05-25,3571,cabe_rawit,35250
2021-05-27,3571,cabe_rawit,33750
2021-05-28,3571,cabe_rawit,34000
2021-05-31,3571,cabe_rawit,32500
2021-06-02,3571,cabe_rawit,31750
2021-06-03,3571,cabe_rawit,32000
2021-06-04,3571,cabe_rawit,32250
2021-06-07,3571,cabe_rawit,31750
2021-06-08,3571,cabe_rawit,31250
2021-06-09,3571,cabe_rawit,30750
2021-06-10,3571,cabe_rawit,29750
2021-06-11,3571,cabe_rawit,29250
2021-06-14,3571,cabe_rawit,31250
2021-06-15,3571,cabe_rawit,31250
2021-06-16,3571,cabe_rawit,31250
2021-06-17,3571,cabe_rawit,32250
2021-06-18,3571,cabe_rawit,36750
2021-06-21,3571,cabe_rawit,42000
2021-06-22,3571,cabe_rawit,42500
2021-06-23,3571,cabe_rawit,40500
2021-06-24,3571,cabe_rawit,44250
2021-06-25,3571,cabe_rawit,54500
2021-06-28,3571,cabe_rawit,47500
2021-06-29,3571,cabe_rawit,49000
2021-06-30,3571,cabe_rawit,50500
2021-07-01,3571,cabe_rawit,50500
2021-07-02,3571,cabe_rawit,51500
2021-07-05,3571,cabe_rawit,47750
2021-07-06,3571,cabe_rawit,53000
2021-07-07,3571,cabe_rawit,62500
2021-07-08,3571,cabe_rawit,61500
2021-07-09,3571,cabe_rawit,60000
2021-07-12,3571,cabe_rawit,63250
2021-07-13,3571,cabe_rawit,66500
2021-07-14,3571,cabe_rawit,64000
2021-07-15,3571,cabe_rawit,61000
2021-07-16,3571,cabe_rawit,60500
2021-07-19,3571,cabe_rawit,57000
2021-07-21,3571,cabe_rawit,59000
2021-07-22,3571,cabe_rawit,59500
2021-07-23,3571,cabe_rawit,58000
2021-07-26,3571,cabe_rawit,47000
2021-07-27,3571,cabe_rawit,51250
2021-07-28,3571,cabe_rawit,48500
2021-07-29,3571,cabe_rawit,46000
2021-07-30,3571,cabe_rawit,39250
2021-08-02,3571,cabe_rawit,37750
2021-08-03,3571,cabe_rawit,36000
2021-08-04,3571,cabe_rawit,34750
2021-08-05,3571,cabe_rawit,31500
2021-08-06,3571,cabe_rawit,30000
2021-08-09,3571,cabe_rawit,26250
2021-08-10,3571,cabe_rawit,24500
2021-08-12,3571,cabe_rawit,24000
2021-08-13,3571,cabe_rawit,20500
2021-08-16,3571,cabe_rawit,17750
2021-08-18,3571,cabe_rawit,17000
2021-08-19,3571,cabe_rawit,17000
2021-08-20,3571,cabe_rawit,17000
2021-08-23,3571,cabe_rawit,16250
2021-08-24,3571,cabe_rawit,14750
2021-08-25,3571,cabe_rawit,14500
2021-08-26,3571,cabe_rawit,14750
2021-08-27,3571,cabe_rawit,15000
2021-08-30,3571,cabe_rawit,15750
2021-08-31,3571,cabe_rawit,15750
2021-09-01,3571,cabe_rawit,15750
2021-09-02,3571,cabe_rawit,15750
2021-09-03,3571,cabe_rawit,16000
2021-09-06,3571,cabe_rawit,16500
2021-09-07,3571,cabe_rawit,16250
2021-09-08,3571,cabe_rawit,16500
2021-09-09,3571,cabe_rawit,17000
2021-09-10,3571,cabe_rawit,16000
2021-09-13,3571,cabe_rawit,17000
2021-09-14,3571,cabe_rawit,17000
2021-09-15,3571,cabe_rawit,17250
2021-09-16,3571,cabe_rawit,17000
2021-09-17,3571,cabe_rawit,17250
2021-09-20,3571,cabe_rawit,19500
2021-09-21,3571,cabe_rawit,19500
2021-09-22,3571,cabe_rawit,19250
2021-09-23,3571,cabe_rawit,19500
2021-09-24,3571,cabe_rawit,19250
2021-09-27,3571,cabe_rawit,18500
2021-09-28,3571,cabe_rawit,18500
2021-09-29,3571,cabe_rawit,18500
2021-09-30,3571,cabe_rawit,18500
2021-10-01,3571,cabe_rawit,19000
2021-10-04,3571,cabe_rawit,19000
2021-10-05,3571,cabe_rawit,19000
2021-10-06,3571,cabe_rawit,19500
2021-10-07,3571,cabe_rawit,19000
2021-10-08,3571,cabe_rawit,19750
2021-10-11,3571,cabe_rawit,19750
2021-10-12,3571,cabe_rawit,20250
2021-10-13,3571,cabe_rawit,22000
2021-10-14,3571,cabe_rawit,21500
2021-10-15,3571,cabe_rawit,23250
2021-10-18,3571,cabe_rawit,21750
2021-10-19,3571,cabe_rawit,22500
2021-10-21,3571,cabe_rawit,21500
2021-10-22,3571,cabe_rawit,21000
2021-10-25,3571,cabe_rawit,18000
2021-10-26,3571,cabe_rawit,18250
2021-10-27,3571,cabe_rawit,19000
2021-10-28,3571,cabe_rawit,18250
2021-10-29,3571,cabe_rawit,18000
2021-11-01,3571,cabe_rawit,17250
2021-11-02,3571,cabe_rawit,18000
2021-11-03,3571,cabe_rawit,18000
2021-11-04,3571,cabe_rawit,18000
2021-11-05,3571,cabe_rawit,18000
2021-11-08,3571,cabe_rawit,19250
2021-11-09,3571,cabe_rawit,17500
2021-11-10,3571,cabe_rawit,17500
2021-11-11,3571,cabe_rawit,17250
2021-11-12,3571,cabe_rawit,16500
2021-11-15,3571,cabe_rawit,16500
2021-11-16,3571,cabe_rawit,15750
2021-11-17,3571,cabe_rawit,15750
2021-11-18,3571,cabe_rawit,16000
2021-11-19,3571,cabe_rawit,17000
2021-11-22,3571,cabe_rawit,21500
2021-11-23,3571,cabe_rawit,23500
2021-11-24,3571,cabe_rawit,23750
2021-11-25,3571,cabe_rawit,23750
2021-11-26,3571,cabe_rawit,25750
2021-11-29,3571,cabe_rawit,37500
2021-11-30,3571,cabe_rawit,41500
2021-12-01,3571,cabe_rawit,47000
2021-12-02,3571,cabe_rawit,52750
2021-12-03,3571,cabe_rawit,51250
2021-12-06,3571,cabe_rawit,61500
2021-12-07,3571,cabe_rawit,60750
2021-12-08,3571,cabe_rawit,62250
2021-12-09,3571,cabe_rawit,62750
2021-12-10,3571,cabe_rawit,62250
2021-12-13,3571,cabe_rawit,75000
2021-12-14,3571,cabe_rawit,90000
2021-12-15,3571,cabe_rawit,85000
2021-12-16,3571,cabe_rawit,80250
2021-12-17,3571,cabe_rawit,81500
2021-12-20,3571,cabe_rawit,85750
2021-12-21,3571,cabe_rawit,91250
2021-12-22,3571,cabe_rawit,91250
2021-12-23,3571,cabe_rawit,90750
2021-12-24,3571,cabe_rawit,90750
2021-12-27,3571,cabe_rawit,85250
2021-12-28,3571,cabe_rawit,82750
2021-12-29,3571,cabe_rawit,77750
2021-12-30,3571,cabe_rawit,76500
2021-12-31,3571,cabe_rawit,59000
2022-01-03,3571,cabe_rawit,65000
2022-01-04,3571,cabe_rawit,61000
2022-01-05,3571,cabe_rawit,47500
2022-01-06,3571,cabe_rawit,44250
2022-01-07,3571,cabe_rawit,42500
2022-01-10,3571,cabe_rawit,38250
2022-01-11,3571,cabe_rawit,37750
2022-01-12,3571,cabe_rawit,38000
2022-01-13,3571,cabe_rawit,37750
2022-01-14,3571,cabe_rawit,35250
2022-01-17,3571,cabe_rawit,36500
2022-01-18,3571,cabe_rawit,36000
2022-01-19,3571,cabe_rawit,36000
2022-01-20,3571,cabe_rawit,32000
2022-01-21,3571,cabe_rawit,30500
2022-01-24,3571,cabe_rawit,20500
2022-01-25,3571,cabe_rawit,23250
2022-01-26,3571,cabe_rawit,23250
2022-01-27,3571,cabe_rawit,21500
2022-01-28,3571,cabe_rawit,21000
2022-01-31,3571,cabe_rawit,23250
2022-02-02,3571,cabe_rawit,24500
2022-02-03,3571,cabe_rawit,28500
2022-02-04,3571,cabe_rawit,37000
2022-02-07,3571,cabe_rawit,36250
2022-02-08,3571,cabe_rawit,34750
2022-02-09,3571,cabe_rawit,34250
2022-02-10,3571,cabe_rawit,33250
2022-02-11,3571,cabe_rawit,32500
2022-02-14,3571,cabe_rawit,33250
2022-02-15,3571,cabe_rawit,37500
2022-02-16,3571,cabe_rawit,39750
2022-02-17,3571,cabe_rawit,38750
2022-02-18,3571,cabe_rawit,38250
2022-02-21,3571,cabe_rawit,42000
2022-02-22,3571,cabe_rawit,47000
2022-02-23,3571,cabe_rawit,47000
2022-02-24,3571,cabe_rawit,46250
2022-02-25,3571,cabe_rawit,47000
2022-03-01,3571,cabe_rawit,57000
2022-03-02,3571,cabe_rawit,56750
2022-03-04,3571,cabe_rawit,57500
2022-03-07,3571,cabe_rawit,62500
2022-03-08,3571,cabe_rawit,60750
2022-03-09,3571,cabe_rawit,53250
2022-03-10,3571,cabe_rawit,41750
2022-03-11,3571,cabe_rawit,45500
2022-03-14,3571,cabe_rawit,43250
2022-03-15,3571,cabe_rawit,46500
2022-03-16,3571,cabe_rawit,46500
2022-03-17,3571,cabe_rawit,46500
2022-03-18,3571,cabe_rawit,47000
2022-03-21,3571,cabe_rawit,43250
2022-03-22,3571,cabe_rawit,42250
2022-03-23,3571,cabe_rawit,43250
2022-03-24,3571,cabe_rawit,42750
2022-03-25,3571,cabe_rawit,40750
2022-03-28,3571,cabe_rawit,39000
2022-03-29,3571,cabe_rawit,38750
2022-03-30,3571,cabe_rawit,38750
2022-03-31,3571,cabe_rawit,38250
2022-04-01,3571,cabe_rawit,36000
2022-04-04,3571,cabe_rawit,36500
2022-04-05,3571,cabe_rawit,41500
2022-04-06,3571,cabe_rawit,38250
2022-04-07,3571,cabe_rawit,39000
2022-04-08,3571,cabe_rawit,34500
2022-04-11,3571,cabe_rawit,27500
2022-04-12,3571,cabe_rawit,27000
2022-04-13,3571,cabe_rawit,27000
2022-04-14,3571,cabe_rawit,22750
2022-04-18,3571,cabe_rawit,24500
2022-04-19,3571,cabe_rawit,23250
2022-04-20,3571,cabe_rawit,22750
2022-04-21,3571,cabe_rawit,23000
2022-04-22,3571,cabe_rawit,23000
2022-04-25,3571,cabe_rawit,23500
2022-04-26,3571,cabe_rawit,29000
2022-04-27,3571,cabe_rawit,30750
2022-04-28,3571,cabe_rawit,30750
2022-05-09,3571,cabe_rawit,26250
2022-05-10,3571,cabe_rawit,26000
2022-05-11,3571,cabe_rawit,27250
2022-05-12,3571,cabe_rawit,27750
2022-05-13,3571,cabe_rawit,26500
2022-05-17,3571,cabe_rawit,42000
2022-05-18,3571,cabe_rawit,45000
2022-05-19,3571,cabe_rawit,49750
2022-05-20,3571,cabe_rawit,51750
2022-05-23,3571,cabe_rawit,47250
2022-05-24,3571,cabe_rawit,52250
2022-05-25,3571,cabe_rawit,60000
2022-05-27,3571,cabe_rawit,54000
2022-05-30,3571,cabe_rawit,62250
2022-05-31,3571,cabe_rawit,73250
2022-06-02,3571,cabe_rawit,69500
2022-06-03,3571,cabe_rawit,70000
2022-06-06,3571,cabe_rawit,89500
2022-06-07,3571,cabe_rawit,89000
2022-06-08,3571,cabe_rawit,91250
2022-06-09,3571,cabe_rawit,90000
2022-06-10,3571,cabe_rawit,90500
2022-06-13,3571,cabe_rawit,91000
2022-06-14,3571,cabe_rawit,91000
2022-06-15,3571,cabe_rawit,91000
2022-06-16,3571,cabe_rawit,92000
2022-06-17,3571,cabe_rawit,91000
2022-06-20,3571,cabe_rawit,91500
2022-06-21,3571,cabe_rawit,101750
2022-06-22,3571,cabe_rawit,99750
2022-06-23,3571,cabe_rawit,101000
2022-06-24,3571,cabe_rawit,97250
2022-06-27,3571,cabe_rawit,92000
2022-06-28,3571,cabe_rawit,93250
2022-06-29,3571,cabe_rawit,93250
2022-06-30,3571,cabe_rawit,91250
2022-07-01,3571,cabe_rawit,91750
2022-07-04,3571,cabe_rawit,96000
2022-07-05,3571,cabe_rawit,99750
2022-07-06,3571,cabe_rawit,96500
2022-07-07,3571,cabe_rawit,96000
2022-07-08,3571,cabe_rawit,91000
2022-07-11,3571,cabe_rawit,98500
2022-07-12,3571,cabe_rawit,94750
2022-07-13,3571,cabe_rawit,92500
2022-07-14,3571,cabe_rawit,86750
2022-07-15,3571,cabe_rawit,81500
2022-07-18,3571,cabe_rawit,76750
2022-07-19,3571,cabe_rawit,68000
2022-07-20,3571,cabe_rawit,69250
2022-07-21,3571,cabe_rawit,68250
2022-07-22,3571,cabe_rawit,62250
2022-07-25,3571,cabe_rawit,64500
2022-07-26,3571,cabe_rawit,62000
2022-07-27,3571,cabe_rawit,61500
2022-07-28,3571,cabe_rawit,62500
2022-07-29,3571,cabe_rawit,65000
2022-08-01,3571,cabe_rawit,68250
2022-08-02,3571,cabe_rawit,68250
2022-08-03,3571,cabe_rawit,65000
2022-08-04,3571,cabe_rawit,59500
2022-08-05,3571,cabe_rawit,56500
2022-08-08,3571,cabe_rawit,56250
2022-08-09,3571,cabe_rawit,52000
2022-08-10,3571,cabe_rawit,52000
2022-08-11,3571,cabe_rawit,47000
2022-08-12,3571,cabe_rawit,44750
2022-08-15,3571,cabe_rawit,38250
2022-08-16,3571,cabe_rawit,40250
2022-08-18,3571,cabe_rawit,47250
2022-08-19,3571,cabe_rawit,45000
2022-08-22,3571,cabe_rawit,36750
2022-08-23,3571,cabe_rawit,35000
2022-08-24,3571,cabe_rawit,36500
2022-08-25,3571,cabe_rawit,40000
2022-08-26,3571,cabe_rawit,37500
2022-08-29,3571,cabe_rawit,41250
2022-08-30,3571,cabe_rawit,44250
2022-08-31,3571,cabe_rawit,49500
2022-09-01,3571,cabe_rawit,48500
2022-09-02,3571,cabe_rawit,47750
2022-09-05,3571,cabe_rawit,50500
2022-09-06,3571,cabe_rawit,54000
2022-09-07,3571,cabe_rawit,54500
2022-09-08,3571,cabe_rawit,53750
2022-09-09,3571,cabe_rawit,53750
2022-09-12,3571,cabe_rawit,54750
2022-09-13,3571,cabe_rawit,55000
2022-09-14,3571,cabe_rawit,57250
2022-09-15,3571,cabe_rawit,57750
2022-09-16,3571,cabe_rawit,66000
2022-09-19,3571,cabe_rawit,68500
2022-09-20,3571,cabe_rawit,66000
2022-09-21,3571,cabe_rawit,65000
2022-09-22,3571,cabe_rawit,60250
2022-09-23,3571,cabe_rawit,56250
2022-09-26,3571,cabe_rawit,56000
2022-09-27,3571,cabe_rawit,60000
2022-09-28,3571,cabe_rawit,58000
2022-09-29,3571,cabe_rawit,56000
2022-09-30,3571,cabe_rawit,54500
2022-10-03,3571,cabe_rawit,52750
2022-10-04,3571,cabe_rawit,52500
2022-10-05,3571,cabe_rawit,51250
2022-10-06,3571,cabe_rawit,50000
2022-10-07,3571,cabe_rawit,40750
2022-10-10,3571,cabe_rawit,40500
2022-10-11,3571,cabe_rawit,41750
2022-10-12,3571,cabe_rawit,42750
2022-10-13,3571,cabe_rawit,41250
2022-10-14,3571,cabe_rawit,40250
2022-10-17,3571,cabe_rawit,35750
2022-10-18,3571,cabe_rawit,35500
2022-10-19,3571,cabe_rawit,35500
2022-10-20,3571,cabe_rawit,36500
2022-10-21,3571,cabe_rawit,34500
2022-10-24,3571,cabe_rawit,33750
2022-10-25,3571,cabe_rawit,33750
2022-10-26,3571,cabe_rawit,34750
2022-10-27,3571,cabe_rawit,33250
2022-10-28,3571,cabe_rawit,31250
2022-10-31,3571,cabe_rawit,29500
2022-11-01,3571,cabe_rawit,27500
2022-11-02,3571,cabe_rawit,25750
2022-11-03,3571,cabe_rawit,26250
2022-11-04,3571,cabe_rawit,24500
2022-11-07,3571,cabe_rawit,27750
2022-11-08,3571,cabe_rawit,25250
2022-11-09,3571,cabe_rawit,26000
2022-11-10,3571,cabe_rawit,26000
2022-11-11,3571,cabe_rawit,25500
2022-11-14,3571,cabe_rawit,27250
2022-11-15,3571,cabe_rawit,29500
2022-11-16,3571,cabe_rawit,34500
2022-11-17,3571,cabe_rawit,35000
2022-11-18,3571,cabe_rawit,35250
2022-11-21,3571,cabe_rawit,35000
2022-11-22,3571,cabe_rawit,33750
2022-11-23,3571,cabe_rawit,32500
2022-11-24,3571,cabe_rawit,31750
2022-11-25,3571,cabe_rawit,31000
2022-11-28,3571,cabe_rawit,28500
2022-11-29,3571,cabe_rawit,32750
2022-11-30,3571,cabe_rawit,34500
2022-12-01,3571,cabe_rawit,36250
2022-12-02,3571,cabe_rawit,36250
2022-12-05,3571,cabe_rawit,42750
2022-12-06,3571,cabe_rawit,48250
2022-12-07,3571,cabe_rawit,46250
2022-12-08,3571,cabe_rawit,47500
2022-12-09,3571,cabe_rawit,44750
2022-12-12,3571,cabe_rawit,45000
2022-12-13,3571,cabe_rawit,45000
2022-12-14,3571,cabe_rawit,36750
2022-12-15,3571,cabe_rawit,34000
2022-12-16,3571,cabe_rawit,32250
2022-12-19,3571,cabe_rawit,33500
2022-12-20,3571,cabe_rawit,36500
2022-12-21,3571,cabe_rawit,36500
2022-12-22,3571,cabe_rawit,35750
2022-12-23,3571,cabe_rawit,40500
2022-12-26,3571,cabe_rawit,45750
2022-12-27,3571,cabe_rawit,45750
2022-12-28,3571,cabe_rawit,52750
2022-12-29,3571,cabe_rawit,52250
2022-12-30,3571,cabe_rawit,54500
2023-01-02,3571,cabe_rawit,62500
2023-01-03,3571,cabe_rawit,61000
2023-01-04,3571,cabe_rawit,60500
2023-01-05,3571,cabe_rawit,58500
2023-01-06,3571,cabe_rawit,56250
2023-01-09,3571,cabe_rawit,56250
2023-01-10,3571,cabe_rawit,54750
2023-01-11,3571,cabe_rawit,52750
2023-01-12,3571,cabe_rawit,49250
2023-01-13,3571,cabe_rawit,47250
2023-01-16,3571,cabe_rawit,43750
2023-01-17,3571,cabe_rawit,43750
2023-01-18,3571,cabe_rawit,48250
2023-01-19,3571,cabe_rawit,45500
2023-01-20,3571,cabe_rawit,44500
2023-01-23,3571,cabe_rawit,44500
2023-01-24,3571,cabe_rawit,50250
2023-01-25,3571,cabe_rawit,50500
2023-01-26,3571,cabe_rawit,50500
2023-01-27,3571,cabe_rawit,51000
2023-01-30,3571,cabe_rawit,50000
2023-01-31,3571,cabe_rawit,49000
2023-02-01,3571,cabe_rawit,47750
2023-02-02,3571,cabe_rawit,45250
2023-02-03,3571,cabe_rawit,45000
2023-02-06,3571,cabe_rawit,51250
2023-02-07,3571,cabe_rawit,53500
2023-02-08,3571,cabe_rawit,56000
2023-02-09,3571,cabe_rawit,55750
2023-02-10,3571,cabe_rawit,59750
2023-02-13,3571,cabe_rawit,60750
2023-02-14,3571,cabe_rawit,61250
2023-02-15,3571,cabe_rawit,60750
2023-02-16,3571,cabe_rawit,61250
2023-02-17,3571,cabe_rawit,64250
2023-02-20,3571,cabe_rawit,61250
2023-02-21,3571,cabe_rawit,63250
2023-02-22,3571,cabe_rawit,61250
2023-02-23,3571,cabe_rawit,61250
2023-02-24,3571,cabe_rawit,60750
2023-02-27,3571,cabe_rawit,56750
2023-02-28,3571,cabe_rawit,56750
2023-03-01,3571,cabe_rawit,59000
2023-03-02,3571,cabe_rawit,61250
2023-03-03,3571,cabe_rawit,71750
2023-03-06,3571,cabe_rawit,76500
2023-03-07,3571,cabe_rawit,76000
2023-03-08,3571,cabe_rawit,76000
2023-03-09,3571,cabe_rawit,74500
2023-03-10,3571,cabe_rawit,74500
2023-03-13,3571,cabe_rawit,76750
2023-03-14,3571,cabe_rawit,78500
2023-03-15,3571,cabe_rawit,78500
2023-03-16,3571,cabe_rawit,78500
2023-03-17,3571,cabe_rawit,78500
2023-03-20,3571,cabe_rawit,77500
2023-03-21,3571,cabe_rawit,76750
2023-03-22,3571,cabe_rawit,76750
2023-03-23,3571,cabe_rawit,76750
2023-03-24,3571,cabe_rawit,71250
2023-03-27,3571,cabe_rawit,65250
2023-03-28,3571,cabe_rawit,48750
2023-03-29,3571,cabe_rawit,46250
2023-03-30,3571,cabe_rawit,53750
2023-03-31,3571,cabe_rawit,49500
2023-04-03,3571,cabe_rawit,37750
2023-04-04,3571,cabe_rawit,37250
2023-04-05,3571,cabe_rawit,29500
2023-04-06,3571,cabe_rawit,28000
2023-04-07,3571,cabe_rawit,28000
2023-04-10,3571,cabe_rawit,28750
2023-04-11,3571,cabe_rawit,28000
2023-04-12,3571,cabe_rawit,28000
2023-04-13,3571,cabe_rawit,29500
2023-04-14,3571,cabe_rawit,28250
2023-04-17,3571,cabe_rawit,33750
2023-04-18,3571,cabe_rawit,35250
2023-04-19,3571,cabe_rawit,35250
2023-04-20,3571,cabe_rawit,35250
2023-04-21,3571,cabe_rawit,35250
2023-04-24,3571,cabe_rawit,35250
2023-04-25,3571,cabe_rawit,35250
2023-04-26,3571,cabe_rawit,31250
2023-04-27,3571,cabe_rawit,30000
2023-04-28,3571,cabe_rawit,30250
2023-05-01,3571,cabe_rawit,30250
2023-05-02,3571,cabe_rawit,28250
2023-05-03,3571,cabe_rawit,26250
2023-05-04,3571,cabe_rawit,26500
2023-05-05,3571,cabe_rawit,27750
2023-05-08,3571,cabe_rawit,29000
2023-05-09,3571,cabe_rawit,30750
2023-05-10,3571,cabe_rawit,30750
2023-05-11,3571,cabe_rawit,32250
2023-05-12,3571,cabe_rawit,32250
2023-05-15,3571,cabe_rawit,31250
2023-05-16,3571,cabe_rawit,34000
2023-05-17,3571,cabe_rawit,35250
2023-05-18,3571,cabe_rawit,35250
2023-05-19,3571,cabe_rawit,35750
2023-05-22,3571,cabe_rawit,40250
2023-05-23,3571,cabe_rawit,40250
2023-05-24,3571,cabe_rawit,40000
2023-05-25,3571,cabe_rawit,38250
2023-05-26,3571,cabe_rawit,40000
2023-05-29,3571,cabe_rawit,37250
2023-05-30,3571,cabe_rawit,39000
2023-05-31,3571,cabe_rawit,38500
2023-06-01,3571,cabe_rawit,38500
2023-06-02,3571,cabe_rawit,38500
2023-06-05,3571,cabe_rawit,41250
2023-06-06,3571,cabe_rawit,42750
2023-06-07,3571,cabe_rawit,42250
2023-06-08,3571,cabe_rawit,41750
2023-06-09,3571,cabe_rawit,41250
2023-06-12,3571,cabe_rawit,36500
2023-06-13,3571,cabe_rawit,38000
2023-06-14,3571,cabe_rawit,37250
2023-06-15,3571,cabe_rawit,37250
2023-06-16,3571,cabe_rawit,36750
2023-06-19,3571,cabe_rawit,31750
2023-06-20,3571,cabe_rawit,32250
2023-06-21,3571,cabe_rawit,34000
2023-06-22,3571,cabe_rawit,34500
2023-06-23,3571,cabe_rawit,31500
2023-06-26,3571,cabe_rawit,31000
2023-06-27,3571,cabe_rawit,31000
2023-06-28,3571,cabe_rawit,31000
2023-06-29,3571,cabe_rawit,31000
2023-06-30,3571,cabe_rawit,31000
2023-07-03,3571,cabe_rawit,28500
2023-07-04,3571,cabe_rawit,25000
2023-07-05,3571,cabe_rawit,23500
2023-07-06,3571,cabe_rawit,23750
2023-07-07,3571,cabe_rawit,23750
2023-07-10,3571,cabe_rawit,27000
2023-07-11,3571,cabe_rawit,26000
2023-07-12,3571,cabe_rawit,26000
2023-07-13,3571,cabe_rawit,26000
2023-07-14,3571,cabe_rawit,26000
2023-07-17,3571,cabe_rawit,26750
2023-07-18,3571,cabe_rawit,25250
2023-07-19,3571,cabe_rawit,25250
2023-07-20,3571,cabe_rawit,27500
2023-07-21,3571,cabe_rawit,31000
2023-07-24,3571,cabe_rawit,31000
2023-07-25,3571,cabe_rawit,33000
2023-07-26,3571,cabe_rawit,35000
2023-07-27,3571,cabe_rawit,34000
2023-07-28,3571,cabe_rawit,34000
2023-07-31,3571,cabe_rawit,36000
2023-08-01,3571,cabe_rawit,36750
2023-08-02,3571,cabe_rawit,36750
2023-08-03,3571,cabe_rawit,37250
2023-08-04,3571,cabe_rawit,37250
2023-08-07,3571,cabe_rawit,39500
2023-08-08,3571,cabe_rawit,39500
2023-08-09,3571,cabe_rawit,40000
2023-08-10,3571,cabe_rawit,40500
2023-08-11,3571,cabe_rawit,41000
2023-08-14,3571,cabe_rawit,41500
2023-08-15,3571,cabe_rawit,44000
2023-08-16,3571,cabe_rawit,44250
2023-08-17,3571,cabe_rawit,44250
2023-08-18,3571,cabe_rawit,43750
2023-08-21,3571,cabe_rawit,40750
2023-08-22,3571,cabe_rawit,40750
2023-08-23,3571,cabe_rawit,40250
2023-08-24,3571,cabe_rawit,40250
2023-08-25,3571,cabe_rawit,37000
2023-08-28,3571,cabe_rawit,31750
2023-08-29,3571,cabe_rawit,31750
2023-08-30,3571,cabe_rawit,31750
2023-08-31,3571,cabe_rawit,28250
2023-09-01,3571,cabe_rawit,28250
2023-09-04,3571,cabe_rawit,28000
2023-09-05,3571,cabe_rawit,29000
2023-09-06,3571,cabe_rawit,28500
2023-09-07,3571,cabe_rawit,28500
2023-09-08,3571,cabe_rawit,28500
2023-09-11,3571,cabe_rawit,27250
2023-09-12,3571,cabe_rawit,29000
2023-09-13,3571,cabe_rawit,28000
2023-09-14,3571,cabe_rawit,28000
2023-09-15,3571,cabe_rawit,26750
2023-09-18,3571,cabe_rawit,29500
2023-09-19,3571,cabe_rawit,29000
2023-09-20,3571,cabe_rawit,30000
2023-09-21,3571,cabe_rawit,30000
2023-09-22,3571,cabe_rawit,29500
2023-09-25,3571,cabe_rawit,31250
2023-09-26,3571,cabe_rawit,30000
2023-09-27,3571,cabe_rawit,30000
2023-09-28,3571,cabe_rawit,30000
2023-09-29,3571,cabe_rawit,30000
2023-10-02,3571,cabe_rawit,36000
2023-10-03,3571,cabe_rawit,38000
2023-10-04,3571,cabe_rawit,37500
2023-10-05,3571,cabe_rawit,40000
2023-10-06,3571,cabe_rawit,40000
2023-10-09,3571,cabe_rawit,41000
2023-10-10,3571,cabe_rawit,44750
2023-10-11,3571,cabe_rawit,45000
2023-10-12,3571,cabe_rawit,45000
2023-10-13,3571,cabe_rawit,44500
2023-10-16,3571,cabe_rawit,50000
2023-10-17,3571,cabe_rawit,52750
2023-10-18,3571,cabe_rawit,52250
2023-10-19,3571,cabe_rawit,52250
2023-10-20,3571,cabe_rawit,51750
2023-10-23,3571,cabe_rawit,64250
2023-10-24,3571,cabe_rawit,66000
2023-10-25,3571,cabe_rawit,66500
2023-10-26,3571,cabe_rawit,66500
2023-10-27,3571,cabe_rawit,66500
2023-10-30,3571,cabe_rawit,73250
2023-10-31,3571,cabe_rawit,72250
2023-11-01,3571,cabe_rawit,66750
2023-11-02,3571,cabe_rawit,66750
2023-11-03,3571,cabe_rawit,71000
2023-11-06,3571,cabe_rawit,67000
2023-11-07,3571,cabe_rawit,66000
2023-11-08,3571,cabe_rawit,75500
2023-11-09,3571,cabe_rawit,76750
2023-11-10,3571,cabe_rawit,76000
2023-11-13,3571,cabe_rawit,74750
2023-11-14,3571,cabe_rawit,78500
2023-11-15,3571,cabe_rawit,78500
2023-11-16,3571,cabe_rawit,77500
2023-11-17,3571,cabe_rawit,79000
2023-11-20,3571,cabe_rawit,85000
2023-11-21,3571,cabe_rawit,96250
2023-11-22,3571,cabe_rawit,96750
2023-11-23,3571,cabe_rawit,92000
2023-11-24,3571,cabe_rawit,84750
2023-11-27,3571,cabe_rawit,83250
2023-11-28,3571,cabe_rawit,84500
2023-11-29,3571,cabe_rawit,83750
2023-11-30,3571,cabe_rawit,82000
2023-12-01,3571,cabe_rawit,80750
2023-12-04,3571,cabe_rawit,86500
2023-12-05,3571,cabe_rawit,91500
2023-12-06,3571,cabe_rawit,88750
2023-12-07,3571,cabe_rawit,89750
2023-12-08,3571,cabe_rawit,91000
2023-12-11,3571,cabe_rawit,91000
2023-12-12,3571,cabe_rawit,89500
2023-12-13,3571,cabe_rawit,87000
2023-12-14,3571,cabe_rawit,85250
2023-12-15,3571,cabe_rawit,83250
2023-12-18,3571,cabe_rawit,78250
2023-12-19,3571,cabe_rawit,78250
2023-12-20,3571,cabe_rawit,75750
2023-12-21,3571,cabe_rawit,77000
2023-12-22,3571,cabe_rawit,75750
2023-12-25,3571,cabe_rawit,75750
2023-12-26,3571,cabe_rawit,75750
2023-12-27,3571,cabe_rawit,73750
2023-12-28,3571,cabe_rawit,73750
2023-12-29,3571,cabe_rawit,72250
2024-01-01,3571,cabe_rawit,72250
2024-01-02,3571,cabe_rawit,73750
2024-01-03,3571,cabe_rawit,68750
2024-01-04,3571,cabe_rawit,65500
2024-01-05,3571,cabe_rawit,54500
2024-01-08,3571,cabe_rawit,51250
2024-01-09,3571,cabe_rawit,51250
2024-01-10,3571,cabe_rawit,45250
2024-01-11,3571,cabe_rawit,43250
2024-01-12,3571,cabe_rawit,38750
2024-01-15,3571,cabe_rawit,41750
2024-01-16,3571,cabe_rawit,41000
2024-01-17,3571,cabe_rawit,37000
2024-01-18,3571,cabe_rawit,37500
2024-01-19,3571,cabe_rawit,36250
2024-01-22,3571,cabe_rawit,36000
2024-01-23,3571,cabe_rawit,33500
2024-01-24,3571,cabe_rawit,32750
2024-01-25,3571,cabe_rawit,34000
2024-01-26,3571,cabe_rawit,34500
2024-01-29,3571,cabe_rawit,33750
2024-01-30,3571,cabe_rawit,34250
2024-01-31,3571,cabe_rawit,34250
2024-02-01,3571,cabe_rawit,33750
2024-02-02,3571,cabe_rawit,33250
2024-02-05,3571,cabe_rawit,34500
2024-02-06,3571,cabe_rawit,35750
2024-02-07,3571,cabe_rawit,41250
2024-02-08,3571,cabe_rawit,41250
2024-02-09,3571,cabe_rawit,41250
2024-02-12,3571,cabe_rawit,57750
2024-02-13,3571,cabe_rawit,55000
2024-02-14,3571,cabe_rawit,55000
2024-02-15,3571,cabe_rawit,70250
2024-02-16,3571,cabe_rawit,78250
2024-02-19,3571,cabe_rawit,77000
2024-02-20,3571,cabe_rawit,74750
2024-02-21,3571,cabe_rawit,74750
2024-02-22,3571,cabe_rawit,75500
2024-02-23,3571,cabe_rawit,74000
2024-02-26,3571,cabe_rawit,53500
2024-02-27,3571,cabe_rawit,58500
2024-02-28,3571,cabe_rawit,58000
2024-02-29,3571,cabe_rawit,56750
2024-03-01,3571,cabe_rawit,55500
2024-03-04,3571,cabe_rawit,54000
2024-03-05,3571,cabe_rawit,53000
2024-03-06,3571,cabe_rawit,53750
2024-03-07,3571,cabe_rawit,51000
2024-03-08,3571,cabe_rawit,49000
2024-03-11,3571,cabe_rawit,49000
2024-03-12,3571,cabe_rawit,49000
2024-03-13,3571,cabe_rawit,51500
2024-03-14,3571,cabe_rawit,54000
2024-03-15,3571,cabe_rawit,43500
2024-03-18,3571,cabe_rawit,39750
2024-03-19,3571,cabe_rawit,35500
2024-03-20,3571,cabe_rawit,35000
2024-03-21,3571,cabe_rawit,35000
2024-03-22,3571,cabe_rawit,31750
2024-03-25,3571,cabe_rawit,32750
2024-03-26,3571,cabe_rawit,27500
2024-03-27,3571,cabe_rawit,26750
2024-03-28,3571,cabe_rawit,26750
2024-03-29,3571,cabe_rawit,26750
2024-04-01,3571,cabe_rawit,26750
2024-04-02,3571,cabe_rawit,31250
2024-04-03,3571,cabe_rawit,32750
2024-04-04,3571,cabe_rawit,26250
2024-04-05,3571,cabe_rawit,27500
2024-04-08,3571,cabe_rawit,27500
2024-04-09,3571,cabe_rawit,27500
2024-04-10,3571,cabe_rawit,27500
2024-04-11,3571,cabe_rawit,27500
2024-04-12,3571,cabe_rawit,27500
2024-04-15,3571,cabe_rawit,27500
2024-04-16,3571,cabe_rawit,30250
2024-04-17,3571,cabe_rawit,27750
2024-04-18,3571,cabe_rawit,27750
2024-04-19,3571,cabe_rawit,26250
2024-04-22,3571,cabe_rawit,29000
2024-04-23,3571,cabe_rawit,32250
2024-04-24,3571,cabe_rawit,30500
2024-04-25,3571,cabe_rawit,30500
2024-04-26,3571,cabe_rawit,32000
2024-04-29,3571,cabe_rawit,26500
2024-04-30,3571,cabe_rawit,26000
2024-05-01,3571,cabe_rawit,26000
2024-05-02,3571,cabe_rawit,25500
2024-05-03,3571,cabe_rawit,26750
2024-05-06,3571,cabe_rawit,22750
2024-05-07,3571,cabe_rawit,22250
2024-05-08,3571,cabe_rawit,20750
2024-05-09,3571,cabe_rawit,20750
2024-05-10,3571,cabe_rawit,20750
2024-05-13,3571,cabe_rawit,21250
2024-05-14,3571,cabe_rawit,21750
2024-05-15,3571,cabe_rawit,23250
2024-05-16,3571,cabe_rawit,23250
2024-05-17,3571,cabe_rawit,23750
2024-05-20,3571,cabe_rawit,25750
2024-05-21,3571,cabe_rawit,25750
2024-05-22,3571,cabe_rawit,25750
2024-05-23,3571,cabe_rawit,25750
2024-05-24,3571,cabe_rawit,25750
2024-05-27,3571,cabe_rawit,27000
2024-05-28,3571,cabe_rawit,29000
2024-05-29,3571,cabe_rawit,29500
2024-05-30,3571,cabe_rawit,29500
2024-05-31,3571,cabe_rawit,29000
2024-06-03,3571,cabe_rawit,30000
2024-06-04,3571,cabe_rawit,30000
2024-06-05,3571,cabe_rawit,32500
2024-06-06,3571,cabe_rawit,34750
2024-06-07,3571,cabe_rawit,34500
2024-06-10,3571,cabe_rawit,37250
2024-06-11,3571,cabe_rawit,37250
2024-06-12,3571,cabe_rawit,37250
2024-06-13,3571,cabe_rawit,34250
2024-06-14,3571,cabe_rawit,34250
2024-06-17,3571,cabe_rawit,34250
2024-06-18,3571,cabe_rawit,34250
2024-06-19,3571,cabe_rawit,32000
2024-06-20,3571,cabe_rawit,32000
2024-06-21,3571,cabe_rawit,27500
2024-06-24,3571,cabe_rawit,27250
2024-06-25,3571,cabe_rawit,31250
2024-06-26,3571,cabe_rawit,31250
2024-06-27,3571,cabe_rawit,29750
2024-06-28,3571,cabe_rawit,31250
2024-07-01,3571,cabe_rawit,33750
2024-07-02,3571,cabe_rawit,35750
2024-07-03,3571,cabe_rawit,42750
2024-07-04,3571,cabe_rawit,43250
2024-07-05,3571,cabe_rawit,42000
2024-07-08,3571,cabe_rawit,46000
2024-07-09,3571,cabe_rawit,46750
2024-07-10,3571,cabe_rawit,51750
2024-07-11,3571,cabe_rawit,49250
2024-07-12,3571,cabe_rawit,57000
2024-07-15,3571,cabe_rawit,59000
2024-07-16,3571,cabe_rawit,61500
2024-07-17,3571,cabe_rawit,65500
2024-07-18,3571,cabe_rawit,77500
2024-07-19,3571,cabe_rawit,73500
2024-07-22,3571,cabe_rawit,70500
2024-07-23,3571,cabe_rawit,76250
2024-07-24,3571,cabe_rawit,86500
2024-07-25,3571,cabe_rawit,80500
2024-07-26,3571,cabe_rawit,75000
2024-07-29,3571,cabe_rawit,77000
2024-07-30,3571,cabe_rawit,76750
2024-07-31,3571,cabe_rawit,75500
2024-08-01,3571,cabe_rawit,74250
2024-08-02,3571,cabe_rawit,76250
2024-08-05,3571,cabe_rawit,75000
2024-08-06,3571,cabe_rawit,75750
2024-08-07,3571,cabe_rawit,70750
2024-08-08,3571,cabe_rawit,67500
2024-08-09,3571,cabe_rawit,62000
2024-08-12,3571,cabe_rawit,62500
2024-08-13,3571,cabe_rawit,60750
2024-08-14,3571,cabe_rawit,55500
2024-08-15,3571,cabe_rawit,50500
2024-08-16,3571,cabe_rawit,48500
2024-08-19,3571,cabe_rawit,57250
2024-08-20,3571,cabe_rawit,55250
2024-08-21,3571,cabe_rawit,51000
2024-08-22,3571,cabe_rawit,51000
2024-08-23,3571,cabe_rawit,47000
2024-08-26,3571,cabe_rawit,37250
2024-08-27,3571,cabe_rawit,34750
2024-08-28,3571,cabe_rawit,34250
2024-08-29,3571,cabe_rawit,34250
2024-08-30,3571,cabe_rawit,34250
2024-09-02,3571,cabe_rawit,31500
2024-09-03,3571,cabe_rawit,30500
2024-09-04,3571,cabe_rawit,31750
2024-09-05,3571,cabe_rawit,33500
2024-09-06,3571,cabe_rawit,34750
2024-09-09,3571,cabe_rawit,33750
2024-09-10,3571,cabe_rawit,33250
2024-09-11,3571,cabe_rawit,33250
2024-09-12,3571,cabe_rawit,32750
2024-09-13,3571,cabe_rawit,32750
2024-09-16,3571,cabe_rawit,32750
2024-09-17,3571,cabe_rawit,33750
2024-09-18,3571,cabe_rawit,38500
2024-09-19,3571,cabe_rawit,38000
2024-09-20,3571,cabe_rawit,38500
2024-09-23,3571,cabe_rawit,35750
2024-09-24,3571,cabe_rawit,35750
2024-09-25,3571,cabe_rawit,35750
2024-09-26,3571,cabe_rawit,33500
2024-09-27,3571,cabe_rawit,33000
2024-09-30,3571,cabe_rawit,33500
2024-10-01,3571,cabe_rawit,34000
2024-10-02,3571,cabe_rawit,35500
2024-10-03,3571,cabe_rawit,40500
2024-10-04,3571,cabe_rawit,39000
2024-10-07,3571,cabe_rawit,37750
2024-10-08,3571,cabe_rawit,40000
2024-10-09,3571,cabe_rawit,41250
2024-10-10,3571,cabe_rawit,41000
2024-10-11,3571,cabe_rawit,41000
2024-10-14,3571,cabe_rawit,42750
2024-10-15,3571,cabe_rawit,44000
2024-10-16,3571,cabe_rawit,44000
2024-10-17,3571,cabe_rawit,42250
2024-10-18,3571,cabe_rawit,42250
2024-10-21,3571,cabe_rawit,39250
2024-10-22,3571,cabe_rawit,39250
2024-10-23,3571,cabe_rawit,39000
2024-10-24,3571,cabe_rawit,38500
2024-10-25,3571,cabe_rawit,38500
2024-10-28,3571,cabe_rawit,31250
2024-10-29,3571,cabe_rawit,31750
2024-10-30,3571,cabe_rawit,31000
2024-10-31,3571,cabe_rawit,30500
2024-11-01,3571,cabe_rawit,30000
2024-11-04,3571,cabe_rawit,28500
2024-11-05,3571,cabe_rawit,28500
2024-11-06,3571,cabe_rawit,34250
2024-11-07,3571,cabe_rawit,33500
2024-11-08,3571,cabe_rawit,31000
2024-11-11,3571,cabe_rawit,34750
2024-11-12,3571,cabe_rawit,38750
2024-11-13,3571,cabe_rawit,38750
2024-11-14,3571,cabe_rawit,37750
2024-11-15,3571,cabe_rawit,31250
2024-11-18,3571,cabe_rawit,31250
2024-11-19,3571,cabe_rawit,29000
2024-11-20,3571,cabe_rawit,29000
2024-11-21,3571,cabe_rawit,29000
2024-11-22,3571,cabe_rawit,27750
2024-11-25,3571,cabe_rawit,26500
2024-11-26,3571,cabe_rawit,26500
2024-11-27,3571,cabe_rawit,26500
2024-11-28,3571,cabe_rawit,27500
2024-11-29,3571,cabe_rawit,28500
2024-12-02,3571,cabe_rawit,27000
2024-12-03,3571,cabe_rawit,27500
2024-12-04,3571,cabe_rawit,30000
2024-12-05,3571,cabe_rawit,31250
2024-12-06,3571,cabe_rawit,32750
2024-12-09,3571,cabe_rawit,35000
2024-12-10,3571,cabe_rawit,36500
2024-12-11,3571,cabe_rawit,36500
2024-12-12,3571,cabe_rawit,36500
2024-12-13,3571,cabe_rawit,37000
2024-12-16,3571,cabe_rawit,48500
2024-12-17,3571,cabe_rawit,49250
2024-12-18,3571,cabe_rawit,43000
2024-12-19,3571,cabe_rawit,46750
2024-12-20,3571,cabe_rawit,54750
2024-12-23,3571,cabe_rawit,60750
2024-12-24,3571,cabe_rawit,62250
2024-12-25,3571,cabe_rawit,62250
2024-12-26,3571,cabe_rawit,62250
2024-12-27,3571,cabe_rawit,69250
2024-12-30,3571,cabe_rawit,68000
2024-12-31,3571,cabe_rawit,71500
2025-01-01,3571,cabe_rawit,71500
2025-01-02,3571,cabe_rawit,83500
2025-01-03,3571,cabe_rawit,79000
2025-01-06,3571,cabe_rawit,90000
2025-01-07,3571,cabe_rawit,90000
2025-01-08,3571,cabe_rawit,95500
2025-01-09,3571,cabe_rawit,96000
2025-01-10,3571,cabe_rawit,88500
2025-01-13,3571,cabe_rawit,87250
2025-01-14,3571,cabe_rawit,79750
2025-01-15,3571,cabe_rawit,81000
2025-01-16,3571,cabe_rawit,77750
2025-01-17,3571,cabe_rawit,72750
2025-01-20,3571,cabe_rawit,65500
2025-01-21,3571,cabe_rawit,66250
2025-01-22,3571,cabe_rawit,61250
2025-01-23,3571,cabe_rawit,61250
2025-01-24,3571,cabe_rawit,62000
2025-01-27,3571,cabe_rawit,62000
2025-01-28,3571,cabe_rawit,62000
2025-01-29,3571,cabe_rawit,62000
2025-01-30,3571,cabe_rawit,60750
2025-01-31,3571,cabe_rawit,60250
2025-02-03,3571,cabe_rawit,57750
2025-02-04,3571,cabe_rawit,57750
2025-02-05,3571,cabe_rawit,55000
2025-02-06,3571,cabe_rawit,56000
2025-02-07,3571,cabe_rawit,54250
2025-02-10,3571,cabe_rawit,51000
2025-02-11,3571,cabe_rawit,50000
2025-02-12,3571,cabe_rawit,51500
2025-02-13,3571,cabe_rawit,50000
2025-02-14,3571,cabe_rawit,49500
2025-02-17,3571,cabe_rawit,52250
2025-02-18,3571,cabe_rawit,58500
2025-02-19,3571,cabe_rawit,60500
2025-02-20,3571,cabe_rawit,69000
2025-02-21,3571,cabe_rawit,69000
2025-02-24,3571,cabe_rawit,81250
2025-02-25,3571,cabe_rawit,91250
2025-02-26,3571,cabe_rawit,92500
2025-02-27,3571,cabe_rawit,90000
2025-02-28,3571,cabe_rawit,87750
2025-03-03,3571,cabe_rawit,110000
2025-03-04,3571,cabe_rawit,97000
2025-03-05,3571,cabe_rawit,87000
2025-03-06,3571,cabe_rawit,75000
2025-03-07,3571,cabe_rawit,77500
2025-03-10,3571,cabe_rawit,77000
2025-03-11,3571,cabe_rawit,78750
2025-03-12,3571,cabe_rawit,80500
2025-03-13,3571,cabe_rawit,80500
2025-03-14,3571,cabe_rawit,81750
2025-03-17,3571,cabe_rawit,81750
2025-03-18,3571,cabe_rawit,84500
2025-03-19,3571,cabe_rawit,86250
2025-03-20,3571,cabe_rawit,86250
2025-03-21,3571,cabe_rawit,82500
2025-03-24,3571,cabe_rawit,84250
2025-03-25,3571,cabe_rawit,86250
2025-03-26,3571,cabe_rawit,86250
2025-03-27,3571,cabe_rawit,87500
2025-03-28,3571,cabe_rawit,87500
2025-03-31,3571,cabe_rawit,87500
2025-04-01,3571,cabe_rawit,87500
2025-04-02,3571,cabe_rawit,87500
2025-04-03,3571,cabe_rawit,87500
2025-04-04,3571,cabe_rawit,87500
2025-04-07,3571,cabe_rawit,87500
2025-04-08,3571,cabe_rawit,83250
2025-04-09,3571,cabe_rawit,84250
2025-04-10,3571,cabe_rawit,84750
2025-04-11,3571,cabe_rawit,94500
2025-04-14,3571,cabe_rawit,82000
2025-04-15,3571,cabe_rawit,78500
2025-04-16,3571,cabe_rawit,76000
2025-04-17,3571,cabe_rawit,74000
2025-04-18,3571,cabe_rawit,74000
2025-04-21,3571,cabe_rawit,53750
2025-04-22,3571,cabe_rawit,50750
2025-04-23,3571,cabe_rawit,49500
2025-04-24,3571,cabe_rawit,44750
2025-04-25,3571,cabe_rawit,44000
2025-04-28,3571,cabe_rawit,35500
2025-04-29,3571,cabe_rawit,35500
2025-04-30,3571,cabe_rawit,36250
2025-05-01,3571,cabe_rawit,36250
2025-05-02,3571,cabe_rawit,34250
2025-05-05,3571,cabe_rawit,30000
2025-05-06,3571,cabe_rawit,29000
2025-05-07,3571,cabe_rawit,28500
2025-05-08,3571,cabe_rawit,28000
2025-05-09,3571,cabe_rawit,27500
2025-05-12,3571,cabe_rawit,27500
2025-05-13,3571,cabe_rawit,27500
2025-05-14,3571,cabe_rawit,24500
2025-05-15,3571,cabe_rawit,24250
2025-05-16,3571,cabe_rawit,25500
2025-05-19,3571,cabe_rawit,22750
2025-05-20,3571,cabe_rawit,22250
2025-05-21,3571,cabe_rawit,22250
2025-05-22,3571,cabe_rawit,22250
2025-05-23,3571,cabe_rawit,21750
2025-05-26,3571,cabe_rawit,21750
2025-05-27,3571,cabe_rawit,22750
2025-05-28,3571,cabe_rawit,24000
2025-05-29,3571,cabe_rawit,24000
2025-05-30,3571,cabe_rawit,24000
2025-06-02,3571,cabe_rawit,32000
2025-06-03,3571,cabe_rawit,35000
2025-06-04,3571,cabe_rawit,38500
2025-06-05,3571,cabe_rawit,35500
2025-06-06,3571,cabe_rawit,35500
2025-06-09,3571,cabe_rawit,35500
2025-06-10,3571,cabe_rawit,37000
2025-06-11,3571,cabe_rawit,38250
2025-06-12,3571,cabe_rawit,35500
2025-06-13,3571,cabe_rawit,35500
2025-06-16,3571,cabe_rawit,45500
2025-06-17,3571,cabe_rawit,46500
2025-06-18,3571,cabe_rawit,57000
2025-06-19,3571,cabe_rawit,58750
2025-06-20,3571,cabe_rawit,68250
2025-06-23,3571,cabe_rawit,57750
2025-06-24,3571,cabe_rawit,57000
2025-06-25,3571,cabe_rawit,57500
2025-06-26,3571,cabe_rawit,58500
2025-06-27,3571,cabe_rawit,58500
2025-06-30,3571,cabe_rawit,66750
2025-07-01,3571,cabe_rawit,64250
2025-07-02,3571,cabe_rawit,64250
2025-07-03,3571,cabe_rawit,62000
2025-07-04,3571,cabe_rawit,65500
2025-07-07,3571,cabe_rawit,63500
2025-07-08,3571,cabe_rawit,66000
2025-07-09,3571,cabe_rawit,65000
2025-07-10,3571,cabe_rawit,66000
2025-07-11,3571,cabe_rawit,63750
2025-07-14,3571,cabe_rawit,62500
2025-07-15,3571,cabe_rawit,61000
2025-07-16,3571,cabe_rawit,60000
2025-07-17,3571,cabe_rawit,53500
2025-07-18,3571,cabe_rawit,49500
2025-07-21,3571,cabe_rawit,44000
2025-07-22,3571,cabe_rawit,42000
2025-07-23,3571,cabe_rawit,41500
2025-07-24,3571,cabe_rawit,40500
2025-07-25,3571,cabe_rawit,37500
2025-07-28,3571,cabe_rawit,37500
2025-07-29,3571,cabe_rawit,37000
2025-07-30,3571,cabe_rawit,34500
2025-07-31,3571,cabe_rawit,34000
2025-08-01,3571,cabe_rawit,33000
2025-08-04,3571,cabe_rawit,35000
2025-08-05,3571,cabe_rawit,33500
2025-08-06,3571,cabe_rawit,33500
2025-08-07,3571,cabe_rawit,33500
2025-08-08,3571,cabe_rawit,33500
2025-08-11,3571,cabe_rawit,32000
2025-08-12,3571,cabe_rawit,31000
2025-08-13,3571,cabe_rawit,27000
2025-08-14,3571,cabe_rawit,27500
2025-08-15,3571,cabe_rawit,27000
2025-08-18,3571,cabe_rawit,27000
2025-08-19,3571,cabe_rawit,27250
2025-08-20,3571,cabe_rawit,27250
2025-08-21,3571,cabe_rawit,27000
2025-08-22,3571,cabe_rawit,27000
2025-08-25,3571,cabe_rawit,25250
2025-08-26,3571,cabe_rawit,24000
2025-08-27,3571,cabe_rawit,24750
2025-08-28,3571,cabe_rawit,25250
2025-08-29,3571,cabe_rawit,25250
2025-09-01,3571,cabe_rawit,24750
2025-09-02,3571,cabe_rawit,25750
2025-09-03,3571,cabe_rawit,27250
2025-09-04,3571,cabe_rawit,29750
2025-09-05,3571,cabe_rawit,29750
2025-09-08,3571,cabe_rawit,38750
2025-09-09,3571,cabe_rawit,39000
2025-09-10,3571,cabe_rawit,33750
2025-09-11,3571,cabe_rawit,33250
2025-09-12,3571,cabe_rawit,33250
2025-09-15,3571,cabe_rawit,37000
2025-09-16,3571,cabe_rawit,38000
2025-09-17,3571,cabe_rawit,37500
2025-09-18,3571,cabe_rawit,37000
2025-09-19,3571,cabe_rawit,34000
2025-09-22,3571,cabe_rawit,37000
2025-09-23,3571,cabe_rawit,35750
2025-09-24,3571,cabe_rawit,34750
2025-09-25,3571,cabe_rawit,35250
2025-09-26,3571,cabe_rawit,34750
2025-09-29,3571,cabe_rawit,34250
2025-09-30,3571,cabe_rawit,33750
2025-10-01,3571,cabe_rawit,33750
2025-10-02,3571,cabe_rawit,35000
2025-10-03,3571,cabe_rawit,35000
2025-10-06,3571,cabe_rawit,33750
2025-10-07,3571,cabe_rawit,33750
2025-10-08,3571,cabe_rawit,34000
2025-10-09,3571,cabe_rawit,34000
2025-10-10,3571,cabe_rawit,33500
2025-10-13,3571,cabe_rawit,32750
2025-10-14,3571,cabe_rawit,30000
2025-10-15,3571,cabe_rawit,29000
2025-10-16,3571,cabe_rawit,27500
2025-10-17,3571,cabe_rawit,24750
2025-10-20,3571,cabe_rawit,26000
2025-10-21,3571,cabe_rawit,25500
2025-10-22,3571,cabe_rawit,25500
2025-10-23,3571,cabe_rawit,23250
2025-10-24,3571,cabe_rawit,25250
2025-10-27,3571,cabe_rawit,26500
2025-10-28,3571,cabe_rawit,24500
2025-10-29,3571,cabe_rawit,25000
2025-10-30,3571,cabe_rawit,23750
2025-10-31,3571,cabe_rawit,23750
2025-11-03,3571,cabe_rawit,22250
2025-11-04,3571,cabe_rawit,22250
2025-11-05,3571,cabe_rawit,22750
2025-11-06,3571,cabe_rawit,24500
2025-11-07,3571,cabe_rawit,25750
2025-11-10,3571,cabe_rawit,23000
2025-11-11,3571,cabe_rawit,27250
2025-11-12,3571,cabe_rawit,30000
2025-11-13,3571,cabe_rawit,31250
2025-11-14,3571,cabe_rawit,31750
2025-11-17,3571,cabe_rawit,37750
2025-11-18,3571,cabe_rawit,41750
2025-11-19,3571,cabe_rawit,41000
2025-11-20,3571,cabe_rawit,41000
2025-11-21,3571,cabe_rawit,41750
2025-11-24,3571,cabe_rawit,45750
2025-11-25,3571,cabe_rawit,46250
2025-11-26,3571,cabe_rawit,46250
2025-11-27,3571,cabe_rawit,49000
2025-11-28,3571,cabe_rawit,50000
2025-12-01,3571,cabe_rawit,71000
2025-12-02,3571,cabe_rawit,74000
2025-12-03,3571,cabe_rawit,89000
2025-12-04,3571,cabe_rawit,89000
2025-12-05,3571,cabe_rawit,86000
2025-12-08,3571,cabe_rawit,89250
2025-12-09,3571,cabe_rawit,90000
2025-12-10,3571,cabe_rawit,89000
2025-12-11,3571,cabe_rawit,85750
2025-12-12,3571,cabe_rawit,81000
2025-12-15,3571,cabe_rawit,74500
2025-12-16,3571,cabe_rawit,72000
2025-12-17,3571,cabe_rawit,64500
2025-12-18,3571,cabe_rawit,55750
2025-12-19,3571,cabe_rawit,46000
2025-12-22,3571,cabe_rawit,61250
2025-12-23,3571,cabe_rawit,55500
2025-12-24,3571,cabe_rawit,55750
2025-12-25,3571,cabe_rawit,55750
2025-12-26,3571,cabe_rawit,55750
2025-12-29,3571,cabe_rawit,54750
2025-12-30,3571,cabe_rawit,56000
2025-12-31,3571,cabe_rawit,46000
2021-01-04,3573,cabe_rawit,78000
2021-01-05,3573,cabe_rawit,78000
2021-01-06,3573,cabe_rawit,72250
2021-01-07,3573,cabe_rawit,72500
2021-01-08,3573,cabe_rawit,79000
2021-01-11,3573,cabe_rawit,71750
2021-01-12,3573,cabe_rawit,69250
2021-01-13,3573,cabe_rawit,67250
2021-01-14,3573,cabe_rawit,68250
2021-01-15,3573,cabe_rawit,69000
2021-01-18,3573,cabe_rawit,61500
2021-01-19,3573,cabe_rawit,60500
2021-01-20,3573,cabe_rawit,60500
2021-01-21,3573,cabe_rawit,61250
2021-01-22,3573,cabe_rawit,67250
2021-01-25,3573,cabe_rawit,67000
2021-01-26,3573,cabe_rawit,68000
2021-01-27,3573,cabe_rawit,69750
2021-01-28,3573,cabe_rawit,68000
2021-01-29,3573,cabe_rawit,66500
2021-02-01,3573,cabe_rawit,64000
2021-02-02,3573,cabe_rawit,61750
2021-02-03,3573,cabe_rawit,62750
2021-02-04,3573,cabe_rawit,62000
2021-02-05,3573,cabe_rawit,61750
2021-02-08,3573,cabe_rawit,59500
2021-02-09,3573,cabe_rawit,61500
2021-02-10,3573,cabe_rawit,58500
2021-02-11,3573,cabe_rawit,61750
2021-02-15,3573,cabe_rawit,86000
2021-02-16,3573,cabe_rawit,82500
2021-02-17,3573,cabe_rawit,83000
2021-02-18,3573,cabe_rawit,89250
2021-02-19,3573,cabe_rawit,88250
2021-02-22,3573,cabe_rawit,89000
2021-02-23,3573,cabe_rawit,91000
2021-02-24,3573,cabe_rawit,91000
2021-02-25,3573,cabe_rawit,91500
2021-02-26,3573,cabe_rawit,91500
2021-03-01,3573,cabe_rawit,51750
2021-03-02,3573,cabe_rawit,109000
2021-03-03,3573,cabe_rawit,110250
2021-03-04,3573,cabe_rawit,109000
2021-03-05,3573,cabe_rawit,108500
2021-03-08,3573,cabe_rawit,102000
2021-03-09,3573,cabe_rawit,102500
2021-03-10,3573,cabe_rawit,103500
2021-03-12,3573,cabe_rawit,106000
2021-03-15,3573,cabe_rawit,112500
2021-03-16,3573,cabe_rawit,114000
2021-03-17,3573,cabe_rawit,121500
2021-03-18,3573,cabe_rawit,121500
2021-03-19,3573,cabe_rawit,113750
2021-03-22,3573,cabe_rawit,113250
2021-03-23,3573,cabe_rawit,111000
2021-03-24,3573,cabe_rawit,102750
2021-03-25,3573,cabe_rawit,93000
2021-03-26,3573,cabe_rawit,91750
2021-03-29,3573,cabe_rawit,86000
2021-03-30,3573,cabe_rawit,77000
2021-03-31,3573,cabe_rawit,65750
2021-04-01,3573,cabe_rawit,59250
2021-04-05,3573,cabe_rawit,66000
2021-04-06,3573,cabe_rawit,68250
2021-04-07,3573,cabe_rawit,68250
2021-04-08,3573,cabe_rawit,66500
2021-04-09,3573,cabe_rawit,64750
2021-04-12,3573,cabe_rawit,58250
2021-04-13,3573,cabe_rawit,55750
2021-04-14,3573,cabe_rawit,60500
2021-04-15,3573,cabe_rawit,66500
2021-04-16,3573,cabe_rawit,58750
2021-04-19,3573,cabe_rawit,35250
2021-04-20,3573,cabe_rawit,43750
2021-04-21,3573,cabe_rawit,43500
2021-04-22,3573,cabe_rawit,39000
2021-04-23,3573,cabe_rawit,38000
2021-04-26,3573,cabe_rawit,42500
2021-04-27,3573,cabe_rawit,44500
2021-04-28,3573,cabe_rawit,47250
2021-04-29,3573,cabe_rawit,47250
2021-04-30,3573,cabe_rawit,43750
2021-05-03,3573,cabe_rawit,45500
2021-05-04,3573,cabe_rawit,45500
2021-05-05,3573,cabe_rawit,44500
2021-05-06,3573,cabe_rawit,44000
2021-05-07,3573,cabe_rawit,44500
2021-05-10,3573,cabe_rawit,47750
2021-05-11,3573,cabe_rawit,46000
2021-05-17,3573,cabe_rawit,38500
2021-05-18,3573,cabe_rawit,34750
2021-05-19,3573,cabe_rawit,29250
2021-05-20,3573,cabe_rawit,31250
2021-05-21,3573,cabe_rawit,36500
2021-05-24,3573,cabe_rawit,29000
2021-05-25,3573,cabe_rawit,29750
2021-05-27,3573,cabe_rawit,28500
2021-05-28,3573,cabe_rawit,27750
2021-05-31,3573,cabe_rawit,28250
2021-06-02,3573,cabe_rawit,29500
2021-06-03,3573,cabe_rawit,29000
2021-06-04,3573,cabe_rawit,29000
2021-06-07,3573,cabe_rawit,29500
2021-06-08,3573,cabe_rawit,28500
2021-06-09,3573,cabe_rawit,28000
2021-06-10,3573,cabe_rawit,28000
2021-06-11,3573,cabe_rawit,25500
2021-06-14,3573,cabe_rawit,23000
2021-06-15,3573,cabe_rawit,26000
2021-06-16,3573,cabe_rawit,25000
2021-06-17,3573,cabe_rawit,26250
2021-06-18,3573,cabe_rawit,32000
2021-06-21,3573,cabe_rawit,36250
2021-06-22,3573,cabe_rawit,36750
2021-06-23,3573,cabe_rawit,37250
2021-06-24,3573,cabe_rawit,43250
2021-06-25,3573,cabe_rawit,49750
2021-06-28,3573,cabe_rawit,47000
2021-06-29,3573,cabe_rawit,47000
2021-06-30,3573,cabe_rawit,48000
2021-07-01,3573,cabe_rawit,48500
2021-07-02,3573,cabe_rawit,47500
2021-07-05,3573,cabe_rawit,43750
2021-07-06,3573,cabe_rawit,52750
2021-07-07,3573,cabe_rawit,58500
2021-07-08,3573,cabe_rawit,58000
2021-07-09,3573,cabe_rawit,58000
2021-07-12,3573,cabe_rawit,57500
2021-07-13,3573,cabe_rawit,59750
2021-07-14,3573,cabe_rawit,63000
2021-07-15,3573,cabe_rawit,60750
2021-07-16,3573,cabe_rawit,59000
2021-07-19,3573,cabe_rawit,54500
2021-07-21,3573,cabe_rawit,62000
2021-07-22,3573,cabe_rawit,65250
2021-07-23,3573,cabe_rawit,58250
2021-07-26,3573,cabe_rawit,43500
2021-07-27,3573,cabe_rawit,45750
2021-07-28,3573,cabe_rawit,40750
2021-07-29,3573,cabe_rawit,39500
2021-07-30,3573,cabe_rawit,36500
2021-08-02,3573,cabe_rawit,32000
2021-08-03,3573,cabe_rawit,32000
2021-08-04,3573,cabe_rawit,32000
2021-08-05,3573,cabe_rawit,30500
2021-08-06,3573,cabe_rawit,29000
2021-08-09,3573,cabe_rawit,25000
2021-08-10,3573,cabe_rawit,24250
2021-08-12,3573,cabe_rawit,23250
2021-08-13,3573,cabe_rawit,19250
2021-08-16,3573,cabe_rawit,20000
2021-08-18,3573,cabe_rawit,16500
2021-08-19,3573,cabe_rawit,16500
2021-08-20,3573,cabe_rawit,16500
2021-08-23,3573,cabe_rawit,15000
2021-08-24,3573,cabe_rawit,15500
2021-08-25,3573,cabe_rawit,15500
2021-08-26,3573,cabe_rawit,15500
2021-08-27,3573,cabe_rawit,15500
2021-08-30,3573,cabe_rawit,15500
2021-08-31,3573,cabe_rawit,15500
2021-09-01,3573,cabe_rawit,15500
2021-09-02,3573,cabe_rawit,15500
2021-09-03,3573,cabe_rawit,15500
2021-09-06,3573,cabe_rawit,15750
2021-09-07,3573,cabe_rawit,15750
2021-09-08,3573,cabe_rawit,15750
2021-09-09,3573,cabe_rawit,15750
2021-09-10,3573,cabe_rawit,15250
2021-09-13,3573,cabe_rawit,16250
2021-09-14,3573,cabe_rawit,16250
2021-09-15,3573,cabe_rawit,16250
2021-09-16,3573,cabe_rawit,16250
2021-09-17,3573,cabe_rawit,16250
2021-09-20,3573,cabe_rawit,19000
2021-09-21,3573,cabe_rawit,18750
2021-09-22,3573,cabe_rawit,18250
2021-09-23,3573,cabe_rawit,17250
2021-09-24,3573,cabe_rawit,17250
2021-09-27,3573,cabe_rawit,17750
2021-09-28,3573,cabe_rawit,17750
2021-09-29,3573,cabe_rawit,17750
2021-09-30,3573,cabe_rawit,17750
2021-10-01,3573,cabe_rawit,17750
2021-10-04,3573,cabe_rawit,22500
2021-10-05,3573,cabe_rawit,22000
2021-10-06,3573,cabe_rawit,22000
2021-10-07,3573,cabe_rawit,22500
2021-10-08,3573,cabe_rawit,22500
2021-10-11,3573,cabe_rawit,21500
2021-10-12,3573,cabe_rawit,21500
2021-10-13,3573,cabe_rawit,21250
2021-10-14,3573,cabe_rawit,21250
2021-10-15,3573,cabe_rawit,21250
2021-10-18,3573,cabe_rawit,21500
2021-10-19,3573,cabe_rawit,21000
2021-10-21,3573,cabe_rawit,20500
2021-10-22,3573,cabe_rawit,20500
2021-10-25,3573,cabe_rawit,18500
2021-10-26,3573,cabe_rawit,18500
2021-10-27,3573,cabe_rawit,18500
2021-10-28,3573,cabe_rawit,18500
2021-10-29,3573,cabe_rawit,18500
2021-11-01,3573,cabe_rawit,17250
2021-11-02,3573,cabe_rawit,17250
2021-11-03,3573,cabe_rawit,17250
2021-11-04,3573,cabe_rawit,17500
2021-11-05,3573,cabe_rawit,17500
2021-11-08,3573,cabe_rawit,15750
2021-11-09,3573,cabe_rawit,16250
2021-11-10,3573,cabe_rawit,16250
2021-11-11,3573,cabe_rawit,16250
2021-11-12,3573,cabe_rawit,16000
2021-11-15,3573,cabe_rawit,17000
2021-11-16,3573,cabe_rawit,17000
2021-11-17,3573,cabe_rawit,16250
2021-11-18,3573,cabe_rawit,16250
2021-11-19,3573,cabe_rawit,17250
2021-11-22,3573,cabe_rawit,21000
2021-11-23,3573,cabe_rawit,21000
2021-11-24,3573,cabe_rawit,22000
2021-11-25,3573,cabe_rawit,22500
2021-11-26,3573,cabe_rawit,26500
2021-11-29,3573,cabe_rawit,32750
2021-11-30,3573,cabe_rawit,37000
2021-12-01,3573,cabe_rawit,40000
2021-12-02,3573,cabe_rawit,44000
2021-12-03,3573,cabe_rawit,48250
2021-12-06,3573,cabe_rawit,57500
2021-12-07,3573,cabe_rawit,57750
2021-12-08,3573,cabe_rawit,57250
2021-12-09,3573,cabe_rawit,57250
2021-12-10,3573,cabe_rawit,57250
2021-12-13,3573,cabe_rawit,78750
2021-12-14,3573,cabe_rawit,80000
2021-12-15,3573,cabe_rawit,76000
2021-12-16,3573,cabe_rawit,77250
2021-12-17,3573,cabe_rawit,77750
2021-12-20,3573,cabe_rawit,82250
2021-12-21,3573,cabe_rawit,82250
2021-12-22,3573,cabe_rawit,81000
2021-12-23,3573,cabe_rawit,83750
2021-12-24,3573,cabe_rawit,95500
2021-12-27,3573,cabe_rawit,83000
2021-12-28,3573,cabe_rawit,77250
2021-12-29,3573,cabe_rawit,74000
2021-12-30,3573,cabe_rawit,72750
2021-12-31,3573,cabe_rawit,63250
2022-01-03,3573,cabe_rawit,66250
2022-01-04,3573,cabe_rawit,62750
2022-01-05,3573,cabe_rawit,49250
2022-01-06,3573,cabe_rawit,39250
2022-01-07,3573,cabe_rawit,39250
2022-01-10,3573,cabe_rawit,37750
2022-01-11,3573,cabe_rawit,35750
2022-01-12,3573,cabe_rawit,38000
2022-01-13,3573,cabe_rawit,37750
2022-01-14,3573,cabe_rawit,35250
2022-01-17,3573,cabe_rawit,34500
2022-01-18,3573,cabe_rawit,34500
2022-01-19,3573,cabe_rawit,34500
2022-01-20,3573,cabe_rawit,31500
2022-01-21,3573,cabe_rawit,30500
2022-01-24,3573,cabe_rawit,26000
2022-01-25,3573,cabe_rawit,26000
2022-01-26,3573,cabe_rawit,25000
2022-01-27,3573,cabe_rawit,22000
2022-01-28,3573,cabe_rawit,22500
2022-01-31,3573,cabe_rawit,26250
2022-02-02,3573,cabe_rawit,26000
2022-02-03,3573,cabe_rawit,28250
2022-02-04,3573,cabe_rawit,36250
2022-02-07,3573,cabe_rawit,36500
2022-02-08,3573,cabe_rawit,37500
2022-02-09,3573,cabe_rawit,37500
2022-02-10,3573,cabe_rawit,35750
2022-02-11,3573,cabe_rawit,34250
2022-02-14,3573,cabe_rawit,36500
2022-02-15,3573,cabe_rawit,39000
2022-02-16,3573,cabe_rawit,43000
2022-02-17,3573,cabe_rawit,42000
2022-02-18,3573,cabe_rawit,41250
2022-02-21,3573,cabe_rawit,42500
2022-02-22,3573,cabe_rawit,46750
2022-02-23,3573,cabe_rawit,50750
2022-02-24,3573,cabe_rawit,50000
2022-02-25,3573,cabe_rawit,48750
2022-03-01,3573,cabe_rawit,60500
2022-03-02,3573,cabe_rawit,61750
2022-03-04,3573,cabe_rawit,61750
2022-03-07,3573,cabe_rawit,62750
2022-03-08,3573,cabe_rawit,61750
2022-03-09,3573,cabe_rawit,58500
2022-03-10,3573,cabe_rawit,48750
2022-03-11,3573,cabe_rawit,51750
2022-03-14,3573,cabe_rawit,46250
2022-03-15,3573,cabe_rawit,45250
2022-03-16,3573,cabe_rawit,45250
2022-03-17,3573,cabe_rawit,47500
2022-03-18,3573,cabe_rawit,50250
2022-03-21,3573,cabe_rawit,41750
2022-03-22,3573,cabe_rawit,41750
2022-03-23,3573,cabe_rawit,41750
2022-03-24,3573,cabe_rawit,41000
2022-03-25,3573,cabe_rawit,41750
2022-03-28,3573,cabe_rawit,37250
2022-03-29,3573,cabe_rawit,37000
2022-03-30,3573,cabe_rawit,40000
2022-03-31,3573,cabe_rawit,41000
2022-04-01,3573,cabe_rawit,41000
2022-04-04,3573,cabe_rawit,43000
2022-04-05,3573,cabe_rawit,43500
2022-04-06,3573,cabe_rawit,35750
2022-04-07,3573,cabe_rawit,35250
2022-04-08,3573,cabe_rawit,29000
2022-04-11,3573,cabe_rawit,25500
2022-04-12,3573,cabe_rawit,25500
2022-04-13,3573,cabe_rawit,24500
2022-04-14,3573,cabe_rawit,22500
2022-04-18,3573,cabe_rawit,22500
2022-04-19,3573,cabe_rawit,22000
2022-04-20,3573,cabe_rawit,22000
2022-04-21,3573,cabe_rawit,22000
2022-04-22,3573,cabe_rawit,21000
2022-04-25,3573,cabe_rawit,22500
2022-04-26,3573,cabe_rawit,23500
2022-04-27,3573,cabe_rawit,24000
2022-04-28,3573,cabe_rawit,22500
2022-05-09,3573,cabe_rawit,19500
2022-05-10,3573,cabe_rawit,20500
2022-05-11,3573,cabe_rawit,25500
2022-05-12,3573,cabe_rawit,25500
2022-05-13,3573,cabe_rawit,26000
2022-05-17,3573,cabe_rawit,32500
2022-05-18,3573,cabe_rawit,35750
2022-05-19,3573,cabe_rawit,42750
2022-05-20,3573,cabe_rawit,44500
2022-05-23,3573,cabe_rawit,40750
2022-05-24,3573,cabe_rawit,45500
2022-05-25,3573,cabe_rawit,50000
2022-05-27,3573,cabe_rawit,47500
2022-05-30,3573,cabe_rawit,60750
2022-05-31,3573,cabe_rawit,62250
2022-06-02,3573,cabe_rawit,60750
2022-06-03,3573,cabe_rawit,64250
2022-06-06,3573,cabe_rawit,82250
2022-06-07,3573,cabe_rawit,83500
2022-06-08,3573,cabe_rawit,83500
2022-06-09,3573,cabe_rawit,84250
2022-06-10,3573,cabe_rawit,84750
2022-06-13,3573,cabe_rawit,82250
2022-06-14,3573,cabe_rawit,87250
2022-06-15,3573,cabe_rawit,88500
2022-06-16,3573,cabe_rawit,88500
2022-06-17,3573,cabe_rawit,89750
2022-06-20,3573,cabe_rawit,90250
2022-06-21,3573,cabe_rawit,95000
2022-06-22,3573,cabe_rawit,96000
2022-06-23,3573,cabe_rawit,96000
2022-06-24,3573,cabe_rawit,96000
2022-06-27,3573,cabe_rawit,93250
2022-06-28,3573,cabe_rawit,93250
2022-06-29,3573,cabe_rawit,92750
2022-06-30,3573,cabe_rawit,86000
2022-07-01,3573,cabe_rawit,82500
2022-07-04,3573,cabe_rawit,95000
2022-07-05,3573,cabe_rawit,95500
2022-07-06,3573,cabe_rawit,93000
2022-07-07,3573,cabe_rawit,92500
2022-07-08,3573,cabe_rawit,86500
2022-07-11,3573,cabe_rawit,95000
2022-07-12,3573,cabe_rawit,94500
2022-07-13,3573,cabe_rawit,91500
2022-07-14,3573,cabe_rawit,85000
2022-07-15,3573,cabe_rawit,81500
2022-07-18,3573,cabe_rawit,78000
2022-07-19,3573,cabe_rawit,77000
2022-07-20,3573,cabe_rawit,66000
2022-07-21,3573,cabe_rawit,65500
2022-07-22,3573,cabe_rawit,61750
2022-07-25,3573,cabe_rawit,61250
2022-07-26,3573,cabe_rawit,59500
2022-07-27,3573,cabe_rawit,59000
2022-07-28,3573,cabe_rawit,57500
2022-07-29,3573,cabe_rawit,61750
2022-08-01,3573,cabe_rawit,58750
2022-08-02,3573,cabe_rawit,63500
2022-08-03,3573,cabe_rawit,62250
2022-08-04,3573,cabe_rawit,61250
2022-08-05,3573,cabe_rawit,59000
2022-08-08,3573,cabe_rawit,54500
2022-08-09,3573,cabe_rawit,52250
2022-08-10,3573,cabe_rawit,44500
2022-08-11,3573,cabe_rawit,41000
2022-08-12,3573,cabe_rawit,39750
2022-08-15,3573,cabe_rawit,34750
2022-08-16,3573,cabe_rawit,41000
2022-08-18,3573,cabe_rawit,40000
2022-08-19,3573,cabe_rawit,40500
2022-08-22,3573,cabe_rawit,34250
2022-08-23,3573,cabe_rawit,30750
2022-08-24,3573,cabe_rawit,30750
2022-08-25,3573,cabe_rawit,31000
2022-08-26,3573,cabe_rawit,34000
2022-08-29,3573,cabe_rawit,38000
2022-08-30,3573,cabe_rawit,40250
2022-08-31,3573,cabe_rawit,41250
2022-09-01,3573,cabe_rawit,44000
2022-09-02,3573,cabe_rawit,45250
2022-09-05,3573,cabe_rawit,50000
2022-09-06,3573,cabe_rawit,54500
2022-09-07,3573,cabe_rawit,54500
2022-09-08,3573,cabe_rawit,53500
2022-09-09,3573,cabe_rawit,50500
2022-09-12,3573,cabe_rawit,51750
2022-09-13,3573,cabe_rawit,53250
2022-09-14,3573,cabe_rawit,53500
2022-09-15,3573,cabe_rawit,47250
2022-09-16,3573,cabe_rawit,61250
2022-09-19,3573,cabe_rawit,63250
2022-09-20,3573,cabe_rawit,62000
2022-09-21,3573,cabe_rawit,57000
2022-09-22,3573,cabe_rawit,58250
2022-09-23,3573,cabe_rawit,58250
2022-09-26,3573,cabe_rawit,56250
2022-09-27,3573,cabe_rawit,55750
2022-09-28,3573,cabe_rawit,55750
2022-09-29,3573,cabe_rawit,55750
2022-09-30,3573,cabe_rawit,56250
2022-10-03,3573,cabe_rawit,52000
2022-10-04,3573,cabe_rawit,53250
2022-10-05,3573,cabe_rawit,48000
2022-10-06,3573,cabe_rawit,39500
2022-10-07,3573,cabe_rawit,37500
2022-10-10,3573,cabe_rawit,39500
2022-10-11,3573,cabe_rawit,40000
2022-10-12,3573,cabe_rawit,39500
2022-10-13,3573,cabe_rawit,38500
2022-10-14,3573,cabe_rawit,38500
2022-10-17,3573,cabe_rawit,38000
2022-10-18,3573,cabe_rawit,38000
2022-10-19,3573,cabe_rawit,37000
2022-10-20,3573,cabe_rawit,34500
2022-10-21,3573,cabe_rawit,34000
2022-10-24,3573,cabe_rawit,31000
2022-10-25,3573,cabe_rawit,33000
2022-10-26,3573,cabe_rawit,32250
2022-10-27,3573,cabe_rawit,31750
2022-10-28,3573,cabe_rawit,29000
2022-10-31,3573,cabe_rawit,26500
2022-11-01,3573,cabe_rawit,26000
2022-11-02,3573,cabe_rawit,26000
2022-11-03,3573,cabe_rawit,26000
2022-11-04,3573,cabe_rawit,26000
2022-11-07,3573,cabe_rawit,25750
2022-11-08,3573,cabe_rawit,25250
2022-11-09,3573,cabe_rawit,25250
2022-11-10,3573,cabe_rawit,25250
2022-11-11,3573,cabe_rawit,25250
2022-11-14,3573,cabe_rawit,23500
2022-11-15,3573,cabe_rawit,23500
2022-11-16,3573,cabe_rawit,28500
2022-11-17,3573,cabe_rawit,30750
2022-11-18,3573,cabe_rawit,30750
2022-11-21,3573,cabe_rawit,32250
2022-11-22,3573,cabe_rawit,32000
2022-11-23,3573,cabe_rawit,32000
2022-11-24,3573,cabe_rawit,30500
2022-11-25,3573,cabe_rawit,30000
2022-11-28,3573,cabe_rawit,29000
2022-11-29,3573,cabe_rawit,27500
2022-11-30,3573,cabe_rawit,29500
2022-12-01,3573,cabe_rawit,29750
2022-12-02,3573,cabe_rawit,30000
2022-12-05,3573,cabe_rawit,38250
2022-12-06,3573,cabe_rawit,39750
2022-12-07,3573,cabe_rawit,40250
2022-12-08,3573,cabe_rawit,39250
2022-12-09,3573,cabe_rawit,39250
2022-12-12,3573,cabe_rawit,34500
2022-12-13,3573,cabe_rawit,32250
2022-12-14,3573,cabe_rawit,29750
2022-12-15,3573,cabe_rawit,28250
2022-12-16,3573,cabe_rawit,28250
2022-12-19,3573,cabe_rawit,31250
2022-12-20,3573,cabe_rawit,31250
2022-12-21,3573,cabe_rawit,31750
2022-12-22,3573,cabe_rawit,34250
2022-12-23,3573,cabe_rawit,37500
2022-12-26,3573,cabe_rawit,42000
2022-12-27,3573,cabe_rawit,43750
2022-12-28,3573,cabe_rawit,45750
2022-12-29,3573,cabe_rawit,46250
2022-12-30,3573,cabe_rawit,51750
2023-01-02,3573,cabe_rawit,61750
2023-01-03,3573,cabe_rawit,66500
2023-01-04,3573,cabe_rawit,58750
2023-01-05,3573,cabe_rawit,52250
2023-01-06,3573,cabe_rawit,52250
2023-01-09,3573,cabe_rawit,54750
2023-01-10,3573,cabe_rawit,52250
2023-01-11,3573,cabe_rawit,52250
2023-01-12,3573,cabe_rawit,49500
2023-01-13,3573,cabe_rawit,50000
2023-01-16,3573,cabe_rawit,39250
2023-01-17,3573,cabe_rawit,39250
2023-01-18,3573,cabe_rawit,43500
2023-01-19,3573,cabe_rawit,43500
2023-01-20,3573,cabe_rawit,43000
2023-01-23,3573,cabe_rawit,43000
2023-01-24,3573,cabe_rawit,51750
2023-01-25,3573,cabe_rawit,48750
2023-01-26,3573,cabe_rawit,48250
2023-01-27,3573,cabe_rawit,48250
2023-01-30,3573,cabe_rawit,49750
2023-01-31,3573,cabe_rawit,49750
2023-02-01,3573,cabe_rawit,48000
2023-02-02,3573,cabe_rawit,47500
2023-02-03,3573,cabe_rawit,49000
2023-02-06,3573,cabe_rawit,57000
2023-02-07,3573,cabe_rawit,57000
2023-02-08,3573,cabe_rawit,57000
2023-02-09,3573,cabe_rawit,57000
2023-02-10,3573,cabe_rawit,57750
2023-02-13,3573,cabe_rawit,62500
2023-02-14,3573,cabe_rawit,60750
2023-02-15,3573,cabe_rawit,60750
2023-02-16,3573,cabe_rawit,63500
2023-02-17,3573,cabe_rawit,65000
2023-02-20,3573,cabe_rawit,61250
2023-02-21,3573,cabe_rawit,61250
2023-02-22,3573,cabe_rawit,62750
2023-02-23,3573,cabe_rawit,62250
2023-02-24,3573,cabe_rawit,62250
2023-02-27,3573,cabe_rawit,54500
2023-02-28,3573,cabe_rawit,54500
2023-03-01,3573,cabe_rawit,54000
2023-03-02,3573,cabe_rawit,57500
2023-03-03,3573,cabe_rawit,70250
2023-03-06,3573,cabe_rawit,73250
2023-03-07,3573,cabe_rawit,73750
2023-03-08,3573,cabe_rawit,74250
2023-03-09,3573,cabe_rawit,74750
2023-03-10,3573,cabe_rawit,74750
2023-03-13,3573,cabe_rawit,73500
2023-03-14,3573,cabe_rawit,73000
2023-03-15,3573,cabe_rawit,74500
2023-03-16,3573,cabe_rawit,77000
2023-03-17,3573,cabe_rawit,76500
2023-03-20,3573,cabe_rawit,73500
2023-03-21,3573,cabe_rawit,73500
2023-03-22,3573,cabe_rawit,73500
2023-03-23,3573,cabe_rawit,73500
2023-03-24,3573,cabe_rawit,72500
2023-03-27,3573,cabe_rawit,58000
2023-03-28,3573,cabe_rawit,38500
2023-03-29,3573,cabe_rawit,39000
2023-03-30,3573,cabe_rawit,48250
2023-03-31,3573,cabe_rawit,47750
2023-04-03,3573,cabe_rawit,36500
2023-04-04,3573,cabe_rawit,34000
2023-04-05,3573,cabe_rawit,33000
2023-04-06,3573,cabe_rawit,30750
2023-04-10,3573,cabe_rawit,26000
2023-04-11,3573,cabe_rawit,26500
2023-04-12,3573,cabe_rawit,25500
2023-04-13,3573,cabe_rawit,26000
2023-04-14,3573,cabe_rawit,26000
2023-04-17,3573,cabe_rawit,25500
2023-04-18,3573,cabe_rawit,24500
2023-04-19,3573,cabe_rawit,24500
2023-04-20,3573,cabe_rawit,24500
2023-04-21,3573,cabe_rawit,24500
2023-04-24,3573,cabe_rawit,24500
2023-04-25,3573,cabe_rawit,24500
2023-04-26,3573,cabe_rawit,24250
2023-04-27,3573,cabe_rawit,20000
2023-04-28,3573,cabe_rawit,21000
2023-05-01,3573,cabe_rawit,21000
2023-05-02,3573,cabe_rawit,21000
2023-05-03,3573,cabe_rawit,21000
2023-05-04,3573,cabe_rawit,20250
2023-05-05,3573,cabe_rawit,20750
2023-05-08,3573,cabe_rawit,26500
2023-05-09,3573,cabe_rawit,27750
2023-05-10,3573,cabe_rawit,27750
2023-05-11,3573,cabe_rawit,26500
2023-05-12,3573,cabe_rawit,26000
2023-05-15,3573,cabe_rawit,29250
2023-05-16,3573,cabe_rawit,29250
2023-05-17,3573,cabe_rawit,30750
2023-05-18,3573,cabe_rawit,30750
2023-05-19,3573,cabe_rawit,32750
2023-05-22,3573,cabe_rawit,37500
2023-05-23,3573,cabe_rawit,38250
2023-05-24,3573,cabe_rawit,32500
2023-05-25,3573,cabe_rawit,32500
2023-05-26,3573,cabe_rawit,39000
2023-05-29,3573,cabe_rawit,33000
2023-05-30,3573,cabe_rawit,34000
2023-05-31,3573,cabe_rawit,37000
2023-06-01,3573,cabe_rawit,37000
2023-06-02,3573,cabe_rawit,37000
2023-06-05,3573,cabe_rawit,35750
2023-06-06,3573,cabe_rawit,36250
2023-06-07,3573,cabe_rawit,36750
2023-06-08,3573,cabe_rawit,36750
2023-06-09,3573,cabe_rawit,36750
2023-06-12,3573,cabe_rawit,34000
2023-06-13,3573,cabe_rawit,30500
2023-06-14,3573,cabe_rawit,30000
2023-06-15,3573,cabe_rawit,30000
2023-06-16,3573,cabe_rawit,29000
2023-06-19,3573,cabe_rawit,28000
2023-06-20,3573,cabe_rawit,28500
2023-06-21,3573,cabe_rawit,28500
2023-06-22,3573,cabe_rawit,27000
2023-06-23,3573,cabe_rawit,26500
2023-06-26,3573,cabe_rawit,25500
2023-06-27,3573,cabe_rawit,25000
2023-06-28,3573,cabe_rawit,25000
2023-06-29,3573,cabe_rawit,25000
2023-06-30,3573,cabe_rawit,25000
2023-07-03,3573,cabe_rawit,25500
2023-07-04,3573,cabe_rawit,25000
2023-07-05,3573,cabe_rawit,25000
2023-07-06,3573,cabe_rawit,22500
2023-07-07,3573,cabe_rawit,22500
2023-07-10,3573,cabe_rawit,22500
2023-07-11,3573,cabe_rawit,24250
2023-07-12,3573,cabe_rawit,21500
2023-07-13,3573,cabe_rawit,22500
2023-07-14,3573,cabe_rawit,22500
2023-07-17,3573,cabe_rawit,24000
2023-07-18,3573,cabe_rawit,24000
2023-07-19,3573,cabe_rawit,24000
2023-07-20,3573,cabe_rawit,25500
2023-07-21,3573,cabe_rawit,26000
2023-07-24,3573,cabe_rawit,29500
2023-07-25,3573,cabe_rawit,32500
2023-07-26,3573,cabe_rawit,34500
2023-07-27,3573,cabe_rawit,34500
2023-07-28,3573,cabe_rawit,34000
2023-07-31,3573,cabe_rawit,34000
2023-08-01,3573,cabe_rawit,35750
2023-08-02,3573,cabe_rawit,36750
2023-08-03,3573,cabe_rawit,36750
2023-08-04,3573,cabe_rawit,38000
2023-08-07,3573,cabe_rawit,38500
2023-08-08,3573,cabe_rawit,38500
2023-08-09,3573,cabe_rawit,38500
2023-08-10,3573,cabe_rawit,40250
2023-08-11,3573,cabe_rawit,40750
2023-08-14,3573,cabe_rawit,40750
2023-08-15,3573,cabe_rawit,44250
2023-08-16,3573,cabe_rawit,45750
2023-08-17,3573,cabe_rawit,45750
2023-08-18,3573,cabe_rawit,44000
2023-08-21,3573,cabe_rawit,40000
2023-08-22,3573,cabe_rawit,39500
2023-08-23,3573,cabe_rawit,37500
2023-08-24,3573,cabe_rawit,33000
2023-08-25,3573,cabe_rawit,31250
2023-08-28,3573,cabe_rawit,28250
2023-08-29,3573,cabe_rawit,31250
2023-08-30,3573,cabe_rawit,28750
2023-08-31,3573,cabe_rawit,28000
2023-09-01,3573,cabe_rawit,27000
2023-09-04,3573,cabe_rawit,28250
2023-09-05,3573,cabe_rawit,28250
2023-09-06,3573,cabe_rawit,26250
2023-09-07,3573,cabe_rawit,26250
2023-09-08,3573,cabe_rawit,25750
2023-09-11,3573,cabe_rawit,24500
2023-09-12,3573,cabe_rawit,24000
2023-09-13,3573,cabe_rawit,24500
2023-09-14,3573,cabe_rawit,24500
2023-09-15,3573,cabe_rawit,24000
2023-09-18,3573,cabe_rawit,24500
2023-09-19,3573,cabe_rawit,24500
2023-09-20,3573,cabe_rawit,24000
2023-09-21,3573,cabe_rawit,25000
2023-09-22,3573,cabe_rawit,25000
2023-09-25,3573,cabe_rawit,26750
2023-09-26,3573,cabe_rawit,26750
2023-09-27,3573,cabe_rawit,26250
2023-09-28,3573,cabe_rawit,26250
2023-09-29,3573,cabe_rawit,29000
2023-10-02,3573,cabe_rawit,33500
2023-10-03,3573,cabe_rawit,33500
2023-10-04,3573,cabe_rawit,35250
2023-10-05,3573,cabe_rawit,36500
2023-10-06,3573,cabe_rawit,38500
2023-10-09,3573,cabe_rawit,39000
2023-10-10,3573,cabe_rawit,40750
2023-10-11,3573,cabe_rawit,41500
2023-10-12,3573,cabe_rawit,42500
2023-10-13,3573,cabe_rawit,42000
2023-10-16,3573,cabe_rawit,44000
2023-10-17,3573,cabe_rawit,47250
2023-10-18,3573,cabe_rawit,50000
2023-10-19,3573,cabe_rawit,50000
2023-10-20,3573,cabe_rawit,49250
2023-10-23,3573,cabe_rawit,61750
2023-10-24,3573,cabe_rawit,62250
2023-10-25,3573,cabe_rawit,62250
2023-10-26,3573,cabe_rawit,61750
2023-10-27,3573,cabe_rawit,64000
2023-10-30,3573,cabe_rawit,73000
2023-10-31,3573,cabe_rawit,71500
2023-11-01,3573,cabe_rawit,69000
2023-11-02,3573,cabe_rawit,69250
2023-11-03,3573,cabe_rawit,75250
2023-11-06,3573,cabe_rawit,70750
2023-11-07,3573,cabe_rawit,68250
2023-11-08,3573,cabe_rawit,73750
2023-11-09,3573,cabe_rawit,75250
2023-11-10,3573,cabe_rawit,74750
2023-11-13,3573,cabe_rawit,72500
2023-11-14,3573,cabe_rawit,76750
2023-11-15,3573,cabe_rawit,76250
2023-11-16,3573,cabe_rawit,76750
2023-11-17,3573,cabe_rawit,77000
2023-11-20,3573,cabe_rawit,86000
2023-11-21,3573,cabe_rawit,93000
2023-11-22,3573,cabe_rawit,94500
2023-11-23,3573,cabe_rawit,92500
2023-11-24,3573,cabe_rawit,83000
2023-11-27,3573,cabe_rawit,84750
2023-11-28,3573,cabe_rawit,86250
2023-11-29,3573,cabe_rawit,84000
2023-11-30,3573,cabe_rawit,83000
2023-12-01,3573,cabe_rawit,81250
2023-12-04,3573,cabe_rawit,89000
2023-12-05,3573,cabe_rawit,89000
2023-12-06,3573,cabe_rawit,89000
2023-12-07,3573,cabe_rawit,88500
2023-12-08,3573,cabe_rawit,87250
2023-12-11,3573,cabe_rawit,89000
2023-12-12,3573,cabe_rawit,89000
2023-12-13,3573,cabe_rawit,89000
2023-12-14,3573,cabe_rawit,86500
2023-12-15,3573,cabe_rawit,85250
2023-12-18,3573,cabe_rawit,76500
2023-12-19,3573,cabe_rawit,76500
2023-12-20,3573,cabe_rawit,76500
2023-12-21,3573,cabe_rawit,76500
2023-12-22,3573,cabe_rawit,76500
2023-12-27,3573,cabe_rawit,71000
2023-12-28,3573,cabe_rawit,72250
2023-12-29,3573,cabe_rawit,72250
2024-01-01,3573,cabe_rawit,72250
2024-01-02,3573,cabe_rawit,66750
2024-01-03,3573,cabe_rawit,66750
2024-01-04,3573,cabe_rawit,61500
2024-01-05,3573,cabe_rawit,55250
2024-01-08,3573,cabe_rawit,54000
2024-01-09,3573,cabe_rawit,47750
2024-01-10,3573,cabe_rawit,47750
2024-01-11,3573,cabe_rawit,46750
2024-01-12,3573,cabe_rawit,41000
2024-01-15,3573,cabe_rawit,40500
2024-01-16,3573,cabe_rawit,39500
2024-01-17,3573,cabe_rawit,39000
2024-01-18,3573,cabe_rawit,35000
2024-01-19,3573,cabe_rawit,34500
2024-01-22,3573,cabe_rawit,32750
2024-01-23,3573,cabe_rawit,31750
2024-01-24,3573,cabe_rawit,31750
2024-01-25,3573,cabe_rawit,32750
2024-01-26,3573,cabe_rawit,32250
2024-01-29,3573,cabe_rawit,32750
2024-01-30,3573,cabe_rawit,32250
2024-01-31,3573,cabe_rawit,32250
2024-02-01,3573,cabe_rawit,32250
2024-02-02,3573,cabe_rawit,32250
2024-02-05,3573,cabe_rawit,32750
2024-02-06,3573,cabe_rawit,32750
2024-02-07,3573,cabe_rawit,32750
2024-02-08,3573,cabe_rawit,32750
2024-02-09,3573,cabe_rawit,32750
2024-02-12,3573,cabe_rawit,41250
2024-02-13,3573,cabe_rawit,43000
2024-02-14,3573,cabe_rawit,43000
2024-02-15,3573,cabe_rawit,52500
2024-02-16,3573,cabe_rawit,71000
2024-02-19,3573,cabe_rawit,61500
2024-02-20,3573,cabe_rawit,64500
2024-02-21,3573,cabe_rawit,68000
2024-02-22,3573,cabe_rawit,72750
2024-02-23,3573,cabe_rawit,75250
2024-02-26,3573,cabe_rawit,50000
2024-02-27,3573,cabe_rawit,54000
2024-02-28,3573,cabe_rawit,55250
2024-02-29,3573,cabe_rawit,51000
2024-03-01,3573,cabe_rawit,49500
2024-03-04,3573,cabe_rawit,53500
2024-03-05,3573,cabe_rawit,55000
2024-03-06,3573,cabe_rawit,51750
2024-03-07,3573,cabe_rawit,50500
2024-03-08,3573,cabe_rawit,50000
2024-03-11,3573,cabe_rawit,50000
2024-03-12,3573,cabe_rawit,50000
2024-03-13,3573,cabe_rawit,53500
2024-03-14,3573,cabe_rawit,52500
2024-03-15,3573,cabe_rawit,46750
2024-03-18,3573,cabe_rawit,33750
2024-03-19,3573,cabe_rawit,34750
2024-03-20,3573,cabe_rawit,34250
2024-03-21,3573,cabe_rawit,30000
2024-03-22,3573,cabe_rawit,28750
2024-03-25,3573,cabe_rawit,27500
2024-03-26,3573,cabe_rawit,27500
2024-03-27,3573,cabe_rawit,28250
2024-03-28,3573,cabe_rawit,26500
2024-03-29,3573,cabe_rawit,26500
2024-04-01,3573,cabe_rawit,27500
2024-04-02,3573,cabe_rawit,32000
2024-04-03,3573,cabe_rawit,29500
2024-04-04,3573,cabe_rawit,27000
2024-04-05,3573,cabe_rawit,27000
2024-04-08,3573,cabe_rawit,27000
2024-04-09,3573,cabe_rawit,27000
2024-04-10,3573,cabe_rawit,27000
2024-04-11,3573,cabe_rawit,27000
2024-04-12,3573,cabe_rawit,27000
2024-04-15,3573,cabe_rawit,27000
2024-04-16,3573,cabe_rawit,26500
2024-04-17,3573,cabe_rawit,25000
2024-04-18,3573,cabe_rawit,25500
2024-04-19,3573,cabe_rawit,29250
2024-04-22,3573,cabe_rawit,29750
2024-04-23,3573,cabe_rawit,29250
2024-04-24,3573,cabe_rawit,29250
2024-04-25,3573,cabe_rawit,28000
2024-04-26,3573,cabe_rawit,28500
2024-04-29,3573,cabe_rawit,25750
2024-04-30,3573,cabe_rawit,25500
2024-05-01,3573,cabe_rawit,25500
2024-05-02,3573,cabe_rawit,23750
2024-05-03,3573,cabe_rawit,23750
2024-05-06,3573,cabe_rawit,19500
2024-05-07,3573,cabe_rawit,19500
2024-05-08,3573,cabe_rawit,19500
2024-05-09,3573,cabe_rawit,19500
2024-05-10,3573,cabe_rawit,19500
2024-05-13,3573,cabe_rawit,17750
2024-05-14,3573,cabe_rawit,18000
2024-05-15,3573,cabe_rawit,23500
2024-05-16,3573,cabe_rawit,26500
2024-05-17,3573,cabe_rawit,24500
2024-05-20,3573,cabe_rawit,21000
2024-05-21,3573,cabe_rawit,21500
2024-05-22,3573,cabe_rawit,22000
2024-05-23,3573,cabe_rawit,22000
2024-05-24,3573,cabe_rawit,22000
2024-05-27,3573,cabe_rawit,23000
2024-05-28,3573,cabe_rawit,25000
2024-05-29,3573,cabe_rawit,25000
2024-05-30,3573,cabe_rawit,25000
2024-05-31,3573,cabe_rawit,25500
2024-06-03,3573,cabe_rawit,27000
2024-06-04,3573,cabe_rawit,29250
2024-06-05,3573,cabe_rawit,28000
2024-06-06,3573,cabe_rawit,29750
2024-06-07,3573,cabe_rawit,30250
2024-06-10,3573,cabe_rawit,34750
2024-06-11,3573,cabe_rawit,36000
2024-06-12,3573,cabe_rawit,31000
2024-06-13,3573,cabe_rawit,30250
2024-06-14,3573,cabe_rawit,29000
2024-06-17,3573,cabe_rawit,29000
2024-06-18,3573,cabe_rawit,29000
2024-06-19,3573,cabe_rawit,28250
2024-06-20,3573,cabe_rawit,27250
2024-06-21,3573,cabe_rawit,23000
2024-06-24,3573,cabe_rawit,23000
2024-06-25,3573,cabe_rawit,27750
2024-06-26,3573,cabe_rawit,28750
2024-06-27,3573,cabe_rawit,25750
2024-06-28,3573,cabe_rawit,26000
2024-07-01,3573,cabe_rawit,31000
2024-07-02,3573,cabe_rawit,34500
2024-07-03,3573,cabe_rawit,35000
2024-07-04,3573,cabe_rawit,35000
2024-07-05,3573,cabe_rawit,36000
2024-07-08,3573,cabe_rawit,36250
2024-07-09,3573,cabe_rawit,37500
2024-07-10,3573,cabe_rawit,39250
2024-07-11,3573,cabe_rawit,41250
2024-07-12,3573,cabe_rawit,51250
2024-07-15,3573,cabe_rawit,53750
2024-07-16,3573,cabe_rawit,55250
2024-07-17,3573,cabe_rawit,62750
2024-07-18,3573,cabe_rawit,71000
2024-07-19,3573,cabe_rawit,67000
2024-07-22,3573,cabe_rawit,67750
2024-07-23,3573,cabe_rawit,77250
2024-07-24,3573,cabe_rawit,81250
2024-07-25,3573,cabe_rawit,73000
2024-07-26,3573,cabe_rawit,68000
2024-07-29,3573,cabe_rawit,74750
2024-07-30,3573,cabe_rawit,74750
2024-07-31,3573,cabe_rawit,72500
2024-08-01,3573,cabe_rawit,69750
2024-08-02,3573,cabe_rawit,73750
2024-08-05,3573,cabe_rawit,63750
2024-08-06,3573,cabe_rawit,65250
2024-08-07,3573,cabe_rawit,63000
2024-08-08,3573,cabe_rawit,61500
2024-08-09,3573,cabe_rawit,58750
2024-08-12,3573,cabe_rawit,57750
2024-08-13,3573,cabe_rawit,54500
2024-08-14,3573,cabe_rawit,50750
2024-08-15,3573,cabe_rawit,47250
2024-08-16,3573,cabe_rawit,47250
2024-08-19,3573,cabe_rawit,49250
2024-08-20,3573,cabe_rawit,50500
2024-08-21,3573,cabe_rawit,47500
2024-08-22,3573,cabe_rawit,42500
2024-08-23,3573,cabe_rawit,40250
2024-08-26,3573,cabe_rawit,33000
2024-08-27,3573,cabe_rawit,30500
2024-08-28,3573,cabe_rawit,31750
2024-08-29,3573,cabe_rawit,35250
2024-08-30,3573,cabe_rawit,34500
2024-09-02,3573,cabe_rawit,31250
2024-09-03,3573,cabe_rawit,30000
2024-09-04,3573,cabe_rawit,31250
2024-09-05,3573,cabe_rawit,31250
2024-09-06,3573,cabe_rawit,31750
2024-09-09,3573,cabe_rawit,31750
2024-09-10,3573,cabe_rawit,32750
2024-09-11,3573,cabe_rawit,32750
2024-09-12,3573,cabe_rawit,30500
2024-09-13,3573,cabe_rawit,30500
2024-09-16,3573,cabe_rawit,30500
2024-09-17,3573,cabe_rawit,35750
2024-09-18,3573,cabe_rawit,37500
2024-09-19,3573,cabe_rawit,36750
2024-09-20,3573,cabe_rawit,36750
2024-09-23,3573,cabe_rawit,33250
2024-09-24,3573,cabe_rawit,34000
2024-09-25,3573,cabe_rawit,32500
2024-09-26,3573,cabe_rawit,32500
2024-09-27,3573,cabe_rawit,32000
2024-09-30,3573,cabe_rawit,30250
2024-10-01,3573,cabe_rawit,32000
2024-10-02,3573,cabe_rawit,34750
2024-10-03,3573,cabe_rawit,34750
2024-10-04,3573,cabe_rawit,35750
2024-10-07,3573,cabe_rawit,35000
2024-10-08,3573,cabe_rawit,35500
2024-10-09,3573,cabe_rawit,39000
2024-10-10,3573,cabe_rawit,39750
2024-10-11,3573,cabe_rawit,40000
2024-10-14,3573,cabe_rawit,39250
2024-10-15,3573,cabe_rawit,38250
2024-10-16,3573,cabe_rawit,38750
2024-10-17,3573,cabe_rawit,38250
2024-10-18,3573,cabe_rawit,36500
2024-10-21,3573,cabe_rawit,33000
2024-10-22,3573,cabe_rawit,33500
2024-10-23,3573,cabe_rawit,33500
2024-10-24,3573,cabe_rawit,34000
2024-10-25,3573,cabe_rawit,34000
2024-10-28,3573,cabe_rawit,33000
2024-10-29,3573,cabe_rawit,32500
2024-10-30,3573,cabe_rawit,31500
2024-10-31,3573,cabe_rawit,31000
2024-11-01,3573,cabe_rawit,30500
2024-11-04,3573,cabe_rawit,29250
2024-11-05,3573,cabe_rawit,29250
2024-11-06,3573,cabe_rawit,32250
2024-11-07,3573,cabe_rawit,31000
2024-11-08,3573,cabe_rawit,31000
2024-11-11,3573,cabe_rawit,34250
2024-11-12,3573,cabe_rawit,36500
2024-11-13,3573,cabe_rawit,37750
2024-11-14,3573,cabe_rawit,37750
2024-11-15,3573,cabe_rawit,36750
2024-11-18,3573,cabe_rawit,30500
2024-11-19,3573,cabe_rawit,28500
2024-11-20,3573,cabe_rawit,26000
2024-11-21,3573,cabe_rawit,26500
2024-11-22,3573,cabe_rawit,26500
2024-11-25,3573,cabe_rawit,23500
2024-11-26,3573,cabe_rawit,23000
2024-11-27,3573,cabe_rawit,23000
2024-11-28,3573,cabe_rawit,26000
2024-11-29,3573,cabe_rawit,24500
2024-12-02,3573,cabe_rawit,23000
2024-12-03,3573,cabe_rawit,23000
2024-12-04,3573,cabe_rawit,26000
2024-12-05,3573,cabe_rawit,28000
2024-12-06,3573,cabe_rawit,28500
2024-12-09,3573,cabe_rawit,29250
2024-12-10,3573,cabe_rawit,30500
2024-12-11,3573,cabe_rawit,31750
2024-12-12,3573,cabe_rawit,31250
2024-12-13,3573,cabe_rawit,30500
2024-12-16,3573,cabe_rawit,31750
2024-12-17,3573,cabe_rawit,34750
2024-12-18,3573,cabe_rawit,35750
2024-12-19,3573,cabe_rawit,37750
2024-12-20,3573,cabe_rawit,42750
2024-12-23,3573,cabe_rawit,51250
2024-12-24,3573,cabe_rawit,49750
2024-12-25,3573,cabe_rawit,49750
2024-12-26,3573,cabe_rawit,49750
2024-12-27,3573,cabe_rawit,58000
2024-12-30,3573,cabe_rawit,59000
2024-12-31,3573,cabe_rawit,59500
2025-01-01,3573,cabe_rawit,59500
2025-01-02,3573,cabe_rawit,66000
2025-01-03,3573,cabe_rawit,70000
2025-01-06,3573,cabe_rawit,86750
2025-01-07,3573,cabe_rawit,84500
2025-01-08,3573,cabe_rawit,85000
2025-01-09,3573,cabe_rawit,85000
2025-01-10,3573,cabe_rawit,88500
2025-01-13,3573,cabe_rawit,81000
2025-01-14,3573,cabe_rawit,81000
2025-01-15,3573,cabe_rawit,80250
2025-01-16,3573,cabe_rawit,78500
2025-01-17,3573,cabe_rawit,70000
2025-01-20,3573,cabe_rawit,65250
2025-01-21,3573,cabe_rawit,64500
2025-01-22,3573,cabe_rawit,63250
2025-01-23,3573,cabe_rawit,59500
2025-01-24,3573,cabe_rawit,58750
2025-01-27,3573,cabe_rawit,58750
2025-01-28,3573,cabe_rawit,58750
2025-01-29,3573,cabe_rawit,58750
2025-01-30,3573,cabe_rawit,56250
2025-01-31,3573,cabe_rawit,56250
2025-02-03,3573,cabe_rawit,57500
2025-02-04,3573,cabe_rawit,58000
2025-02-05,3573,cabe_rawit,58750
2025-02-06,3573,cabe_rawit,58750
2025-02-07,3573,cabe_rawit,54500
2025-02-10,3573,cabe_rawit,46500
2025-02-11,3573,cabe_rawit,48000
2025-02-12,3573,cabe_rawit,50500
2025-02-13,3573,cabe_rawit,50500
2025-02-14,3573,cabe_rawit,50500
2025-02-17,3573,cabe_rawit,52750
2025-02-18,3573,cabe_rawit,53750
2025-02-19,3573,cabe_rawit,61250
2025-02-20,3573,cabe_rawit,61500
2025-02-21,3573,cabe_rawit,61500
2025-02-24,3573,cabe_rawit,76250
2025-02-25,3573,cabe_rawit,90750
2025-02-26,3573,cabe_rawit,89500
2025-02-27,3573,cabe_rawit,81000
2025-02-28,3573,cabe_rawit,79500
2025-03-03,3573,cabe_rawit,108750
2025-03-04,3573,cabe_rawit,102750
2025-03-05,3573,cabe_rawit,84000
2025-03-06,3573,cabe_rawit,73250
2025-03-07,3573,cabe_rawit,73750
2025-03-10,3573,cabe_rawit,77000
2025-03-11,3573,cabe_rawit,77000
2025-03-12,3573,cabe_rawit,82250
2025-03-13,3573,cabe_rawit,90250
2025-03-14,3573,cabe_rawit,88750
2025-03-17,3573,cabe_rawit,85250
2025-03-18,3573,cabe_rawit,84000
2025-03-19,3573,cabe_rawit,87500
2025-03-20,3573,cabe_rawit,85000
2025-03-21,3573,cabe_rawit,83000
2025-03-24,3573,cabe_rawit,78250
2025-03-25,3573,cabe_rawit,76500
2025-03-26,3573,cabe_rawit,77500
2025-03-27,3573,cabe_rawit,83000
2025-03-28,3573,cabe_rawit,83000
2025-03-31,3573,cabe_rawit,83000
2025-04-01,3573,cabe_rawit,83000
2025-04-02,3573,cabe_rawit,83000
2025-04-03,3573,cabe_rawit,83000
2025-04-04,3573,cabe_rawit,83000
2025-04-07,3573,cabe_rawit,83000
2025-04-08,3573,cabe_rawit,71250
2025-04-09,3573,cabe_rawit,73500
2025-04-10,3573,cabe_rawit,76000
2025-04-11,3573,cabe_rawit,76500
2025-04-14,3573,cabe_rawit,75750
2025-04-15,3573,cabe_rawit,71750
2025-04-16,3573,cabe_rawit,70500
2025-04-17,3573,cabe_rawit,66500
2025-04-18,3573,cabe_rawit,66500
2025-04-21,3573,cabe_rawit,54000
2025-04-22,3573,cabe_rawit,48500
2025-04-23,3573,cabe_rawit,46750
2025-04-24,3573,cabe_rawit,38750
2025-04-25,3573,cabe_rawit,34500
2025-04-28,3573,cabe_rawit,29750
2025-04-29,3573,cabe_rawit,29750
2025-04-30,3573,cabe_rawit,29750
2025-05-01,3573,cabe_rawit,29750
2025-05-02,3573,cabe_rawit,28750
2025-05-05,3573,cabe_rawit,28250
2025-05-06,3573,cabe_rawit,29500
2025-05-07,3573,cabe_rawit,29500
2025-05-08,3573,cabe_rawit,27000
2025-05-09,3573,cabe_rawit,27000
2025-05-12,3573,cabe_rawit,27000
2025-05-13,3573,cabe_rawit,27000
2025-05-14,3573,cabe_rawit,24500
2025-05-15,3573,cabe_rawit,26500
2025-05-16,3573,cabe_rawit,26500
2025-05-19,3573,cabe_rawit,22750
2025-05-20,3573,cabe_rawit,22250
2025-05-21,3573,cabe_rawit,22250
2025-05-22,3573,cabe_rawit,20750
2025-05-23,3573,cabe_rawit,20750
2025-05-26,3573,cabe_rawit,21500
2025-05-27,3573,cabe_rawit,22500
2025-05-28,3573,cabe_rawit,22500
2025-05-29,3573,cabe_rawit,22500
2025-05-30,3573,cabe_rawit,22500
2025-06-02,3573,cabe_rawit,34000
2025-06-03,3573,cabe_rawit,36250
2025-06-04,3573,cabe_rawit,36750
2025-06-05,3573,cabe_rawit,32000
2025-06-06,3573,cabe_rawit,32000
2025-06-09,3573,cabe_rawit,32000
2025-06-10,3573,cabe_rawit,33500
2025-06-11,3573,cabe_rawit,34500
2025-06-12,3573,cabe_rawit,33500
2025-06-13,3573,cabe_rawit,33500
2025-06-16,3573,cabe_rawit,42250
2025-06-17,3573,cabe_rawit,43250
2025-06-18,3573,cabe_rawit,46250
2025-06-19,3573,cabe_rawit,49250
2025-06-20,3573,cabe_rawit,55000
2025-06-23,3573,cabe_rawit,47500
2025-06-24,3573,cabe_rawit,48000
2025-06-25,3573,cabe_rawit,48000
2025-06-26,3573,cabe_rawit,49250
2025-06-27,3573,cabe_rawit,49250
2025-06-30,3573,cabe_rawit,58000
2025-07-01,3573,cabe_rawit,61750
2025-07-02,3573,cabe_rawit,61750
2025-07-03,3573,cabe_rawit,62500
2025-07-04,3573,cabe_rawit,64750
2025-07-07,3573,cabe_rawit,61250
2025-07-08,3573,cabe_rawit,62250
2025-07-09,3573,cabe_rawit,63500
2025-07-10,3573,cabe_rawit,61250
2025-07-11,3573,cabe_rawit,61250
2025-07-14,3573,cabe_rawit,61750
2025-07-15,3573,cabe_rawit,61750
2025-07-16,3573,cabe_rawit,61250
2025-07-17,3573,cabe_rawit,61250
2025-07-18,3573,cabe_rawit,49750
2025-07-21,3573,cabe_rawit,37500
2025-07-22,3573,cabe_rawit,37500
2025-07-23,3573,cabe_rawit,38750
2025-07-24,3573,cabe_rawit,40000
2025-07-25,3573,cabe_rawit,37500
2025-07-28,3573,cabe_rawit,33000
2025-07-29,3573,cabe_rawit,32250
2025-07-30,3573,cabe_rawit,32500
2025-07-31,3573,cabe_rawit,32500
2025-08-01,3573,cabe_rawit,32500
2025-08-04,3573,cabe_rawit,30250
2025-08-05,3573,cabe_rawit,30250
2025-08-06,3573,cabe_rawit,30250
2025-08-07,3573,cabe_rawit,30000
2025-08-08,3573,cabe_rawit,30250
2025-08-11,3573,cabe_rawit,29250
2025-08-12,3573,cabe_rawit,26250
2025-08-13,3573,cabe_rawit,26250
2025-08-14,3573,cabe_rawit,25750
2025-08-15,3573,cabe_rawit,25250
2025-08-18,3573,cabe_rawit,25250
2025-08-19,3573,cabe_rawit,28250
2025-08-20,3573,cabe_rawit,27750
2025-08-21,3573,cabe_rawit,27750
2025-08-22,3573,cabe_rawit,27750
2025-08-25,3573,cabe_rawit,22750
2025-08-26,3573,cabe_rawit,22250
2025-08-27,3573,cabe_rawit,23000
2025-08-28,3573,cabe_rawit,24000
2025-08-29,3573,cabe_rawit,24000
2025-09-01,3573,cabe_rawit,22250
2025-09-02,3573,cabe_rawit,22250
2025-09-03,3573,cabe_rawit,24750
2025-09-04,3573,cabe_rawit,24750
2025-09-08,3573,cabe_rawit,34000
2025-09-09,3573,cabe_rawit,34000
2025-09-10,3573,cabe_rawit,34000
2025-09-11,3573,cabe_rawit,32750
2025-09-12,3573,cabe_rawit,31750
2025-09-15,3573,cabe_rawit,32750
2025-09-16,3573,cabe_rawit,32750
2025-09-17,3573,cabe_rawit,33250
2025-09-18,3573,cabe_rawit,34500
2025-09-19,3573,cabe_rawit,32250
2025-09-22,3573,cabe_rawit,33000
2025-09-23,3573,cabe_rawit,33000
2025-09-24,3573,cabe_rawit,31500
2025-09-25,3573,cabe_rawit,29750
2025-09-26,3573,cabe_rawit,30500
2025-09-29,3573,cabe_rawit,31250
2025-09-30,3573,cabe_rawit,31750
2025-10-01,3573,cabe_rawit,31250
2025-10-02,3573,cabe_rawit,30500
2025-10-03,3573,cabe_rawit,30500
2025-10-06,3573,cabe_rawit,30500
2025-10-07,3573,cabe_rawit,30500
2025-10-08,3573,cabe_rawit,30500
2025-10-09,3573,cabe_rawit,30500
2025-10-10,3573,cabe_rawit,31250
2025-10-13,3573,cabe_rawit,27500
2025-10-14,3573,cabe_rawit,27500
2025-10-15,3573,cabe_rawit,27500
2025-10-16,3573,cabe_rawit,27500
2025-10-17,3573,cabe_rawit,26500
2025-10-20,3573,cabe_rawit,23250
2025-10-21,3573,cabe_rawit,23250
2025-10-22,3573,cabe_rawit,24750
2025-10-23,3573,cabe_rawit,22000
2025-10-24,3573,cabe_rawit,22000
2025-10-27,3573,cabe_rawit,22750
2025-10-28,3573,cabe_rawit,22250
2025-10-29,3573,cabe_rawit,22250
2025-10-30,3573,cabe_rawit,22250
2025-10-31,3573,cabe_rawit,22250
2025-11-03,3573,cabe_rawit,22250
2025-11-04,3573,cabe_rawit,22250
2025-11-05,3573,cabe_rawit,22750
2025-11-06,3573,cabe_rawit,23750
2025-11-07,3573,cabe_rawit,23500
2025-11-10,3573,cabe_rawit,22750
2025-11-11,3573,cabe_rawit,22750
2025-11-12,3573,cabe_rawit,22750
2025-11-13,3573,cabe_rawit,24000
2025-11-14,3573,cabe_rawit,24500
2025-11-17,3573,cabe_rawit,34000
2025-11-18,3573,cabe_rawit,38500
2025-11-19,3573,cabe_rawit,38500
2025-11-20,3573,cabe_rawit,35000
2025-11-21,3573,cabe_rawit,34000
2025-11-24,3573,cabe_rawit,37750
2025-11-25,3573,cabe_rawit,37750
2025-11-26,3573,cabe_rawit,40250
2025-11-27,3573,cabe_rawit,41500
2025-11-28,3573,cabe_rawit,46250
2025-12-01,3573,cabe_rawit,59000
2025-12-02,3573,cabe_rawit,71500
2025-12-03,3573,cabe_rawit,76250
2025-12-04,3573,cabe_rawit,76250
2025-12-05,3573,cabe_rawit,76250
2025-12-08,3573,cabe_rawit,79000
2025-12-09,3573,cabe_rawit,79500
2025-12-10,3573,cabe_rawit,79500
2025-12-11,3573,cabe_rawit,76500
2025-12-12,3573,cabe_rawit,74500
2025-12-15,3573,cabe_rawit,66000
2025-12-16,3573,cabe_rawit,65500
2025-12-17,3573,cabe_rawit,64500
2025-12-18,3573,cabe_rawit,55750
2025-12-19,3573,cabe_rawit,45500
2025-12-22,3573,cabe_rawit,53750
2025-12-23,3573,cabe_rawit,53250
2025-12-24,3573,cabe_rawit,50250
2025-12-25,3573,cabe_rawit,50250
2025-12-26,3573,cabe_rawit,50250
2025-12-29,3573,cabe_rawit,47750
2025-12-30,3573,cabe_rawit,45750
2025-12-31,3573,cabe_rawit,45250
2021-01-04,3574,cabe_rawit,73750
2021-01-05,3574,cabe_rawit,77500
2021-01-06,3574,cabe_rawit,76250
2021-01-07,3574,cabe_rawit,70000
2021-01-08,3574,cabe_rawit,70000
2021-01-11,3574,cabe_rawit,71750
2021-01-12,3574,cabe_rawit,65000
2021-01-13,3574,cabe_rawit,61250
2021-01-14,3574,cabe_rawit,63750
2021-01-15,3574,cabe_rawit,63750
2021-01-18,3574,cabe_rawit,60000
2021-01-19,3574,cabe_rawit,60000
2021-01-20,3574,cabe_rawit,62500
2021-01-21,3574,cabe_rawit,62500
2021-01-22,3574,cabe_rawit,65750
2021-01-25,3574,cabe_rawit,65000
2021-01-26,3574,cabe_rawit,65000
2021-01-27,3574,cabe_rawit,63750
2021-01-28,3574,cabe_rawit,66250
2021-01-29,3574,cabe_rawit,60000
2021-02-01,3574,cabe_rawit,51250
2021-02-02,3574,cabe_rawit,55000
2021-02-03,3574,cabe_rawit,54800
2021-02-04,3574,cabe_rawit,51000
2021-02-05,3574,cabe_rawit,48000
2021-02-08,3574,cabe_rawit,48000
2021-02-09,3574,cabe_rawit,51250
2021-02-10,3574,cabe_rawit,48500
2021-02-11,3574,cabe_rawit,60000
2021-02-15,3574,cabe_rawit,83750
2021-02-16,3574,cabe_rawit,67500
2021-02-17,3574,cabe_rawit,80000
2021-02-18,3574,cabe_rawit,80000
2021-02-19,3574,cabe_rawit,80750
2021-02-22,3574,cabe_rawit,82500
2021-02-23,3574,cabe_rawit,85000
2021-02-24,3574,cabe_rawit,90000
2021-02-25,3574,cabe_rawit,83750
2021-02-26,3574,cabe_rawit,83750
2021-03-01,3574,cabe_rawit,92500
2021-03-02,3574,cabe_rawit,102500
2021-03-03,3574,cabe_rawit,101250
2021-03-04,3574,cabe_rawit,101250
2021-03-05,3574,cabe_rawit,105000
2021-03-08,3574,cabe_rawit,111250
2021-03-09,3574,cabe_rawit,105000
2021-03-10,3574,cabe_rawit,107500
2021-03-12,3574,cabe_rawit,102500
2021-03-15,3574,cabe_rawit,119000
2021-03-16,3574,cabe_rawit,116250
2021-03-17,3574,cabe_rawit,113750
2021-03-18,3574,cabe_rawit,113750
2021-03-19,3574,cabe_rawit,113750
2021-03-22,3574,cabe_rawit,113750
2021-03-23,3574,cabe_rawit,110000
2021-03-24,3574,cabe_rawit,110000
2021-03-25,3574,cabe_rawit,110000
2021-03-26,3574,cabe_rawit,105000
2021-03-29,3574,cabe_rawit,102500
2021-03-30,3574,cabe_rawit,92500
2021-03-31,3574,cabe_rawit,80000
2021-04-01,3574,cabe_rawit,72500
2021-04-05,3574,cabe_rawit,71750
2021-04-06,3574,cabe_rawit,73250
2021-04-07,3574,cabe_rawit,73250
2021-04-08,3574,cabe_rawit,73250
2021-04-09,3574,cabe_rawit,72000
2021-04-12,3574,cabe_rawit,65000
2021-04-13,3574,cabe_rawit,66250
2021-04-14,3574,cabe_rawit,66250
2021-04-15,3574,cabe_rawit,69500
2021-04-16,3574,cabe_rawit,67500
2021-04-19,3574,cabe_rawit,46250
2021-04-20,3574,cabe_rawit,49000
2021-04-21,3574,cabe_rawit,51250
2021-04-22,3574,cabe_rawit,48000
2021-04-23,3574,cabe_rawit,45000
2021-04-26,3574,cabe_rawit,46250
2021-04-27,3574,cabe_rawit,49500
2021-04-28,3574,cabe_rawit,50250
2021-04-29,3574,cabe_rawit,49000
2021-04-30,3574,cabe_rawit,49000
2021-05-03,3574,cabe_rawit,49000
2021-05-04,3574,cabe_rawit,49000
2021-05-05,3574,cabe_rawit,49500
2021-05-06,3574,cabe_rawit,49500
2021-05-07,3574,cabe_rawit,49500
2021-05-10,3574,cabe_rawit,55000
2021-05-11,3574,cabe_rawit,57500
2021-05-17,3574,cabe_rawit,56250
2021-05-18,3574,cabe_rawit,37500
2021-05-19,3574,cabe_rawit,38750
2021-05-20,3574,cabe_rawit,42250
2021-05-21,3574,cabe_rawit,40750
2021-05-24,3574,cabe_rawit,32500
2021-05-25,3574,cabe_rawit,36250
2021-05-27,3574,cabe_rawit,35000
2021-05-28,3574,cabe_rawit,35000
2021-05-31,3574,cabe_rawit,35000
2021-06-02,3574,cabe_rawit,35000
2021-06-03,3574,cabe_rawit,35000
2021-06-04,3574,cabe_rawit,34750
2021-06-07,3574,cabe_rawit,32500
2021-06-08,3574,cabe_rawit,33500
2021-06-09,3574,cabe_rawit,31500
2021-06-10,3574,cabe_rawit,30500
2021-06-11,3574,cabe_rawit,30500
2021-06-14,3574,cabe_rawit,30500
2021-06-15,3574,cabe_rawit,30500
2021-06-16,3574,cabe_rawit,30500
2021-06-17,3574,cabe_rawit,30500
2021-06-18,3574,cabe_rawit,31500
2021-06-21,3574,cabe_rawit,42750
2021-06-22,3574,cabe_rawit,41750
2021-06-23,3574,cabe_rawit,41250
2021-06-24,3574,cabe_rawit,41000
2021-06-25,3574,cabe_rawit,53000
2021-06-28,3574,cabe_rawit,53000
2021-06-29,3574,cabe_rawit,54500
2021-06-30,3574,cabe_rawit,53750
2021-07-01,3574,cabe_rawit,54750
2021-07-02,3574,cabe_rawit,54750
2021-07-05,3574,cabe_rawit,53500
2021-07-06,3574,cabe_rawit,61250
2021-07-07,3574,cabe_rawit,62500
2021-07-08,3574,cabe_rawit,61250
2021-07-09,3574,cabe_rawit,61250
2021-07-12,3574,cabe_rawit,66000
2021-07-13,3574,cabe_rawit,65000
2021-07-14,3574,cabe_rawit,65000
2021-07-15,3574,cabe_rawit,65000
2021-07-16,3574,cabe_rawit,65000
2021-07-19,3574,cabe_rawit,61250
2021-07-21,3574,cabe_rawit,59500
2021-07-22,3574,cabe_rawit,60000
2021-07-23,3574,cabe_rawit,62500
2021-07-26,3574,cabe_rawit,51250
2021-07-27,3574,cabe_rawit,49750
2021-07-28,3574,cabe_rawit,50500
2021-07-29,3574,cabe_rawit,48750
2021-07-30,3574,cabe_rawit,47500
2021-08-02,3574,cabe_rawit,40000
2021-08-03,3574,cabe_rawit,39000
2021-08-04,3574,cabe_rawit,37500
2021-08-05,3574,cabe_rawit,36250
2021-08-06,3574,cabe_rawit,33750
2021-08-09,3574,cabe_rawit,30250
2021-08-10,3574,cabe_rawit,28500
2021-08-12,3574,cabe_rawit,23500
2021-08-13,3574,cabe_rawit,22250
2021-08-16,3574,cabe_rawit,20250
2021-08-18,3574,cabe_rawit,17750
2021-08-19,3574,cabe_rawit,17000
2021-08-20,3574,cabe_rawit,16500
2021-08-23,3574,cabe_rawit,18000
2021-08-24,3574,cabe_rawit,16250
2021-08-25,3574,cabe_rawit,16250
2021-08-26,3574,cabe_rawit,16250
2021-08-27,3574,cabe_rawit,16250
2021-08-30,3574,cabe_rawit,15750
2021-08-31,3574,cabe_rawit,15750
2021-09-01,3574,cabe_rawit,15750
2021-09-02,3574,cabe_rawit,15000
2021-09-03,3574,cabe_rawit,15000
2021-09-06,3574,cabe_rawit,15500
2021-09-07,3574,cabe_rawit,15500
2021-09-08,3574,cabe_rawit,15250
2021-09-09,3574,cabe_rawit,15250
2021-09-10,3574,cabe_rawit,15250
2021-09-13,3574,cabe_rawit,15250
2021-09-14,3574,cabe_rawit,15250
2021-09-15,3574,cabe_rawit,15250
2021-09-16,3574,cabe_rawit,15250
2021-09-17,3574,cabe_rawit,15250
2021-09-20,3574,cabe_rawit,18000
2021-09-21,3574,cabe_rawit,18500
2021-09-22,3574,cabe_rawit,18500
2021-09-23,3574,cabe_rawit,18500
2021-09-24,3574,cabe_rawit,18000
2021-09-27,3574,cabe_rawit,17750
2021-09-28,3574,cabe_rawit,17750
2021-09-29,3574,cabe_rawit,17500
2021-09-30,3574,cabe_rawit,17500
2021-10-01,3574,cabe_rawit,17500
2021-10-04,3574,cabe_rawit,16750
2021-10-05,3574,cabe_rawit,16750
2021-10-06,3574,cabe_rawit,16750
2021-10-07,3574,cabe_rawit,16750
2021-10-08,3574,cabe_rawit,16750
2021-10-11,3574,cabe_rawit,16750
2021-10-12,3574,cabe_rawit,16750
2021-10-13,3574,cabe_rawit,17250
2021-10-14,3574,cabe_rawit,17500
2021-10-15,3574,cabe_rawit,17750
2021-10-18,3574,cabe_rawit,18750
2021-10-19,3574,cabe_rawit,18000
2021-10-21,3574,cabe_rawit,17500
2021-10-22,3574,cabe_rawit,17000
2021-10-25,3574,cabe_rawit,15250
2021-10-26,3574,cabe_rawit,14750
2021-10-27,3574,cabe_rawit,14750
2021-10-28,3574,cabe_rawit,14500
2021-10-29,3574,cabe_rawit,14500
2021-11-01,3574,cabe_rawit,15500
2021-11-02,3574,cabe_rawit,15500
2021-11-03,3574,cabe_rawit,15750
2021-11-04,3574,cabe_rawit,15250
2021-11-05,3574,cabe_rawit,15500
2021-11-08,3574,cabe_rawit,15750
2021-11-09,3574,cabe_rawit,15750
2021-11-10,3574,cabe_rawit,15500
2021-11-11,3574,cabe_rawit,15500
2021-11-12,3574,cabe_rawit,15500
2021-11-15,3574,cabe_rawit,15750
2021-11-16,3574,cabe_rawit,15000
2021-11-17,3574,cabe_rawit,15250
2021-11-18,3574,cabe_rawit,15500
2021-11-19,3574,cabe_rawit,17250
2021-11-22,3574,cabe_rawit,20000
2021-11-23,3574,cabe_rawit,23750
2021-11-24,3574,cabe_rawit,24500
2021-11-25,3574,cabe_rawit,24750
2021-11-26,3574,cabe_rawit,26000
2021-11-29,3574,cabe_rawit,33000
2021-11-30,3574,cabe_rawit,33750
2021-12-01,3574,cabe_rawit,40500
2021-12-02,3574,cabe_rawit,45250
2021-12-03,3574,cabe_rawit,52000
2021-12-06,3574,cabe_rawit,58750
2021-12-07,3574,cabe_rawit,60000
2021-12-08,3574,cabe_rawit,58750
2021-12-09,3574,cabe_rawit,55000
2021-12-10,3574,cabe_rawit,52250
2021-12-13,3574,cabe_rawit,78750
2021-12-14,3574,cabe_rawit,78750
2021-12-15,3574,cabe_rawit,69250
2021-12-16,3574,cabe_rawit,73000
2021-12-17,3574,cabe_rawit,74250
2021-12-20,3574,cabe_rawit,82500
2021-12-21,3574,cabe_rawit,76250
2021-12-22,3574,cabe_rawit,75000
2021-12-23,3574,cabe_rawit,82500
2021-12-24,3574,cabe_rawit,83750
2021-12-27,3574,cabe_rawit,78000
2021-12-28,3574,cabe_rawit,75500
2021-12-29,3574,cabe_rawit,68250
2021-12-30,3574,cabe_rawit,66750
2021-12-31,3574,cabe_rawit,64750
2022-01-03,3574,cabe_rawit,61250
2022-01-04,3574,cabe_rawit,60000
2022-01-05,3574,cabe_rawit,53750
2022-01-06,3574,cabe_rawit,37500
2022-01-07,3574,cabe_rawit,33000
2022-01-10,3574,cabe_rawit,38750
2022-01-11,3574,cabe_rawit,32250
2022-01-12,3574,cabe_rawit,34500
2022-01-13,3574,cabe_rawit,34250
2022-01-14,3574,cabe_rawit,34250
2022-01-17,3574,cabe_rawit,31750
2022-01-18,3574,cabe_rawit,32500
2022-01-19,3574,cabe_rawit,34750
2022-01-20,3574,cabe_rawit,31250
2022-01-21,3574,cabe_rawit,30000
2022-01-24,3574,cabe_rawit,22250
2022-01-25,3574,cabe_rawit,22750
2022-01-26,3574,cabe_rawit,22250
2022-01-27,3574,cabe_rawit,21250
2022-01-28,3574,cabe_rawit,20500
2022-01-31,3574,cabe_rawit,23000
2022-02-02,3574,cabe_rawit,25750
2022-02-03,3574,cabe_rawit,28750
2022-02-04,3574,cabe_rawit,35750
2022-02-07,3574,cabe_rawit,37500
2022-02-08,3574,cabe_rawit,35500
2022-02-09,3574,cabe_rawit,32500
2022-02-10,3574,cabe_rawit,34000
2022-02-11,3574,cabe_rawit,35000
2022-02-14,3574,cabe_rawit,35000
2022-02-15,3574,cabe_rawit,39250
2022-02-16,3574,cabe_rawit,42750
2022-02-17,3574,cabe_rawit,44750
2022-02-18,3574,cabe_rawit,44750
2022-02-21,3574,cabe_rawit,46250
2022-02-22,3574,cabe_rawit,48000
2022-02-23,3574,cabe_rawit,51250
2022-02-24,3574,cabe_rawit,50750
2022-02-25,3574,cabe_rawit,50000
2022-03-01,3574,cabe_rawit,61250
2022-03-02,3574,cabe_rawit,63500
2022-03-04,3574,cabe_rawit,62250
2022-03-07,3574,cabe_rawit,63250
2022-03-08,3574,cabe_rawit,63750
2022-03-09,3574,cabe_rawit,59500
2022-03-10,3574,cabe_rawit,50000
2022-03-11,3574,cabe_rawit,56000
2022-03-14,3574,cabe_rawit,53250
2022-03-15,3574,cabe_rawit,51500
2022-03-16,3574,cabe_rawit,51250
2022-03-17,3574,cabe_rawit,52250
2022-03-18,3574,cabe_rawit,53000
2022-03-21,3574,cabe_rawit,47750
2022-03-22,3574,cabe_rawit,49500
2022-03-23,3574,cabe_rawit,49000
2022-03-24,3574,cabe_rawit,48500
2022-03-25,3574,cabe_rawit,48500
2022-03-28,3574,cabe_rawit,41750
2022-03-29,3574,cabe_rawit,41250
2022-03-30,3574,cabe_rawit,42500
2022-03-31,3574,cabe_rawit,42500
2022-04-01,3574,cabe_rawit,42500
2022-04-04,3574,cabe_rawit,51750
2022-04-05,3574,cabe_rawit,50750
2022-04-06,3574,cabe_rawit,50000
2022-04-07,3574,cabe_rawit,43750
2022-04-08,3574,cabe_rawit,38000
2022-04-11,3574,cabe_rawit,34000
2022-04-12,3574,cabe_rawit,31500
2022-04-13,3574,cabe_rawit,30750
2022-04-14,3574,cabe_rawit,30000
2022-04-18,3574,cabe_rawit,29250
2022-04-19,3574,cabe_rawit,26500
2022-04-20,3574,cabe_rawit,26500
2022-04-21,3574,cabe_rawit,25250
2022-04-22,3574,cabe_rawit,24000
2022-04-25,3574,cabe_rawit,24500
2022-04-26,3574,cabe_rawit,29250
2022-04-27,3574,cabe_rawit,29250
2022-04-28,3574,cabe_rawit,29250
2022-05-09,3574,cabe_rawit,25500
2022-05-10,3574,cabe_rawit,28000
2022-05-11,3574,cabe_rawit,27250
2022-05-12,3574,cabe_rawit,27750
2022-05-13,3574,cabe_rawit,27250
2022-05-17,3574,cabe_rawit,37500
2022-05-18,3574,cabe_rawit,42500
2022-05-19,3574,cabe_rawit,44750
2022-05-20,3574,cabe_rawit,45000
2022-05-23,3574,cabe_rawit,47750
2022-05-24,3574,cabe_rawit,48000
2022-05-25,3574,cabe_rawit,59000
2022-05-27,3574,cabe_rawit,60000
2022-05-30,3574,cabe_rawit,62000
2022-05-31,3574,cabe_rawit,69250
2022-06-02,3574,cabe_rawit,68500
2022-06-03,3574,cabe_rawit,74250
2022-06-06,3574,cabe_rawit,90000
2022-06-07,3574,cabe_rawit,90000
2022-06-08,3574,cabe_rawit,90000
2022-06-09,3574,cabe_rawit,94250
2022-06-10,3574,cabe_rawit,98750
2022-06-13,3574,cabe_rawit,92500
2022-06-14,3574,cabe_rawit,92500
2022-06-15,3574,cabe_rawit,95000
2022-06-16,3574,cabe_rawit,95000
2022-06-17,3574,cabe_rawit,95000
2022-06-20,3574,cabe_rawit,100000
2022-06-21,3574,cabe_rawit,101250
2022-06-22,3574,cabe_rawit,108750
2022-06-23,3574,cabe_rawit,109500
2022-06-24,3574,cabe_rawit,107500
2022-06-27,3574,cabe_rawit,101250
2022-06-28,3574,cabe_rawit,102500
2022-06-29,3574,cabe_rawit,102500
2022-06-30,3574,cabe_rawit,101250
2022-07-01,3574,cabe_rawit,101250
2022-07-04,3574,cabe_rawit,102500
2022-07-05,3574,cabe_rawit,101250
2022-07-06,3574,cabe_rawit,100000
2022-07-07,3574,cabe_rawit,100000
2022-07-08,3574,cabe_rawit,100000
2022-07-11,3574,cabe_rawit,100000
2022-07-12,3574,cabe_rawit,100000
2022-07-13,3574,cabe_rawit,93750
2022-07-14,3574,cabe_rawit,91250
2022-07-15,3574,cabe_rawit,78750
2022-07-18,3574,cabe_rawit,73750
2022-07-19,3574,cabe_rawit,72500
2022-07-20,3574,cabe_rawit,71250
2022-07-21,3574,cabe_rawit,70000
2022-07-22,3574,cabe_rawit,70000
2022-07-25,3574,cabe_rawit,70000
2022-07-26,3574,cabe_rawit,70000
2022-07-27,3574,cabe_rawit,70000
2022-07-28,3574,cabe_rawit,65000
2022-07-29,3574,cabe_rawit,65000
2022-08-01,3574,cabe_rawit,62500
2022-08-02,3574,cabe_rawit,65000
2022-08-03,3574,cabe_rawit,65000
2022-08-04,3574,cabe_rawit,64750
2022-08-05,3574,cabe_rawit,64750
2022-08-08,3574,cabe_rawit,57500
2022-08-09,3574,cabe_rawit,55000
2022-08-10,3574,cabe_rawit,50000
2022-08-11,3574,cabe_rawit,49500
2022-08-12,3574,cabe_rawit,47500
2022-08-15,3574,cabe_rawit,40000
2022-08-16,3574,cabe_rawit,42500
2022-08-18,3574,cabe_rawit,40000
2022-08-19,3574,cabe_rawit,40000
2022-08-22,3574,cabe_rawit,37500
2022-08-23,3574,cabe_rawit,37500
2022-08-24,3574,cabe_rawit,37000
2022-08-25,3574,cabe_rawit,35750
2022-08-26,3574,cabe_rawit,35000
2022-08-29,3574,cabe_rawit,40000
2022-08-30,3574,cabe_rawit,45000
2022-08-31,3574,cabe_rawit,45000
2022-09-01,3574,cabe_rawit,45000
2022-09-02,3574,cabe_rawit,45000
2022-09-05,3574,cabe_rawit,50000
2022-09-06,3574,cabe_rawit,52500
2022-09-07,3574,cabe_rawit,53750
2022-09-08,3574,cabe_rawit,47500
2022-09-09,3574,cabe_rawit,50000
2022-09-12,3574,cabe_rawit,50000
2022-09-13,3574,cabe_rawit,52750
2022-09-14,3574,cabe_rawit,53000
2022-09-15,3574,cabe_rawit,55000
2022-09-16,3574,cabe_rawit,57500
2022-09-19,3574,cabe_rawit,65000
2022-09-20,3574,cabe_rawit,60000
2022-09-21,3574,cabe_rawit,57500
2022-09-22,3574,cabe_rawit,55000
2022-09-23,3574,cabe_rawit,55000
2022-09-26,3574,cabe_rawit,49500
2022-09-27,3574,cabe_rawit,50000
2022-09-28,3574,cabe_rawit,50000
2022-09-29,3574,cabe_rawit,52500
2022-09-30,3574,cabe_rawit,55000
2022-10-03,3574,cabe_rawit,45750
2022-10-04,3574,cabe_rawit,45750
2022-10-05,3574,cabe_rawit,45000
2022-10-06,3574,cabe_rawit,40000
2022-10-07,3574,cabe_rawit,35000
2022-10-10,3574,cabe_rawit,35000
2022-10-11,3574,cabe_rawit,35000
2022-10-12,3574,cabe_rawit,35000
2022-10-13,3574,cabe_rawit,33500
2022-10-14,3574,cabe_rawit,33500
2022-10-17,3574,cabe_rawit,32500
2022-10-18,3574,cabe_rawit,30000
2022-10-19,3574,cabe_rawit,29500
2022-10-20,3574,cabe_rawit,30000
2022-10-21,3574,cabe_rawit,30000
2022-10-24,3574,cabe_rawit,29500
2022-10-25,3574,cabe_rawit,29500
2022-10-26,3574,cabe_rawit,29500
2022-10-27,3574,cabe_rawit,29500
2022-10-28,3574,cabe_rawit,23750
2022-10-31,3574,cabe_rawit,24250
2022-11-01,3574,cabe_rawit,20000
2022-11-02,3574,cabe_rawit,20000
2022-11-03,3574,cabe_rawit,20000
2022-11-04,3574,cabe_rawit,24750
2022-11-07,3574,cabe_rawit,25000
2022-11-08,3574,cabe_rawit,25000
2022-11-09,3574,cabe_rawit,24250
2022-11-10,3574,cabe_rawit,24250
2022-11-11,3574,cabe_rawit,24000
2022-11-14,3574,cabe_rawit,21000
2022-11-15,3574,cabe_rawit,24750
2022-11-16,3574,cabe_rawit,24750
2022-11-17,3574,cabe_rawit,30000
2022-11-18,3574,cabe_rawit,30000
2022-11-21,3574,cabe_rawit,29000
2022-11-22,3574,cabe_rawit,30000
2022-11-23,3574,cabe_rawit,30000
2022-11-24,3574,cabe_rawit,30000
2022-11-25,3574,cabe_rawit,26500
2022-11-28,3574,cabe_rawit,25000
2022-11-29,3574,cabe_rawit,29000
2022-11-30,3574,cabe_rawit,27500
2022-12-01,3574,cabe_rawit,29000
2022-12-02,3574,cabe_rawit,32500
2022-12-05,3574,cabe_rawit,40000
2022-12-06,3574,cabe_rawit,40000
2022-12-07,3574,cabe_rawit,40000
2022-12-08,3574,cabe_rawit,35000
2022-12-09,3574,cabe_rawit,35000
2022-12-12,3574,cabe_rawit,35000
2022-12-13,3574,cabe_rawit,32500
2022-12-14,3574,cabe_rawit,30000
2022-12-15,3574,cabe_rawit,25000
2022-12-16,3574,cabe_rawit,25000
2022-12-19,3574,cabe_rawit,33500
2022-12-20,3574,cabe_rawit,33500
2022-12-21,3574,cabe_rawit,33500
2022-12-22,3574,cabe_rawit,35000
2022-12-23,3574,cabe_rawit,40000
2022-12-26,3574,cabe_rawit,45000
2022-12-27,3574,cabe_rawit,45000
2022-12-28,3574,cabe_rawit,50000
2022-12-29,3574,cabe_rawit,52000
2022-12-30,3574,cabe_rawit,52000
2023-01-02,3574,cabe_rawit,53000
2023-01-03,3574,cabe_rawit,65000
2023-01-04,3574,cabe_rawit,65000
2023-01-05,3574,cabe_rawit,57500
2023-01-06,3574,cabe_rawit,55000
2023-01-09,3574,cabe_rawit,55000
2023-01-10,3574,cabe_rawit,55000
2023-01-11,3574,cabe_rawit,45000
2023-01-12,3574,cabe_rawit,50000
2023-01-13,3574,cabe_rawit,51000
2023-01-16,3574,cabe_rawit,47000
2023-01-17,3574,cabe_rawit,40000
2023-01-18,3574,cabe_rawit,45000
2023-01-19,3574,cabe_rawit,49000
2023-01-20,3574,cabe_rawit,47500
2023-01-23,3574,cabe_rawit,47500
2023-01-24,3574,cabe_rawit,50000
2023-01-25,3574,cabe_rawit,50000
2023-01-26,3574,cabe_rawit,47500
2023-01-27,3574,cabe_rawit,49500
2023-01-30,3574,cabe_rawit,49500
2023-01-31,3574,cabe_rawit,49500
2023-02-01,3574,cabe_rawit,50000
2023-02-02,3574,cabe_rawit,50000
2023-02-03,3574,cabe_rawit,50000
2023-02-06,3574,cabe_rawit,60000
2023-02-07,3574,cabe_rawit,60000
2023-02-08,3574,cabe_rawit,57500
2023-02-09,3574,cabe_rawit,59500
2023-02-10,3574,cabe_rawit,59500
2023-02-13,3574,cabe_rawit,57500
2023-02-14,3574,cabe_rawit,57500
2023-02-15,3574,cabe_rawit,57500
2023-02-16,3574,cabe_rawit,57500
2023-02-17,3574,cabe_rawit,60000
2023-02-20,3574,cabe_rawit,62500
2023-02-21,3574,cabe_rawit,62500
2023-02-22,3574,cabe_rawit,62500
2023-02-23,3574,cabe_rawit,60000
2023-02-24,3574,cabe_rawit,60000
2023-02-27,3574,cabe_rawit,62500
2023-02-28,3574,cabe_rawit,62500
2023-03-01,3574,cabe_rawit,62500
2023-03-02,3574,cabe_rawit,62500
2023-03-03,3574,cabe_rawit,62500
2023-03-06,3574,cabe_rawit,75000
2023-03-07,3574,cabe_rawit,75000
2023-03-08,3574,cabe_rawit,75000
2023-03-09,3574,cabe_rawit,75000
2023-03-10,3574,cabe_rawit,80000
2023-03-13,3574,cabe_rawit,76250
2023-03-14,3574,cabe_rawit,80000
2023-03-15,3574,cabe_rawit,80000
2023-03-16,3574,cabe_rawit,83500
2023-03-17,3574,cabe_rawit,87500
2023-03-20,3574,cabe_rawit,85000
2023-03-21,3574,cabe_rawit,82500
2023-03-22,3574,cabe_rawit,82500
2023-03-23,3574,cabe_rawit,82500
2023-03-24,3574,cabe_rawit,82500
2023-03-27,3574,cabe_rawit,75000
2023-03-28,3574,cabe_rawit,60000
2023-03-29,3574,cabe_rawit,55000
2023-03-30,3574,cabe_rawit,55000
2023-03-31,3574,cabe_rawit,65000
2023-04-03,3574,cabe_rawit,45000
2023-04-04,3574,cabe_rawit,47500
2023-04-05,3574,cabe_rawit,42500
2023-04-06,3574,cabe_rawit,37500
2023-04-10,3574,cabe_rawit,37500
2023-04-11,3574,cabe_rawit,35000
2023-04-12,3574,cabe_rawit,35000
2023-04-13,3574,cabe_rawit,32500
2023-04-14,3574,cabe_rawit,31500
2023-04-17,3574,cabe_rawit,34000
2023-04-18,3574,cabe_rawit,32500
2023-04-19,3574,cabe_rawit,32500
2023-04-20,3574,cabe_rawit,32500
2023-04-21,3574,cabe_rawit,32500
2023-04-24,3574,cabe_rawit,32500
2023-04-25,3574,cabe_rawit,32500
2023-04-26,3574,cabe_rawit,32500
2023-04-27,3574,cabe_rawit,27500
2023-04-28,3574,cabe_rawit,27500
2023-05-01,3574,cabe_rawit,27500
2023-05-02,3574,cabe_rawit,25000
2023-05-03,3574,cabe_rawit,30000
2023-05-04,3574,cabe_rawit,25000
2023-05-05,3574,cabe_rawit,25000
2023-05-08,3574,cabe_rawit,30000
2023-05-09,3574,cabe_rawit,32000
2023-05-10,3574,cabe_rawit,33500
2023-05-11,3574,cabe_rawit,33500
2023-05-12,3574,cabe_rawit,33500
2023-05-15,3574,cabe_rawit,33500
2023-05-16,3574,cabe_rawit,33500
2023-05-17,3574,cabe_rawit,35000
2023-05-18,3574,cabe_rawit,35000
2023-05-19,3574,cabe_rawit,35000
2023-05-22,3574,cabe_rawit,45000
2023-05-23,3574,cabe_rawit,41000
2023-05-24,3574,cabe_rawit,40000
2023-05-25,3574,cabe_rawit,40000
2023-05-26,3574,cabe_rawit,41000
2023-05-29,3574,cabe_rawit,40000
2023-05-30,3574,cabe_rawit,40000
2023-05-31,3574,cabe_rawit,40000
2023-06-01,3574,cabe_rawit,40000
2023-06-02,3574,cabe_rawit,40000
2023-06-05,3574,cabe_rawit,40000
2023-06-06,3574,cabe_rawit,40000
2023-06-07,3574,cabe_rawit,40000
2023-06-08,3574,cabe_rawit,40000
2023-06-09,3574,cabe_rawit,40000
2023-06-12,3574,cabe_rawit,40000
2023-06-13,3574,cabe_rawit,40000
2023-06-14,3574,cabe_rawit,38000
2023-06-15,3574,cabe_rawit,38000
2023-06-16,3574,cabe_rawit,38000
2023-06-19,3574,cabe_rawit,33500
2023-06-20,3574,cabe_rawit,33500
2023-06-21,3574,cabe_rawit,33500
2023-06-22,3574,cabe_rawit,35000
2023-06-23,3574,cabe_rawit,35000
2023-06-26,3574,cabe_rawit,35000
2023-06-27,3574,cabe_rawit,35000
2023-06-28,3574,cabe_rawit,35000
2023-06-29,3574,cabe_rawit,35000
2023-06-30,3574,cabe_rawit,35000
2023-07-03,3574,cabe_rawit,35000
2023-07-04,3574,cabe_rawit,33500
2023-07-05,3574,cabe_rawit,31000
2023-07-06,3574,cabe_rawit,29000
2023-07-07,3574,cabe_rawit,29000
2023-07-10,3574,cabe_rawit,29000
2023-07-11,3574,cabe_rawit,29000
2023-07-12,3574,cabe_rawit,30000
2023-07-13,3574,cabe_rawit,28000
2023-07-14,3574,cabe_rawit,28000
2023-07-17,3574,cabe_rawit,30000
2023-07-18,3574,cabe_rawit,30000
2023-07-19,3574,cabe_rawit,30000
2023-07-20,3574,cabe_rawit,30000
2023-07-21,3574,cabe_rawit,30000
2023-07-24,3574,cabe_rawit,35000
2023-07-25,3574,cabe_rawit,35000
2023-07-26,3574,cabe_rawit,38000
2023-07-27,3574,cabe_rawit,38000
2023-07-28,3574,cabe_rawit,35000
2023-07-31,3574,cabe_rawit,40000
2023-08-01,3574,cabe_rawit,40000
2023-08-02,3574,cabe_rawit,38000
2023-08-03,3574,cabe_rawit,38000
2023-08-04,3574,cabe_rawit,39000
2023-08-07,3574,cabe_rawit,40000
2023-08-08,3574,cabe_rawit,40000
2023-08-09,3574,cabe_rawit,40000
2023-08-10,3574,cabe_rawit,44500
2023-08-11,3574,cabe_rawit,42500
2023-08-14,3574,cabe_rawit,41000
2023-08-15,3574,cabe_rawit,43500
2023-08-16,3574,cabe_rawit,45000
2023-08-17,3574,cabe_rawit,45000
2023-08-18,3574,cabe_rawit,42500
2023-08-21,3574,cabe_rawit,42500
2023-08-22,3574,cabe_rawit,41000
2023-08-23,3574,cabe_rawit,40000
2023-08-24,3574,cabe_rawit,35000
2023-08-25,3574,cabe_rawit,32500
2023-08-28,3574,cabe_rawit,29000
2023-08-29,3574,cabe_rawit,28000
2023-08-30,3574,cabe_rawit,27500
2023-08-31,3574,cabe_rawit,26000
2023-09-01,3574,cabe_rawit,25000
2023-09-04,3574,cabe_rawit,25000
2023-09-05,3574,cabe_rawit,25000
2023-09-06,3574,cabe_rawit,25000
2023-09-07,3574,cabe_rawit,25000
2023-09-08,3574,cabe_rawit,25000
2023-09-11,3574,cabe_rawit,25000
2023-09-12,3574,cabe_rawit,25000
2023-09-13,3574,cabe_rawit,24500
2023-09-14,3574,cabe_rawit,24500
2023-09-15,3574,cabe_rawit,22500
2023-09-18,3574,cabe_rawit,24500
2023-09-19,3574,cabe_rawit,24500
2023-09-20,3574,cabe_rawit,24500
2023-09-21,3574,cabe_rawit,24000
2023-09-22,3574,cabe_rawit,24000
2023-09-25,3574,cabe_rawit,25000
2023-09-26,3574,cabe_rawit,25000
2023-09-27,3574,cabe_rawit,25000
2023-09-28,3574,cabe_rawit,25000
2023-09-29,3574,cabe_rawit,27500
2023-10-02,3574,cabe_rawit,30000
2023-10-03,3574,cabe_rawit,30000
2023-10-04,3574,cabe_rawit,35000
2023-10-05,3574,cabe_rawit,40000
2023-10-06,3574,cabe_rawit,40000
2023-10-09,3574,cabe_rawit,40000
2023-10-10,3574,cabe_rawit,40000
2023-10-11,3574,cabe_rawit,44000
2023-10-12,3574,cabe_rawit,44000
2023-10-13,3574,cabe_rawit,44000
2023-10-16,3574,cabe_rawit,45000
2023-10-17,3574,cabe_rawit,45000
2023-10-18,3574,cabe_rawit,47750
2023-10-19,3574,cabe_rawit,47750
2023-10-20,3574,cabe_rawit,47000
2023-10-23,3574,cabe_rawit,60000
2023-10-24,3574,cabe_rawit,60000
2023-10-25,3574,cabe_rawit,60000
2023-10-26,3574,cabe_rawit,60000
2023-10-27,3574,cabe_rawit,65000
2023-10-30,3574,cabe_rawit,70000
2023-10-31,3574,cabe_rawit,65000
2023-11-01,3574,cabe_rawit,65000
2023-11-02,3574,cabe_rawit,60000
2023-11-03,3574,cabe_rawit,69000
2023-11-06,3574,cabe_rawit,60000
2023-11-07,3574,cabe_rawit,65000
2023-11-08,3574,cabe_rawit,70000
2023-11-09,3574,cabe_rawit,77500
2023-11-10,3574,cabe_rawit,75000
2023-11-13,3574,cabe_rawit,67500
2023-11-14,3574,cabe_rawit,75000
2023-11-15,3574,cabe_rawit,75000
2023-11-16,3574,cabe_rawit,75000
2023-11-17,3574,cabe_rawit,75000
2023-11-20,3574,cabe_rawit,85000
2023-11-21,3574,cabe_rawit,92500
2023-11-22,3574,cabe_rawit,90000
2023-11-23,3574,cabe_rawit,90000
2023-11-24,3574,cabe_rawit,87500
2023-11-27,3574,cabe_rawit,80000
2023-11-28,3574,cabe_rawit,80000
2023-11-29,3574,cabe_rawit,82500
2023-11-30,3574,cabe_rawit,80000
2023-12-01,3574,cabe_rawit,75000
2023-12-04,3574,cabe_rawit,85000
2023-12-05,3574,cabe_rawit,85000
2023-12-06,3574,cabe_rawit,85000
2023-12-07,3574,cabe_rawit,85000
2023-12-08,3574,cabe_rawit,82500
2023-12-11,3574,cabe_rawit,80000
2023-12-12,3574,cabe_rawit,75000
2023-12-13,3574,cabe_rawit,73500
2023-12-14,3574,cabe_rawit,78750
2023-12-15,3574,cabe_rawit,80000
2023-12-18,3574,cabe_rawit,70000
2023-12-19,3574,cabe_rawit,70000
2023-12-20,3574,cabe_rawit,70000
2023-12-21,3574,cabe_rawit,70000
2023-12-22,3574,cabe_rawit,65000
2023-12-27,3574,cabe_rawit,65000
2023-12-28,3574,cabe_rawit,65000
2023-12-29,3574,cabe_rawit,65000
2024-01-01,3574,cabe_rawit,65000
2024-01-02,3574,cabe_rawit,62500
2024-01-03,3574,cabe_rawit,62500
2024-01-04,3574,cabe_rawit,60000
2024-01-05,3574,cabe_rawit,55000
2024-01-08,3574,cabe_rawit,45000
2024-01-09,3574,cabe_rawit,45000
2024-01-10,3574,cabe_rawit,45000
2024-01-11,3574,cabe_rawit,40000
2024-01-12,3574,cabe_rawit,35000
2024-01-15,3574,cabe_rawit,40000
2024-01-16,3574,cabe_rawit,40000
2024-01-17,3574,cabe_rawit,40000
2024-01-18,3574,cabe_rawit,30000
2024-01-19,3574,cabe_rawit,30000
2024-01-22,3574,cabe_rawit,30000
2024-01-23,3574,cabe_rawit,30000
2024-01-24,3574,cabe_rawit,30000
2024-01-25,3574,cabe_rawit,30000
2024-01-26,3574,cabe_rawit,32000
2024-01-29,3574,cabe_rawit,35000
2024-01-30,3574,cabe_rawit,33500
2024-01-31,3574,cabe_rawit,33500
2024-02-01,3574,cabe_rawit,33500
2024-02-02,3574,cabe_rawit,30000
2024-02-05,3574,cabe_rawit,30000
2024-02-06,3574,cabe_rawit,30000
2024-02-07,3574,cabe_rawit,33500
2024-02-08,3574,cabe_rawit,33500
2024-02-09,3574,cabe_rawit,33500
2024-02-12,3574,cabe_rawit,50000
2024-02-13,3574,cabe_rawit,50000
2024-02-14,3574,cabe_rawit,50000
2024-02-15,3574,cabe_rawit,65000
2024-02-16,3574,cabe_rawit,65000
2024-02-19,3574,cabe_rawit,67500
2024-02-20,3574,cabe_rawit,69000
2024-02-21,3574,cabe_rawit,67500
2024-02-22,3574,cabe_rawit,80000
2024-02-23,3574,cabe_rawit,77500
2024-02-26,3574,cabe_rawit,50000
2024-02-27,3574,cabe_rawit,52500
2024-02-28,3574,cabe_rawit,52500
2024-02-29,3574,cabe_rawit,50000
2024-03-01,3574,cabe_rawit,50000
2024-03-04,3574,cabe_rawit,50000
2024-03-05,3574,cabe_rawit,53500
2024-03-06,3574,cabe_rawit,53500
2024-03-07,3574,cabe_rawit,49000
2024-03-08,3574,cabe_rawit,50000
2024-03-11,3574,cabe_rawit,50000
2024-03-12,3574,cabe_rawit,50000
2024-03-13,3574,cabe_rawit,49000
2024-03-14,3574,cabe_rawit,49000
2024-03-15,3574,cabe_rawit,45000
2024-03-18,3574,cabe_rawit,33500
2024-03-19,3574,cabe_rawit,33500
2024-03-20,3574,cabe_rawit,32500
2024-03-21,3574,cabe_rawit,30000
2024-03-22,3574,cabe_rawit,30000
2024-03-25,3574,cabe_rawit,29000
2024-03-26,3574,cabe_rawit,28000
2024-03-27,3574,cabe_rawit,28000
2024-03-28,3574,cabe_rawit,28000
2024-03-29,3574,cabe_rawit,28000
2024-04-01,3574,cabe_rawit,25000
2024-04-02,3574,cabe_rawit,30000
2024-04-03,3574,cabe_rawit,29000
2024-04-04,3574,cabe_rawit,29000
2024-04-05,3574,cabe_rawit,29000
2024-04-08,3574,cabe_rawit,29000
2024-04-09,3574,cabe_rawit,29000
2024-04-10,3574,cabe_rawit,29000
2024-04-11,3574,cabe_rawit,29000
2024-04-12,3574,cabe_rawit,29000
2024-04-15,3574,cabe_rawit,29000
2024-04-16,3574,cabe_rawit,25000
2024-04-17,3574,cabe_rawit,25000
2024-04-18,3574,cabe_rawit,25000
2024-04-19,3574,cabe_rawit,25000
2024-04-22,3574,cabe_rawit,35000
2024-04-23,3574,cabe_rawit,33500
2024-04-24,3574,cabe_rawit,30000
2024-04-25,3574,cabe_rawit,31000
2024-04-26,3574,cabe_rawit,32500
2024-04-29,3574,cabe_rawit,29000
2024-04-30,3574,cabe_rawit,29000
2024-05-01,3574,cabe_rawit,29000
2024-05-02,3574,cabe_rawit,25000
2024-05-03,3574,cabe_rawit,24500
2024-05-06,3574,cabe_rawit,20000
2024-05-07,3574,cabe_rawit,20000
2024-05-08,3574,cabe_rawit,20000
2024-05-09,3574,cabe_rawit,20000
2024-05-10,3574,cabe_rawit,20000
2024-05-13,3574,cabe_rawit,22000
2024-05-14,3574,cabe_rawit,24000
2024-05-15,3574,cabe_rawit,24000
2024-05-16,3574,cabe_rawit,25000
2024-05-17,3574,cabe_rawit,25000
2024-05-20,3574,cabe_rawit,25000
2024-05-21,3574,cabe_rawit,25000
2024-05-22,3574,cabe_rawit,25000
2024-05-23,3574,cabe_rawit,25000
2024-05-24,3574,cabe_rawit,25000
2024-05-27,3574,cabe_rawit,28000
2024-05-28,3574,cabe_rawit,28000
2024-05-29,3574,cabe_rawit,28000
2024-05-30,3574,cabe_rawit,28000
2024-05-31,3574,cabe_rawit,29000
2024-06-03,3574,cabe_rawit,28000
2024-06-04,3574,cabe_rawit,30000
2024-06-05,3574,cabe_rawit,32500
2024-06-06,3574,cabe_rawit,33500
2024-06-07,3574,cabe_rawit,35000
2024-06-10,3574,cabe_rawit,40000
2024-06-11,3574,cabe_rawit,40000
2024-06-12,3574,cabe_rawit,35000
2024-06-13,3574,cabe_rawit,31500
2024-06-14,3574,cabe_rawit,31500
2024-06-17,3574,cabe_rawit,31500
2024-06-18,3574,cabe_rawit,30000
2024-06-19,3574,cabe_rawit,30000
2024-06-20,3574,cabe_rawit,30000
2024-06-21,3574,cabe_rawit,30000
2024-06-24,3574,cabe_rawit,25000
2024-06-25,3574,cabe_rawit,29000
2024-06-26,3574,cabe_rawit,30000
2024-06-27,3574,cabe_rawit,30000
2024-06-28,3574,cabe_rawit,30000
2024-07-01,3574,cabe_rawit,35000
2024-07-02,3574,cabe_rawit,35000
2024-07-03,3574,cabe_rawit,41500
2024-07-04,3574,cabe_rawit,40000
2024-07-05,3574,cabe_rawit,45000
2024-07-08,3574,cabe_rawit,49000
2024-07-09,3574,cabe_rawit,50000
2024-07-10,3574,cabe_rawit,55000
2024-07-11,3574,cabe_rawit,55000
2024-07-12,3574,cabe_rawit,62500
2024-07-15,3574,cabe_rawit,65000
2024-07-16,3574,cabe_rawit,64000
2024-07-17,3574,cabe_rawit,68000
2024-07-18,3574,cabe_rawit,77500
2024-07-19,3574,cabe_rawit,75000
2024-07-22,3574,cabe_rawit,75000
2024-07-23,3574,cabe_rawit,82500
2024-07-24,3574,cabe_rawit,87500
2024-07-25,3574,cabe_rawit,85000
2024-07-26,3574,cabe_rawit,80000
2024-07-29,3574,cabe_rawit,80000
2024-07-30,3574,cabe_rawit,80000
2024-07-31,3574,cabe_rawit,80000
2024-08-01,3574,cabe_rawit,72500
2024-08-02,3574,cabe_rawit,75000
2024-08-05,3574,cabe_rawit,70000
2024-08-06,3574,cabe_rawit,70000
2024-08-07,3574,cabe_rawit,70000
2024-08-08,3574,cabe_rawit,70000
2024-08-09,3574,cabe_rawit,70000
2024-08-12,3574,cabe_rawit,60000
2024-08-13,3574,cabe_rawit,60000
2024-08-14,3574,cabe_rawit,55000
2024-08-15,3574,cabe_rawit,50000
2024-08-16,3574,cabe_rawit,50000
2024-08-19,3574,cabe_rawit,52500
2024-08-20,3574,cabe_rawit,52500
2024-08-21,3574,cabe_rawit,50000
2024-08-22,3574,cabe_rawit,47500
2024-08-23,3574,cabe_rawit,45000
2024-08-26,3574,cabe_rawit,35000
2024-08-27,3574,cabe_rawit,35000
2024-08-28,3574,cabe_rawit,35000
2024-08-29,3574,cabe_rawit,35000
2024-08-30,3574,cabe_rawit,35000
2024-09-02,3574,cabe_rawit,30000
2024-09-03,3574,cabe_rawit,35000
2024-09-04,3574,cabe_rawit,35000
2024-09-05,3574,cabe_rawit,35000
2024-09-06,3574,cabe_rawit,35000
2024-09-09,3574,cabe_rawit,35000
2024-09-10,3574,cabe_rawit,32000
2024-09-11,3574,cabe_rawit,33500
2024-09-12,3574,cabe_rawit,33500
2024-09-13,3574,cabe_rawit,32000
2024-09-16,3574,cabe_rawit,32000
2024-09-17,3574,cabe_rawit,32000
2024-09-18,3574,cabe_rawit,32000
2024-09-19,3574,cabe_rawit,30000
2024-09-20,3574,cabe_rawit,30000
2024-09-23,3574,cabe_rawit,30000
2024-09-24,3574,cabe_rawit,30000
2024-09-25,3574,cabe_rawit,30000
2024-09-26,3574,cabe_rawit,30000
2024-09-27,3574,cabe_rawit,29000
2024-09-30,3574,cabe_rawit,29000
2024-10-01,3574,cabe_rawit,29000
2024-10-02,3574,cabe_rawit,29000
2024-10-03,3574,cabe_rawit,29000
2024-10-04,3574,cabe_rawit,30000
2024-10-07,3574,cabe_rawit,30000
2024-10-08,3574,cabe_rawit,30000
2024-10-09,3574,cabe_rawit,31000
2024-10-10,3574,cabe_rawit,31000
2024-10-11,3574,cabe_rawit,32000
2024-10-14,3574,cabe_rawit,30000
2024-10-15,3574,cabe_rawit,30000
2024-10-16,3574,cabe_rawit,30000
2024-10-17,3574,cabe_rawit,30000
2024-10-18,3574,cabe_rawit,29000
2024-10-21,3574,cabe_rawit,26000
2024-10-22,3574,cabe_rawit,24500
2024-10-23,3574,cabe_rawit,24500
2024-10-24,3574,cabe_rawit,24500
2024-10-25,3574,cabe_rawit,24500
2024-10-28,3574,cabe_rawit,25000
2024-10-29,3574,cabe_rawit,22000
2024-10-30,3574,cabe_rawit,22000
2024-10-31,3574,cabe_rawit,22000
2024-11-01,3574,cabe_rawit,20000
2024-11-04,3574,cabe_rawit,20000
2024-11-05,3574,cabe_rawit,20000
2024-11-06,3574,cabe_rawit,27500
2024-11-07,3574,cabe_rawit,30000
2024-11-08,3574,cabe_rawit,29500
2024-11-11,3574,cabe_rawit,27000
2024-11-12,3574,cabe_rawit,28000
2024-11-13,3574,cabe_rawit,30000
2024-11-14,3574,cabe_rawit,29000
2024-11-15,3574,cabe_rawit,24500
2024-11-18,3574,cabe_rawit,25000
2024-11-19,3574,cabe_rawit,25000
2024-11-20,3574,cabe_rawit,20000
2024-11-21,3574,cabe_rawit,20000
2024-11-22,3574,cabe_rawit,20000
2024-11-25,3574,cabe_rawit,20000
2024-11-26,3574,cabe_rawit,18000
2024-11-27,3574,cabe_rawit,18000
2024-11-28,3574,cabe_rawit,22500
2024-11-29,3574,cabe_rawit,22000
2024-12-02,3574,cabe_rawit,23000
2024-12-03,3574,cabe_rawit,23000
2024-12-04,3574,cabe_rawit,24000
2024-12-05,3574,cabe_rawit,29000
2024-12-06,3574,cabe_rawit,28000
2024-12-09,3574,cabe_rawit,25000
2024-12-10,3574,cabe_rawit,25000
2024-12-11,3574,cabe_rawit,26500
2024-12-12,3574,cabe_rawit,28000
2024-12-13,3574,cabe_rawit,28000
2024-12-16,3574,cabe_rawit,40000
2024-12-17,3574,cabe_rawit,40000
2024-12-18,3574,cabe_rawit,35000
2024-12-19,3574,cabe_rawit,35000
2024-12-20,3574,cabe_rawit,45000
2024-12-23,3574,cabe_rawit,50000
2024-12-24,3574,cabe_rawit,45000
2024-12-25,3574,cabe_rawit,45000
2024-12-26,3574,cabe_rawit,45000
2024-12-27,3574,cabe_rawit,53500
2024-12-30,3574,cabe_rawit,50000
2024-12-31,3574,cabe_rawit,55000
2025-01-01,3574,cabe_rawit,55000
2025-01-02,3574,cabe_rawit,57500
2025-01-03,3574,cabe_rawit,57500
2025-01-06,3574,cabe_rawit,85000
2025-01-07,3574,cabe_rawit,85000
2025-01-08,3574,cabe_rawit,80000
2025-01-09,3574,cabe_rawit,85000
2025-01-10,3574,cabe_rawit,85000
2025-01-13,3574,cabe_rawit,75000
2025-01-14,3574,cabe_rawit,75000
2025-01-15,3574,cabe_rawit,80000
2025-01-16,3574,cabe_rawit,70000
2025-01-17,3574,cabe_rawit,60000
2025-01-20,3574,cabe_rawit,57500
2025-01-21,3574,cabe_rawit,60000
2025-01-22,3574,cabe_rawit,60000
2025-01-23,3574,cabe_rawit,55000
2025-01-24,3574,cabe_rawit,55000
2025-01-27,3574,cabe_rawit,55000
2025-01-28,3574,cabe_rawit,55000
2025-01-29,3574,cabe_rawit,55000
2025-01-30,3574,cabe_rawit,48000
2025-01-31,3574,cabe_rawit,48000
2025-02-03,3574,cabe_rawit,52500
2025-02-04,3574,cabe_rawit,52500
2025-02-05,3574,cabe_rawit,49000
2025-02-06,3574,cabe_rawit,49000
2025-02-07,3574,cabe_rawit,50000
2025-02-10,3574,cabe_rawit,49000
2025-02-11,3574,cabe_rawit,49000
2025-02-12,3574,cabe_rawit,45000
2025-02-13,3574,cabe_rawit,45000
2025-02-14,3574,cabe_rawit,45000
2025-02-17,3574,cabe_rawit,46500
2025-02-18,3574,cabe_rawit,50000
2025-02-19,3574,cabe_rawit,55000
2025-02-20,3574,cabe_rawit,60000
2025-02-21,3574,cabe_rawit,69000
2025-02-24,3574,cabe_rawit,77500
2025-02-25,3574,cabe_rawit,85000
2025-02-26,3574,cabe_rawit,85000
2025-02-27,3574,cabe_rawit,85000
2025-02-28,3574,cabe_rawit,85000
2025-03-03,3574,cabe_rawit,115000
2025-03-04,3574,cabe_rawit,110000
2025-03-05,3574,cabe_rawit,90000
2025-03-06,3574,cabe_rawit,85000
2025-03-07,3574,cabe_rawit,77500
2025-03-10,3574,cabe_rawit,80000
2025-03-11,3574,cabe_rawit,80000
2025-03-12,3574,cabe_rawit,80000
2025-03-13,3574,cabe_rawit,100000
2025-03-14,3574,cabe_rawit,100000
2025-03-17,3574,cabe_rawit,90000
2025-03-18,3574,cabe_rawit,92500
2025-03-19,3574,cabe_rawit,95000
2025-03-20,3574,cabe_rawit,90000
2025-03-21,3574,cabe_rawit,90000
2025-03-24,3574,cabe_rawit,82500
2025-03-25,3574,cabe_rawit,87500
2025-03-26,3574,cabe_rawit,90000
2025-03-27,3574,cabe_rawit,90000
2025-03-28,3574,cabe_rawit,90000
2025-03-31,3574,cabe_rawit,90000
2025-04-01,3574,cabe_rawit,90000
2025-04-02,3574,cabe_rawit,90000
2025-04-03,3574,cabe_rawit,90000
2025-04-04,3574,cabe_rawit,90000
2025-04-07,3574,cabe_rawit,90000
2025-04-08,3574,cabe_rawit,80000
2025-04-09,3574,cabe_rawit,80000
2025-04-10,3574,cabe_rawit,80000
2025-04-11,3574,cabe_rawit,85000
2025-04-14,3574,cabe_rawit,80000
2025-04-15,3574,cabe_rawit,80000
2025-04-16,3574,cabe_rawit,80000
2025-04-17,3574,cabe_rawit,72500
2025-04-18,3574,cabe_rawit,72500
2025-04-21,3574,cabe_rawit,60000
2025-04-22,3574,cabe_rawit,60000
2025-04-23,3574,cabe_rawit,55000
2025-04-24,3574,cabe_rawit,50000
2025-04-25,3574,cabe_rawit,45000
2025-04-28,3574,cabe_rawit,42250
2025-04-29,3574,cabe_rawit,44750
2025-04-30,3574,cabe_rawit,44750
2025-05-01,3574,cabe_rawit,44750
2025-05-02,3574,cabe_rawit,40000
2025-05-05,3574,cabe_rawit,35000
2025-05-06,3574,cabe_rawit,35000
2025-05-07,3574,cabe_rawit,35000
2025-05-08,3574,cabe_rawit,30000
2025-05-09,3574,cabe_rawit,30000
2025-05-12,3574,cabe_rawit,30000
2025-05-13,3574,cabe_rawit,30000
2025-05-14,3574,cabe_rawit,29000
2025-05-15,3574,cabe_rawit,26500
2025-05-16,3574,cabe_rawit,26500
2025-05-19,3574,cabe_rawit,25000
2025-05-20,3574,cabe_rawit,25000
2025-05-21,3574,cabe_rawit,25000
2025-05-22,3574,cabe_rawit,25000
2025-05-23,3574,cabe_rawit,25000
2025-05-26,3574,cabe_rawit,25000
2025-05-27,3574,cabe_rawit,25000
2025-05-28,3574,cabe_rawit,25000
2025-05-29,3574,cabe_rawit,25000
2025-05-30,3574,cabe_rawit,25000
2025-06-02,3574,cabe_rawit,32500
2025-06-03,3574,cabe_rawit,40000
2025-06-04,3574,cabe_rawit,40000
2025-06-05,3574,cabe_rawit,30000
2025-06-06,3574,cabe_rawit,30000
2025-06-09,3574,cabe_rawit,30000
2025-06-10,3574,cabe_rawit,37500
2025-06-11,3574,cabe_rawit,40000
2025-06-12,3574,cabe_rawit,40000
2025-06-13,3574,cabe_rawit,40000
2025-06-16,3574,cabe_rawit,50000
2025-06-17,3574,cabe_rawit,46500
2025-06-18,3574,cabe_rawit,46500
2025-06-19,3574,cabe_rawit,60000
2025-06-20,3574,cabe_rawit,65000
2025-06-23,3574,cabe_rawit,60000
2025-06-24,3574,cabe_rawit,60000
2025-06-25,3574,cabe_rawit,62500
2025-06-26,3574,cabe_rawit,65000
2025-06-27,3574,cabe_rawit,65000
2025-06-30,3574,cabe_rawit,70000
2025-07-01,3574,cabe_rawit,70000
2025-07-02,3574,cabe_rawit,69500
2025-07-03,3574,cabe_rawit,70000
2025-07-04,3574,cabe_rawit,70000
2025-07-07,3574,cabe_rawit,70000
2025-07-08,3574,cabe_rawit,70000
2025-07-09,3574,cabe_rawit,70000
2025-07-10,3574,cabe_rawit,70000
2025-07-11,3574,cabe_rawit,70000
2025-07-14,3574,cabe_rawit,65000
2025-07-15,3574,cabe_rawit,67500
2025-07-16,3574,cabe_rawit,65000
2025-07-17,3574,cabe_rawit,60000
2025-07-18,3574,cabe_rawit,50000
2025-07-21,3574,cabe_rawit,49000
2025-07-22,3574,cabe_rawit,42500
2025-07-23,3574,cabe_rawit,42500
2025-07-24,3574,cabe_rawit,40000
2025-07-25,3574,cabe_rawit,40000
2025-07-28,3574,cabe_rawit,40000
2025-07-29,3574,cabe_rawit,35000
2025-07-30,3574,cabe_rawit,35000
2025-07-31,3574,cabe_rawit,35000
2025-08-01,3574,cabe_rawit,35000
2025-08-04,3574,cabe_rawit,35000
2025-08-05,3574,cabe_rawit,35000
2025-08-06,3574,cabe_rawit,35000
2025-08-07,3574,cabe_rawit,35000
2025-08-08,3574,cabe_rawit,35000
2025-08-11,3574,cabe_rawit,32500
2025-08-12,3574,cabe_rawit,30000
2025-08-13,3574,cabe_rawit,30000
2025-08-14,3574,cabe_rawit,29000
2025-08-15,3574,cabe_rawit,25000
2025-08-18,3574,cabe_rawit,25000
2025-08-19,3574,cabe_rawit,25000
2025-08-20,3574,cabe_rawit,25000
2025-08-21,3574,cabe_rawit,25000
2025-08-22,3574,cabe_rawit,25000
2025-08-25,3574,cabe_rawit,24500
2025-08-26,3574,cabe_rawit,24500
2025-08-27,3574,cabe_rawit,24500
2025-08-28,3574,cabe_rawit,24500
2025-08-29,3574,cabe_rawit,24500
2025-09-01,3574,cabe_rawit,24500
2025-09-02,3574,cabe_rawit,24500
2025-09-03,3574,cabe_rawit,24500
2025-09-04,3574,cabe_rawit,25000
2025-09-05,3574,cabe_rawit,25000
2025-09-08,3574,cabe_rawit,30000
2025-09-09,3574,cabe_rawit,30000
2025-09-10,3574,cabe_rawit,30000
2025-09-11,3574,cabe_rawit,29000
2025-09-12,3574,cabe_rawit,26500
2025-09-15,3574,cabe_rawit,28000
2025-09-16,3574,cabe_rawit,28000
2025-09-17,3574,cabe_rawit,30000
2025-09-18,3574,cabe_rawit,30000
2025-09-19,3574,cabe_rawit,28000
2025-09-22,3574,cabe_rawit,25000
2025-09-23,3574,cabe_rawit,25000
2025-09-24,3574,cabe_rawit,25000
2025-09-25,3574,cabe_rawit,25000
2025-09-26,3574,cabe_rawit,27000
2025-09-29,3574,cabe_rawit,28000
2025-09-30,3574,cabe_rawit,25000
2025-10-01,3574,cabe_rawit,25000
2025-10-02,3574,cabe_rawit,24500
2025-10-03,3574,cabe_rawit,24500
2025-10-06,3574,cabe_rawit,27000
2025-10-07,3574,cabe_rawit,27000
2025-10-08,3574,cabe_rawit,25000
2025-10-09,3574,cabe_rawit,25000
2025-10-10,3574,cabe_rawit,25000
2025-10-13,3574,cabe_rawit,20000
2025-10-14,3574,cabe_rawit,20000
2025-10-15,3574,cabe_rawit,19000
2025-10-16,3574,cabe_rawit,20000
2025-10-17,3574,cabe_rawit,20000
2025-10-20,3574,cabe_rawit,18250
2025-10-21,3574,cabe_rawit,16500
2025-10-22,3574,cabe_rawit,18000
2025-10-23,3574,cabe_rawit,18000
2025-10-24,3574,cabe_rawit,18000
2025-10-27,3574,cabe_rawit,16000
2025-10-28,3574,cabe_rawit,17000
2025-10-29,3574,cabe_rawit,17000
2025-10-30,3574,cabe_rawit,16500
2025-10-31,3574,cabe_rawit,16500
2025-11-03,3574,cabe_rawit,16000
2025-11-04,3574,cabe_rawit,16000
2025-11-05,3574,cabe_rawit,17000
2025-11-06,3574,cabe_rawit,20000
2025-11-07,3574,cabe_rawit,21000
2025-11-10,3574,cabe_rawit,18000
2025-11-11,3574,cabe_rawit,19000
2025-11-12,3574,cabe_rawit,22000
2025-11-13,3574,cabe_rawit,22000
2025-11-14,3574,cabe_rawit,22000
2025-11-17,3574,cabe_rawit,30000
2025-11-18,3574,cabe_rawit,35000
2025-11-19,3574,cabe_rawit,35000
2025-11-20,3574,cabe_rawit,31000
2025-11-21,3574,cabe_rawit,27000
2025-11-24,3574,cabe_rawit,35000
2025-11-25,3574,cabe_rawit,35000
2025-11-26,3574,cabe_rawit,35000
2025-11-27,3574,cabe_rawit,35000
2025-11-28,3574,cabe_rawit,42500
2025-12-01,3574,cabe_rawit,55000
2025-12-02,3574,cabe_rawit,62500
2025-12-03,3574,cabe_rawit,75000
2025-12-04,3574,cabe_rawit,77500
2025-12-05,3574,cabe_rawit,77500
2025-12-08,3574,cabe_rawit,75000
2025-12-09,3574,cabe_rawit,80000
2025-12-10,3574,cabe_rawit,80000
2025-12-11,3574,cabe_rawit,70000
2025-12-12,3574,cabe_rawit,65000
2025-12-15,3574,cabe_rawit,65000
2025-12-16,3574,cabe_rawit,62500
2025-12-17,3574,cabe_rawit,55000
2025-12-18,3574,cabe_rawit,45000
2025-12-19,3574,cabe_rawit,40000
2025-12-22,3574,cabe_rawit,55000
2025-12-23,3574,cabe_rawit,50000
2025-12-24,3574,cabe_rawit,45000
2025-12-25,3574,cabe_rawit,45000
2025-12-26,3574,cabe_rawit,45000
2025-12-29,3574,cabe_rawit,45000
2025-12-30,3574,cabe_rawit,40000
2025-12-31,3574,cabe_rawit,40000
2021-01-04,3577,cabe_rawit,78750
2021-01-05,3577,cabe_rawit,78750
2021-01-06,3577,cabe_rawit,77000
2021-01-07,3577,cabe_rawit,78750
2021-01-08,3577,cabe_rawit,78750
2021-01-11,3577,cabe_rawit,75750
2021-01-12,3577,cabe_rawit,75750
2021-01-13,3577,cabe_rawit,76250
2021-01-14,3577,cabe_rawit,73500
2021-01-15,3577,cabe_rawit,72500
2021-01-18,3577,cabe_rawit,63750
2021-01-19,3577,cabe_rawit,63750
2021-01-20,3577,cabe_rawit,63000
2021-01-21,3577,cabe_rawit,63000
2021-01-22,3577,cabe_rawit,63000
2021-01-25,3577,cabe_rawit,70000
2021-01-26,3577,cabe_rawit,70000
2021-01-27,3577,cabe_rawit,70000
2021-01-28,3577,cabe_rawit,70000
2021-01-29,3577,cabe_rawit,70000
2021-02-01,3577,cabe_rawit,70000
2021-02-02,3577,cabe_rawit,70000
2021-02-03,3577,cabe_rawit,69250
2021-02-04,3577,cabe_rawit,70000
2021-02-05,3577,cabe_rawit,68250
2021-02-08,3577,cabe_rawit,70000
2021-02-09,3577,cabe_rawit,70000
2021-02-10,3577,cabe_rawit,67000
2021-02-11,3577,cabe_rawit,66500
2021-02-15,3577,cabe_rawit,90250
2021-02-16,3577,cabe_rawit,90250
2021-02-17,3577,cabe_rawit,89500
2021-02-18,3577,cabe_rawit,88250
2021-02-19,3577,cabe_rawit,85750
2021-02-22,3577,cabe_rawit,90750
2021-02-23,3577,cabe_rawit,90000
2021-02-24,3577,cabe_rawit,92500
2021-02-25,3577,cabe_rawit,95250
2021-02-26,3577,cabe_rawit,96000
2021-03-01,3577,cabe_rawit,100000
2021-03-02,3577,cabe_rawit,102500
2021-03-03,3577,cabe_rawit,103750
2021-03-04,3577,cabe_rawit,102500
2021-03-05,3577,cabe_rawit,110000
2021-03-08,3577,cabe_rawit,105000
2021-03-09,3577,cabe_rawit,105000
2021-03-10,3577,cabe_rawit,108750
2021-03-12,3577,cabe_rawit,105000
2021-03-15,3577,cabe_rawit,116250
2021-03-16,3577,cabe_rawit,116250
2021-03-17,3577,cabe_rawit,116250
2021-03-18,3577,cabe_rawit,112500
2021-03-19,3577,cabe_rawit,110000
2021-03-22,3577,cabe_rawit,114000
2021-03-23,3577,cabe_rawit,112500
2021-03-24,3577,cabe_rawit,97500
2021-03-25,3577,cabe_rawit,97500
2021-03-26,3577,cabe_rawit,92500
2021-03-29,3577,cabe_rawit,78500
2021-03-30,3577,cabe_rawit,75750
2021-03-31,3577,cabe_rawit,65000
2021-04-01,3577,cabe_rawit,62500
2021-04-05,3577,cabe_rawit,68000
2021-04-06,3577,cabe_rawit,68000
2021-04-07,3577,cabe_rawit,67500
2021-04-08,3577,cabe_rawit,67000
2021-04-09,3577,cabe_rawit,65000
2021-04-12,3577,cabe_rawit,58250
2021-04-13,3577,cabe_rawit,58250
2021-04-14,3577,cabe_rawit,65000
2021-04-15,3577,cabe_rawit,65500
2021-04-16,3577,cabe_rawit,62500
2021-04-19,3577,cabe_rawit,41750
2021-04-20,3577,cabe_rawit,41250
2021-04-21,3577,cabe_rawit,47000
2021-04-22,3577,cabe_rawit,47750
2021-04-23,3577,cabe_rawit,42250
2021-04-26,3577,cabe_rawit,46250
2021-04-27,3577,cabe_rawit,45750
2021-04-28,3577,cabe_rawit,49500
2021-04-29,3577,cabe_rawit,50000
2021-04-30,3577,cabe_rawit,46250
2021-05-03,3577,cabe_rawit,48250
2021-05-04,3577,cabe_rawit,48250
2021-05-05,3577,cabe_rawit,50000
2021-05-06,3577,cabe_rawit,52000
2021-05-07,3577,cabe_rawit,52500
2021-05-10,3577,cabe_rawit,59500
2021-05-11,3577,cabe_rawit,61750
2021-05-17,3577,cabe_rawit,46250
2021-05-18,3577,cabe_rawit,46250
2021-05-19,3577,cabe_rawit,42500
2021-05-20,3577,cabe_rawit,41750
2021-05-21,3577,cabe_rawit,45000
2021-05-24,3577,cabe_rawit,38250
2021-05-25,3577,cabe_rawit,38250
2021-05-27,3577,cabe_rawit,35250
2021-05-28,3577,cabe_rawit,34500
2021-05-31,3577,cabe_rawit,37000
2021-06-02,3577,cabe_rawit,37000
2021-06-03,3577,cabe_rawit,37500
2021-06-04,3577,cabe_rawit,33000
2021-06-07,3577,cabe_rawit,33750
2021-06-08,3577,cabe_rawit,33750
2021-06-09,3577,cabe_rawit,31250
2021-06-10,3577,cabe_rawit,31250
2021-06-11,3577,cabe_rawit,30250
2021-06-14,3577,cabe_rawit,31250
2021-06-15,3577,cabe_rawit,30000
2021-06-16,3577,cabe_rawit,33750
2021-06-17,3577,cabe_rawit,33750
2021-06-18,3577,cabe_rawit,33750
2021-06-21,3577,cabe_rawit,40250
2021-06-22,3577,cabe_rawit,40750
2021-06-23,3577,cabe_rawit,45500
2021-06-24,3577,cabe_rawit,46000
2021-06-25,3577,cabe_rawit,50750
2021-06-28,3577,cabe_rawit,49500
2021-06-29,3577,cabe_rawit,50000
2021-06-30,3577,cabe_rawit,50000
2021-07-01,3577,cabe_rawit,50000
2021-07-02,3577,cabe_rawit,50000
2021-07-05,3577,cabe_rawit,53000
2021-07-06,3577,cabe_rawit,53000
2021-07-07,3577,cabe_rawit,61250
2021-07-08,3577,cabe_rawit,61250
2021-07-09,3577,cabe_rawit,61250
2021-07-12,3577,cabe_rawit,64750
2021-07-13,3577,cabe_rawit,65000
2021-07-14,3577,cabe_rawit,62500
2021-07-15,3577,cabe_rawit,62000
2021-07-16,3577,cabe_rawit,61250
2021-07-19,3577,cabe_rawit,59000
2021-07-21,3577,cabe_rawit,59500
2021-07-22,3577,cabe_rawit,59500
2021-07-23,3577,cabe_rawit,58000
2021-07-26,3577,cabe_rawit,52500
2021-07-27,3577,cabe_rawit,52500
2021-07-28,3577,cabe_rawit,50000
2021-07-29,3577,cabe_rawit,50000
2021-07-30,3577,cabe_rawit,43750
2021-08-02,3577,cabe_rawit,37500
2021-08-03,3577,cabe_rawit,37500
2021-08-04,3577,cabe_rawit,36250
2021-08-05,3577,cabe_rawit,33000
2021-08-06,3577,cabe_rawit,33000
2021-08-09,3577,cabe_rawit,27500
2021-08-10,3577,cabe_rawit,27000
2021-08-12,3577,cabe_rawit,26250
2021-08-13,3577,cabe_rawit,25000
2021-08-16,3577,cabe_rawit,21250
2021-08-18,3577,cabe_rawit,17750
2021-08-19,3577,cabe_rawit,17750
2021-08-20,3577,cabe_rawit,17750
2021-08-23,3577,cabe_rawit,16500
2021-08-24,3577,cabe_rawit,16500
2021-08-25,3577,cabe_rawit,17500
2021-08-26,3577,cabe_rawit,17250
2021-08-27,3577,cabe_rawit,17250
2021-08-30,3577,cabe_rawit,18250
2021-08-31,3577,cabe_rawit,18000
2021-09-01,3577,cabe_rawit,19500
2021-09-02,3577,cabe_rawit,19500
2021-09-03,3577,cabe_rawit,19500
2021-09-06,3577,cabe_rawit,19750
2021-09-07,3577,cabe_rawit,20250
2021-09-08,3577,cabe_rawit,20750
2021-09-09,3577,cabe_rawit,20750
2021-09-10,3577,cabe_rawit,19000
2021-09-13,3577,cabe_rawit,20000
2021-09-14,3577,cabe_rawit,19500
2021-09-15,3577,cabe_rawit,19000
2021-09-16,3577,cabe_rawit,18500
2021-09-17,3577,cabe_rawit,19000
2021-09-20,3577,cabe_rawit,22000
2021-09-21,3577,cabe_rawit,21500
2021-09-22,3577,cabe_rawit,21750
2021-09-23,3577,cabe_rawit,22750
2021-09-24,3577,cabe_rawit,22750
2021-09-27,3577,cabe_rawit,20500
2021-09-28,3577,cabe_rawit,20500
2021-09-29,3577,cabe_rawit,20500
2021-09-30,3577,cabe_rawit,20500
2021-10-01,3577,cabe_rawit,21000
2021-10-04,3577,cabe_rawit,22500
2021-10-05,3577,cabe_rawit,23250
2021-10-06,3577,cabe_rawit,22750
2021-10-07,3577,cabe_rawit,22750
2021-10-08,3577,cabe_rawit,24250
2021-10-11,3577,cabe_rawit,24250
2021-10-12,3577,cabe_rawit,24500
2021-10-13,3577,cabe_rawit,24500
2021-10-14,3577,cabe_rawit,25000
2021-10-15,3577,cabe_rawit,26500
2021-10-18,3577,cabe_rawit,25500
2021-10-19,3577,cabe_rawit,25500
2021-10-21,3577,cabe_rawit,25500
2021-10-22,3577,cabe_rawit,23250
2021-10-25,3577,cabe_rawit,22250
2021-10-26,3577,cabe_rawit,22750
2021-10-27,3577,cabe_rawit,21750
2021-10-28,3577,cabe_rawit,21000
2021-10-29,3577,cabe_rawit,21000
2021-11-01,3577,cabe_rawit,21500
2021-11-02,3577,cabe_rawit,22500
2021-11-03,3577,cabe_rawit,22000
2021-11-04,3577,cabe_rawit,21500
2021-11-05,3577,cabe_rawit,21500
2021-11-08,3577,cabe_rawit,20500
2021-11-09,3577,cabe_rawit,20000
2021-11-10,3577,cabe_rawit,20000
2021-11-11,3577,cabe_rawit,20500
2021-11-12,3577,cabe_rawit,20500
2021-11-15,3577,cabe_rawit,19500
2021-11-16,3577,cabe_rawit,20000
2021-11-17,3577,cabe_rawit,20500
2021-11-18,3577,cabe_rawit,20000
2021-11-19,3577,cabe_rawit,19000
2021-11-22,3577,cabe_rawit,26500
2021-11-23,3577,cabe_rawit,27250
2021-11-24,3577,cabe_rawit,27500
2021-11-25,3577,cabe_rawit,27250
2021-11-26,3577,cabe_rawit,30500
2021-11-29,3577,cabe_rawit,36750
2021-11-30,3577,cabe_rawit,36750
2021-12-01,3577,cabe_rawit,50000
2021-12-02,3577,cabe_rawit,55000
2021-12-03,3577,cabe_rawit,55750
2021-12-06,3577,cabe_rawit,67500
2021-12-07,3577,cabe_rawit,65750
2021-12-08,3577,cabe_rawit,62500
2021-12-09,3577,cabe_rawit,62500
2021-12-10,3577,cabe_rawit,68000
2021-12-13,3577,cabe_rawit,81250
2021-12-14,3577,cabe_rawit,86750
2021-12-15,3577,cabe_rawit,88000
2021-12-16,3577,cabe_rawit,89500
2021-12-17,3577,cabe_rawit,83000
2021-12-20,3577,cabe_rawit,90000
2021-12-21,3577,cabe_rawit,90000
2021-12-22,3577,cabe_rawit,90000
2021-12-23,3577,cabe_rawit,94250
2021-12-24,3577,cabe_rawit,97500
2021-12-27,3577,cabe_rawit,87500
2021-12-28,3577,cabe_rawit,87500
2021-12-29,3577,cabe_rawit,86250
2021-12-30,3577,cabe_rawit,73500
2021-12-31,3577,cabe_rawit,71750
2022-01-03,3577,cabe_rawit,70000
2022-01-04,3577,cabe_rawit,67000
2022-01-05,3577,cabe_rawit,53750
2022-01-06,3577,cabe_rawit,52500
2022-01-07,3577,cabe_rawit,52500
2022-01-10,3577,cabe_rawit,47500
2022-01-11,3577,cabe_rawit,44250
2022-01-12,3577,cabe_rawit,42500
2022-01-13,3577,cabe_rawit,41750
2022-01-14,3577,cabe_rawit,42500
2022-01-17,3577,cabe_rawit,38750
2022-01-18,3577,cabe_rawit,38750
2022-01-19,3577,cabe_rawit,37500
2022-01-20,3577,cabe_rawit,35000
2022-01-21,3577,cabe_rawit,33000
2022-01-24,3577,cabe_rawit,27500
2022-01-25,3577,cabe_rawit,28750
2022-01-26,3577,cabe_rawit,28750
2022-01-27,3577,cabe_rawit,25750
2022-01-28,3577,cabe_rawit,25750
2022-01-31,3577,cabe_rawit,29500
2022-02-02,3577,cabe_rawit,29500
2022-02-03,3577,cabe_rawit,33250
2022-02-04,3577,cabe_rawit,40250
2022-02-07,3577,cabe_rawit,33750
2022-02-08,3577,cabe_rawit,35000
2022-02-09,3577,cabe_rawit,36000
2022-02-10,3577,cabe_rawit,35000
2022-02-11,3577,cabe_rawit,35000
2022-02-14,3577,cabe_rawit,34250
2022-02-15,3577,cabe_rawit,39500
2022-02-16,3577,cabe_rawit,41750
2022-02-17,3577,cabe_rawit,44250
2022-02-18,3577,cabe_rawit,44250
2022-02-21,3577,cabe_rawit,44500
2022-02-22,3577,cabe_rawit,45000
2022-02-23,3577,cabe_rawit,49250
2022-02-24,3577,cabe_rawit,50500
2022-02-25,3577,cabe_rawit,51250
2022-03-01,3577,cabe_rawit,59500
2022-03-02,3577,cabe_rawit,59500
2022-03-04,3577,cabe_rawit,63750
2022-03-07,3577,cabe_rawit,62000
2022-03-08,3577,cabe_rawit,63500
2022-03-09,3577,cabe_rawit,60000
2022-03-10,3577,cabe_rawit,55750
2022-03-11,3577,cabe_rawit,54500
2022-03-14,3577,cabe_rawit,49250
2022-03-15,3577,cabe_rawit,49250
2022-03-16,3577,cabe_rawit,48500
2022-03-17,3577,cabe_rawit,49000
2022-03-18,3577,cabe_rawit,49000
2022-03-21,3577,cabe_rawit,47500
2022-03-22,3577,cabe_rawit,47000
2022-03-23,3577,cabe_rawit,46750
2022-03-24,3577,cabe_rawit,46750
2022-03-25,3577,cabe_rawit,45500
2022-03-28,3577,cabe_rawit,43250
2022-03-29,3577,cabe_rawit,42500
2022-03-30,3577,cabe_rawit,42250
2022-03-31,3577,cabe_rawit,42500
2022-04-01,3577,cabe_rawit,42750
2022-04-04,3577,cabe_rawit,43500
2022-04-05,3577,cabe_rawit,43500
2022-04-06,3577,cabe_rawit,39000
2022-04-07,3577,cabe_rawit,34500
2022-04-08,3577,cabe_rawit,28750
2022-04-11,3577,cabe_rawit,28250
2022-04-12,3577,cabe_rawit,28250
2022-04-13,3577,cabe_rawit,26750
2022-04-14,3577,cabe_rawit,26250
2022-04-18,3577,cabe_rawit,26000
2022-04-19,3577,cabe_rawit,25500
2022-04-20,3577,cabe_rawit,28500
2022-04-21,3577,cabe_rawit,27250
2022-04-22,3577,cabe_rawit,25750
2022-04-25,3577,cabe_rawit,26500
2022-04-26,3577,cabe_rawit,27250
2022-04-27,3577,cabe_rawit,32500
2022-04-28,3577,cabe_rawit,33750
2022-05-09,3577,cabe_rawit,26750
2022-05-10,3577,cabe_rawit,27000
2022-05-11,3577,cabe_rawit,25000
2022-05-12,3577,cabe_rawit,28750
2022-05-13,3577,cabe_rawit,29000
2022-05-17,3577,cabe_rawit,40000
2022-05-18,3577,cabe_rawit,43750
2022-05-19,3577,cabe_rawit,47000
2022-05-20,3577,cabe_rawit,50500
2022-05-23,3577,cabe_rawit,53250
2022-05-24,3577,cabe_rawit,53750
2022-05-25,3577,cabe_rawit,58750
2022-05-27,3577,cabe_rawit,57500
2022-05-30,3577,cabe_rawit,67750
2022-05-31,3577,cabe_rawit,70250
2022-06-02,3577,cabe_rawit,69500
2022-06-03,3577,cabe_rawit,73500
2022-06-06,3577,cabe_rawit,92500
2022-06-07,3577,cabe_rawit,92500
2022-06-08,3577,cabe_rawit,96500
2022-06-09,3577,cabe_rawit,97000
2022-06-10,3577,cabe_rawit,97500
2022-06-13,3577,cabe_rawit,93750
2022-06-14,3577,cabe_rawit,93750
2022-06-15,3577,cabe_rawit,93750
2022-06-16,3577,cabe_rawit,94500
2022-06-17,3577,cabe_rawit,98750
2022-06-20,3577,cabe_rawit,95250
2022-06-21,3577,cabe_rawit,98250
2022-06-22,3577,cabe_rawit,97500
2022-06-23,3577,cabe_rawit,98250
2022-06-24,3577,cabe_rawit,97750
2022-06-27,3577,cabe_rawit,96500
2022-06-28,3577,cabe_rawit,96500
2022-06-29,3577,cabe_rawit,96500
2022-06-30,3577,cabe_rawit,95750
2022-07-01,3577,cabe_rawit,93000
2022-07-04,3577,cabe_rawit,97500
2022-07-05,3577,cabe_rawit,97500
2022-07-06,3577,cabe_rawit,96250
2022-07-07,3577,cabe_rawit,97500
2022-07-08,3577,cabe_rawit,98000
2022-07-11,3577,cabe_rawit,107500
2022-07-12,3577,cabe_rawit,101250
2022-07-13,3577,cabe_rawit,97500
2022-07-14,3577,cabe_rawit,96250
2022-07-15,3577,cabe_rawit,95500
2022-07-18,3577,cabe_rawit,75000
2022-07-19,3577,cabe_rawit,75000
2022-07-20,3577,cabe_rawit,75000
2022-07-21,3577,cabe_rawit,73750
2022-07-22,3577,cabe_rawit,73750
2022-07-25,3577,cabe_rawit,70000
2022-07-26,3577,cabe_rawit,68000
2022-07-27,3577,cabe_rawit,68750
2022-07-28,3577,cabe_rawit,68750
2022-07-29,3577,cabe_rawit,69250
2022-08-01,3577,cabe_rawit,68250
2022-08-02,3577,cabe_rawit,67500
2022-08-03,3577,cabe_rawit,67500
2022-08-04,3577,cabe_rawit,68750
2022-08-05,3577,cabe_rawit,65750
2022-08-08,3577,cabe_rawit,60000
2022-08-09,3577,cabe_rawit,57500
2022-08-10,3577,cabe_rawit,55500
2022-08-11,3577,cabe_rawit,48750
2022-08-12,3577,cabe_rawit,48750
2022-08-15,3577,cabe_rawit,37500
2022-08-16,3577,cabe_rawit,38750
2022-08-18,3577,cabe_rawit,39250
2022-08-19,3577,cabe_rawit,39250
2022-08-22,3577,cabe_rawit,41250
2022-08-23,3577,cabe_rawit,41250
2022-08-24,3577,cabe_rawit,41250
2022-08-25,3577,cabe_rawit,38250
2022-08-26,3577,cabe_rawit,37500
2022-08-29,3577,cabe_rawit,43500
2022-08-30,3577,cabe_rawit,44000
2022-08-31,3577,cabe_rawit,48750
2022-09-01,3577,cabe_rawit,48750
2022-09-02,3577,cabe_rawit,49500
2022-09-05,3577,cabe_rawit,54250
2022-09-06,3577,cabe_rawit,60000
2022-09-07,3577,cabe_rawit,61250
2022-09-08,3577,cabe_rawit,61250
2022-09-09,3577,cabe_rawit,58750
2022-09-12,3577,cabe_rawit,61250
2022-09-13,3577,cabe_rawit,58500
2022-09-14,3577,cabe_rawit,59250
2022-09-15,3577,cabe_rawit,60500
2022-09-16,3577,cabe_rawit,68750
2022-09-19,3577,cabe_rawit,67250
2022-09-20,3577,cabe_rawit,63750
2022-09-21,3577,cabe_rawit,65500
2022-09-22,3577,cabe_rawit,63750
2022-09-23,3577,cabe_rawit,61250
2022-09-26,3577,cabe_rawit,64500
2022-09-27,3577,cabe_rawit,64500
2022-09-28,3577,cabe_rawit,70000
2022-09-29,3577,cabe_rawit,67500
2022-09-30,3577,cabe_rawit,64250
2022-10-03,3577,cabe_rawit,57000
2022-10-04,3577,cabe_rawit,57500
2022-10-05,3577,cabe_rawit,58250
2022-10-06,3577,cabe_rawit,57000
2022-10-07,3577,cabe_rawit,51250
2022-10-10,3577,cabe_rawit,44500
2022-10-11,3577,cabe_rawit,45000
2022-10-12,3577,cabe_rawit,44500
2022-10-13,3577,cabe_rawit,44500
2022-10-14,3577,cabe_rawit,44500
2022-10-17,3577,cabe_rawit,40000
2022-10-18,3577,cabe_rawit,42500
2022-10-19,3577,cabe_rawit,42000
2022-10-20,3577,cabe_rawit,40250
2022-10-21,3577,cabe_rawit,41250
2022-10-24,3577,cabe_rawit,36500
2022-10-25,3577,cabe_rawit,36500
2022-10-26,3577,cabe_rawit,36500
2022-10-27,3577,cabe_rawit,35750
2022-10-28,3577,cabe_rawit,35250
2022-10-31,3577,cabe_rawit,30500
2022-11-01,3577,cabe_rawit,30000
2022-11-02,3577,cabe_rawit,28250
2022-11-03,3577,cabe_rawit,28250
2022-11-04,3577,cabe_rawit,27500
2022-11-07,3577,cabe_rawit,30500
2022-11-08,3577,cabe_rawit,30500
2022-11-09,3577,cabe_rawit,30000
2022-11-10,3577,cabe_rawit,30000
2022-11-11,3577,cabe_rawit,30000
2022-11-14,3577,cabe_rawit,28250
2022-11-15,3577,cabe_rawit,28250
2022-11-16,3577,cabe_rawit,33250
2022-11-17,3577,cabe_rawit,37000
2022-11-18,3577,cabe_rawit,37500
2022-11-21,3577,cabe_rawit,35200
2022-11-22,3577,cabe_rawit,35000
2022-11-23,3577,cabe_rawit,33500
2022-11-24,3577,cabe_rawit,33500
2022-11-25,3577,cabe_rawit,33250
2022-11-28,3577,cabe_rawit,29500
2022-11-29,3577,cabe_rawit,31000
2022-11-30,3577,cabe_rawit,32500
2022-12-01,3577,cabe_rawit,34500
2022-12-02,3577,cabe_rawit,36000
2022-12-05,3577,cabe_rawit,44500
2022-12-06,3577,cabe_rawit,48250
2022-12-07,3577,cabe_rawit,48750
2022-12-08,3577,cabe_rawit,47250
2022-12-09,3577,cabe_rawit,47250
2022-12-12,3577,cabe_rawit,44000
2022-12-13,3577,cabe_rawit,44000
2022-12-14,3577,cabe_rawit,43500
2022-12-15,3577,cabe_rawit,44500
2022-12-16,3577,cabe_rawit,41000
2022-12-19,3577,cabe_rawit,38250
2022-12-20,3577,cabe_rawit,38250
2022-12-21,3577,cabe_rawit,38250
2022-12-22,3577,cabe_rawit,38250
2022-12-23,3577,cabe_rawit,37500
2022-12-26,3577,cabe_rawit,48000
2022-12-27,3577,cabe_rawit,48250
2022-12-28,3577,cabe_rawit,51750
2022-12-29,3577,cabe_rawit,48250
2022-12-30,3577,cabe_rawit,52750
2023-01-02,3577,cabe_rawit,76750
2023-01-03,3577,cabe_rawit,73000
2023-01-04,3577,cabe_rawit,68250
2023-01-05,3577,cabe_rawit,60750
2023-01-06,3577,cabe_rawit,57750
2023-01-09,3577,cabe_rawit,57500
2023-01-10,3577,cabe_rawit,56000
2023-01-11,3577,cabe_rawit,53750
2023-01-12,3577,cabe_rawit,53250
2023-01-13,3577,cabe_rawit,52500
2023-01-16,3577,cabe_rawit,48250
2023-01-17,3577,cabe_rawit,48000
2023-01-18,3577,cabe_rawit,50000
2023-01-19,3577,cabe_rawit,50500
2023-01-20,3577,cabe_rawit,48250
2023-01-23,3577,cabe_rawit,48250
2023-01-24,3577,cabe_rawit,55750
2023-01-25,3577,cabe_rawit,55250
2023-01-26,3577,cabe_rawit,54500
2023-01-27,3577,cabe_rawit,54500
2023-01-30,3577,cabe_rawit,51250
2023-01-31,3577,cabe_rawit,51250
2023-02-01,3577,cabe_rawit,51250
2023-02-02,3577,cabe_rawit,52000
2023-02-03,3577,cabe_rawit,52000
2023-02-06,3577,cabe_rawit,60250
2023-02-07,3577,cabe_rawit,60250
2023-02-08,3577,cabe_rawit,60250
2023-02-09,3577,cabe_rawit,56750
2023-02-10,3577,cabe_rawit,58750
2023-02-13,3577,cabe_rawit,63000
2023-02-14,3577,cabe_rawit,62250
2023-02-15,3577,cabe_rawit,61750
2023-02-16,3577,cabe_rawit,68250
2023-02-17,3577,cabe_rawit,68750
2023-02-20,3577,cabe_rawit,64000
2023-02-21,3577,cabe_rawit,64000
2023-02-22,3577,cabe_rawit,63750
2023-02-23,3577,cabe_rawit,64250
2023-02-24,3577,cabe_rawit,64250
2023-02-27,3577,cabe_rawit,62500
2023-02-28,3577,cabe_rawit,62500
2023-03-01,3577,cabe_rawit,63000
2023-03-02,3577,cabe_rawit,67500
2023-03-03,3577,cabe_rawit,73000
2023-03-06,3577,cabe_rawit,78250
2023-03-07,3577,cabe_rawit,77500
2023-03-08,3577,cabe_rawit,77500
2023-03-09,3577,cabe_rawit,77500
2023-03-10,3577,cabe_rawit,77500
2023-03-13,3577,cabe_rawit,75500
2023-03-14,3577,cabe_rawit,79500
2023-03-15,3577,cabe_rawit,80000
2023-03-16,3577,cabe_rawit,80000
2023-03-17,3577,cabe_rawit,80000
2023-03-20,3577,cabe_rawit,78750
2023-03-21,3577,cabe_rawit,78750
2023-03-22,3577,cabe_rawit,78750
2023-03-23,3577,cabe_rawit,78750
2023-03-24,3577,cabe_rawit,78750
2023-03-27,3577,cabe_rawit,61250
2023-03-28,3577,cabe_rawit,61250
2023-03-29,3577,cabe_rawit,46250
2023-03-30,3577,cabe_rawit,52500
2023-03-31,3577,cabe_rawit,50000
2023-04-03,3577,cabe_rawit,42500
2023-04-04,3577,cabe_rawit,42500
2023-04-05,3577,cabe_rawit,33750
2023-04-06,3577,cabe_rawit,33000
2023-04-07,3577,cabe_rawit,33000
2023-04-10,3577,cabe_rawit,29500
2023-04-11,3577,cabe_rawit,29500
2023-04-12,3577,cabe_rawit,28750
2023-04-13,3577,cabe_rawit,30250
2023-04-14,3577,cabe_rawit,29250
2023-04-17,3577,cabe_rawit,28500
2023-04-18,3577,cabe_rawit,28250
2023-04-19,3577,cabe_rawit,28250
2023-04-20,3577,cabe_rawit,28250
2023-04-21,3577,cabe_rawit,28250
2023-04-24,3577,cabe_rawit,28250
2023-04-25,3577,cabe_rawit,28250
2023-04-26,3577,cabe_rawit,29500
2023-04-27,3577,cabe_rawit,29500
2023-04-28,3577,cabe_rawit,29500
2023-05-01,3577,cabe_rawit,29500
2023-05-02,3577,cabe_rawit,29000
2023-05-03,3577,cabe_rawit,32500
2023-05-04,3577,cabe_rawit,32000
2023-05-05,3577,cabe_rawit,28250
2023-05-08,3577,cabe_rawit,29250
2023-05-09,3577,cabe_rawit,31000
2023-05-10,3577,cabe_rawit,35000
2023-05-11,3577,cabe_rawit,36000
2023-05-12,3577,cabe_rawit,36000
2023-05-15,3577,cabe_rawit,32750
2023-05-16,3577,cabe_rawit,33500
2023-05-17,3577,cabe_rawit,34500
2023-05-18,3577,cabe_rawit,34500
2023-05-19,3577,cabe_rawit,34500
2023-05-22,3577,cabe_rawit,41750
2023-05-23,3577,cabe_rawit,42500
2023-05-24,3577,cabe_rawit,42500
2023-05-25,3577,cabe_rawit,42250
2023-05-26,3577,cabe_rawit,42250
2023-05-29,3577,cabe_rawit,38250
2023-05-30,3577,cabe_rawit,38250
2023-05-31,3577,cabe_rawit,41250
2023-06-01,3577,cabe_rawit,41250
2023-06-02,3577,cabe_rawit,41250
2023-06-05,3577,cabe_rawit,43000
2023-06-06,3577,cabe_rawit,43000
2023-06-07,3577,cabe_rawit,45500
2023-06-08,3577,cabe_rawit,46250
2023-06-09,3577,cabe_rawit,45500
2023-06-12,3577,cabe_rawit,37750
2023-06-13,3577,cabe_rawit,37750
2023-06-14,3577,cabe_rawit,38250
2023-06-15,3577,cabe_rawit,38250
2023-06-16,3577,cabe_rawit,37000
2023-06-19,3577,cabe_rawit,34250
2023-06-20,3577,cabe_rawit,34250
2023-06-21,3577,cabe_rawit,35500
2023-06-22,3577,cabe_rawit,36500
2023-06-23,3577,cabe_rawit,36250
2023-06-26,3577,cabe_rawit,33000
2023-06-27,3577,cabe_rawit,33000
2023-06-28,3577,cabe_rawit,33000
2023-06-29,3577,cabe_rawit,33000
2023-06-30,3577,cabe_rawit,33000
2023-07-03,3577,cabe_rawit,30000
2023-07-04,3577,cabe_rawit,30000
2023-07-05,3577,cabe_rawit,30000
2023-07-06,3577,cabe_rawit,30000
2023-07-07,3577,cabe_rawit,27000
2023-07-10,3577,cabe_rawit,25500
2023-07-11,3577,cabe_rawit,26750
2023-07-12,3577,cabe_rawit,25500
2023-07-13,3577,cabe_rawit,26000
2023-07-14,3577,cabe_rawit,27000
2023-07-17,3577,cabe_rawit,25750
2023-07-18,3577,cabe_rawit,26500
2023-07-19,3577,cabe_rawit,26500
2023-07-20,3577,cabe_rawit,28500
2023-07-21,3577,cabe_rawit,28750
2023-07-24,3577,cabe_rawit,32000
2023-07-25,3577,cabe_rawit,32000
2023-07-26,3577,cabe_rawit,37500
2023-07-27,3577,cabe_rawit,38250
2023-07-28,3577,cabe_rawit,39250
2023-07-31,3577,cabe_rawit,37000
2023-08-01,3577,cabe_rawit,37000
2023-08-02,3577,cabe_rawit,37750
2023-08-03,3577,cabe_rawit,38750
2023-08-04,3577,cabe_rawit,38750
2023-08-07,3577,cabe_rawit,42500
2023-08-08,3577,cabe_rawit,43250
2023-08-09,3577,cabe_rawit,43750
2023-08-10,3577,cabe_rawit,42500
2023-08-11,3577,cabe_rawit,42500
2023-08-14,3577,cabe_rawit,43750
2023-08-15,3577,cabe_rawit,45000
2023-08-16,3577,cabe_rawit,49500
2023-08-17,3577,cabe_rawit,49500
2023-08-18,3577,cabe_rawit,47500
2023-08-21,3577,cabe_rawit,41000
2023-08-22,3577,cabe_rawit,40750
2023-08-23,3577,cabe_rawit,41250
2023-08-24,3577,cabe_rawit,38250
2023-08-25,3577,cabe_rawit,38250
2023-08-28,3577,cabe_rawit,30000
2023-08-29,3577,cabe_rawit,30000
2023-08-30,3577,cabe_rawit,30000
2023-08-31,3577,cabe_rawit,30000
2023-09-01,3577,cabe_rawit,26500
2023-09-04,3577,cabe_rawit,29250
2023-09-05,3577,cabe_rawit,29750
2023-09-06,3577,cabe_rawit,29500
2023-09-07,3577,cabe_rawit,29500
2023-09-08,3577,cabe_rawit,30750
2023-09-11,3577,cabe_rawit,29250
2023-09-12,3577,cabe_rawit,29250
2023-09-13,3577,cabe_rawit,28250
2023-09-14,3577,cabe_rawit,28750
2023-09-15,3577,cabe_rawit,27500
2023-09-18,3577,cabe_rawit,29000
2023-09-19,3577,cabe_rawit,29000
2023-09-20,3577,cabe_rawit,26500
2023-09-21,3577,cabe_rawit,29250
2023-09-22,3577,cabe_rawit,29500
2023-09-25,3577,cabe_rawit,30250
2023-09-26,3577,cabe_rawit,29250
2023-09-27,3577,cabe_rawit,29500
2023-09-28,3577,cabe_rawit,29500
2023-09-29,3577,cabe_rawit,31500
2023-10-02,3577,cabe_rawit,37500
2023-10-03,3577,cabe_rawit,38500
2023-10-04,3577,cabe_rawit,38250
2023-10-05,3577,cabe_rawit,31250
2023-10-06,3577,cabe_rawit,37000
2023-10-09,3577,cabe_rawit,44000
2023-10-10,3577,cabe_rawit,44000
2023-10-11,3577,cabe_rawit,44000
2023-10-12,3577,cabe_rawit,44000
2023-10-13,3577,cabe_rawit,44750
2023-10-16,3577,cabe_rawit,47750
2023-10-17,3577,cabe_rawit,47750
2023-10-18,3577,cabe_rawit,51250
2023-10-19,3577,cabe_rawit,52250
2023-10-20,3577,cabe_rawit,52250
2023-10-23,3577,cabe_rawit,65500
2023-10-24,3577,cabe_rawit,66250
2023-10-25,3577,cabe_rawit,67750
2023-10-26,3577,cabe_rawit,67500
2023-10-27,3577,cabe_rawit,71250
2023-10-30,3577,cabe_rawit,75500
2023-10-31,3577,cabe_rawit,73750
2023-11-01,3577,cabe_rawit,73750
2023-11-02,3577,cabe_rawit,72500
2023-11-03,3577,cabe_rawit,76250
2023-11-06,3577,cabe_rawit,70000
2023-11-07,3577,cabe_rawit,69250
2023-11-08,3577,cabe_rawit,73750
2023-11-09,3577,cabe_rawit,74500
2023-11-10,3577,cabe_rawit,78750
2023-11-13,3577,cabe_rawit,73000
2023-11-14,3577,cabe_rawit,77250
2023-11-15,3577,cabe_rawit,77000
2023-11-16,3577,cabe_rawit,74250
2023-11-17,3577,cabe_rawit,78750
2023-11-20,3577,cabe_rawit,87500
2023-11-21,3577,cabe_rawit,97500
2023-11-22,3577,cabe_rawit,90000
2023-11-23,3577,cabe_rawit,88750
2023-11-24,3577,cabe_rawit,88250
2023-11-27,3577,cabe_rawit,83750
2023-11-28,3577,cabe_rawit,85250
2023-11-29,3577,cabe_rawit,85250
2023-11-30,3577,cabe_rawit,85500
2023-12-01,3577,cabe_rawit,82500
2023-12-04,3577,cabe_rawit,87500
2023-12-05,3577,cabe_rawit,91250
2023-12-06,3577,cabe_rawit,85000
2023-12-07,3577,cabe_rawit,83750
2023-12-08,3577,cabe_rawit,88750
2023-12-11,3577,cabe_rawit,89250
2023-12-12,3577,cabe_rawit,89250
2023-12-13,3577,cabe_rawit,89250
2023-12-14,3577,cabe_rawit,85250
2023-12-15,3577,cabe_rawit,84250
2023-12-18,3577,cabe_rawit,77000
2023-12-19,3577,cabe_rawit,78750
2023-12-20,3577,cabe_rawit,78750
2023-12-21,3577,cabe_rawit,78750
2023-12-22,3577,cabe_rawit,78250
2023-12-25,3577,cabe_rawit,78250
2023-12-26,3577,cabe_rawit,78250
2023-12-27,3577,cabe_rawit,76000
2023-12-28,3577,cabe_rawit,76750
2023-12-29,3577,cabe_rawit,71750
2024-01-01,3577,cabe_rawit,71750
2024-01-02,3577,cabe_rawit,78750
2024-01-03,3577,cabe_rawit,77500
2024-01-04,3577,cabe_rawit,71250
2024-01-05,3577,cabe_rawit,68500
2024-01-08,3577,cabe_rawit,53750
2024-01-09,3577,cabe_rawit,54250
2024-01-10,3577,cabe_rawit,52000
2024-01-11,3577,cabe_rawit,52000
2024-01-12,3577,cabe_rawit,47250
2024-01-15,3577,cabe_rawit,46250
2024-01-16,3577,cabe_rawit,45750
2024-01-17,3577,cabe_rawit,43750
2024-01-18,3577,cabe_rawit,43750
2024-01-19,3577,cabe_rawit,43750
2024-01-22,3577,cabe_rawit,38250
2024-01-23,3577,cabe_rawit,35500
2024-01-24,3577,cabe_rawit,37500
2024-01-25,3577,cabe_rawit,38500
2024-01-26,3577,cabe_rawit,38750
2024-01-29,3577,cabe_rawit,37500
2024-01-30,3577,cabe_rawit,38250
2024-01-31,3577,cabe_rawit,38750
2024-02-01,3577,cabe_rawit,37250
2024-02-02,3577,cabe_rawit,37250
2024-02-05,3577,cabe_rawit,39000
2024-02-06,3577,cabe_rawit,41000
2024-02-07,3577,cabe_rawit,43750
2024-02-08,3577,cabe_rawit,43750
2024-02-09,3577,cabe_rawit,43750
2024-02-12,3577,cabe_rawit,57500
2024-02-13,3577,cabe_rawit,57500
2024-02-14,3577,cabe_rawit,57500
2024-02-15,3577,cabe_rawit,70000
2024-02-16,3577,cabe_rawit,80250
2024-02-19,3577,cabe_rawit,71250
2024-02-20,3577,cabe_rawit,74000
2024-02-21,3577,cabe_rawit,74000
2024-02-22,3577,cabe_rawit,77500
2024-02-23,3577,cabe_rawit,78000
2024-02-26,3577,cabe_rawit,58500
2024-02-27,3577,cabe_rawit,61000
2024-02-28,3577,cabe_rawit,61250
2024-02-29,3577,cabe_rawit,60000
2024-03-01,3577,cabe_rawit,60000
2024-03-04,3577,cabe_rawit,57500
2024-03-05,3577,cabe_rawit,58750
2024-03-06,3577,cabe_rawit,57500
2024-03-07,3577,cabe_rawit,58750
2024-03-08,3577,cabe_rawit,60500
2024-03-11,3577,cabe_rawit,60500
2024-03-12,3577,cabe_rawit,60500
2024-03-13,3577,cabe_rawit,56750
2024-03-14,3577,cabe_rawit,56750
2024-03-15,3577,cabe_rawit,50250
2024-03-18,3577,cabe_rawit,39250
2024-03-19,3577,cabe_rawit,36500
2024-03-20,3577,cabe_rawit,35750
2024-03-21,3577,cabe_rawit,34250
2024-03-22,3577,cabe_rawit,31250
2024-03-25,3577,cabe_rawit,30250
2024-03-26,3577,cabe_rawit,30000
2024-03-27,3577,cabe_rawit,28250
2024-03-28,3577,cabe_rawit,28250
2024-03-29,3577,cabe_rawit,28250
2024-04-01,3577,cabe_rawit,32000
2024-04-02,3577,cabe_rawit,33000
2024-04-03,3577,cabe_rawit,32250
2024-04-04,3577,cabe_rawit,32500
2024-04-05,3577,cabe_rawit,36250
2024-04-08,3577,cabe_rawit,36250
2024-04-09,3577,cabe_rawit,36250
2024-04-10,3577,cabe_rawit,36250
2024-04-11,3577,cabe_rawit,36250
2024-04-12,3577,cabe_rawit,36250
2024-04-15,3577,cabe_rawit,36250
2024-04-16,3577,cabe_rawit,28750
2024-04-17,3577,cabe_rawit,28250
2024-04-18,3577,cabe_rawit,26500
2024-04-19,3577,cabe_rawit,26500
2024-04-22,3577,cabe_rawit,34750
2024-04-23,3577,cabe_rawit,35500
2024-04-24,3577,cabe_rawit,35500
2024-04-25,3577,cabe_rawit,35000
2024-04-26,3577,cabe_rawit,35000
2024-04-29,3577,cabe_rawit,31250
2024-04-30,3577,cabe_rawit,31250
2024-05-01,3577,cabe_rawit,31250
2024-05-02,3577,cabe_rawit,30000
2024-05-03,3577,cabe_rawit,28250
2024-05-06,3577,cabe_rawit,26000
2024-05-07,3577,cabe_rawit,24250
2024-05-08,3577,cabe_rawit,23500
2024-05-09,3577,cabe_rawit,23500
2024-05-10,3577,cabe_rawit,23500
2024-05-13,3577,cabe_rawit,25250
2024-05-14,3577,cabe_rawit,25500
2024-05-15,3577,cabe_rawit,25250
2024-05-16,3577,cabe_rawit,27500
2024-05-17,3577,cabe_rawit,26250
2024-05-20,3577,cabe_rawit,28500
2024-05-21,3577,cabe_rawit,29000
2024-05-22,3577,cabe_rawit,29000
2024-05-23,3577,cabe_rawit,29000
2024-05-24,3577,cabe_rawit,29000
2024-05-27,3577,cabe_rawit,30000
2024-05-28,3577,cabe_rawit,29250
2024-05-29,3577,cabe_rawit,29250
2024-05-30,3577,cabe_rawit,29500
2024-05-31,3577,cabe_rawit,32500
2024-06-03,3577,cabe_rawit,33250
2024-06-04,3577,cabe_rawit,34000
2024-06-05,3577,cabe_rawit,34250
2024-06-06,3577,cabe_rawit,34250
2024-06-07,3577,cabe_rawit,34250
2024-06-10,3577,cabe_rawit,39500
2024-06-11,3577,cabe_rawit,39500
2024-06-12,3577,cabe_rawit,38500
2024-06-13,3577,cabe_rawit,39500
2024-06-14,3577,cabe_rawit,39500
2024-06-17,3577,cabe_rawit,39500
2024-06-18,3577,cabe_rawit,39500
2024-06-19,3577,cabe_rawit,37500
2024-06-20,3577,cabe_rawit,36250
2024-06-21,3577,cabe_rawit,36000
2024-06-24,3577,cabe_rawit,32500
2024-06-25,3577,cabe_rawit,33500
2024-06-26,3577,cabe_rawit,33500
2024-06-27,3577,cabe_rawit,32250
2024-06-28,3577,cabe_rawit,32250
2024-07-01,3577,cabe_rawit,37500
2024-07-02,3577,cabe_rawit,38000
2024-07-03,3577,cabe_rawit,38000
2024-07-04,3577,cabe_rawit,39250
2024-07-05,3577,cabe_rawit,39250
2024-07-08,3577,cabe_rawit,47500
2024-07-09,3577,cabe_rawit,48250
2024-07-10,3577,cabe_rawit,53750
2024-07-11,3577,cabe_rawit,55500
2024-07-12,3577,cabe_rawit,60250
2024-07-15,3577,cabe_rawit,62000
2024-07-16,3577,cabe_rawit,62500
2024-07-17,3577,cabe_rawit,63750
2024-07-18,3577,cabe_rawit,77500
2024-07-19,3577,cabe_rawit,82500
2024-07-22,3577,cabe_rawit,69750
2024-07-23,3577,cabe_rawit,76750
2024-07-24,3577,cabe_rawit,85750
2024-07-25,3577,cabe_rawit,85750
2024-07-26,3577,cabe_rawit,88750
2024-07-29,3577,cabe_rawit,77500
2024-07-30,3577,cabe_rawit,79250
2024-07-31,3577,cabe_rawit,75750
2024-08-01,3577,cabe_rawit,75000
2024-08-02,3577,cabe_rawit,75250
2024-08-05,3577,cabe_rawit,71750
2024-08-06,3577,cabe_rawit,73750
2024-08-07,3577,cabe_rawit,73750
2024-08-08,3577,cabe_rawit,73750
2024-08-09,3577,cabe_rawit,69750
2024-08-12,3577,cabe_rawit,60000
2024-08-13,3577,cabe_rawit,60000
2024-08-14,3577,cabe_rawit,58250
2024-08-15,3577,cabe_rawit,58000
2024-08-16,3577,cabe_rawit,55750
2024-08-19,3577,cabe_rawit,57250
2024-08-20,3577,cabe_rawit,52750
2024-08-21,3577,cabe_rawit,52000
2024-08-22,3577,cabe_rawit,50000
2024-08-26,3577,cabe_rawit,38250
2024-08-27,3577,cabe_rawit,32500
2024-08-28,3577,cabe_rawit,30750
2024-08-29,3577,cabe_rawit,36250
2024-08-30,3577,cabe_rawit,35000
2024-09-02,3577,cabe_rawit,35000
2024-09-03,3577,cabe_rawit,33750
2024-09-04,3577,cabe_rawit,33750
2024-09-05,3577,cabe_rawit,34000
2024-09-06,3577,cabe_rawit,34000
2024-09-09,3577,cabe_rawit,36250
2024-09-10,3577,cabe_rawit,36250
2024-09-11,3577,cabe_rawit,36250
2024-09-12,3577,cabe_rawit,34250
2024-09-13,3577,cabe_rawit,33750
2024-09-16,3577,cabe_rawit,33750
2024-09-17,3577,cabe_rawit,37250
2024-09-18,3577,cabe_rawit,41250
2024-09-19,3577,cabe_rawit,43000
2024-09-20,3577,cabe_rawit,42500
2024-09-23,3577,cabe_rawit,36500
2024-09-24,3577,cabe_rawit,39000
2024-09-25,3577,cabe_rawit,39000
2024-09-26,3577,cabe_rawit,39000
2024-09-27,3577,cabe_rawit,39000
2024-09-30,3577,cabe_rawit,36000
2024-10-01,3577,cabe_rawit,36000
2024-10-02,3577,cabe_rawit,40000
2024-10-03,3577,cabe_rawit,40000
2024-10-04,3577,cabe_rawit,41250
2024-10-07,3577,cabe_rawit,41250
2024-10-08,3577,cabe_rawit,44250
2024-10-09,3577,cabe_rawit,47000
2024-10-10,3577,cabe_rawit,47500
2024-10-11,3577,cabe_rawit,47250
2024-10-14,3577,cabe_rawit,45000
2024-10-15,3577,cabe_rawit,45000
2024-10-16,3577,cabe_rawit,45500
2024-10-17,3577,cabe_rawit,45500
2024-10-18,3577,cabe_rawit,44500
2024-10-21,3577,cabe_rawit,42000
2024-10-22,3577,cabe_rawit,41250
2024-10-23,3577,cabe_rawit,41250
2024-10-24,3577,cabe_rawit,41250
2024-10-25,3577,cabe_rawit,41250
2024-10-28,3577,cabe_rawit,37000
2024-10-29,3577,cabe_rawit,35250
2024-10-30,3577,cabe_rawit,35000
2024-10-31,3577,cabe_rawit,35000
2024-11-01,3577,cabe_rawit,34000
2024-11-04,3577,cabe_rawit,33000
2024-11-05,3577,cabe_rawit,33750
2024-11-06,3577,cabe_rawit,33750
2024-11-07,3577,cabe_rawit,37000
2024-11-08,3577,cabe_rawit,37000
2024-11-11,3577,cabe_rawit,37750
2024-11-12,3577,cabe_rawit,38250
2024-11-13,3577,cabe_rawit,38500
2024-11-14,3577,cabe_rawit,39250
2024-11-15,3577,cabe_rawit,38000
2024-11-18,3577,cabe_rawit,32500
2024-11-19,3577,cabe_rawit,32000
2024-11-20,3577,cabe_rawit,31250
2024-11-21,3577,cabe_rawit,30750
2024-11-22,3577,cabe_rawit,30750
2024-11-25,3577,cabe_rawit,31500
2024-11-26,3577,cabe_rawit,28250
2024-11-27,3577,cabe_rawit,28250
2024-11-28,3577,cabe_rawit,33500
2024-11-29,3577,cabe_rawit,33500
2024-12-02,3577,cabe_rawit,28500
2024-12-03,3577,cabe_rawit,31000
2024-12-04,3577,cabe_rawit,33750
2024-12-05,3577,cabe_rawit,37750
2024-12-06,3577,cabe_rawit,34250
2024-12-09,3577,cabe_rawit,31000
2024-12-10,3577,cabe_rawit,34750
2024-12-11,3577,cabe_rawit,37250
2024-12-12,3577,cabe_rawit,37250
2024-12-13,3577,cabe_rawit,37500
2024-12-16,3577,cabe_rawit,48250
2024-12-17,3577,cabe_rawit,47750
2024-12-18,3577,cabe_rawit,47250
2024-12-19,3577,cabe_rawit,48250
2024-12-20,3577,cabe_rawit,58500
2024-12-23,3577,cabe_rawit,65750
2024-12-24,3577,cabe_rawit,56250
2024-12-25,3577,cabe_rawit,56250
2024-12-26,3577,cabe_rawit,56250
2024-12-27,3577,cabe_rawit,68750
2024-12-30,3577,cabe_rawit,71250
2024-12-31,3577,cabe_rawit,72500
2025-01-01,3577,cabe_rawit,72500
2025-01-02,3577,cabe_rawit,85750
2025-01-03,3577,cabe_rawit,80500
2025-01-06,3577,cabe_rawit,90500
2025-01-07,3577,cabe_rawit,94250
2025-01-08,3577,cabe_rawit,94500
2025-01-09,3577,cabe_rawit,96250
2025-01-10,3577,cabe_rawit,96250
2025-01-13,3577,cabe_rawit,81250
2025-01-14,3577,cabe_rawit,82000
2025-01-15,3577,cabe_rawit,85000
2025-01-16,3577,cabe_rawit,85750
2025-01-17,3577,cabe_rawit,85000
2025-01-20,3577,cabe_rawit,60000
2025-01-21,3577,cabe_rawit,61750
2025-01-22,3577,cabe_rawit,60000
2025-01-23,3577,cabe_rawit,61750
2025-01-24,3577,cabe_rawit,60500
2025-01-27,3577,cabe_rawit,60500
2025-01-28,3577,cabe_rawit,60500
2025-01-29,3577,cabe_rawit,60500
2025-01-30,3577,cabe_rawit,62250
2025-01-31,3577,cabe_rawit,62500
2025-02-03,3577,cabe_rawit,59000
2025-02-04,3577,cabe_rawit,59750
2025-02-05,3577,cabe_rawit,60500
2025-02-06,3577,cabe_rawit,60750
2025-02-07,3577,cabe_rawit,61250
2025-02-10,3577,cabe_rawit,50000
2025-02-11,3577,cabe_rawit,51250
2025-02-12,3577,cabe_rawit,60500
2025-02-13,3577,cabe_rawit,59250
2025-02-14,3577,cabe_rawit,60500
2025-02-17,3577,cabe_rawit,58250
2025-02-18,3577,cabe_rawit,63750
2025-02-19,3577,cabe_rawit,63750
2025-02-20,3577,cabe_rawit,73000
2025-02-21,3577,cabe_rawit,74000
2025-02-24,3577,cabe_rawit,84250
2025-02-25,3577,cabe_rawit,95000
2025-02-26,3577,cabe_rawit,96750
2025-02-27,3577,cabe_rawit,97250
2025-02-28,3577,cabe_rawit,88750
2025-03-03,3577,cabe_rawit,107500
2025-03-04,3577,cabe_rawit,98750
2025-03-05,3577,cabe_rawit,88250
2025-03-06,3577,cabe_rawit,77500
2025-03-07,3577,cabe_rawit,73250
2025-03-10,3577,cabe_rawit,81250
2025-03-11,3577,cabe_rawit,87500
2025-03-12,3577,cabe_rawit,90250
2025-03-13,3577,cabe_rawit,92500
2025-03-14,3577,cabe_rawit,93500
2025-03-17,3577,cabe_rawit,87000
2025-03-18,3577,cabe_rawit,90000
2025-03-19,3577,cabe_rawit,96250
2025-03-20,3577,cabe_rawit,92500
2025-03-21,3577,cabe_rawit,86250
2025-03-24,3577,cabe_rawit,84500
2025-03-25,3577,cabe_rawit,93250
2025-03-26,3577,cabe_rawit,93250
2025-03-27,3577,cabe_rawit,93750
2025-03-28,3577,cabe_rawit,93750
2025-03-31,3577,cabe_rawit,93750
2025-04-01,3577,cabe_rawit,93750
2025-04-02,3577,cabe_rawit,93750
2025-04-03,3577,cabe_rawit,93750
2025-04-04,3577,cabe_rawit,93750
2025-04-07,3577,cabe_rawit,93750
2025-04-08,3577,cabe_rawit,87500
2025-04-09,3577,cabe_rawit,87500
2025-04-10,3577,cabe_rawit,93500
2025-04-11,3577,cabe_rawit,94250
2025-04-14,3577,cabe_rawit,83750
2025-04-15,3577,cabe_rawit,85000
2025-04-16,3577,cabe_rawit,85750
2025-04-17,3577,cabe_rawit,87000
2025-04-18,3577,cabe_rawit,87000
2025-04-21,3577,cabe_rawit,58250
2025-04-22,3577,cabe_rawit,50750
2025-04-23,3577,cabe_rawit,50000
2025-04-24,3577,cabe_rawit,50000
2025-04-25,3577,cabe_rawit,44750
2025-04-28,3577,cabe_rawit,37500
2025-04-29,3577,cabe_rawit,39750
2025-04-30,3577,cabe_rawit,39750
2025-05-01,3577,cabe_rawit,39750
2025-05-02,3577,cabe_rawit,38750
2025-05-05,3577,cabe_rawit,37000
2025-05-06,3577,cabe_rawit,35000
2025-05-07,3577,cabe_rawit,35000
2025-05-08,3577,cabe_rawit,34250
2025-05-09,3577,cabe_rawit,35000
2025-05-12,3577,cabe_rawit,35000
2025-05-13,3577,cabe_rawit,35000
2025-05-14,3577,cabe_rawit,28750
2025-05-15,3577,cabe_rawit,32500
2025-05-16,3577,cabe_rawit,32500
2025-05-19,3577,cabe_rawit,29500
2025-05-20,3577,cabe_rawit,29500
2025-05-21,3577,cabe_rawit,28250
2025-05-22,3577,cabe_rawit,28000
2025-05-23,3577,cabe_rawit,28500
2025-05-26,3577,cabe_rawit,26250
2025-05-27,3577,cabe_rawit,27500
2025-05-28,3577,cabe_rawit,28750
2025-05-29,3577,cabe_rawit,28750
2025-05-30,3577,cabe_rawit,28750
2025-06-02,3577,cabe_rawit,37500
2025-06-03,3577,cabe_rawit,47750
2025-06-04,3577,cabe_rawit,47500
2025-06-05,3577,cabe_rawit,47500
2025-06-06,3577,cabe_rawit,47500
2025-06-09,3577,cabe_rawit,47500
2025-06-10,3577,cabe_rawit,39750
2025-06-11,3577,cabe_rawit,36750
2025-06-12,3577,cabe_rawit,38750
2025-06-13,3577,cabe_rawit,43750
2025-06-16,3577,cabe_rawit,52500
2025-06-17,3577,cabe_rawit,53000
2025-06-18,3577,cabe_rawit,65000
2025-06-19,3577,cabe_rawit,65000
2025-06-20,3577,cabe_rawit,74250
2025-06-23,3577,cabe_rawit,64250
2025-06-24,3577,cabe_rawit,62500
2025-06-25,3577,cabe_rawit,61250
2025-06-26,3577,cabe_rawit,61250
2025-06-27,3577,cabe_rawit,61250
2025-06-30,3577,cabe_rawit,70000
2025-07-01,3577,cabe_rawit,70250
2025-07-02,3577,cabe_rawit,68500
2025-07-03,3577,cabe_rawit,68250
2025-07-04,3577,cabe_rawit,72500
2025-07-07,3577,cabe_rawit,67500
2025-07-08,3577,cabe_rawit,68500
2025-07-09,3577,cabe_rawit,69750
2025-07-10,3577,cabe_rawit,69750
2025-07-11,3577,cabe_rawit,69750
2025-07-14,3577,cabe_rawit,66250
2025-07-15,3577,cabe_rawit,69500
2025-07-16,3577,cabe_rawit,66500
2025-07-17,3577,cabe_rawit,66500
2025-07-18,3577,cabe_rawit,68500
2025-07-21,3577,cabe_rawit,42500
2025-07-22,3577,cabe_rawit,43000
2025-07-23,3577,cabe_rawit,42500
2025-07-24,3577,cabe_rawit,42500
2025-07-25,3577,cabe_rawit,42500
2025-07-28,3577,cabe_rawit,40500
2025-07-29,3577,cabe_rawit,40000
2025-07-30,3577,cabe_rawit,40000
2025-07-31,3577,cabe_rawit,40500
2025-08-01,3577,cabe_rawit,40250
2025-08-04,3577,cabe_rawit,34750
2025-08-05,3577,cabe_rawit,37500
2025-08-06,3577,cabe_rawit,39500
2025-08-07,3577,cabe_rawit,39500
2025-08-08,3577,cabe_rawit,39500
2025-08-11,3577,cabe_rawit,33000
2025-08-12,3577,cabe_rawit,31750
2025-08-13,3577,cabe_rawit,32000
2025-08-14,3577,cabe_rawit,32250
2025-08-15,3577,cabe_rawit,31500
2025-08-18,3577,cabe_rawit,31500
2025-08-19,3577,cabe_rawit,31000
2025-08-20,3577,cabe_rawit,31500
2025-08-21,3577,cabe_rawit,31500
2025-08-22,3577,cabe_rawit,31750
2025-08-25,3577,cabe_rawit,30000
2025-08-26,3577,cabe_rawit,28500
2025-08-27,3577,cabe_rawit,28750
2025-08-28,3577,cabe_rawit,28750
2025-08-29,3577,cabe_rawit,28750
2025-09-01,3577,cabe_rawit,28750
2025-09-02,3577,cabe_rawit,31000
2025-09-03,3577,cabe_rawit,31000
2025-09-04,3577,cabe_rawit,31250
2025-09-05,3577,cabe_rawit,31250
2025-09-08,3577,cabe_rawit,42000
2025-09-09,3577,cabe_rawit,42500
2025-09-10,3577,cabe_rawit,42500
2025-09-11,3577,cabe_rawit,42500
2025-09-12,3577,cabe_rawit,42500
2025-09-15,3577,cabe_rawit,42000
2025-09-16,3577,cabe_rawit,45000
2025-09-17,3577,cabe_rawit,45500
2025-09-18,3577,cabe_rawit,45000
2025-09-19,3577,cabe_rawit,45000
2025-09-22,3577,cabe_rawit,40250
2025-09-23,3577,cabe_rawit,38000
2025-09-24,3577,cabe_rawit,38250
2025-09-25,3577,cabe_rawit,38750
2025-09-26,3577,cabe_rawit,38750
2025-09-29,3577,cabe_rawit,40750
2025-09-30,3577,cabe_rawit,43250
2025-10-01,3577,cabe_rawit,42500
2025-10-02,3577,cabe_rawit,38750
2025-10-03,3577,cabe_rawit,36750
2025-10-06,3577,cabe_rawit,38750
2025-10-07,3577,cabe_rawit,38750
2025-10-08,3577,cabe_rawit,38750
2025-10-09,3577,cabe_rawit,37000
2025-10-10,3577,cabe_rawit,37000
2025-10-13,3577,cabe_rawit,32500
2025-10-14,3577,cabe_rawit,33750
2025-10-15,3577,cabe_rawit,33000
2025-10-16,3577,cabe_rawit,33000
2025-10-17,3577,cabe_rawit,32500
2025-10-20,3577,cabe_rawit,32500
2025-10-21,3577,cabe_rawit,26750
2025-10-22,3577,cabe_rawit,26250
2025-10-23,3577,cabe_rawit,26250
2025-10-24,3577,cabe_rawit,26250
2025-10-27,3577,cabe_rawit,25500
2025-10-28,3577,cabe_rawit,25750
2025-10-29,3577,cabe_rawit,25750
2025-10-30,3577,cabe_rawit,25750
2025-10-31,3577,cabe_rawit,25750
2025-11-03,3577,cabe_rawit,27000
2025-11-04,3577,cabe_rawit,26250
2025-11-05,3577,cabe_rawit,26250
2025-11-06,3577,cabe_rawit,28000
2025-11-07,3577,cabe_rawit,28000
2025-11-10,3577,cabe_rawit,27500
2025-11-11,3577,cabe_rawit,29750
2025-11-12,3577,cabe_rawit,31500
2025-11-13,3577,cabe_rawit,30000
2025-11-14,3577,cabe_rawit,30000
2025-11-17,3577,cabe_rawit,36250
2025-11-18,3577,cabe_rawit,37500
2025-11-19,3577,cabe_rawit,47500
2025-11-20,3577,cabe_rawit,48750
2025-11-21,3577,cabe_rawit,47500
2025-11-24,3577,cabe_rawit,49250
2025-11-25,3577,cabe_rawit,48000
2025-11-26,3577,cabe_rawit,43250
2025-11-27,3577,cabe_rawit,53250
2025-11-28,3577,cabe_rawit,53750
2025-12-01,3577,cabe_rawit,72750
2025-12-02,3577,cabe_rawit,78500
2025-12-03,3577,cabe_rawit,89250
2025-12-04,3577,cabe_rawit,90500
2025-12-05,3577,cabe_rawit,90500
2025-12-08,3577,cabe_rawit,87500
2025-12-09,3577,cabe_rawit,93750
2025-12-10,3577,cabe_rawit,92500
2025-12-11,3577,cabe_rawit,91250
2025-12-12,3577,cabe_rawit,89500
2025-12-15,3577,cabe_rawit,72500
2025-12-16,3577,cabe_rawit,72500
2025-12-17,3577,cabe_rawit,71500
2025-12-18,3577,cabe_rawit,64500
2025-12-19,3577,cabe_rawit,61250
2025-12-22,3577,cabe_rawit,63500
2025-12-23,3577,cabe_rawit,58000
2025-12-24,3577,cabe_rawit,55250
2025-12-25,3577,cabe_rawit,55250
2025-12-26,3577,cabe_rawit,55250
2025-12-29,3577,cabe_rawit,54000
2025-12-30,3577,cabe_rawit,57000
2025-12-31,3577,cabe_rawit,55750
2021-01-04,3578,cabe_rawit,85000
2021-01-05,3578,cabe_rawit,77500
2021-01-06,3578,cabe_rawit,72500
2021-01-07,3578,cabe_rawit,73750
2021-01-08,3578,cabe_rawit,77500
2021-01-11,3578,cabe_rawit,72500
2021-01-12,3578,cabe_rawit,72500
2021-01-13,3578,cabe_rawit,72500
2021-01-14,3578,cabe_rawit,68750
2021-01-15,3578,cabe_rawit,67500
2021-01-18,3578,cabe_rawit,67500
2021-01-19,3578,cabe_rawit,67500
2021-01-20,3578,cabe_rawit,67500
2021-01-21,3578,cabe_rawit,68750
2021-01-22,3578,cabe_rawit,63750
2021-01-25,3578,cabe_rawit,63750
2021-01-26,3578,cabe_rawit,64250
2021-01-27,3578,cabe_rawit,63250
2021-01-28,3578,cabe_rawit,63250
2021-01-29,3578,cabe_rawit,60000
2021-02-01,3578,cabe_rawit,56250
2021-02-02,3578,cabe_rawit,58750
2021-02-03,3578,cabe_rawit,58750
2021-02-04,3578,cabe_rawit,58750
2021-02-05,3578,cabe_rawit,57500
2021-02-08,3578,cabe_rawit,65000
2021-02-09,3578,cabe_rawit,66250
2021-02-10,3578,cabe_rawit,66250
2021-02-11,3578,cabe_rawit,66250
2021-02-15,3578,cabe_rawit,83750
2021-02-16,3578,cabe_rawit,83250
2021-02-17,3578,cabe_rawit,82500
2021-02-18,3578,cabe_rawit,87500
2021-02-19,3578,cabe_rawit,87500
2021-02-22,3578,cabe_rawit,86250
2021-02-23,3578,cabe_rawit,90000
2021-02-24,3578,cabe_rawit,90000
2021-02-25,3578,cabe_rawit,85000
2021-02-26,3578,cabe_rawit,86250
2021-03-01,3578,cabe_rawit,110000
2021-03-02,3578,cabe_rawit,112500
2021-03-03,3578,cabe_rawit,113750
2021-03-04,3578,cabe_rawit,114250
2021-03-05,3578,cabe_rawit,115000
2021-03-08,3578,cabe_rawit,113750
2021-03-09,3578,cabe_rawit,113750
2021-03-10,3578,cabe_rawit,112500
2021-03-12,3578,cabe_rawit,111250
2021-03-15,3578,cabe_rawit,107500
2021-03-16,3578,cabe_rawit,110000
2021-03-17,3578,cabe_rawit,108000
2021-03-18,3578,cabe_rawit,107500
2021-03-19,3578,cabe_rawit,110000
2021-03-22,3578,cabe_rawit,110000
2021-03-23,3578,cabe_rawit,105000
2021-03-24,3578,cabe_rawit,102500
2021-03-25,3578,cabe_rawit,102500
2021-03-26,3578,cabe_rawit,105000
2021-03-29,3578,cabe_rawit,82500
2021-03-30,3578,cabe_rawit,82500
2021-03-31,3578,cabe_rawit,63750
2021-04-01,3578,cabe_rawit,62500
2021-04-05,3578,cabe_rawit,75000
2021-04-06,3578,cabe_rawit,75000
2021-04-07,3578,cabe_rawit,75000
2021-04-08,3578,cabe_rawit,73750
2021-04-09,3578,cabe_rawit,73750
2021-04-12,3578,cabe_rawit,67500
2021-04-13,3578,cabe_rawit,67500
2021-04-14,3578,cabe_rawit,75000
2021-04-15,3578,cabe_rawit,72500
2021-04-16,3578,cabe_rawit,70000
2021-04-19,3578,cabe_rawit,52500
2021-04-20,3578,cabe_rawit,52500
2021-04-21,3578,cabe_rawit,47500
2021-04-22,3578,cabe_rawit,45000
2021-04-23,3578,cabe_rawit,43750
2021-04-26,3578,cabe_rawit,45000
2021-04-27,3578,cabe_rawit,44250
2021-04-28,3578,cabe_rawit,46250
2021-04-29,3578,cabe_rawit,47000
2021-04-30,3578,cabe_rawit,48750
2021-05-03,3578,cabe_rawit,46250
2021-05-04,3578,cabe_rawit,46250
2021-05-05,3578,cabe_rawit,47500
2021-05-06,3578,cabe_rawit,47500
2021-05-07,3578,cabe_rawit,47500
2021-05-10,3578,cabe_rawit,61250
2021-05-11,3578,cabe_rawit,62000
2021-05-17,3578,cabe_rawit,42500
2021-05-18,3578,cabe_rawit,41250
2021-05-19,3578,cabe_rawit,46250
2021-05-20,3578,cabe_rawit,44750
2021-05-21,3578,cabe_rawit,46000
2021-05-24,3578,cabe_rawit,33750
2021-05-25,3578,cabe_rawit,38750
2021-05-27,3578,cabe_rawit,35250
2021-05-28,3578,cabe_rawit,35250
2021-05-31,3578,cabe_rawit,32500
2021-06-02,3578,cabe_rawit,33000
2021-06-03,3578,cabe_rawit,32500
2021-06-04,3578,cabe_rawit,32500
2021-06-07,3578,cabe_rawit,30750
2021-06-08,3578,cabe_rawit,30750
2021-06-09,3578,cabe_rawit,30000
2021-06-10,3578,cabe_rawit,30000
2021-06-11,3578,cabe_rawit,30000
2021-06-14,3578,cabe_rawit,28750
2021-06-15,3578,cabe_rawit,27250
2021-06-16,3578,cabe_rawit,28000
2021-06-17,3578,cabe_rawit,28000
2021-06-18,3578,cabe_rawit,28250
2021-06-21,3578,cabe_rawit,33250
2021-06-22,3578,cabe_rawit,39000
2021-06-23,3578,cabe_rawit,37250
2021-06-24,3578,cabe_rawit,42500
2021-06-25,3578,cabe_rawit,45000
2021-06-28,3578,cabe_rawit,52500
2021-06-29,3578,cabe_rawit,53000
2021-06-30,3578,cabe_rawit,53750
2021-07-01,3578,cabe_rawit,55000
2021-07-02,3578,cabe_rawit,51250
2021-07-05,3578,cabe_rawit,55000
2021-07-06,3578,cabe_rawit,60000
2021-07-07,3578,cabe_rawit,58750
2021-07-08,3578,cabe_rawit,56750
2021-07-09,3578,cabe_rawit,51250
2021-07-12,3578,cabe_rawit,57500
2021-07-13,3578,cabe_rawit,59750
2021-07-14,3578,cabe_rawit,55000
2021-07-15,3578,cabe_rawit,57500
2021-07-16,3578,cabe_rawit,58750
2021-07-19,3578,cabe_rawit,51250
2021-07-21,3578,cabe_rawit,51000
2021-07-22,3578,cabe_rawit,53750
2021-07-23,3578,cabe_rawit,53750
2021-07-26,3578,cabe_rawit,50000
2021-07-27,3578,cabe_rawit,49000
2021-07-28,3578,cabe_rawit,47750
2021-07-29,3578,cabe_rawit,46500
2021-07-30,3578,cabe_rawit,45000
2021-08-02,3578,cabe_rawit,33750
2021-08-03,3578,cabe_rawit,35000
2021-08-04,3578,cabe_rawit,35000
2021-08-05,3578,cabe_rawit,33750
2021-08-06,3578,cabe_rawit,32750
2021-08-09,3578,cabe_rawit,28250
2021-08-10,3578,cabe_rawit,29000
2021-08-12,3578,cabe_rawit,24750
2021-08-13,3578,cabe_rawit,25000
2021-08-16,3578,cabe_rawit,22250
2021-08-18,3578,cabe_rawit,21250
2021-08-19,3578,cabe_rawit,20250
2021-08-20,3578,cabe_rawit,20250
2021-08-23,3578,cabe_rawit,12750
2021-08-24,3578,cabe_rawit,14000
2021-08-25,3578,cabe_rawit,13250
2021-08-26,3578,cabe_rawit,14250
2021-08-27,3578,cabe_rawit,13750
2021-08-30,3578,cabe_rawit,15000
2021-08-31,3578,cabe_rawit,15250
2021-09-01,3578,cabe_rawit,15250
2021-09-02,3578,cabe_rawit,15000
2021-09-03,3578,cabe_rawit,15000
2021-09-06,3578,cabe_rawit,15500
2021-09-07,3578,cabe_rawit,15000
2021-09-08,3578,cabe_rawit,15500
2021-09-09,3578,cabe_rawit,16500
2021-09-10,3578,cabe_rawit,16500
2021-09-13,3578,cabe_rawit,17750
2021-09-14,3578,cabe_rawit,17750
2021-09-15,3578,cabe_rawit,17500
2021-09-16,3578,cabe_rawit,17250
2021-09-17,3578,cabe_rawit,17000
2021-09-20,3578,cabe_rawit,18250
2021-09-21,3578,cabe_rawit,17750
2021-09-22,3578,cabe_rawit,17750
2021-09-23,3578,cabe_rawit,17750
2021-09-24,3578,cabe_rawit,18250
2021-09-27,3578,cabe_rawit,17750
2021-09-28,3578,cabe_rawit,17250
2021-09-29,3578,cabe_rawit,17750
2021-09-30,3578,cabe_rawit,18250
2021-10-01,3578,cabe_rawit,18250
2021-10-04,3578,cabe_rawit,18250
2021-10-05,3578,cabe_rawit,18250
2021-10-06,3578,cabe_rawit,18000
2021-10-07,3578,cabe_rawit,18750
2021-10-08,3578,cabe_rawit,18750
2021-10-11,3578,cabe_rawit,19250
2021-10-12,3578,cabe_rawit,18750
2021-10-13,3578,cabe_rawit,19000
2021-10-14,3578,cabe_rawit,19000
2021-10-15,3578,cabe_rawit,22250
2021-10-18,3578,cabe_rawit,19000
2021-10-19,3578,cabe_rawit,19000
2021-10-21,3578,cabe_rawit,19000
2021-10-22,3578,cabe_rawit,18500
2021-10-25,3578,cabe_rawit,17750
2021-10-26,3578,cabe_rawit,17500
2021-10-27,3578,cabe_rawit,18000
2021-10-28,3578,cabe_rawit,18000
2021-10-29,3578,cabe_rawit,18000
2021-11-01,3578,cabe_rawit,16750
2021-11-02,3578,cabe_rawit,18000
2021-11-03,3578,cabe_rawit,17000
2021-11-04,3578,cabe_rawit,17500
2021-11-05,3578,cabe_rawit,17500
2021-11-08,3578,cabe_rawit,17250
2021-11-09,3578,cabe_rawit,17250
2021-11-10,3578,cabe_rawit,17000
2021-11-11,3578,cabe_rawit,16000
2021-11-12,3578,cabe_rawit,16250
2021-11-15,3578,cabe_rawit,14750
2021-11-16,3578,cabe_rawit,14750
2021-11-17,3578,cabe_rawit,14750
2021-11-18,3578,cabe_rawit,14750
2021-11-19,3578,cabe_rawit,15500
2021-11-22,3578,cabe_rawit,21000
2021-11-23,3578,cabe_rawit,21000
2021-11-24,3578,cabe_rawit,21500
2021-11-25,3578,cabe_rawit,24500
2021-11-26,3578,cabe_rawit,26000
2021-11-29,3578,cabe_rawit,28750
2021-11-30,3578,cabe_rawit,32500
2021-12-01,3578,cabe_rawit,36500
2021-12-02,3578,cabe_rawit,45750
2021-12-03,3578,cabe_rawit,52500
2021-12-06,3578,cabe_rawit,54000
2021-12-07,3578,cabe_rawit,55000
2021-12-08,3578,cabe_rawit,55000
2021-12-09,3578,cabe_rawit,52500
2021-12-10,3578,cabe_rawit,53000
2021-12-13,3578,cabe_rawit,66250
2021-12-14,3578,cabe_rawit,72500
2021-12-15,3578,cabe_rawit,65000
2021-12-16,3578,cabe_rawit,65000
2021-12-17,3578,cabe_rawit,66750
2021-12-20,3578,cabe_rawit,72500
2021-12-21,3578,cabe_rawit,72500
2021-12-22,3578,cabe_rawit,77500
2021-12-23,3578,cabe_rawit,81250
2021-12-24,3578,cabe_rawit,81250
2021-12-27,3578,cabe_rawit,78750
2021-12-28,3578,cabe_rawit,75750
2021-12-29,3578,cabe_rawit,71000
2021-12-30,3578,cabe_rawit,69250
2021-12-31,3578,cabe_rawit,68750
2022-01-03,3578,cabe_rawit,68750
2022-01-04,3578,cabe_rawit,71500
2022-01-05,3578,cabe_rawit,53750
2022-01-06,3578,cabe_rawit,41250
2022-01-07,3578,cabe_rawit,37500
2022-01-10,3578,cabe_rawit,33750
2022-01-11,3578,cabe_rawit,33750
2022-01-12,3578,cabe_rawit,34250
2022-01-13,3578,cabe_rawit,34250
2022-01-14,3578,cabe_rawit,33750
2022-01-17,3578,cabe_rawit,34250
2022-01-18,3578,cabe_rawit,35500
2022-01-19,3578,cabe_rawit,36250
2022-01-20,3578,cabe_rawit,36250
2022-01-21,3578,cabe_rawit,30000
2022-01-24,3578,cabe_rawit,26500
2022-01-25,3578,cabe_rawit,26250
2022-01-26,3578,cabe_rawit,24500
2022-01-27,3578,cabe_rawit,22500
2022-01-28,3578,cabe_rawit,22500
2022-01-31,3578,cabe_rawit,24000
2022-02-02,3578,cabe_rawit,26250
2022-02-03,3578,cabe_rawit,33000
2022-02-04,3578,cabe_rawit,32750
2022-02-07,3578,cabe_rawit,33500
2022-02-08,3578,cabe_rawit,33500
2022-02-09,3578,cabe_rawit,33500
2022-02-10,3578,cabe_rawit,38250
2022-02-11,3578,cabe_rawit,39000
2022-02-14,3578,cabe_rawit,38000
2022-02-15,3578,cabe_rawit,41250
2022-02-16,3578,cabe_rawit,43750
2022-02-17,3578,cabe_rawit,40000
2022-02-18,3578,cabe_rawit,40500
2022-02-21,3578,cabe_rawit,48250
2022-02-22,3578,cabe_rawit,48750
2022-02-23,3578,cabe_rawit,46250
2022-02-24,3578,cabe_rawit,48750
2022-02-25,3578,cabe_rawit,48750
2022-03-01,3578,cabe_rawit,56750
2022-03-02,3578,cabe_rawit,62500
2022-03-04,3578,cabe_rawit,62500
2022-03-07,3578,cabe_rawit,63750
2022-03-08,3578,cabe_rawit,63750
2022-03-09,3578,cabe_rawit,54500
2022-03-10,3578,cabe_rawit,50000
2022-03-11,3578,cabe_rawit,56250
2022-03-14,3578,cabe_rawit,51250
2022-03-15,3578,cabe_rawit,50500
2022-03-16,3578,cabe_rawit,52500
2022-03-17,3578,cabe_rawit,51250
2022-03-18,3578,cabe_rawit,52000
2022-03-21,3578,cabe_rawit,50000
2022-03-22,3578,cabe_rawit,48750
2022-03-23,3578,cabe_rawit,49250
2022-03-24,3578,cabe_rawit,46750
2022-03-25,3578,cabe_rawit,45750
2022-03-28,3578,cabe_rawit,37500
2022-03-29,3578,cabe_rawit,40000
2022-03-30,3578,cabe_rawit,40000
2022-03-31,3578,cabe_rawit,40750
2022-04-01,3578,cabe_rawit,41250
2022-04-04,3578,cabe_rawit,45000
2022-04-05,3578,cabe_rawit,43750
2022-04-06,3578,cabe_rawit,40000
2022-04-07,3578,cabe_rawit,36250
2022-04-08,3578,cabe_rawit,31750
2022-04-11,3578,cabe_rawit,26250
2022-04-12,3578,cabe_rawit,27500
2022-04-13,3578,cabe_rawit,26250
2022-04-14,3578,cabe_rawit,25000
2022-04-18,3578,cabe_rawit,25500
2022-04-19,3578,cabe_rawit,24250
2022-04-20,3578,cabe_rawit,23500
2022-04-21,3578,cabe_rawit,22250
2022-04-22,3578,cabe_rawit,23250
2022-04-25,3578,cabe_rawit,23750
2022-04-26,3578,cabe_rawit,24250
2022-04-27,3578,cabe_rawit,24750
2022-04-28,3578,cabe_rawit,24750
2022-05-09,3578,cabe_rawit,25750
2022-05-10,3578,cabe_rawit,25750
2022-05-11,3578,cabe_rawit,26250
2022-05-12,3578,cabe_rawit,26250
2022-05-13,3578,cabe_rawit,25750
2022-05-17,3578,cabe_rawit,34000
2022-05-18,3578,cabe_rawit,41250
2022-05-19,3578,cabe_rawit,42000
2022-05-20,3578,cabe_rawit,43750
2022-05-23,3578,cabe_rawit,46000
2022-05-24,3578,cabe_rawit,52500
2022-05-25,3578,cabe_rawit,57500
2022-05-27,3578,cabe_rawit,58750
2022-05-30,3578,cabe_rawit,66250
2022-05-31,3578,cabe_rawit,71250
2022-06-02,3578,cabe_rawit,70000
2022-06-03,3578,cabe_rawit,86250
2022-06-06,3578,cabe_rawit,86250
2022-06-07,3578,cabe_rawit,88750
2022-06-08,3578,cabe_rawit,90000
2022-06-09,3578,cabe_rawit,96250
2022-06-10,3578,cabe_rawit,96250
2022-06-13,3578,cabe_rawit,96250
2022-06-14,3578,cabe_rawit,98750
2022-06-15,3578,cabe_rawit,97500
2022-06-16,3578,cabe_rawit,97500
2022-06-17,3578,cabe_rawit,97500
2022-06-20,3578,cabe_rawit,102500
2022-06-21,3578,cabe_rawit,102500
2022-06-22,3578,cabe_rawit,102500
2022-06-23,3578,cabe_rawit,102500
2022-06-24,3578,cabe_rawit,100000
2022-06-27,3578,cabe_rawit,96250
2022-06-28,3578,cabe_rawit,96250
2022-06-29,3578,cabe_rawit,96250
2022-06-30,3578,cabe_rawit,95000
2022-07-01,3578,cabe_rawit,96250
2022-07-04,3578,cabe_rawit,97500
2022-07-05,3578,cabe_rawit,98750
2022-07-06,3578,cabe_rawit,98750
2022-07-07,3578,cabe_rawit,98750
2022-07-08,3578,cabe_rawit,98750
2022-07-11,3578,cabe_rawit,115000
2022-07-12,3578,cabe_rawit,112500
2022-07-13,3578,cabe_rawit,97500
2022-07-14,3578,cabe_rawit,83750
2022-07-15,3578,cabe_rawit,81250
2022-07-18,3578,cabe_rawit,70000
2022-07-19,3578,cabe_rawit,68750
2022-07-20,3578,cabe_rawit,70000
2022-07-21,3578,cabe_rawit,70000
2022-07-22,3578,cabe_rawit,70000
2022-07-25,3578,cabe_rawit,66250
2022-07-26,3578,cabe_rawit,67500
2022-07-27,3578,cabe_rawit,62500
2022-07-28,3578,cabe_rawit,61250
2022-07-29,3578,cabe_rawit,65000
2022-08-01,3578,cabe_rawit,67500
2022-08-02,3578,cabe_rawit,66250
2022-08-03,3578,cabe_rawit,66250
2022-08-04,3578,cabe_rawit,62500
2022-08-05,3578,cabe_rawit,58750
2022-08-08,3578,cabe_rawit,53500
2022-08-09,3578,cabe_rawit,51000
2022-08-10,3578,cabe_rawit,51000
2022-08-11,3578,cabe_rawit,41250
2022-08-12,3578,cabe_rawit,41250
2022-08-15,3578,cabe_rawit,37500
2022-08-16,3578,cabe_rawit,43750
2022-08-18,3578,cabe_rawit,43750
2022-08-19,3578,cabe_rawit,40000
2022-08-22,3578,cabe_rawit,38750
2022-08-23,3578,cabe_rawit,37500
2022-08-24,3578,cabe_rawit,36500
2022-08-25,3578,cabe_rawit,36500
2022-08-26,3578,cabe_rawit,35750
2022-08-29,3578,cabe_rawit,43750
2022-08-30,3578,cabe_rawit,43750
2022-08-31,3578,cabe_rawit,43750
2022-09-01,3578,cabe_rawit,47500
2022-09-02,3578,cabe_rawit,46250
2022-09-05,3578,cabe_rawit,50500
2022-09-06,3578,cabe_rawit,52500
2022-09-07,3578,cabe_rawit,48250
2022-09-08,3578,cabe_rawit,48250
2022-09-09,3578,cabe_rawit,47000
2022-09-12,3578,cabe_rawit,51500
2022-09-13,3578,cabe_rawit,54000
2022-09-14,3578,cabe_rawit,53750
2022-09-15,3578,cabe_rawit,53750
2022-09-16,3578,cabe_rawit,54500
2022-09-19,3578,cabe_rawit,61250
2022-09-20,3578,cabe_rawit,57500
2022-09-21,3578,cabe_rawit,53750
2022-09-22,3578,cabe_rawit,52500
2022-09-23,3578,cabe_rawit,53750
2022-09-26,3578,cabe_rawit,55000
2022-09-27,3578,cabe_rawit,55000
2022-09-28,3578,cabe_rawit,55750
2022-09-29,3578,cabe_rawit,55750
2022-09-30,3578,cabe_rawit,51250
2022-10-03,3578,cabe_rawit,46250
2022-10-04,3578,cabe_rawit,47500
2022-10-05,3578,cabe_rawit,46250
2022-10-06,3578,cabe_rawit,42000
2022-10-07,3578,cabe_rawit,37500
2022-10-10,3578,cabe_rawit,38750
2022-10-11,3578,cabe_rawit,38750
2022-10-12,3578,cabe_rawit,37500
2022-10-13,3578,cabe_rawit,38750
2022-10-14,3578,cabe_rawit,38750
2022-10-17,3578,cabe_rawit,35000
2022-10-18,3578,cabe_rawit,33750
2022-10-19,3578,cabe_rawit,33750
2022-10-20,3578,cabe_rawit,33750
2022-10-21,3578,cabe_rawit,33750
2022-10-24,3578,cabe_rawit,32500
2022-10-25,3578,cabe_rawit,32500
2022-10-26,3578,cabe_rawit,31250
2022-10-27,3578,cabe_rawit,29000
2022-10-28,3578,cabe_rawit,28750
2022-10-31,3578,cabe_rawit,24750
2022-11-01,3578,cabe_rawit,26250
2022-11-02,3578,cabe_rawit,27500
2022-11-03,3578,cabe_rawit,27500
2022-11-04,3578,cabe_rawit,27500
2022-11-07,3578,cabe_rawit,24750
2022-11-08,3578,cabe_rawit,24750
2022-11-09,3578,cabe_rawit,26000
2022-11-10,3578,cabe_rawit,26000
2022-11-11,3578,cabe_rawit,26000
2022-11-14,3578,cabe_rawit,25500
2022-11-15,3578,cabe_rawit,27500
2022-11-16,3578,cabe_rawit,29750
2022-11-17,3578,cabe_rawit,30250
2022-11-18,3578,cabe_rawit,31250
2022-11-21,3578,cabe_rawit,30750
2022-11-22,3578,cabe_rawit,30250
2022-11-23,3578,cabe_rawit,30000
2022-11-24,3578,cabe_rawit,29000
2022-11-25,3578,cabe_rawit,28250
2022-11-28,3578,cabe_rawit,29500
2022-11-29,3578,cabe_rawit,30750
2022-11-30,3578,cabe_rawit,29750
2022-12-01,3578,cabe_rawit,30750
2022-12-02,3578,cabe_rawit,30750
2022-12-05,3578,cabe_rawit,40500
2022-12-06,3578,cabe_rawit,40500
2022-12-07,3578,cabe_rawit,40500
2022-12-08,3578,cabe_rawit,40000
2022-12-09,3578,cabe_rawit,38750
2022-12-12,3578,cabe_rawit,35000
2022-12-13,3578,cabe_rawit,31250
2022-12-14,3578,cabe_rawit,30000
2022-12-15,3578,cabe_rawit,31000
2022-12-16,3578,cabe_rawit,30500
2022-12-19,3578,cabe_rawit,31750
2022-12-20,3578,cabe_rawit,31750
2022-12-21,3578,cabe_rawit,32500
2022-12-22,3578,cabe_rawit,34250
2022-12-23,3578,cabe_rawit,37500
2022-12-26,3578,cabe_rawit,42000
2022-12-27,3578,cabe_rawit,45750
2022-12-28,3578,cabe_rawit,49500
2022-12-29,3578,cabe_rawit,50000
2022-12-30,3578,cabe_rawit,49500
2023-01-02,3578,cabe_rawit,71250
2023-01-03,3578,cabe_rawit,70000
2023-01-04,3578,cabe_rawit,66250
2023-01-05,3578,cabe_rawit,66250
2023-01-06,3578,cabe_rawit,72500
2023-01-09,3578,cabe_rawit,53750
2023-01-10,3578,cabe_rawit,53750
2023-01-11,3578,cabe_rawit,48750
2023-01-12,3578,cabe_rawit,51250
2023-01-13,3578,cabe_rawit,51250
2023-01-16,3578,cabe_rawit,41250
2023-01-17,3578,cabe_rawit,41250
2023-01-18,3578,cabe_rawit,45000
2023-01-19,3578,cabe_rawit,49500
2023-01-20,3578,cabe_rawit,45750
2023-01-23,3578,cabe_rawit,45750
2023-01-24,3578,cabe_rawit,49500
2023-01-25,3578,cabe_rawit,49500
2023-01-26,3578,cabe_rawit,46750
2023-01-27,3578,cabe_rawit,48000
2023-01-30,3578,cabe_rawit,50000
2023-01-31,3578,cabe_rawit,48750
2023-02-01,3578,cabe_rawit,47250
2023-02-02,3578,cabe_rawit,50000
2023-02-03,3578,cabe_rawit,50000
2023-02-06,3578,cabe_rawit,57500
2023-02-07,3578,cabe_rawit,58000
2023-02-08,3578,cabe_rawit,58750
2023-02-09,3578,cabe_rawit,58750
2023-02-10,3578,cabe_rawit,60000
2023-02-13,3578,cabe_rawit,60000
2023-02-14,3578,cabe_rawit,60000
2023-02-15,3578,cabe_rawit,62500
2023-02-16,3578,cabe_rawit,62500
2023-02-17,3578,cabe_rawit,61750
2023-02-20,3578,cabe_rawit,61250
2023-02-21,3578,cabe_rawit,61250
2023-02-22,3578,cabe_rawit,65000
2023-02-23,3578,cabe_rawit,62500
2023-02-24,3578,cabe_rawit,62500
2023-02-27,3578,cabe_rawit,57500
2023-02-28,3578,cabe_rawit,57500
2023-03-01,3578,cabe_rawit,55000
2023-03-02,3578,cabe_rawit,58750
2023-03-03,3578,cabe_rawit,61250
2023-03-06,3578,cabe_rawit,71250
2023-03-07,3578,cabe_rawit,71250
2023-03-08,3578,cabe_rawit,71250
2023-03-09,3578,cabe_rawit,72500
2023-03-10,3578,cabe_rawit,70750
2023-03-13,3578,cabe_rawit,72500
2023-03-14,3578,cabe_rawit,72500
2023-03-15,3578,cabe_rawit,72500
2023-03-16,3578,cabe_rawit,77500
2023-03-17,3578,cabe_rawit,78750
2023-03-20,3578,cabe_rawit,72500
2023-03-21,3578,cabe_rawit,72500
2023-03-22,3578,cabe_rawit,72500
2023-03-23,3578,cabe_rawit,72500
2023-03-24,3578,cabe_rawit,73750
2023-03-27,3578,cabe_rawit,50000
2023-03-28,3578,cabe_rawit,47500
2023-03-29,3578,cabe_rawit,47500
2023-03-30,3578,cabe_rawit,50000
2023-03-31,3578,cabe_rawit,45000
2023-04-03,3578,cabe_rawit,40000
2023-04-04,3578,cabe_rawit,40500
2023-04-05,3578,cabe_rawit,35000
2023-04-06,3578,cabe_rawit,33250
2023-04-07,3578,cabe_rawit,33250
2023-04-10,3578,cabe_rawit,27500
2023-04-11,3578,cabe_rawit,27500
2023-04-12,3578,cabe_rawit,27500
2023-04-13,3578,cabe_rawit,27500
2023-04-14,3578,cabe_rawit,27500
2023-04-17,3578,cabe_rawit,25500
2023-04-18,3578,cabe_rawit,31250
2023-04-24,3578,cabe_rawit,35000
2023-04-25,3578,cabe_rawit,31250
2023-04-26,3578,cabe_rawit,23750
2023-04-27,3578,cabe_rawit,27250
2023-04-28,3578,cabe_rawit,27250
2023-05-02,3578,cabe_rawit,32500
2023-05-03,3578,cabe_rawit,28750
2023-05-04,3578,cabe_rawit,28750
2023-05-05,3578,cabe_rawit,26000
2023-05-08,3578,cabe_rawit,28750
2023-05-09,3578,cabe_rawit,30500
2023-05-10,3578,cabe_rawit,30000
2023-05-11,3578,cabe_rawit,30500
2023-05-12,3578,cabe_rawit,31250
2023-05-15,3578,cabe_rawit,31750
2023-05-16,3578,cabe_rawit,33500
2023-05-17,3578,cabe_rawit,33500
2023-05-18,3578,cabe_rawit,33500
2023-05-19,3578,cabe_rawit,33000
2023-05-22,3578,cabe_rawit,42000
2023-05-23,3578,cabe_rawit,42000
2023-05-24,3578,cabe_rawit,41250
2023-05-25,3578,cabe_rawit,41250
2023-05-26,3578,cabe_rawit,41250
2023-05-29,3578,cabe_rawit,38750
2023-05-30,3578,cabe_rawit,38750
2023-05-31,3578,cabe_rawit,38750
2023-06-01,3578,cabe_rawit,38750
2023-06-02,3578,cabe_rawit,38750
2023-06-05,3578,cabe_rawit,38750
2023-06-06,3578,cabe_rawit,38750
2023-06-07,3578,cabe_rawit,38750
2023-06-08,3578,cabe_rawit,38750
2023-06-09,3578,cabe_rawit,38750
2023-06-12,3578,cabe_rawit,36250
2023-06-13,3578,cabe_rawit,35750
2023-06-14,3578,cabe_rawit,33250
2023-06-15,3578,cabe_rawit,33250
2023-06-16,3578,cabe_rawit,32000
2023-06-19,3578,cabe_rawit,37000
2023-06-20,3578,cabe_rawit,35500
2023-06-21,3578,cabe_rawit,35500
2023-06-22,3578,cabe_rawit,35500
2023-06-23,3578,cabe_rawit,33250
2023-06-26,3578,cabe_rawit,31500
2023-06-27,3578,cabe_rawit,31500
2023-06-28,3578,cabe_rawit,31500
2023-06-29,3578,cabe_rawit,31500
2023-06-30,3578,cabe_rawit,31500
2023-07-03,3578,cabe_rawit,26000
2023-07-04,3578,cabe_rawit,26000
2023-07-05,3578,cabe_rawit,27250
2023-07-06,3578,cabe_rawit,27250
2023-07-07,3578,cabe_rawit,25750
2023-07-10,3578,cabe_rawit,28750
2023-07-11,3578,cabe_rawit,28750
2023-07-12,3578,cabe_rawit,27500
2023-07-13,3578,cabe_rawit,27250
2023-07-14,3578,cabe_rawit,27250
2023-07-17,3578,cabe_rawit,25500
2023-07-18,3578,cabe_rawit,25500
2023-07-19,3578,cabe_rawit,25500
2023-07-20,3578,cabe_rawit,28000
2023-07-21,3578,cabe_rawit,27000
2023-07-24,3578,cabe_rawit,29750
2023-07-25,3578,cabe_rawit,31000
2023-07-26,3578,cabe_rawit,33750
2023-07-27,3578,cabe_rawit,31750
2023-07-28,3578,cabe_rawit,31750
2023-07-31,3578,cabe_rawit,36250
2023-08-01,3578,cabe_rawit,35250
2023-08-02,3578,cabe_rawit,37250
2023-08-03,3578,cabe_rawit,39000
2023-08-04,3578,cabe_rawit,38500
2023-08-07,3578,cabe_rawit,41500
2023-08-08,3578,cabe_rawit,41500
2023-08-09,3578,cabe_rawit,40500
2023-08-10,3578,cabe_rawit,39000
2023-08-11,3578,cabe_rawit,39500
2023-08-14,3578,cabe_rawit,40000
2023-08-15,3578,cabe_rawit,40750
2023-08-16,3578,cabe_rawit,42500
2023-08-17,3578,cabe_rawit,42500
2023-08-18,3578,cabe_rawit,40500
2023-08-21,3578,cabe_rawit,35500
2023-08-22,3578,cabe_rawit,35500
2023-08-23,3578,cabe_rawit,32000
2023-08-24,3578,cabe_rawit,30750
2023-08-25,3578,cabe_rawit,31250
2023-08-28,3578,cabe_rawit,27000
2023-08-29,3578,cabe_rawit,27000
2023-08-30,3578,cabe_rawit,26500
2023-08-31,3578,cabe_rawit,24750
2023-09-01,3578,cabe_rawit,24750
2023-09-04,3578,cabe_rawit,27250
2023-09-05,3578,cabe_rawit,26500
2023-09-06,3578,cabe_rawit,24250
2023-09-07,3578,cabe_rawit,24000
2023-09-08,3578,cabe_rawit,21750
2023-09-11,3578,cabe_rawit,24750
2023-09-12,3578,cabe_rawit,24750
2023-09-13,3578,cabe_rawit,24500
2023-09-14,3578,cabe_rawit,24000
2023-09-15,3578,cabe_rawit,24000
2023-09-18,3578,cabe_rawit,25250
2023-09-19,3578,cabe_rawit,25250
2023-09-20,3578,cabe_rawit,24750
2023-09-21,3578,cabe_rawit,24000
2023-09-22,3578,cabe_rawit,24500
2023-09-25,3578,cabe_rawit,25500
2023-09-26,3578,cabe_rawit,24500
2023-09-27,3578,cabe_rawit,24500
2023-09-28,3578,cabe_rawit,24500
2023-09-29,3578,cabe_rawit,28750
2023-10-02,3578,cabe_rawit,28500
2023-10-03,3578,cabe_rawit,30500
2023-10-04,3578,cabe_rawit,29750
2023-10-05,3578,cabe_rawit,34250
2023-10-06,3578,cabe_rawit,35500
2023-10-09,3578,cabe_rawit,35750
2023-10-10,3578,cabe_rawit,35750
2023-10-11,3578,cabe_rawit,41250
2023-10-12,3578,cabe_rawit,41250
2023-10-13,3578,cabe_rawit,41250
2023-10-16,3578,cabe_rawit,42750
2023-10-17,3578,cabe_rawit,45000
2023-10-18,3578,cabe_rawit,45000
2023-10-19,3578,cabe_rawit,45000
2023-10-20,3578,cabe_rawit,45750
2023-10-23,3578,cabe_rawit,59500
2023-10-24,3578,cabe_rawit,59500
2023-10-25,3578,cabe_rawit,58250
2023-10-26,3578,cabe_rawit,58750
2023-10-27,3578,cabe_rawit,61250
2023-10-30,3578,cabe_rawit,67500
2023-10-31,3578,cabe_rawit,67750
2023-11-01,3578,cabe_rawit,62750
2023-11-02,3578,cabe_rawit,65250
2023-11-03,3578,cabe_rawit,65250
2023-11-06,3578,cabe_rawit,63000
2023-11-07,3578,cabe_rawit,63000
2023-11-08,3578,cabe_rawit,68000
2023-11-09,3578,cabe_rawit,75500
2023-11-10,3578,cabe_rawit,73750
2023-11-13,3578,cabe_rawit,74250
2023-11-14,3578,cabe_rawit,74250
2023-11-15,3578,cabe_rawit,71750
2023-11-16,3578,cabe_rawit,70000
2023-11-17,3578,cabe_rawit,70500
2023-11-20,3578,cabe_rawit,88000
2023-11-21,3578,cabe_rawit,88000
2023-11-22,3578,cabe_rawit,92500
2023-11-23,3578,cabe_rawit,90000
2023-11-24,3578,cabe_rawit,85000
2023-11-27,3578,cabe_rawit,81250
2023-11-28,3578,cabe_rawit,81250
2023-11-29,3578,cabe_rawit,75500
2023-11-30,3578,cabe_rawit,74250
2023-12-01,3578,cabe_rawit,74250
2023-12-04,3578,cabe_rawit,91500
2023-12-05,3578,cabe_rawit,90000
2023-12-06,3578,cabe_rawit,85000
2023-12-07,3578,cabe_rawit,83000
2023-12-08,3578,cabe_rawit,83000
2023-12-11,3578,cabe_rawit,76750
2023-12-12,3578,cabe_rawit,76750
2023-12-13,3578,cabe_rawit,76750
2023-12-14,3578,cabe_rawit,76750
2023-12-15,3578,cabe_rawit,79250
2023-12-18,3578,cabe_rawit,70000
2023-12-19,3578,cabe_rawit,65750
2023-12-20,3578,cabe_rawit,65750
2023-12-21,3578,cabe_rawit,71250
2023-12-22,3578,cabe_rawit,65000
2023-12-27,3578,cabe_rawit,66750
2023-12-28,3578,cabe_rawit,65500
2023-12-29,3578,cabe_rawit,58000
2024-01-01,3578,cabe_rawit,58000
2024-01-02,3578,cabe_rawit,73000
2024-01-03,3578,cabe_rawit,60000
2024-01-04,3578,cabe_rawit,58750
2024-01-05,3578,cabe_rawit,56250
2024-01-08,3578,cabe_rawit,46250
2024-01-09,3578,cabe_rawit,45000
2024-01-10,3578,cabe_rawit,43750
2024-01-11,3578,cabe_rawit,41250
2024-01-12,3578,cabe_rawit,35500
2024-01-15,3578,cabe_rawit,41250
2024-01-16,3578,cabe_rawit,41250
2024-01-17,3578,cabe_rawit,36750
2024-01-18,3578,cabe_rawit,31750
2024-01-19,3578,cabe_rawit,31750
2024-01-22,3578,cabe_rawit,30500
2024-01-23,3578,cabe_rawit,30500
2024-01-24,3578,cabe_rawit,31250
2024-01-25,3578,cabe_rawit,30500
2024-01-26,3578,cabe_rawit,32250
2024-01-29,3578,cabe_rawit,29500
2024-01-30,3578,cabe_rawit,29500
2024-01-31,3578,cabe_rawit,29500
2024-02-01,3578,cabe_rawit,28250
2024-02-02,3578,cabe_rawit,28750
2024-02-05,3578,cabe_rawit,31250
2024-02-06,3578,cabe_rawit,31000
2024-02-07,3578,cabe_rawit,34000
2024-02-08,3578,cabe_rawit,34000
2024-02-09,3578,cabe_rawit,34000
2024-02-12,3578,cabe_rawit,46500
2024-02-13,3578,cabe_rawit,45000
2024-02-14,3578,cabe_rawit,45000
2024-02-15,3578,cabe_rawit,74250
2024-02-16,3578,cabe_rawit,73000
2024-02-19,3578,cabe_rawit,61250
2024-02-20,3578,cabe_rawit,60000
2024-02-21,3578,cabe_rawit,71750
2024-02-22,3578,cabe_rawit,68750
2024-02-23,3578,cabe_rawit,64250
2024-02-26,3578,cabe_rawit,53000
2024-02-27,3578,cabe_rawit,55500
2024-02-28,3578,cabe_rawit,56750
2024-02-29,3578,cabe_rawit,51250
2024-03-01,3578,cabe_rawit,47000
2024-03-04,3578,cabe_rawit,56750
2024-03-05,3578,cabe_rawit,56750
2024-03-06,3578,cabe_rawit,56750
2024-03-07,3578,cabe_rawit,50750
2024-03-08,3578,cabe_rawit,46250
2024-03-11,3578,cabe_rawit,46250
2024-03-12,3578,cabe_rawit,46250
2024-03-13,3578,cabe_rawit,44500
2024-03-14,3578,cabe_rawit,41250
2024-03-15,3578,cabe_rawit,31250
2024-03-18,3578,cabe_rawit,33000
2024-03-19,3578,cabe_rawit,33000
2024-03-20,3578,cabe_rawit,33000
2024-03-21,3578,cabe_rawit,28500
2024-03-22,3578,cabe_rawit,27000
2024-03-25,3578,cabe_rawit,26250
2024-03-26,3578,cabe_rawit,23750
2024-03-27,3578,cabe_rawit,23750
2024-03-28,3578,cabe_rawit,27000
2024-03-29,3578,cabe_rawit,27000
2024-04-01,3578,cabe_rawit,27750
2024-04-02,3578,cabe_rawit,27750
2024-04-03,3578,cabe_rawit,27750
2024-04-04,3578,cabe_rawit,26500
2024-04-05,3578,cabe_rawit,26500
2024-04-08,3578,cabe_rawit,26500
2024-04-09,3578,cabe_rawit,26500
2024-04-10,3578,cabe_rawit,26500
2024-04-11,3578,cabe_rawit,26500
2024-04-12,3578,cabe_rawit,26500
2024-04-15,3578,cabe_rawit,26500
2024-04-16,3578,cabe_rawit,26250
2024-04-17,3578,cabe_rawit,26250
2024-04-18,3578,cabe_rawit,26250
2024-04-19,3578,cabe_rawit,26250
2024-04-22,3578,cabe_rawit,29000
2024-04-23,3578,cabe_rawit,30250
2024-04-24,3578,cabe_rawit,31250
2024-04-25,3578,cabe_rawit,31750
2024-04-26,3578,cabe_rawit,30000
2024-04-29,3578,cabe_rawit,25000
2024-04-30,3578,cabe_rawit,22500
2024-05-01,3578,cabe_rawit,22500
2024-05-02,3578,cabe_rawit,21250
2024-05-03,3578,cabe_rawit,22750
2024-05-06,3578,cabe_rawit,20250
2024-05-07,3578,cabe_rawit,19500
2024-05-08,3578,cabe_rawit,19500
2024-05-09,3578,cabe_rawit,19500
2024-05-10,3578,cabe_rawit,19500
2024-05-13,3578,cabe_rawit,21250
2024-05-14,3578,cabe_rawit,21250
2024-05-15,3578,cabe_rawit,24500
2024-05-16,3578,cabe_rawit,24500
2024-05-17,3578,cabe_rawit,22500
2024-05-20,3578,cabe_rawit,24000
2024-05-21,3578,cabe_rawit,24000
2024-05-22,3578,cabe_rawit,23500
2024-05-23,3578,cabe_rawit,23500
2024-05-24,3578,cabe_rawit,23500
2024-05-27,3578,cabe_rawit,24250
2024-05-28,3578,cabe_rawit,25500
2024-05-29,3578,cabe_rawit,24000
2024-05-30,3578,cabe_rawit,23500
2024-05-31,3578,cabe_rawit,25250
2024-06-03,3578,cabe_rawit,28500
2024-06-04,3578,cabe_rawit,30000
2024-06-05,3578,cabe_rawit,29500
2024-06-06,3578,cabe_rawit,29250
2024-06-07,3578,cabe_rawit,30000
2024-06-10,3578,cabe_rawit,35250
2024-06-11,3578,cabe_rawit,36500
2024-06-12,3578,cabe_rawit,33000
2024-06-13,3578,cabe_rawit,30500
2024-06-14,3578,cabe_rawit,31000
2024-06-17,3578,cabe_rawit,31000
2024-06-18,3578,cabe_rawit,31000
2024-06-19,3578,cabe_rawit,31750
2024-06-20,3578,cabe_rawit,30500
2024-06-21,3578,cabe_rawit,28750
2024-06-24,3578,cabe_rawit,28500
2024-06-25,3578,cabe_rawit,28500
2024-06-26,3578,cabe_rawit,29250
2024-06-27,3578,cabe_rawit,27500
2024-06-28,3578,cabe_rawit,28500
2024-07-01,3578,cabe_rawit,34500
2024-07-02,3578,cabe_rawit,36750
2024-07-03,3578,cabe_rawit,37500
2024-07-04,3578,cabe_rawit,38500
2024-07-08,3578,cabe_rawit,41250
2024-07-09,3578,cabe_rawit,41250
2024-07-10,3578,cabe_rawit,46500
2024-07-11,3578,cabe_rawit,49500
2024-07-12,3578,cabe_rawit,51250
2024-07-15,3578,cabe_rawit,51750
2024-07-16,3578,cabe_rawit,58000
2024-07-17,3578,cabe_rawit,60500
2024-07-18,3578,cabe_rawit,64000
2024-07-19,3578,cabe_rawit,68750
2024-07-22,3578,cabe_rawit,71250
2024-07-23,3578,cabe_rawit,70000
2024-07-24,3578,cabe_rawit,73750
2024-07-25,3578,cabe_rawit,71250
2024-07-26,3578,cabe_rawit,63750
2024-07-29,3578,cabe_rawit,68500
2024-07-30,3578,cabe_rawit,70500
2024-07-31,3578,cabe_rawit,65000
2024-08-01,3578,cabe_rawit,62000
2024-08-02,3578,cabe_rawit,63500
2024-08-05,3578,cabe_rawit,63750
2024-08-06,3578,cabe_rawit,61250
2024-08-07,3578,cabe_rawit,58750
2024-08-08,3578,cabe_rawit,58250
2024-08-09,3578,cabe_rawit,58000
2024-08-12,3578,cabe_rawit,52500
2024-08-13,3578,cabe_rawit,51750
2024-08-14,3578,cabe_rawit,50000
2024-08-15,3578,cabe_rawit,46750
2024-08-16,3578,cabe_rawit,45500
2024-08-19,3578,cabe_rawit,49500
2024-08-20,3578,cabe_rawit,47500
2024-08-21,3578,cabe_rawit,44500
2024-08-22,3578,cabe_rawit,42500
2024-08-23,3578,cabe_rawit,38000
2024-08-26,3578,cabe_rawit,27500
2024-08-27,3578,cabe_rawit,28500
2024-08-28,3578,cabe_rawit,37250
2024-08-29,3578,cabe_rawit,31250
2024-08-30,3578,cabe_rawit,31250
2024-09-02,3578,cabe_rawit,28500
2024-09-03,3578,cabe_rawit,31750
2024-09-04,3578,cabe_rawit,31250
2024-09-05,3578,cabe_rawit,31250
2024-09-06,3578,cabe_rawit,31250
2024-09-09,3578,cabe_rawit,30000
2024-09-10,3578,cabe_rawit,30000
2024-09-11,3578,cabe_rawit,29500
2024-09-12,3578,cabe_rawit,29000
2024-09-13,3578,cabe_rawit,30000
2024-09-17,3578,cabe_rawit,31250
2024-09-18,3578,cabe_rawit,31750
2024-09-19,3578,cabe_rawit,32250
2024-09-20,3578,cabe_rawit,30000
2024-09-23,3578,cabe_rawit,29500
2024-09-24,3578,cabe_rawit,29500
2024-09-25,3578,cabe_rawit,30000
2024-09-26,3578,cabe_rawit,26750
2024-09-27,3578,cabe_rawit,27250
2024-09-30,3578,cabe_rawit,30000
2024-10-01,3578,cabe_rawit,30500
2024-10-02,3578,cabe_rawit,30500
2024-10-03,3578,cabe_rawit,31000
2024-10-04,3578,cabe_rawit,31000
2024-10-07,3578,cabe_rawit,34250
2024-10-08,3578,cabe_rawit,34250
2024-10-09,3578,cabe_rawit,34250
2024-10-10,3578,cabe_rawit,36750
2024-10-11,3578,cabe_rawit,35500
2024-10-14,3578,cabe_rawit,33500
2024-10-15,3578,cabe_rawit,33500
2024-10-16,3578,cabe_rawit,31750
2024-10-17,3578,cabe_rawit,32750
2024-10-18,3578,cabe_rawit,31250
2024-10-21,3578,cabe_rawit,30500
2024-10-22,3578,cabe_rawit,30000
2024-10-23,3578,cabe_rawit,30000
2024-10-24,3578,cabe_rawit,29250
2024-10-25,3578,cabe_rawit,29750
2024-10-28,3578,cabe_rawit,25750
2024-10-29,3578,cabe_rawit,25750
2024-10-30,3578,cabe_rawit,25500
2024-10-31,3578,cabe_rawit,25500
2024-11-01,3578,cabe_rawit,26500
2024-11-04,3578,cabe_rawit,22750
2024-11-05,3578,cabe_rawit,22000
2024-11-06,3578,cabe_rawit,29500
2024-11-07,3578,cabe_rawit,32750
2024-11-08,3578,cabe_rawit,33500
2024-11-11,3578,cabe_rawit,28250
2024-11-12,3578,cabe_rawit,29750
2024-11-13,3578,cabe_rawit,28250
2024-11-14,3578,cabe_rawit,26250
2024-11-15,3578,cabe_rawit,26250
2024-11-18,3578,cabe_rawit,25750
2024-11-19,3578,cabe_rawit,23000
2024-11-20,3578,cabe_rawit,21750
2024-11-21,3578,cabe_rawit,24500
2024-11-22,3578,cabe_rawit,25000
2024-11-25,3578,cabe_rawit,21500
2024-11-26,3578,cabe_rawit,21000
2024-11-27,3578,cabe_rawit,21000
2024-11-28,3578,cabe_rawit,23250
2024-11-29,3578,cabe_rawit,21500
2024-12-02,3578,cabe_rawit,21000
2024-12-03,3578,cabe_rawit,22250
2024-12-04,3578,cabe_rawit,25500
2024-12-05,3578,cabe_rawit,27000
2024-12-06,3578,cabe_rawit,27250
2024-12-09,3578,cabe_rawit,25250
2024-12-10,3578,cabe_rawit,24750
2024-12-11,3578,cabe_rawit,27500
2024-12-12,3578,cabe_rawit,28000
2024-12-13,3578,cabe_rawit,26000
2024-12-16,3578,cabe_rawit,40500
2024-12-17,3578,cabe_rawit,39250
2024-12-18,3578,cabe_rawit,36500
2024-12-19,3578,cabe_rawit,36500
2024-12-20,3578,cabe_rawit,47500
2024-12-23,3578,cabe_rawit,38000
2024-12-24,3578,cabe_rawit,40250
2024-12-25,3578,cabe_rawit,40250
2024-12-26,3578,cabe_rawit,40250
2024-12-27,3578,cabe_rawit,45000
2024-12-30,3578,cabe_rawit,50000
2024-12-31,3578,cabe_rawit,50000
2025-01-02,3578,cabe_rawit,51250
2025-01-03,3578,cabe_rawit,62500
2025-01-06,3578,cabe_rawit,83750
2025-01-07,3578,cabe_rawit,78750
2025-01-08,3578,cabe_rawit,79500
2025-01-09,3578,cabe_rawit,80500
2025-01-10,3578,cabe_rawit,96250
2025-01-13,3578,cabe_rawit,63750
2025-01-14,3578,cabe_rawit,70000
2025-01-15,3578,cabe_rawit,70000
2025-01-16,3578,cabe_rawit,61250
2025-01-17,3578,cabe_rawit,62500
2025-01-20,3578,cabe_rawit,64250
2025-01-21,3578,cabe_rawit,64250
2025-01-22,3578,cabe_rawit,60500
2025-01-23,3578,cabe_rawit,53750
2025-01-24,3578,cabe_rawit,50000
2025-01-27,3578,cabe_rawit,50000
2025-01-28,3578,cabe_rawit,50000
2025-01-29,3578,cabe_rawit,50000
2025-01-30,3578,cabe_rawit,53750
2025-01-31,3578,cabe_rawit,57500
2025-02-03,3578,cabe_rawit,57500
2025-02-04,3578,cabe_rawit,56250
2025-02-05,3578,cabe_rawit,53750
2025-02-06,3578,cabe_rawit,53750
2025-02-07,3578,cabe_rawit,50000
2025-02-10,3578,cabe_rawit,46750
2025-02-11,3578,cabe_rawit,47500
2025-02-12,3578,cabe_rawit,48750
2025-02-13,3578,cabe_rawit,47250
2025-02-14,3578,cabe_rawit,50500
2025-02-17,3578,cabe_rawit,52500
2025-02-18,3578,cabe_rawit,53750
2025-02-19,3578,cabe_rawit,55000
2025-02-20,3578,cabe_rawit,61250
2025-02-21,3578,cabe_rawit,66250
2025-02-24,3578,cabe_rawit,80000
2025-02-25,3578,cabe_rawit,83000
2025-02-26,3578,cabe_rawit,85500
2025-02-27,3578,cabe_rawit,86250
2025-02-28,3578,cabe_rawit,75000
2025-03-03,3578,cabe_rawit,115000
2025-03-04,3578,cabe_rawit,105000
2025-03-05,3578,cabe_rawit,73750
2025-03-06,3578,cabe_rawit,57500
2025-03-07,3578,cabe_rawit,73750
2025-03-10,3578,cabe_rawit,75000
2025-03-11,3578,cabe_rawit,75000
2025-03-12,3578,cabe_rawit,75000
2025-03-13,3578,cabe_rawit,81250
2025-03-14,3578,cabe_rawit,83750
2025-03-17,3578,cabe_rawit,81250
2025-03-18,3578,cabe_rawit,81250
2025-03-19,3578,cabe_rawit,85000
2025-03-20,3578,cabe_rawit,81250
2025-03-21,3578,cabe_rawit,78750
2025-03-24,3578,cabe_rawit,75000
2025-03-25,3578,cabe_rawit,75000
2025-03-26,3578,cabe_rawit,83750
2025-03-27,3578,cabe_rawit,75000
2025-03-28,3578,cabe_rawit,75000
2025-03-31,3578,cabe_rawit,75000
2025-04-01,3578,cabe_rawit,75000
2025-04-02,3578,cabe_rawit,75000
2025-04-03,3578,cabe_rawit,75000
2025-04-04,3578,cabe_rawit,75000
2025-04-07,3578,cabe_rawit,75000
2025-04-08,3578,cabe_rawit,71750
2025-04-09,3578,cabe_rawit,76250
2025-04-10,3578,cabe_rawit,74500
2025-04-11,3578,cabe_rawit,76250
2025-04-14,3578,cabe_rawit,65000
2025-04-15,3578,cabe_rawit,62500
2025-04-16,3578,cabe_rawit,63750
2025-04-17,3578,cabe_rawit,58750
2025-04-18,3578,cabe_rawit,58750
2025-04-21,3578,cabe_rawit,47500
2025-04-22,3578,cabe_rawit,46250
2025-04-23,3578,cabe_rawit,46750
2025-04-24,3578,cabe_rawit,38750
2025-04-25,3578,cabe_rawit,38750
2025-04-28,3578,cabe_rawit,37000
2025-04-29,3578,cabe_rawit,35750
2025-04-30,3578,cabe_rawit,36250
2025-05-01,3578,cabe_rawit,36250
2025-05-02,3578,cabe_rawit,30500
2025-05-05,3578,cabe_rawit,30500
2025-05-06,3578,cabe_rawit,29250
2025-05-07,3578,cabe_rawit,28750
2025-05-08,3578,cabe_rawit,27500
2025-05-09,3578,cabe_rawit,26250
2025-05-12,3578,cabe_rawit,26250
2025-05-13,3578,cabe_rawit,26250
2025-05-14,3578,cabe_rawit,22500
2025-05-15,3578,cabe_rawit,24500
2025-05-16,3578,cabe_rawit,24250
2025-05-19,3578,cabe_rawit,21750
2025-05-20,3578,cabe_rawit,21750
2025-05-21,3578,cabe_rawit,22750
2025-05-22,3578,cabe_rawit,24000
2025-05-23,3578,cabe_rawit,21750
2025-05-26,3578,cabe_rawit,22250
2025-05-27,3578,cabe_rawit,22250
2025-05-28,3578,cabe_rawit,24500
2025-05-29,3578,cabe_rawit,24500
2025-05-30,3578,cabe_rawit,24500
2025-06-02,3578,cabe_rawit,31250
2025-06-03,3578,cabe_rawit,33250
2025-06-04,3578,cabe_rawit,31250
2025-06-05,3578,cabe_rawit,28750
2025-06-06,3578,cabe_rawit,28750
2025-06-09,3578,cabe_rawit,28750
2025-06-10,3578,cabe_rawit,35000
2025-06-11,3578,cabe_rawit,35750
2025-06-12,3578,cabe_rawit,38250
2025-06-13,3578,cabe_rawit,38750
2025-06-16,3578,cabe_rawit,43750
2025-06-17,3578,cabe_rawit,45000
2025-06-18,3578,cabe_rawit,46250
2025-06-19,3578,cabe_rawit,63750
2025-06-20,3578,cabe_rawit,67500
2025-06-23,3578,cabe_rawit,60000
2025-06-24,3578,cabe_rawit,57500
2025-06-25,3578,cabe_rawit,57500
2025-06-26,3578,cabe_rawit,60000
2025-06-27,3578,cabe_rawit,60000
2025-06-30,3578,cabe_rawit,61250
2025-07-01,3578,cabe_rawit,60000
2025-07-02,3578,cabe_rawit,59500
2025-07-03,3578,cabe_rawit,62500
2025-07-04,3578,cabe_rawit,66250
2025-07-07,3578,cabe_rawit,70250
2025-07-08,3578,cabe_rawit,71250
2025-07-09,3578,cabe_rawit,69500
2025-07-10,3578,cabe_rawit,61250
2025-07-11,3578,cabe_rawit,62500
2025-07-14,3578,cabe_rawit,61250
2025-07-15,3578,cabe_rawit,62500
2025-07-16,3578,cabe_rawit,61250
2025-07-17,3578,cabe_rawit,48750
2025-07-18,3578,cabe_rawit,43750
2025-07-21,3578,cabe_rawit,41250
2025-07-22,3578,cabe_rawit,39500
2025-07-23,3578,cabe_rawit,38500
2025-07-24,3578,cabe_rawit,37250
2025-07-25,3578,cabe_rawit,37000
2025-07-28,3578,cabe_rawit,33000
2025-07-29,3578,cabe_rawit,33500
2025-07-30,3578,cabe_rawit,34250
2025-07-31,3578,cabe_rawit,30500
2025-08-01,3578,cabe_rawit,30500
2025-08-04,3578,cabe_rawit,30500
2025-08-05,3578,cabe_rawit,30500
2025-08-06,3578,cabe_rawit,31500
2025-08-07,3578,cabe_rawit,28750
2025-08-08,3578,cabe_rawit,30000
2025-08-11,3578,cabe_rawit,27500
2025-08-12,3578,cabe_rawit,27500
2025-08-13,3578,cabe_rawit,25500
2025-08-14,3578,cabe_rawit,25500
2025-08-15,3578,cabe_rawit,26250
2025-08-18,3578,cabe_rawit,26250
2025-08-19,3578,cabe_rawit,27000
2025-08-20,3578,cabe_rawit,26250
2025-08-21,3578,cabe_rawit,26750
2025-08-22,3578,cabe_rawit,26000
2025-08-25,3578,cabe_rawit,26000
2025-08-26,3578,cabe_rawit,25750
2025-08-27,3578,cabe_rawit,25750
2025-08-28,3578,cabe_rawit,23750
2025-08-29,3578,cabe_rawit,24250
2025-09-01,3578,cabe_rawit,21000
2025-09-02,3578,cabe_rawit,22500
2025-09-03,3578,cabe_rawit,23250
2025-09-04,3578,cabe_rawit,24250
2025-09-05,3578,cabe_rawit,24250
2025-09-08,3578,cabe_rawit,30000
2025-09-09,3578,cabe_rawit,29250
2025-09-10,3578,cabe_rawit,28750
2025-09-11,3578,cabe_rawit,30000
2025-09-12,3578,cabe_rawit,29500
2025-09-15,3578,cabe_rawit,30000
2025-09-16,3578,cabe_rawit,29500
2025-09-17,3578,cabe_rawit,32000
2025-09-18,3578,cabe_rawit,32000
2025-09-19,3578,cabe_rawit,28750
2025-09-22,3578,cabe_rawit,25750
2025-09-23,3578,cabe_rawit,26000
2025-09-24,3578,cabe_rawit,27000
2025-09-25,3578,cabe_rawit,27000
2025-09-26,3578,cabe_rawit,28750
2025-09-29,3578,cabe_rawit,26500
2025-09-30,3578,cabe_rawit,28750
2025-10-01,3578,cabe_rawit,28750
2025-10-02,3578,cabe_rawit,26250
2025-10-03,3578,cabe_rawit,28250
2025-10-06,3578,cabe_rawit,28250
2025-10-07,3578,cabe_rawit,27250
2025-10-08,3578,cabe_rawit,26750
2025-10-09,3578,cabe_rawit,27750
2025-10-10,3578,cabe_rawit,26750
2025-10-13,3578,cabe_rawit,26500
2025-10-14,3578,cabe_rawit,23250
2025-10-15,3578,cabe_rawit,22500
2025-10-16,3578,cabe_rawit,25000
2025-10-17,3578,cabe_rawit,25000
2025-10-20,3578,cabe_rawit,20750
2025-10-21,3578,cabe_rawit,21750
2025-10-22,3578,cabe_rawit,21500
2025-10-23,3578,cabe_rawit,20000
2025-10-24,3578,cabe_rawit,20000
2025-10-27,3578,cabe_rawit,19500
2025-10-28,3578,cabe_rawit,19500
2025-10-29,3578,cabe_rawit,19500
2025-10-30,3578,cabe_rawit,20000
2025-10-31,3578,cabe_rawit,19250
2025-11-03,3578,cabe_rawit,19500
2025-11-04,3578,cabe_rawit,19500
2025-11-05,3578,cabe_rawit,19500
2025-11-06,3578,cabe_rawit,21000
2025-11-07,3578,cabe_rawit,21000
2025-11-10,3578,cabe_rawit,20000
2025-11-11,3578,cabe_rawit,20000
2025-11-12,3578,cabe_rawit,20000
2025-11-13,3578,cabe_rawit,21000
2025-11-14,3578,cabe_rawit,21500
2025-11-17,3578,cabe_rawit,32750
2025-11-18,3578,cabe_rawit,32500
2025-11-19,3578,cabe_rawit,31250
2025-11-20,3578,cabe_rawit,28750
2025-11-21,3578,cabe_rawit,28250
2025-11-24,3578,cabe_rawit,31250
2025-11-25,3578,cabe_rawit,31250
2025-11-26,3578,cabe_rawit,33750
2025-11-27,3578,cabe_rawit,39000
2025-11-28,3578,cabe_rawit,48750
2025-12-01,3578,cabe_rawit,53750
2025-12-02,3578,cabe_rawit,58750
2025-12-03,3578,cabe_rawit,71250
2025-12-04,3578,cabe_rawit,72500
2025-12-05,3578,cabe_rawit,71250
2025-12-08,3578,cabe_rawit,75000
2025-12-09,3578,cabe_rawit,72500
2025-12-10,3578,cabe_rawit,70000
2025-12-11,3578,cabe_rawit,63750
2025-12-12,3578,cabe_rawit,66250
2025-12-15,3578,cabe_rawit,58750
2025-12-16,3578,cabe_rawit,57500
2025-12-17,3578,cabe_rawit,51250
2025-12-18,3578,cabe_rawit,42500
2025-12-19,3578,cabe_rawit,57000
2025-12-22,3578,cabe_rawit,48250
2025-12-23,3578,cabe_rawit,43750
2025-12-24,3578,cabe_rawit,52500
2025-12-25,3578,cabe_rawit,52500
2025-12-26,3578,cabe_rawit,52500
2025-12-29,3578,cabe_rawit,44500
2025-12-30,3578,cabe_rawit,42500
2025-12-31,3578,cabe_rawit,43750
