date,city_id,commodity_code,price_per_kg
2021-01-04,3509,beras_medium_1,10750
2021-01-05,3509,beras_medium_1,10750
2021-01-06,3509,beras_medium_1,10750
2021-01-07,3509,beras_medium_1,10750
2021-01-08,3509,beras_medium_1,10750
2021-01-11,3509,beras_medium_1,10750
2021-01-12,3509,beras_medium_1,10750
2021-01-13,3509,beras_medium_1,10750
2021-01-14,3509,beras_medium_1,10750
2021-01-15,3509,beras_medium_1,10750
2021-01-18,3509,beras_medium_1,10750
2021-01-19,3509,beras_medium_1,10750
2021-01-20,3509,beras_medium_1,10750
2021-01-21,3509,beras_medium_1,10750
2021-01-22,3509,beras_medium_1,10750
2021-01-25,3509,beras_medium_1,10750
2021-01-26,3509,beras_medium_1,10750
2021-01-27,3509,beras_medium_1,10750
2021-01-28,3509,beras_medium_1,10750
2021-01-29,3509,beras_medium_1,10750
2021-02-01,3509,beras_medium_1,10750
2021-02-02,3509,beras_medium_1,10750
2021-02-03,3509,beras_medium_1,10750
2021-02-04,3509,beras_medium_1,10750
2021-02-05,3509,beras_medium_1,10750
2021-02-08,3509,beras_medium_1,10750
2021-02-09,3509,beras_medium_1,10750
2021-02-10,3509,beras_medium_1,10750
2021-02-11,3509,beras_medium_1,10750
2021-02-15,3509,beras_medium_1,10750
2021-02-16,3509,beras_medium_1,10750
2021-02-17,3509,beras_medium_1,10750
2021-02-18,3509,beras_medium_1,10750
2021-02-19,3509,beras_medium_1,10750
2021-02-22,3509,beras_medium_1,10750
2021-02-23,3509,beras_medium_1,10750
2021-02-24,3509,beras_medium_1,10750
2021-02-25,3509,beras_medium_1,10750
2021-02-26,3509,beras_medium_1,10750
2021-03-01,3509,beras_medium_1,10750
2021-03-02,3509,beras_medium_1,10750
2021-03-03,3509,beras_medium_1,10750
2021-03-04,3509,beras_medium_1,10750
2021-03-05,3509,beras_medium_1,10750
2021-03-08,3509,beras_medium_1,10750
2021-03-09,3509,beras_medium_1,10750
2021-03-10,3509,beras_medium_1,10750
2021-03-12,3509,beras_medium_1,10750
2021-03-15,3509,beras_medium_1,10750
2021-03-16,3509,beras_medium_1,10750
2021-03-17,3509,beras_medium_1,10750
2021-03-18,3509,beras_medium_1,10750
2021-03-19,3509,beras_medium_1,10750
2021-03-22,3509,beras_medium_1,10750
2021-03-23,3509,beras_medium_1,10750
2021-03-24,3509,beras_medium_1,10750
2021-03-25,3509,beras_medium_1,10750
2021-03-26,3509,beras_medium_1,10750
2021-03-29,3509,beras_medium_1,10750
2021-03-30,3509,beras_medium_1,10750
2021-03-31,3509,beras_medium_1,10750
2021-04-01,3509,beras_medium_1,10750
2021-04-05,3509,beras_medium_1,10750
2021-04-06,3509,beras_medium_1,10750
2021-04-07,3509,beras_medium_1,10750
2021-04-08,3509,beras_medium_1,10750
2021-04-09,3509,beras_medium_1,10750
2021-04-12,3509,beras_medium_1,10750
2021-04-13,3509,beras_medium_1,10750
2021-04-14,3509,beras_medium_1,10750
2021-04-15,3509,beras_medium_1,10750
2021-04-16,3509,beras_medium_1,10750
2021-04-19,3509,beras_medium_1,10500
2021-04-20,3509,beras_medium_1,10500
2021-04-21,3509,beras_medium_1,10500
2021-04-22,3509,beras_medium_1,10500
2021-04-23,3509,beras_medium_1,10500
2021-04-26,3509,beras_medium_1,10500
2021-04-27,3509,beras_medium_1,10500
2021-04-28,3509,beras_medium_1,10500
2021-04-29,3509,beras_medium_1,10500
2021-04-30,3509,beras_medium_1,10500
2021-05-03,3509,beras_medium_1,10500
2021-05-04,3509,beras_medium_1,10500
2021-05-05,3509,beras_medium_1,10500
2021-05-06,3509,beras_medium_1,10500
2021-05-07,3509,beras_medium_1,10500
2021-05-10,3509,beras_medium_1,10500
2021-05-11,3509,beras_medium_1,10500
2021-05-17,3509,beras_medium_1,10500
2021-05-18,3509,beras_medium_1,10500
2021-05-19,3509,beras_medium_1,10500
2021-05-20,3509,beras_medium_1,10500
2021-05-21,3509,beras_medium_1,10500
2021-05-24,3509,beras_medium_1,10500
2021-05-25,3509,beras_medium_1,10500
2021-05-27,3509,beras_medium_1,10500
2021-05-28,3509,beras_medium_1,10500
2021-05-31,3509,beras_medium_1,10500
2021-06-02,3509,beras_medium_1,10500
2021-06-03,3509,beras_medium_1,10500
2021-06-04,3509,beras_medium_1,10500
2021-06-07,3509,beras_medium_1,10500
2021-06-08,3509,beras_medium_1,10500
2021-06-09,3509,beras_medium_1,10500
2021-06-10,3509,beras_medium_1,10500
2021-06-11,3509,beras_medium_1,10500
2021-06-14,3509,beras_medium_1,10500
2021-06-15,3509,beras_medium_1,10500
2021-06-16,3509,beras_medium_1,10500
2021-06-17,3509,beras_medium_1,10500
2021-06-18,3509,beras_medium_1,10500
2021-06-21,3509,beras_medium_1,10500
2021-06-22,3509,beras_medium_1,10500
2021-06-23,3509,beras_medium_1,10500
2021-06-24,3509,beras_medium_1,10500
2021-06-25,3509,beras_medium_1,10500
2021-06-28,3509,beras_medium_1,10500
2021-06-29,3509,beras_medium_1,10500
2021-06-30,3509,beras_medium_1,10500
2021-07-01,3509,beras_medium_1,10500
2021-07-02,3509,beras_medium_1,10500
2021-07-05,3509,beras_medium_1,10500
2021-07-06,3509,beras_medium_1,10500
2021-07-07,3509,beras_medium_1,10500
2021-07-08,3509,beras_medium_1,10500
2021-07-09,3509,beras_medium_1,10500
2021-07-12,3509,beras_medium_1,10600
2021-07-13,3509,beras_medium_1,10600
2021-07-14,3509,beras_medium_1,10600
2021-07-15,3509,beras_medium_1,10600
2021-07-16,3509,beras_medium_1,10600
2021-07-19,3509,beras_medium_1,10600
2021-07-21,3509,beras_medium_1,10600
2021-07-22,3509,beras_medium_1,10600
2021-07-23,3509,beras_medium_1,10600
2021-07-26,3509,beras_medium_1,10600
2021-07-27,3509,beras_medium_1,10600
2021-07-28,3509,beras_medium_1,10600
2021-07-29,3509,beras_medium_1,10600
2021-07-30,3509,beras_medium_1,10600
2021-08-02,3509,beras_medium_1,10600
2021-08-03,3509,beras_medium_1,10600
2021-08-04,3509,beras_medium_1,10600
2021-08-05,3509,beras_medium_1,10600
2021-08-06,3509,beras_medium_1,10600
2021-08-09,3509,beras_medium_1,10600
2021-08-10,3509,beras_medium_1,10600
2021-08-12,3509,beras_medium_1,10600
2021-08-13,3509,beras_medium_1,10600
2021-08-16,3509,beras_medium_1,10600
2021-08-18,3509,beras_medium_1,10600
2021-08-19,3509,beras_medium_1,10600
2021-08-20,3509,beras_medium_1,10600
2021-08-23,3509,beras_medium_1,10600
2021-08-24,3509,beras_medium_1,10600
2021-08-25,3509,beras_medium_1,10600
2021-08-26,3509,beras_medium_1,10600
2021-08-27,3509,beras_medium_1,10600
2021-08-30,3509,beras_medium_1,10600
2021-08-31,3509,beras_medium_1,10600
2021-09-01,3509,beras_medium_1,10600
2021-09-02,3509,beras_medium_1,10600
2021-09-03,3509,beras_medium_1,10600
2021-09-06,3509,beras_medium_1,10600
2021-09-07,3509,beras_medium_1,10600
2021-09-08,3509,beras_medium_1,10600
2021-09-09,3509,beras_medium_1,10600
2021-09-10,3509,beras_medium_1,10600
2021-09-13,3509,beras_medium_1,10600
2021-09-14,3509,beras_medium_1,10600
2021-09-15,3509,beras_medium_1,10600
2021-09-16,3509,beras_medium_1,10600
2021-09-17,3509,beras_medium_1,10600
2021-09-20,3509,beras_medium_1,10600
2021-09-21,3509,beras_medium_1,10600
2021-09-22,3509,beras_medium_1,10600
2021-09-23,3509,beras_medium_1,10600
2021-09-24,3509,beras_medium_1,10600
2021-09-27,3509,beras_medium_1,10600
2021-09-28,3509,beras_medium_1,10600
2021-09-29,3509,beras_medium_1,10600
2021-09-30,3509,beras_medium_1,10600
2021-10-01,3509,beras_medium_1,10600
2021-10-04,3509,beras_medium_1,10600
2021-10-05,3509,beras_medium_1,10600
2021-10-06,3509,beras_medium_1,10600
2021-10-07,3509,beras_medium_1,10600
2021-10-08,3509,beras_medium_1,10600
2021-10-11,3509,beras_medium_1,10600
2021-10-12,3509,beras_medium_1,10600
2021-10-13,3509,beras_medium_1,10600
2021-10-14,3509,beras_medium_1,10600
2021-10-15,3509,beras_medium_1,10600
2021-10-18,3509,beras_medium_1,10600
2021-10-19,3509,beras_medium_1,10600
2021-10-21,3509,beras_medium_1,10600
2021-10-22,3509,beras_medium_1,10600
2021-10-25,3509,beras_medium_1,10600
2021-10-26,3509,beras_medium_1,10600
2021-10-27,3509,beras_medium_1,10600
2021-10-28,3509,beras_medium_1,10600
2021-10-29,3509,beras_medium_1,10600
2021-11-01,3509,beras_medium_1,10600
2021-11-02,3509,beras_medium_1,10600
2021-11-03,3509,beras_medium_1,10600
2021-11-04,3509,beras_medium_1,10600
2021-11-05,3509,beras_medium_1,10600
2021-11-08,3509,beras_medium_1,10600
2021-11-09,3509,beras_medium_1,10600
2021-11-10,3509,beras_medium_1,10600
2021-11-11,3509,beras_medium_1,10600
2021-11-12,3509,beras_medium_1,10600
2021-11-15,3509,beras_medium_1,10600
2021-11-16,3509,beras_medium_1,10600
2021-11-17,3509,beras_medium_1,10600
2021-11-18,3509,beras_medium_1,10600
2021-11-19,3509,beras_medium_1,10600
2021-11-22,3509,beras_medium_1,10600
2021-11-23,3509,beras_medium_1,10600
2021-11-24,3509,beras_medium_1,10600
2021-11-25,3509,beras_medium_1,10600
2021-11-26,3509,beras_medium_1,10600
2021-11-29,3509,beras_medium_1,10600
2021-11-30,3509,beras_medium_1,10600
2021-12-01,3509,beras_medium_1,10600
2021-12-02,3509,beras_medium_1,10600
2021-12-03,3509,beras_medium_1,10600
2021-12-06,3509,beras_medium_1,10600
2021-12-07,3509,beras_medium_1,10600
2021-12-08,3509,beras_medium_1,10600
2021-12-09,3509,beras_medium_1,10600
2021-12-10,3509,beras_medium_1,10600
2021-12-13,3509,beras_medium_1,10650
2021-12-14,3509,beras_medium_1,10650
2021-12-15,3509,beras_medium_1,10650
2021-12-16,3509,beras_medium_1,10650
2021-12-17,3509,beras_medium_1,10650
2021-12-20,3509,beras_medium_1,10650
2021-12-21,3509,beras_medium_1,10650
2021-12-22,3509,beras_medium_1,10750
2021-12-23,3509,beras_medium_1,10750
2021-12-24,3509,beras_medium_1,10750
2021-12-27,3509,beras_medium_1,10750
2021-12-28,3509,beras_medium_1,10650
2021-12-29,3509,beras_medium_1,10750
2021-12-30,3509,beras_medium_1,10750
2021-12-31,3509,beras_medium_1,10750
2022-01-03,3509,beras_medium_1,10750
2022-01-04,3509,beras_medium_1,10850
2022-01-05,3509,beras_medium_1,10850
2022-01-06,3509,beras_medium_1,10850
2022-01-07,3509,beras_medium_1,10850
2022-01-10,3509,beras_medium_1,10850
2022-01-11,3509,beras_medium_1,10850
2022-01-12,3509,beras_medium_1,10850
2022-01-13,3509,beras_medium_1,10850
2022-01-14,3509,beras_medium_1,10850
2022-01-17,3509,beras_medium_1,10850
2022-01-18,3509,beras_medium_1,10850
2022-01-19,3509,beras_medium_1,10850
2022-01-20,3509,beras_medium_1,10850
2022-01-21,3509,beras_medium_1,10850
2022-01-24,3509,beras_medium_1,10850
2022-01-25,3509,beras_medium_1,10850
2022-01-26,3509,beras_medium_1,10850
2022-01-27,3509,beras_medium_1,10850
2022-01-28,3509,beras_medium_1,10850
2022-01-31,3509,beras_medium_1,10850
2022-02-01,3509,beras_medium_1,11000
2022-02-02,3509,beras_medium_1,10850
2022-02-03,3509,beras_medium_1,10850
2022-02-04,3509,beras_medium_1,10850
2022-02-07,3509,beras_medium_1,10850
2022-02-08,3509,beras_medium_1,10850
2022-02-09,3509,beras_medium_1,10850
2022-02-10,3509,beras_medium_1,10850
2022-02-11,3509,beras_medium_1,10850
2022-02-14,3509,beras_medium_1,10850
2022-02-15,3509,beras_medium_1,10850
2022-02-16,3509,beras_medium_1,10850
2022-02-17,3509,beras_medium_1,10850
2022-02-18,3509,beras_medium_1,10850
2022-02-21,3509,beras_medium_1,10850
2022-02-22,3509,beras_medium_1,10850
2022-02-23,3509,beras_medium_1,10850
2022-02-24,3509,beras_medium_1,10850
2022-02-25,3509,beras_medium_1,10850
2022-03-01,3509,beras_medium_1,10850
2022-03-02,3509,beras_medium_1,10850
2022-03-04,3509,beras_medium_1,10850
2022-03-07,3509,beras_medium_1,10850
2022-03-08,3509,beras_medium_1,10850
2022-03-09,3509,beras_medium_1,10850
2022-03-10,3509,beras_medium_1,10850
2022-03-11,3509,beras_medium_1,10850
2022-03-14,3509,beras_medium_1,10850
2022-03-15,3509,beras_medium_1,10850
2022-03-16,3509,beras_medium_1,10850
2022-03-17,3509,beras_medium_1,10850
2022-03-18,3509,beras_medium_1,10850
2022-03-21,3509,beras_medium_1,10850
2022-03-22,3509,beras_medium_1,10850
2022-03-23,3509,beras_medium_1,10850
2022-03-24,3509,beras_medium_1,10850
2022-03-25,3509,beras_medium_1,10850
2022-03-28,3509,beras_medium_1,10850
2022-03-29,3509,beras_medium_1,10850
2022-03-30,3509,beras_medium_1,10850
2022-03-31,3509,beras_medium_1,10850
2022-04-01,3509,beras_medium_1,10850
2022-04-04,3509,beras_medium_1,10850
2022-04-05,3509,beras_medium_1,10850
2022-04-06,3509,beras_medium_1,10750
2022-04-07,3509,beras_medium_1,10750
2022-04-08,3509,beras_medium_1,10750
2022-04-11,3509,beras_medium_1,10750
2022-04-12,3509,beras_medium_1,10750
2022-04-13,3509,beras_medium_1,10750
2022-04-14,3509,beras_medium_1,10750
2022-04-18,3509,beras_medium_1,10750
2022-04-19,3509,beras_medium_1,10750
2022-04-20,3509,beras_medium_1,10750
2022-04-21,3509,beras_medium_1,10750
2022-04-22,3509,beras_medium_1,10750
2022-04-25,3509,beras_medium_1,10750
2022-04-26,3509,beras_medium_1,10750
2022-04-27,3509,beras_medium_1,10750
2022-04-28,3509,beras_medium_1,10750
2023-01-02,3509,beras_medium_1,11900
2023-01-03,3509,beras_medium_1,11900
2023-01-04,3509,beras_medium_1,11900
2023-01-05,3509,beras_medium_1,11900
2023-01-06,3509,beras_medium_1,11900
2023-01-09,3509,beras_medium_1,11900
2023-01-10,3509,beras_medium_1,11900
2023-01-11,3509,beras_medium_1,11900
2023-01-12,3509,beras_medium_1,11900
2023-01-13,3509,beras_medium_1,11900
2023-01-16,3509,beras_medium_1,11900
2023-01-17,3509,beras_medium_1,11900
2023-01-18,3509,beras_medium_1,11900
2023-01-19,3509,beras_medium_1,11900
2023-01-20,3509,beras_medium_1,11900
2023-01-23,3509,beras_medium_1,11900
2023-01-24,3509,beras_medium_1,11900
2023-01-25,3509,beras_medium_1,11900
2023-01-26,3509,beras_medium_1,12000
2023-01-27,3509,beras_medium_1,12000
2023-01-30,3509,beras_medium_1,12000
2023-01-31,3509,beras_medium_1,12100
2023-02-01,3509,beras_medium_1,12100
2023-02-02,3509,beras_medium_1,12100
2023-02-03,3509,beras_medium_1,12100
2023-02-06,3509,beras_medium_1,12100
2023-02-07,3509,beras_medium_1,12100
2023-02-08,3509,beras_medium_1,12100
2023-02-09,3509,beras_medium_1,12150
2023-02-10,3509,beras_medium_1,12350
2023-02-13,3509,beras_medium_1,12350
2023-02-14,3509,beras_medium_1,12350
2023-02-15,3509,beras_medium_1,12350
2023-02-16,3509,beras_medium_1,12400
2023-02-17,3509,beras_medium_1,12400
2023-02-20,3509,beras_medium_1,12400
2023-02-21,3509,beras_medium_1,12400
2023-02-22,3509,beras_medium_1,12400
2023-02-23,3509,beras_medium_1,12600
2023-02-24,3509,beras_medium_1,12600
2023-02-27,3509,beras_medium_1,12500
2023-02-28,3509,beras_medium_1,12500
2023-03-01,3509,beras_medium_1,12500
2023-03-02,3509,beras_medium_1,12500
2023-03-03,3509,beras_medium_1,12500
2023-03-06,3509,beras_medium_1,12350
2023-03-07,3509,beras_medium_1,12250
2023-03-08,3509,beras_medium_1,12250
2023-03-09,3509,beras_medium_1,12250
2023-03-10,3509,beras_medium_1,12250
2023-03-13,3509,beras_medium_1,12250
2023-03-14,3509,beras_medium_1,12250
2023-03-15,3509,beras_medium_1,12250
2023-03-16,3509,beras_medium_1,12750
2023-03-17,3509,beras_medium_1,12750
2023-03-20,3509,beras_medium_1,12750
2023-03-21,3509,beras_medium_1,12750
2023-03-24,3509,beras_medium_1,12750
2023-03-27,3509,beras_medium_1,12750
2023-03-28,3509,beras_medium_1,12750
2023-03-29,3509,beras_medium_1,12750
2023-03-30,3509,beras_medium_1,12750
2023-03-31,3509,beras_medium_1,12750
2023-04-03,3509,beras_medium_1,12750
2023-04-04,3509,beras_medium_1,12750
2023-04-05,3509,beras_medium_1,12750
2023-04-06,3509,beras_medium_1,12750
2023-04-07,3509,beras_medium_1,12750
2023-04-10,3509,beras_medium_1,12750
2023-04-11,3509,beras_medium_1,12750
2023-04-12,3509,beras_medium_1,12750
2023-04-13,3509,beras_medium_1,12750
2023-04-14,3509,beras_medium_1,12750
2023-04-17,3509,beras_medium_1,12650
2023-04-18,3509,beras_medium_1,12650
2023-04-19,3509,beras_medium_1,12650
2023-04-20,3509,beras_medium_1,12650
2023-04-21,3509,beras_medium_1,12650
2023-04-24,3509,beras_medium_1,12650
2023-04-25,3509,beras_medium_1,12650
2023-04-26,3509,beras_medium_1,12650
2023-04-27,3509,beras_medium_1,12650
2023-04-28,3509,beras_medium_1,12650
2023-05-01,3509,beras_medium_1,12650
2023-05-02,3509,beras_medium_1,12650
2023-05-03,3509,beras_medium_1,12600
2023-05-04,3509,beras_medium_1,12600
2023-05-05,3509,beras_medium_1,12600
2023-05-08,3509,beras_medium_1,12600
2023-05-09,3509,beras_medium_1,12600
2023-05-10,3509,beras_medium_1,12600
2023-05-11,3509,beras_medium_1,12600
2023-05-12,3509,beras_medium_1,12600
2023-05-15,3509,beras_medium_1,12500
2023-05-16,3509,beras_medium_1,12500
2023-05-17,3509,beras_medium_1,12500
2023-05-18,3509,beras_medium_1,12500
2023-05-19,3509,beras_medium_1,12400
2023-05-22,3509,beras_medium_1,12400
2023-05-23,3509,beras_medium_1,12400
2023-05-24,3509,beras_medium_1,12400
2023-05-25,3509,beras_medium_1,12400
2023-05-26,3509,beras_medium_1,12400
2023-05-29,3509,beras_medium_1,12400
2023-05-30,3509,beras_medium_1,12400
2023-05-31,3509,beras_medium_1,12400
2023-06-01,3509,beras_medium_1,12400
2023-06-02,3509,beras_medium_1,12400
2023-06-05,3509,beras_medium_1,12400
2023-06-06,3509,beras_medium_1,12400
2023-06-07,3509,beras_medium_1,12400
2023-06-08,3509,beras_medium_1,12400
2023-06-09,3509,beras_medium_1,12400
2023-06-12,3509,beras_medium_1,12400
2023-06-13,3509,beras_medium_1,12400
2023-06-14,3509,beras_medium_1,12400
2023-06-15,3509,beras_medium_1,12400
2023-06-16,3509,beras_medium_1,12400
2023-06-19,3509,beras_medium_1,12400
2023-06-20,3509,beras_medium_1,12400
2023-06-21,3509,beras_medium_1,12400
2023-06-22,3509,beras_medium_1,12400
2023-06-23,3509,beras_medium_1,12400
2023-06-26,3509,beras_medium_1,12400
2023-06-27,3509,beras_medium_1,12400
2023-06-28,3509,beras_medium_1,12400
2023-06-29,3509,beras_medium_1,12400
2023-06-30,3509,beras_medium_1,12400
2023-07-03,3509,beras_medium_1,12400
2023-07-04,3509,beras_medium_1,12400
2023-07-05,3509,beras_medium_1,12400
2023-07-06,3509,beras_medium_1,12400
2023-07-07,3509,beras_medium_1,12400
2023-07-10,3509,beras_medium_1,12400
2023-07-11,3509,beras_medium_1,12400
2023-07-12,3509,beras_medium_1,12400
2023-07-13,3509,beras_medium_1,12400
2023-07-14,3509,beras_medium_1,12400
2023-07-17,3509,beras_medium_1,12400
2023-07-18,3509,beras_medium_1,12400
2023-07-19,3509,beras_medium_1,12400
2023-07-20,3509,beras_medium_1,12400
2023-07-21,3509,beras_medium_1,12400
2023-07-24,3509,beras_medium_1,12400
2023-07-25,3509,beras_medium_1,12400
2023-07-26,3509,beras_medium_1,12400
2023-07-27,3509,beras_medium_1,12400
2023-07-28,3509,beras_medium_1,12500
2023-07-31,3509,beras_medium_1,12500
2023-08-01,3509,beras_medium_1,12500
2023-08-02,3509,beras_medium_1,12500
2023-08-03,3509,beras_medium_1,12500
2023-08-04,3509,beras_medium_1,12500
2023-08-07,3509,beras_medium_1,12500
2023-08-08,3509,beras_medium_1,12500
2023-08-09,3509,beras_medium_1,12500
2023-08-10,3509,beras_medium_1,12750
2023-08-11,3509,beras_medium_1,12750
2023-08-14,3509,beras_medium_1,12850
2023-08-15,3509,beras_medium_1,12850
2023-08-16,3509,beras_medium_1,12850
2023-08-17,3509,beras_medium_1,12850
2023-08-18,3509,beras_medium_1,12850
2023-08-21,3509,beras_medium_1,13000
2023-08-22,3509,beras_medium_1,13000
2023-08-23,3509,beras_medium_1,13000
2023-08-24,3509,beras_medium_1,13250
2023-08-25,3509,beras_medium_1,13350
2023-08-28,3509,beras_medium_1,13350
2023-08-29,3509,beras_medium_1,13350
2023-08-30,3509,beras_medium_1,13350
2023-08-31,3509,beras_medium_1,13350
2023-09-01,3509,beras_medium_1,13350
2023-09-04,3509,beras_medium_1,13600
2023-09-05,3509,beras_medium_1,13600
2023-09-06,3509,beras_medium_1,13600
2023-09-07,3509,beras_medium_1,13600
2023-09-08,3509,beras_medium_1,13600
2023-09-11,3509,beras_medium_1,13600
2023-09-12,3509,beras_medium_1,13600
2023-09-13,3509,beras_medium_1,13600
2023-09-14,3509,beras_medium_1,13600
2023-09-15,3509,beras_medium_1,13600
2023-09-18,3509,beras_medium_1,13600
2023-09-19,3509,beras_medium_1,13600
2023-09-20,3509,beras_medium_1,13600
2023-09-21,3509,beras_medium_1,13600
2023-09-22,3509,beras_medium_1,13600
2023-09-25,3509,beras_medium_1,13750
2023-09-26,3509,beras_medium_1,13850
2023-09-27,3509,beras_medium_1,13850
2023-09-28,3509,beras_medium_1,13850
2023-09-29,3509,beras_medium_1,13850
2023-10-02,3509,beras_medium_1,13850
2023-10-03,3509,beras_medium_1,13850
2023-10-04,3509,beras_medium_1,13850
2023-10-05,3509,beras_medium_1,13850
2023-10-06,3509,beras_medium_1,13850
2023-10-09,3509,beras_medium_1,13850
2023-10-10,3509,beras_medium_1,13850
2023-10-11,3509,beras_medium_1,14000
2023-10-12,3509,beras_medium_1,14000
2023-10-13,3509,beras_medium_1,14000
2023-10-16,3509,beras_medium_1,14000
2023-10-17,3509,beras_medium_1,14000
2023-10-18,3509,beras_medium_1,14000
2023-10-19,3509,beras_medium_1,14000
2023-10-20,3509,beras_medium_1,14000
2023-10-23,3509,beras_medium_1,14000
2023-10-24,3509,beras_medium_1,14000
2023-10-25,3509,beras_medium_1,14000
2023-10-26,3509,beras_medium_1,14000
2023-10-27,3509,beras_medium_1,14000
2023-10-30,3509,beras_medium_1,14000
2023-10-31,3509,beras_medium_1,14000
2023-11-01,3509,beras_medium_1,14000
2023-11-02,3509,beras_medium_1,14000
2023-11-03,3509,beras_medium_1,14150
2023-11-06,3509,beras_medium_1,14150
2023-11-07,3509,beras_medium_1,14150
2023-11-08,3509,beras_medium_1,14150
2023-11-09,3509,beras_medium_1,14150
2023-11-10,3509,beras_medium_1,14150
2023-11-13,3509,beras_medium_1,14150
2023-11-14,3509,beras_medium_1,14150
2023-11-15,3509,beras_medium_1,14150
2023-11-16,3509,beras_medium_1,14150
2023-11-17,3509,beras_medium_1,14150
2023-11-20,3509,beras_medium_1,14150
2023-11-21,3509,beras_medium_1,14150
2023-11-22,3509,beras_medium_1,14150
2023-11-23,3509,beras_medium_1,14150
2023-11-24,3509,beras_medium_1,14150
2023-11-27,3509,beras_medium_1,14150
2023-11-28,3509,beras_medium_1,14150
2023-11-29,3509,beras_medium_1,14150
2023-11-30,3509,beras_medium_1,14150
2023-12-01,3509,beras_medium_1,14150
2023-12-04,3509,beras_medium_1,14150
2023-12-05,3509,beras_medium_1,14150
2023-12-06,3509,beras_medium_1,14150
2023-12-07,3509,beras_medium_1,14150
2023-12-08,3509,beras_medium_1,14000
2023-12-11,3509,beras_medium_1,14000
2023-12-12,3509,beras_medium_1,14000
2023-12-13,3509,beras_medium_1,14000
2023-12-14,3509,beras_medium_1,14000
2023-12-15,3509,beras_medium_1,14000
2023-12-18,3509,beras_medium_1,14000
2023-12-19,3509,beras_medium_1,14000
2023-12-20,3509,beras_medium_1,14000
2023-12-21,3509,beras_medium_1,14000
2023-12-22,3509,beras_medium_1,14000
2023-12-27,3509,beras_medium_1,14000
2023-12-28,3509,beras_medium_1,14000
2023-12-29,3509,beras_medium_1,14000
2024-01-01,3509,beras_medium_1,14000
2024-01-02,3509,beras_medium_1,14000
2024-01-03,3509,beras_medium_1,14000
2024-01-04,3509,beras_medium_1,14000
2024-01-05,3509,beras_medium_1,14000
2024-01-08,3509,beras_medium_1,14000
2024-01-09,3509,beras_medium_1,14350
2024-01-10,3509,beras_medium_1,14350
2024-01-11,3509,beras_medium_1,14350
2024-01-12,3509,beras_medium_1,14350
2024-01-15,3509,beras_medium_1,14400
2024-01-16,3509,beras_medium_1,14400
2024-01-17,3509,beras_medium_1,14400
2024-01-18,3509,beras_medium_1,14400
2024-01-19,3509,beras_medium_1,14400
2024-01-22,3509,beras_medium_1,14400
2024-01-23,3509,beras_medium_1,14400
2024-01-24,3509,beras_medium_1,14400
2024-01-25,3509,beras_medium_1,14400
2024-01-26,3509,beras_medium_1,14500
2024-01-29,3509,beras_medium_1,14500
2024-01-30,3509,beras_medium_1,14500
2024-01-31,3509,beras_medium_1,14500
2024-02-01,3509,beras_medium_1,14500
2024-02-02,3509,beras_medium_1,14650
2024-02-05,3509,beras_medium_1,14650
2024-02-06,3509,beras_medium_1,14750
2024-02-07,3509,beras_medium_1,14750
2024-02-08,3509,beras_medium_1,14750
2024-02-09,3509,beras_medium_1,14750
2024-02-12,3509,beras_medium_1,15350
2024-02-13,3509,beras_medium_1,15350
2024-02-14,3509,beras_medium_1,15350
2024-02-15,3509,beras_medium_1,15600
2024-02-16,3509,beras_medium_1,15600
2024-02-19,3509,beras_medium_1,15900
2024-02-20,3509,beras_medium_1,15850
2024-02-21,3509,beras_medium_1,15750
2024-02-22,3509,beras_medium_1,15750
2024-02-23,3509,beras_medium_1,15900
2024-02-26,3509,beras_medium_1,15750
2024-02-27,3509,beras_medium_1,15750
2024-02-28,3509,beras_medium_1,15750
2024-02-29,3509,beras_medium_1,15750
2024-03-01,3509,beras_medium_1,15750
2024-03-04,3509,beras_medium_1,15750
2024-03-05,3509,beras_medium_1,15850
2024-03-06,3509,beras_medium_1,15600
2024-03-07,3509,beras_medium_1,15600
2024-03-08,3509,beras_medium_1,15600
2024-03-11,3509,beras_medium_1,15600
2024-03-12,3509,beras_medium_1,15600
2024-03-13,3509,beras_medium_1,15500
2024-03-14,3509,beras_medium_1,15500
2024-03-15,3509,beras_medium_1,15500
2024-03-18,3509,beras_medium_1,15500
2024-03-19,3509,beras_medium_1,15500
2024-03-20,3509,beras_medium_1,15500
2024-03-21,3509,beras_medium_1,15500
2024-03-22,3509,beras_medium_1,15500
2024-03-25,3509,beras_medium_1,15500
2024-03-26,3509,beras_medium_1,15500
2024-03-27,3509,beras_medium_1,15100
2024-03-28,3509,beras_medium_1,15000
2024-03-29,3509,beras_medium_1,15000
2024-04-01,3509,beras_medium_1,15000
2024-04-02,3509,beras_medium_1,15000
2024-04-03,3509,beras_medium_1,15000
2024-04-04,3509,beras_medium_1,15100
2024-04-05,3509,beras_medium_1,15000
2024-04-08,3509,beras_medium_1,15000
2024-04-09,3509,beras_medium_1,15000
2024-04-10,3509,beras_medium_1,15000
2024-04-11,3509,beras_medium_1,15000
2024-04-12,3509,beras_medium_1,15000
2024-04-15,3509,beras_medium_1,15000
2024-04-16,3509,beras_medium_1,15600
2024-04-17,3509,beras_medium_1,15600
2024-04-18,3509,beras_medium_1,15500
2024-04-19,3509,beras_medium_1,15600
2024-04-22,3509,beras_medium_1,15600
2024-04-23,3509,beras_medium_1,15600
2024-04-24,3509,beras_medium_1,15400
2024-04-25,3509,beras_medium_1,15500
2024-04-26,3509,beras_medium_1,15500
2024-04-29,3509,beras_medium_1,15350
2024-04-30,3509,beras_medium_1,15350
2024-05-01,3509,beras_medium_1,15350
2024-05-02,3509,beras_medium_1,15350
2024-05-03,3509,beras_medium_1,15350
2024-05-06,3509,beras_medium_1,14000
2024-05-07,3509,beras_medium_1,14000
2024-05-08,3509,beras_medium_1,14000
2024-05-09,3509,beras_medium_1,14000
2024-05-10,3509,beras_medium_1,14000
2024-05-13,3509,beras_medium_1,13850
2024-05-14,3509,beras_medium_1,13850
2024-05-15,3509,beras_medium_1,13850
2024-05-16,3509,beras_medium_1,13850
2024-05-17,3509,beras_medium_1,13850
2024-05-20,3509,beras_medium_1,13850
2024-05-21,3509,beras_medium_1,13850
2024-05-22,3509,beras_medium_1,13850
2024-05-23,3509,beras_medium_1,13850
2024-05-24,3509,beras_medium_1,13850
2024-05-27,3509,beras_medium_1,13500
2024-05-28,3509,beras_medium_1,13500
2024-05-29,3509,beras_medium_1,13400
2024-05-30,3509,beras_medium_1,13400
2024-05-31,3509,beras_medium_1,13400
2024-06-03,3509,beras_medium_1,14150
2024-06-04,3509,beras_medium_1,14150
2024-06-05,3509,beras_medium_1,14100
2024-06-06,3509,beras_medium_1,14100
2024-06-07,3509,beras_medium_1,13750
2024-06-10,3509,beras_medium_1,14000
2024-06-11,3509,beras_medium_1,14000
2024-06-12,3509,beras_medium_1,14000
2024-06-13,3509,beras_medium_1,13900
2024-06-14,3509,beras_medium_1,13900
2024-06-17,3509,beras_medium_1,13900
2024-06-18,3509,beras_medium_1,13900
2024-06-19,3509,beras_medium_1,13900
2024-06-20,3509,beras_medium_1,13900
2024-06-21,3509,beras_medium_1,13900
2024-06-24,3509,beras_medium_1,14500
2024-06-26,3509,beras_medium_1,14500
2024-06-28,3509,beras_medium_1,14500
2024-07-01,3509,beras_medium_1,14500
2024-07-02,3509,beras_medium_1,14500
2024-07-03,3509,beras_medium_1,14500
2024-07-04,3509,beras_medium_1,14500
2024-07-05,3509,beras_medium_1,14500
2024-07-08,3509,beras_medium_1,14500
2024-07-09,3509,beras_medium_1,14500
2024-07-10,3509,beras_medium_1,14500
2024-07-11,3509,beras_medium_1,14500
2024-07-12,3509,beras_medium_1,14500
2024-07-15,3509,beras_medium_1,14500
2024-07-16,3509,beras_medium_1,14500
2024-07-17,3509,beras_medium_1,14500
2024-07-18,3509,beras_medium_1,14500
2024-07-19,3509,beras_medium_1,14000
2024-07-22,3509,beras_medium_1,14000
2024-07-23,3509,beras_medium_1,14000
2024-07-24,3509,beras_medium_1,14000
2024-07-25,3509,beras_medium_1,14000
2024-07-26,3509,beras_medium_1,14000
2024-07-29,3509,beras_medium_1,14000
2024-07-30,3509,beras_medium_1,14000
2024-07-31,3509,beras_medium_1,14000
2024-08-01,3509,beras_medium_1,14150
2024-08-02,3509,beras_medium_1,14150
2024-08-05,3509,beras_medium_1,14150
2024-08-06,3509,beras_medium_1,14150
2024-08-07,3509,beras_medium_1,14150
2024-08-09,3509,beras_medium_1,14150
2024-08-12,3509,beras_medium_1,14000
2024-08-13,3509,beras_medium_1,14150
2024-08-14,3509,beras_medium_1,14150
2024-08-15,3509,beras_medium_1,14150
2024-08-16,3509,beras_medium_1,14150
2024-08-19,3509,beras_medium_1,14150
2024-08-21,3509,beras_medium_1,14500
2024-08-22,3509,beras_medium_1,14500
2024-08-23,3509,beras_medium_1,14500
2024-08-27,3509,beras_medium_1,14500
2024-08-28,3509,beras_medium_1,14500
2024-08-29,3509,beras_medium_1,14500
2024-08-30,3509,beras_medium_1,14400
2024-09-02,3509,beras_medium_1,14150
2024-09-03,3509,beras_medium_1,14150
2024-09-04,3509,beras_medium_1,14150
2024-09-05,3509,beras_medium_1,14150
2024-09-06,3509,beras_medium_1,14150
2024-09-09,3509,beras_medium_1,14150
2024-09-10,3509,beras_medium_1,14150
2024-09-11,3509,beras_medium_1,14350
2024-09-12,3509,beras_medium_1,14350
2024-09-13,3509,beras_medium_1,14350
2024-09-16,3509,beras_medium_1,14350
2024-09-17,3509,beras_medium_1,14350
2024-09-18,3509,beras_medium_1,14250
2024-09-19,3509,beras_medium_1,14250
2024-09-20,3509,beras_medium_1,14100
2024-09-23,3509,beras_medium_1,14100
2024-09-24,3509,beras_medium_1,14100
2024-09-25,3509,beras_medium_1,14100
2024-09-26,3509,beras_medium_1,14100
2024-09-27,3509,beras_medium_1,14100
2024-09-30,3509,beras_medium_1,13500
2024-10-01,3509,beras_medium_1,13400
2024-10-02,3509,beras_medium_1,13400
2024-10-03,3509,beras_medium_1,13400
2024-10-04,3509,beras_medium_1,13400
2024-10-07,3509,beras_medium_1,13400
2024-10-08,3509,beras_medium_1,14100
2024-10-09,3509,beras_medium_1,14000
2024-10-10,3509,beras_medium_1,14000
2024-10-11,3509,beras_medium_1,14000
2024-10-14,3509,beras_medium_1,14150
2024-10-15,3509,beras_medium_1,14150
2024-10-16,3509,beras_medium_1,14150
2024-10-17,3509,beras_medium_1,14150
2024-10-18,3509,beras_medium_1,14150
2024-10-21,3509,beras_medium_1,14100
2024-10-22,3509,beras_medium_1,14100
2024-10-23,3509,beras_medium_1,14100
2024-10-24,3509,beras_medium_1,14100
2024-10-25,3509,beras_medium_1,14100
2024-10-28,3509,beras_medium_1,14100
2024-10-29,3509,beras_medium_1,14100
2024-10-30,3509,beras_medium_1,14100
2024-10-31,3509,beras_medium_1,14100
2024-11-01,3509,beras_medium_1,14100
2024-11-04,3509,beras_medium_1,14100
2024-11-05,3509,beras_medium_1,14100
2024-11-06,3509,beras_medium_1,14100
2024-11-07,3509,beras_medium_1,14000
2024-11-08,3509,beras_medium_1,14000
2024-11-11,3509,beras_medium_1,14000
2024-11-12,3509,beras_medium_1,13900
2024-11-14,3509,beras_medium_1,13900
2024-11-18,3509,beras_medium_1,13900
2024-11-20,3509,beras_medium_1,13900
2024-11-21,3509,beras_medium_1,13900
2024-11-22,3509,beras_medium_1,13900
2024-11-25,3509,beras_medium_1,13900
2024-11-26,3509,beras_medium_1,13900
2024-11-27,3509,beras_medium_1,13900
2024-11-28,3509,beras_medium_1,13900
2024-11-29,3509,beras_medium_1,13900
2024-12-02,3509,beras_medium_1,13900
2024-12-03,3509,beras_medium_1,13900
2024-12-04,3509,beras_medium_1,13900
2024-12-05,3509,beras_medium_1,14000
2024-12-06,3509,beras_medium_1,14000
2024-12-09,3509,beras_medium_1,14150
2024-12-10,3509,beras_medium_1,14150
2024-12-11,3509,beras_medium_1,14150
2024-12-12,3509,beras_medium_1,14150
2024-12-13,3509,beras_medium_1,14150
2024-12-16,3509,beras_medium_1,14150
2024-12-17,3509,beras_medium_1,14150
2024-12-18,3509,beras_medium_1,14150
2024-12-19,3509,beras_medium_1,14150
2024-12-20,3509,beras_medium_1,14150
2024-12-23,3509,beras_medium_1,14150
2024-12-24,3509,beras_medium_1,14150
2024-12-25,3509,beras_medium_1,14150
2024-12-26,3509,beras_medium_1,14150
2024-12-27,3509,beras_medium_1,14150
2024-12-30,3509,beras_medium_1,14150
2024-12-31,3509,beras_medium_1,14150
2025-01-01,3509,beras_medium_1,14150
2025-01-02,3509,beras_medium_1,14150
2025-01-03,3509,beras_medium_1,14150
2025-01-06,3509,beras_medium_1,14150
2025-01-07,3509,beras_medium_1,14000
2025-01-08,3509,beras_medium_1,14150
2025-01-10,3509,beras_medium_1,14150
2025-01-13,3509,beras_medium_1,14150
2025-01-14,3509,beras_medium_1,14150
2025-01-15,3509,beras_medium_1,14150
2025-01-17,3509,beras_medium_1,14150
2025-01-20,3509,beras_medium_1,14150
2025-01-21,3509,beras_medium_1,14350
2025-01-22,3509,beras_medium_1,14350
2025-01-23,3509,beras_medium_1,14350
2025-01-24,3509,beras_medium_1,14350
2025-01-27,3509,beras_medium_1,14350
2025-01-28,3509,beras_medium_1,14350
2025-01-29,3509,beras_medium_1,14350
2025-01-30,3509,beras_medium_1,14150
2025-01-31,3509,beras_medium_1,14150
2025-02-03,3509,beras_medium_1,14150
2025-02-04,3509,beras_medium_1,14150
2025-02-05,3509,beras_medium_1,14150
2025-02-06,3509,beras_medium_1,14150
2025-02-07,3509,beras_medium_1,14150
2025-02-10,3509,beras_medium_1,14150
2025-02-11,3509,beras_medium_1,14150
2025-02-12,3509,beras_medium_1,14150
2025-02-13,3509,beras_medium_1,14150
2025-02-14,3509,beras_medium_1,14150
2025-02-17,3509,beras_medium_1,14150
2025-02-18,3509,beras_medium_1,14150
2025-02-19,3509,beras_medium_1,14150
2025-02-20,3509,beras_medium_1,14150
2025-02-21,3509,beras_medium_1,14150
2025-02-24,3509,beras_medium_1,14250
2025-02-25,3509,beras_medium_1,14250
2025-02-26,3509,beras_medium_1,14100
2025-02-27,3509,beras_medium_1,14100
2025-02-28,3509,beras_medium_1,14100
2025-03-03,3509,beras_medium_1,14100
2025-03-04,3509,beras_medium_1,14100
2025-03-05,3509,beras_medium_1,14100
2025-03-06,3509,beras_medium_1,14100
2025-03-07,3509,beras_medium_1,14100
2025-03-10,3509,beras_medium_1,13900
2025-03-11,3509,beras_medium_1,13900
2025-03-12,3509,beras_medium_1,13900
2025-03-13,3509,beras_medium_1,13900
2025-03-14,3509,beras_medium_1,13900
2025-03-17,3509,beras_medium_1,13900
2025-03-18,3509,beras_medium_1,13900
2025-03-19,3509,beras_medium_1,13900
2025-03-20,3509,beras_medium_1,13900
2025-03-21,3509,beras_medium_1,13900
2025-03-24,3509,beras_medium_1,14000
2025-03-25,3509,beras_medium_1,14000
2025-03-26,3509,beras_medium_1,14000
2025-03-27,3509,beras_medium_1,14000
2025-03-28,3509,beras_medium_1,14000
2025-03-31,3509,beras_medium_1,14000
2025-04-01,3509,beras_medium_1,14000
2025-04-02,3509,beras_medium_1,14000
2025-04-03,3509,beras_medium_1,14000
2025-04-04,3509,beras_medium_1,14000
2025-04-07,3509,beras_medium_1,14000
2025-04-08,3509,beras_medium_1,14000
2025-04-09,3509,beras_medium_1,14000
2025-04-10,3509,beras_medium_1,14000
2025-04-11,3509,beras_medium_1,14000
2025-04-14,3509,beras_medium_1,14000
2025-04-15,3509,beras_medium_1,14000
2025-04-16,3509,beras_medium_1,14150
2025-04-17,3509,beras_medium_1,14150
2025-04-18,3509,beras_medium_1,14150
2025-04-21,3509,beras_medium_1,14150
2025-04-22,3509,beras_medium_1,14150
2025-04-23,3509,beras_medium_1,14150
2025-04-24,3509,beras_medium_1,14150
2025-04-25,3509,beras_medium_1,14150
2025-04-28,3509,beras_medium_1,14100
2025-04-29,3509,beras_medium_1,14000
2025-04-30,3509,beras_medium_1,13900
2025-05-01,3509,beras_medium_1,13900
2025-05-02,3509,beras_medium_1,13900
2025-05-05,3509,beras_medium_1,13900
2025-05-06,3509,beras_medium_1,13900
2025-05-07,3509,beras_medium_1,13900
2025-05-08,3509,beras_medium_1,13900
2025-05-09,3509,beras_medium_1,13900
2025-05-12,3509,beras_medium_1,13900
2025-05-13,3509,beras_medium_1,13900
2025-05-14,3509,beras_medium_1,13900
2025-05-15,3509,beras_medium_1,13900
2025-05-16,3509,beras_medium_1,13900
2025-05-19,3509,beras_medium_1,13900
2025-05-20,3509,beras_medium_1,14100
2025-05-21,3509,beras_medium_1,14150
2025-05-22,3509,beras_medium_1,14150
2025-05-23,3509,beras_medium_1,14150
2025-05-26,3509,beras_medium_1,14150
2025-05-27,3509,beras_medium_1,14150
2025-05-28,3509,beras_medium_1,14100
2025-05-29,3509,beras_medium_1,14100
2025-05-30,3509,beras_medium_1,14100
2025-06-02,3509,beras_medium_1,14100
2025-06-03,3509,beras_medium_1,14150
2025-06-04,3509,beras_medium_1,14750
2025-06-05,3509,beras_medium_1,14850
2025-06-06,3509,beras_medium_1,14850
2025-06-09,3509,beras_medium_1,14850
2025-06-10,3509,beras_medium_1,14850
2025-06-11,3509,beras_medium_1,14850
2025-06-12,3509,beras_medium_1,14850
2025-06-13,3509,beras_medium_1,14850
2025-06-16,3509,beras_medium_1,14900
2025-06-17,3509,beras_medium_1,14900
2025-06-18,3509,beras_medium_1,14900
2025-06-19,3509,beras_medium_1,15000
2025-06-20,3509,beras_medium_1,15000
2025-06-23,3509,beras_medium_1,15000
2025-06-24,3509,beras_medium_1,15000
2025-06-25,3509,beras_medium_1,15000
2025-06-26,3509,beras_medium_1,15000
2025-06-27,3509,beras_medium_1,15000
2025-06-30,3509,beras_medium_1,15000
2025-07-01,3509,beras_medium_1,15000
2025-07-02,3509,beras_medium_1,15000
2025-07-03,3509,beras_medium_1,15000
2025-07-04,3509,beras_medium_1,15000
2025-07-07,3509,beras_medium_1,15000
2025-07-08,3509,beras_medium_1,15000
2025-07-09,3509,beras_medium_1,15000
2025-07-10,3509,beras_medium_1,15000
2025-07-11,3509,beras_medium_1,15000
2025-07-14,3509,beras_medium_1,15350
2025-07-15,3509,beras_medium_1,15350
2025-07-16,3509,beras_medium_1,15400
2025-07-17,3509,beras_medium_1,15400
2025-07-18,3509,beras_medium_1,15400
2025-07-21,3509,beras_medium_1,15400
2025-07-22,3509,beras_medium_1,15400
2025-07-23,3509,beras_medium_1,15400
2025-07-24,3509,beras_medium_1,15400
2025-07-25,3509,beras_medium_1,15400
2025-07-28,3509,beras_medium_1,15400
2025-07-29,3509,beras_medium_1,15400
2025-07-30,3509,beras_medium_1,15400
2025-07-31,3509,beras_medium_1,15400
2025-08-01,3509,beras_medium_1,15400
2025-08-04,3509,beras_medium_1,15400
2025-08-05,3509,beras_medium_1,15400
2025-08-06,3509,beras_medium_1,15400
2025-08-07,3509,beras_medium_1,15400
2025-08-08,3509,beras_medium_1,15400
2025-08-11,3509,beras_medium_1,15400
2025-08-12,3509,beras_medium_1,15400
2025-08-13,3509,beras_medium_1,15400
2025-08-14,3509,beras_medium_1,15400
2025-08-15,3509,beras_medium_1,15500
2025-08-18,3509,beras_medium_1,15500
2025-08-19,3509,beras_medium_1,15500
2025-08-20,3509,beras_medium_1,15500
2025-08-21,3509,beras_medium_1,15500
2025-08-22,3509,beras_medium_1,15500
2025-08-25,3509,beras_medium_1,15350
2025-08-26,3509,beras_medium_1,15350
2025-08-27,3509,beras_medium_1,15150
2025-08-28,3509,beras_medium_1,15150
2025-08-29,3509,beras_medium_1,15350
2025-09-01,3509,beras_medium_1,15250
2025-09-02,3509,beras_medium_1,15150
2025-09-03,3509,beras_medium_1,15150
2025-09-04,3509,beras_medium_1,15150
2025-09-05,3509,beras_medium_1,15150
2025-09-08,3509,beras_medium_1,15150
2025-09-09,3509,beras_medium_1,15150
2025-09-10,3509,beras_medium_1,15150
2025-09-11,3509,beras_medium_1,15150
2025-09-12,3509,beras_medium_1,15150
2025-09-15,3509,beras_medium_1,15150
2025-09-16,3509,beras_medium_1,15150
2025-09-17,3509,beras_medium_1,15150
2025-09-18,3509,beras_medium_1,15150
2025-09-19,3509,beras_medium_1,15150
2025-09-22,3509,beras_medium_1,15250
2025-09-23,3509,beras_medium_1,15250
2025-09-24,3509,beras_medium_1,15250
2025-09-25,3509,beras_medium_1,15250
2025-09-26,3509,beras_medium_1,15250
2025-09-29,3509,beras_medium_1,15250
2025-09-30,3509,beras_medium_1,15250
2025-10-01,3509,beras_medium_1,15250
2025-10-02,3509,beras_medium_1,15250
2025-10-03,3509,beras_medium_1,15100
2025-10-06,3509,beras_medium_1,15150
2025-10-07,3509,beras_medium_1,15150
2025-10-08,3509,beras_medium_1,15150
2025-10-09,3509,beras_medium_1,15150
2025-10-10,3509,beras_medium_1,15150
2025-10-13,3509,beras_medium_1,15150
2025-10-14,3509,beras_medium_1,15150
2025-10-15,3509,beras_medium_1,15150
2025-10-16,3509,beras_medium_1,15150
2025-10-17,3509,beras_medium_1,15150
2025-10-20,3509,beras_medium_1,15150
2025-10-21,3509,beras_medium_1,15150
2025-10-22,3509,beras_medium_1,15150
2025-10-23,3509,beras_medium_1,15150
2025-10-24,3509,beras_medium_1,15150
2025-10-27,3509,beras_medium_1,15150
2025-10-28,3509,beras_medium_1,15150
2025-10-29,3509,beras_medium_1,15150
2025-10-30,3509,beras_medium_1,15150
2025-10-31,3509,beras_medium_1,15150
2025-11-03,3509,beras_medium_1,15150
2025-11-04,3509,beras_medium_1,15150
2025-11-05,3509,beras_medium_1,15150
2025-11-06,3509,beras_medium_1,15150
2025-11-07,3509,beras_medium_1,15100
2025-11-10,3509,beras_medium_1,15100
2025-11-11,3509,beras_medium_1,15100
2025-11-12,3509,beras_medium_1,15100
2025-11-13,3509,beras_medium_1,15100
2025-11-14,3509,beras_medium_1,15000
2025-11-17,3509,beras_medium_1,14850
2025-11-18,3509,beras_medium_1,14850
2025-11-19,3509,beras_medium_1,14850
2025-11-20,3509,beras_medium_1,14850
2025-11-21,3509,beras_medium_1,14850
2025-11-24,3509,beras_medium_1,14750
2025-11-25,3509,beras_medium_1,14750
2025-11-26,3509,beras_medium_1,14750
2025-11-27,3509,beras_medium_1,14750
2025-11-28,3509,beras_medium_1,14750
2025-12-01,3509,beras_medium_1,14750
2025-12-02,3509,beras_medium_1,14750
2025-12-03,3509,beras_medium_1,14750
2025-12-04,3509,beras_medium_1,14750
2025-12-05,3509,beras_medium_1,14750
2025-12-08,3509,beras_medium_1,14750
2025-12-09,3509,beras_medium_1,14750
2025-12-10,3509,beras_medium_1,14750
2025-12-11,3509,beras_medium_1,14750
2025-12-12,3509,beras_medium_1,14750
2025-12-15,3509,beras_medium_1,14750
2025-12-16,3509,beras_medium_1,14750
2025-12-17,3509,beras_medium_1,14750
2025-12-18,3509,beras_medium_1,14750
2025-12-19,3509,beras_medium_1,14750
2025-12-22,3509,beras_medium_1,14750
2025-12-23,3509,beras_medium_1,14750
2025-12-24,3509,beras_medium_1,14750
2025-12-25,3509,beras_medium_1,14750
2025-12-26,3509,beras_medium_1,14750
2025-12-29,3509,beras_medium_1,14750
2025-12-30,3509,beras_medium_1,14750
2025-12-31,3509,beras_medium_1,14750
2021-01-04,3510,beras_medium_1,9500
2021-01-05,3510,beras_medium_1,9500
2021-01-06,3510,beras_medium_1,9500
2021-01-07,3510,beras_medium_1,9500
2021-01-08,3510,beras_medium_1,9500
2021-01-11,3510,beras_medium_1,9500
2021-01-12,3510,beras_medium_1,9500
2021-01-13,3510,beras_medium_1,9500
2021-01-14,3510,beras_medium_1,9500
2021-01-15,3510,beras_medium_1,9500
2021-01-18,3510,beras_medium_1,9500
2021-01-19,3510,beras_medium_1,9500
2021-01-20,3510,beras_medium_1,9500
2021-01-21,3510,beras_medium_1,9500
2021-01-22,3510,beras_medium_1,9500
2021-01-25,3510,beras_medium_1,9500
2021-01-26,3510,beras_medium_1,9500
2021-01-27,3510,beras_medium_1,9500
2021-01-28,3510,beras_medium_1,9500
2021-01-29,3510,beras_medium_1,9500
2021-02-01,3510,beras_medium_1,9500
2021-02-02,3510,beras_medium_1,9500
2021-02-03,3510,beras_medium_1,9500
2021-02-04,3510,beras_medium_1,9500
2021-02-05,3510,beras_medium_1,9500
2021-02-08,3510,beras_medium_1,9500
2021-02-09,3510,beras_medium_1,9500
2021-02-10,3510,beras_medium_1,9500
2021-02-11,3510,beras_medium_1,9500
2021-02-15,3510,beras_medium_1,9650
2021-02-16,3510,beras_medium_1,9650
2021-02-17,3510,beras_medium_1,9650
2021-02-18,3510,beras_medium_1,9650
2021-02-19,3510,beras_medium_1,9650
2021-02-22,3510,beras_medium_1,9650
2021-02-23,3510,beras_medium_1,9650
2021-02-24,3510,beras_medium_1,9650
2021-02-25,3510,beras_medium_1,9650
2021-02-26,3510,beras_medium_1,9650
2021-03-01,3510,beras_medium_1,9650
2021-03-02,3510,beras_medium_1,9650
2021-03-03,3510,beras_medium_1,9650
2021-03-04,3510,beras_medium_1,9650
2021-03-05,3510,beras_medium_1,9650
2021-03-08,3510,beras_medium_1,9650
2021-03-09,3510,beras_medium_1,9650
2021-03-10,3510,beras_medium_1,9650
2021-03-12,3510,beras_medium_1,9650
2021-03-15,3510,beras_medium_1,9650
2021-03-16,3510,beras_medium_1,9650
2021-03-17,3510,beras_medium_1,9650
2021-03-18,3510,beras_medium_1,9650
2021-03-19,3510,beras_medium_1,9650
2021-03-22,3510,beras_medium_1,9650
2021-03-23,3510,beras_medium_1,9650
2021-03-24,3510,beras_medium_1,9650
2021-03-25,3510,beras_medium_1,9650
2021-03-26,3510,beras_medium_1,9650
2021-03-29,3510,beras_medium_1,9400
2021-03-30,3510,beras_medium_1,9400
2021-03-31,3510,beras_medium_1,9400
2021-04-01,3510,beras_medium_1,9400
2021-04-05,3510,beras_medium_1,9400
2021-04-06,3510,beras_medium_1,9400
2021-04-07,3510,beras_medium_1,9400
2021-04-08,3510,beras_medium_1,9400
2021-04-09,3510,beras_medium_1,9400
2021-04-12,3510,beras_medium_1,9400
2021-04-13,3510,beras_medium_1,9400
2021-04-14,3510,beras_medium_1,9400
2021-04-15,3510,beras_medium_1,9400
2021-04-16,3510,beras_medium_1,9400
2021-04-19,3510,beras_medium_1,9400
2021-04-20,3510,beras_medium_1,9400
2021-04-21,3510,beras_medium_1,9400
2021-04-22,3510,beras_medium_1,9400
2021-04-23,3510,beras_medium_1,9400
2021-04-26,3510,beras_medium_1,9400
2021-04-27,3510,beras_medium_1,9400
2021-04-28,3510,beras_medium_1,9400
2021-04-29,3510,beras_medium_1,9400
2021-04-30,3510,beras_medium_1,9400
2021-05-03,3510,beras_medium_1,9400
2021-05-04,3510,beras_medium_1,9400
2021-05-05,3510,beras_medium_1,9400
2021-05-06,3510,beras_medium_1,9400
2021-05-07,3510,beras_medium_1,9400
2021-05-10,3510,beras_medium_1,9400
2021-05-11,3510,beras_medium_1,9400
2021-05-17,3510,beras_medium_1,9400
2021-05-18,3510,beras_medium_1,9400
2021-05-19,3510,beras_medium_1,9400
2021-05-20,3510,beras_medium_1,9400
2021-05-21,3510,beras_medium_1,9400
2021-05-24,3510,beras_medium_1,9400
2021-05-25,3510,beras_medium_1,9400
2021-05-27,3510,beras_medium_1,9400
2021-05-28,3510,beras_medium_1,9400
2021-05-31,3510,beras_medium_1,9400
2021-06-02,3510,beras_medium_1,9400
2021-06-03,3510,beras_medium_1,9400
2021-06-04,3510,beras_medium_1,9400
2021-06-07,3510,beras_medium_1,9400
2021-06-08,3510,beras_medium_1,9400
2021-06-09,3510,beras_medium_1,9400
2021-06-10,3510,beras_medium_1,9400
2021-06-11,3510,beras_medium_1,9400
2021-06-14,3510,beras_medium_1,9400
2021-06-15,3510,beras_medium_1,9400
2021-06-16,3510,beras_medium_1,9400
2021-06-17,3510,beras_medium_1,9400
2021-06-18,3510,beras_medium_1,9400
2021-06-21,3510,beras_medium_1,9400
2021-06-22,3510,beras_medium_1,9400
2021-06-23,3510,beras_medium_1,9400
2021-06-24,3510,beras_medium_1,9400
2021-06-25,3510,beras_medium_1,9400
2021-06-28,3510,beras_medium_1,9400
2021-06-29,3510,beras_medium_1,9400
2021-06-30,3510,beras_medium_1,9400
2021-07-01,3510,beras_medium_1,9400
2021-07-02,3510,beras_medium_1,9400
2021-07-05,3510,beras_medium_1,9400
2021-07-06,3510,beras_medium_1,9400
2021-07-07,3510,beras_medium_1,9250
2021-07-08,3510,beras_medium_1,9250
2021-07-09,3510,beras_medium_1,9250
2021-07-12,3510,beras_medium_1,9250
2021-07-13,3510,beras_medium_1,9250
2021-07-14,3510,beras_medium_1,9250
2021-07-15,3510,beras_medium_1,9250
2021-07-16,3510,beras_medium_1,9250
2021-07-19,3510,beras_medium_1,9250
2021-07-21,3510,beras_medium_1,9250
2021-07-22,3510,beras_medium_1,9250
2021-07-23,3510,beras_medium_1,9250
2021-07-26,3510,beras_medium_1,9250
2021-07-27,3510,beras_medium_1,9250
2021-07-28,3510,beras_medium_1,9250
2021-07-29,3510,beras_medium_1,9250
2021-07-30,3510,beras_medium_1,9250
2021-08-02,3510,beras_medium_1,9250
2021-08-03,3510,beras_medium_1,9250
2021-08-04,3510,beras_medium_1,9250
2021-08-05,3510,beras_medium_1,9250
2021-08-06,3510,beras_medium_1,9250
2021-08-09,3510,beras_medium_1,9250
2021-08-10,3510,beras_medium_1,9250
2021-08-12,3510,beras_medium_1,9250
2021-08-13,3510,beras_medium_1,9250
2021-08-16,3510,beras_medium_1,9250
2021-08-18,3510,beras_medium_1,9250
2021-08-19,3510,beras_medium_1,9250
2021-08-20,3510,beras_medium_1,9250
2021-08-23,3510,beras_medium_1,9250
2021-08-24,3510,beras_medium_1,9250
2021-08-25,3510,beras_medium_1,9250
2021-08-26,3510,beras_medium_1,9250
2021-08-27,3510,beras_medium_1,9250
2021-08-30,3510,beras_medium_1,9250
2021-08-31,3510,beras_medium_1,9250
2021-09-01,3510,beras_medium_1,9250
2021-09-02,3510,beras_medium_1,9250
2021-09-03,3510,beras_medium_1,9250
2021-09-06,3510,beras_medium_1,9250
2021-09-07,3510,beras_medium_1,9250
2021-09-08,3510,beras_medium_1,9250
2021-09-09,3510,beras_medium_1,9250
2021-09-10,3510,beras_medium_1,9250
2021-09-13,3510,beras_medium_1,9250
2021-09-14,3510,beras_medium_1,9250
2021-09-15,3510,beras_medium_1,9250
2021-09-16,3510,beras_medium_1,9250
2021-09-17,3510,beras_medium_1,9250
2021-09-20,3510,beras_medium_1,9250
2021-09-21,3510,beras_medium_1,9250
2021-09-22,3510,beras_medium_1,9250
2021-09-23,3510,beras_medium_1,9250
2021-09-24,3510,beras_medium_1,9250
2021-09-27,3510,beras_medium_1,9250
2021-09-28,3510,beras_medium_1,9250
2021-09-29,3510,beras_medium_1,9250
2021-09-30,3510,beras_medium_1,9250
2021-10-01,3510,beras_medium_1,9250
2021-10-04,3510,beras_medium_1,9250
2021-10-05,3510,beras_medium_1,9250
2021-10-06,3510,beras_medium_1,9250
2021-10-07,3510,beras_medium_1,9250
2021-10-08,3510,beras_medium_1,9250
2021-10-11,3510,beras_medium_1,9250
2021-10-12,3510,beras_medium_1,9250
2021-10-13,3510,beras_medium_1,9250
2021-10-14,3510,beras_medium_1,9250
2021-10-15,3510,beras_medium_1,9250
2021-10-18,3510,beras_medium_1,9250
2021-10-19,3510,beras_medium_1,9250
2021-10-21,3510,beras_medium_1,9250
2021-10-22,3510,beras_medium_1,9250
2021-10-25,3510,beras_medium_1,9250
2021-10-26,3510,beras_medium_1,9250
2021-10-27,3510,beras_medium_1,9250
2021-10-28,3510,beras_medium_1,9250
2021-10-29,3510,beras_medium_1,9250
2021-11-01,3510,beras_medium_1,9250
2021-11-02,3510,beras_medium_1,9250
2021-11-03,3510,beras_medium_1,9250
2021-11-04,3510,beras_medium_1,9250
2021-11-05,3510,beras_medium_1,9250
2021-11-08,3510,beras_medium_1,9250
2021-11-09,3510,beras_medium_1,9250
2021-11-10,3510,beras_medium_1,9250
2021-11-11,3510,beras_medium_1,9250
2021-11-12,3510,beras_medium_1,9250
2021-11-15,3510,beras_medium_1,9250
2021-11-16,3510,beras_medium_1,9250
2021-11-17,3510,beras_medium_1,9250
2021-11-18,3510,beras_medium_1,9250
2021-11-19,3510,beras_medium_1,9250
2021-11-22,3510,beras_medium_1,9250
2021-11-23,3510,beras_medium_1,9250
2021-11-24,3510,beras_medium_1,9250
2021-11-25,3510,beras_medium_1,9250
2021-11-26,3510,beras_medium_1,9250
2021-11-29,3510,beras_medium_1,9250
2021-11-30,3510,beras_medium_1,9250
2021-12-01,3510,beras_medium_1,9250
2021-12-02,3510,beras_medium_1,9250
2021-12-03,3510,beras_medium_1,9250
2021-12-06,3510,beras_medium_1,9250
2021-12-07,3510,beras_medium_1,9250
2021-12-08,3510,beras_medium_1,9250
2021-12-09,3510,beras_medium_1,9250
2021-12-10,3510,beras_medium_1,9250
2021-12-13,3510,beras_medium_1,9250
2021-12-14,3510,beras_medium_1,9250
2021-12-15,3510,beras_medium_1,9250
2021-12-16,3510,beras_medium_1,9250
2021-12-17,3510,beras_medium_1,9250
2021-12-20,3510,beras_medium_1,9250
2021-12-21,3510,beras_medium_1,9250
2021-12-22,3510,beras_medium_1,9250
2021-12-23,3510,beras_medium_1,9250
2021-12-24,3510,beras_medium_1,9250
2021-12-27,3510,beras_medium_1,9250
2021-12-28,3510,beras_medium_1,9750
2021-12-29,3510,beras_medium_1,9750
2021-12-30,3510,beras_medium_1,9750
2021-12-31,3510,beras_medium_1,9750
2022-01-03,3510,beras_medium_1,9750
2022-01-04,3510,beras_medium_1,9750
2022-01-05,3510,beras_medium_1,9750
2022-01-06,3510,beras_medium_1,9750
2022-01-07,3510,beras_medium_1,9750
2022-01-10,3510,beras_medium_1,9750
2022-01-11,3510,beras_medium_1,9750
2022-01-12,3510,beras_medium_1,9750
2022-01-13,3510,beras_medium_1,9750
2022-01-14,3510,beras_medium_1,9750
2022-01-17,3510,beras_medium_1,9750
2022-01-18,3510,beras_medium_1,9750
2022-01-19,3510,beras_medium_1,9750
2022-01-20,3510,beras_medium_1,9750
2022-01-21,3510,beras_medium_1,9750
2022-01-24,3510,beras_medium_1,9750
2022-01-25,3510,beras_medium_1,9750
2022-01-26,3510,beras_medium_1,9750
2022-01-27,3510,beras_medium_1,9750
2022-01-28,3510,beras_medium_1,9750
2022-01-31,3510,beras_medium_1,9750
2022-02-02,3510,beras_medium_1,9750
2022-02-03,3510,beras_medium_1,9750
2022-02-04,3510,beras_medium_1,9750
2022-02-07,3510,beras_medium_1,9750
2022-02-08,3510,beras_medium_1,9750
2022-02-09,3510,beras_medium_1,9750
2022-02-10,3510,beras_medium_1,9750
2022-02-11,3510,beras_medium_1,9750
2022-02-14,3510,beras_medium_1,9750
2022-02-15,3510,beras_medium_1,9750
2022-02-16,3510,beras_medium_1,9750
2022-02-17,3510,beras_medium_1,9750
2022-02-18,3510,beras_medium_1,9750
2022-02-21,3510,beras_medium_1,9750
2022-02-22,3510,beras_medium_1,9750
2022-02-23,3510,beras_medium_1,9750
2022-02-24,3510,beras_medium_1,9750
2022-02-25,3510,beras_medium_1,9750
2022-03-01,3510,beras_medium_1,9750
2022-03-02,3510,beras_medium_1,9750
2022-03-04,3510,beras_medium_1,9750
2022-03-07,3510,beras_medium_1,9750
2022-03-08,3510,beras_medium_1,9750
2022-03-09,3510,beras_medium_1,9750
2022-03-10,3510,beras_medium_1,9750
2022-03-11,3510,beras_medium_1,9750
2022-03-14,3510,beras_medium_1,9750
2022-03-15,3510,beras_medium_1,9750
2022-03-16,3510,beras_medium_1,9750
2022-03-17,3510,beras_medium_1,9900
2022-03-18,3510,beras_medium_1,9900
2022-03-21,3510,beras_medium_1,9900
2022-03-22,3510,beras_medium_1,9900
2022-03-23,3510,beras_medium_1,9900
2022-03-24,3510,beras_medium_1,9900
2022-03-25,3510,beras_medium_1,9900
2022-03-28,3510,beras_medium_1,9900
2022-03-29,3510,beras_medium_1,9900
2022-03-30,3510,beras_medium_1,9900
2022-03-31,3510,beras_medium_1,9900
2022-04-01,3510,beras_medium_1,9900
2022-04-04,3510,beras_medium_1,9900
2022-04-05,3510,beras_medium_1,9900
2022-04-06,3510,beras_medium_1,9900
2022-04-07,3510,beras_medium_1,9900
2022-04-08,3510,beras_medium_1,9900
2022-04-11,3510,beras_medium_1,9900
2022-04-12,3510,beras_medium_1,9900
2022-04-13,3510,beras_medium_1,9900
2022-04-14,3510,beras_medium_1,9900
2022-04-18,3510,beras_medium_1,9900
2022-04-19,3510,beras_medium_1,9900
2022-04-20,3510,beras_medium_1,9900
2022-04-21,3510,beras_medium_1,9900
2022-04-22,3510,beras_medium_1,9900
2022-04-25,3510,beras_medium_1,9900
2022-04-26,3510,beras_medium_1,9900
2022-04-27,3510,beras_medium_1,9900
2022-04-28,3510,beras_medium_1,9900
2023-01-02,3510,beras_medium_1,11000
2023-01-03,3510,beras_medium_1,11000
2023-01-04,3510,beras_medium_1,11000
2023-01-05,3510,beras_medium_1,11000
2023-01-06,3510,beras_medium_1,11000
2023-01-09,3510,beras_medium_1,11000
2023-01-10,3510,beras_medium_1,11000
2023-01-11,3510,beras_medium_1,11000
2023-01-12,3510,beras_medium_1,11000
2023-01-13,3510,beras_medium_1,11000
2023-01-16,3510,beras_medium_1,11000
2023-01-17,3510,beras_medium_1,11000
2023-01-18,3510,beras_medium_1,11000
2023-01-19,3510,beras_medium_1,11000
2023-01-20,3510,beras_medium_1,11000
2023-01-23,3510,beras_medium_1,11000
2023-01-24,3510,beras_medium_1,11000
2023-01-25,3510,beras_medium_1,11000
2023-01-26,3510,beras_medium_1,11400
2023-01-27,3510,beras_medium_1,11650
2023-01-30,3510,beras_medium_1,11650
2023-01-31,3510,beras_medium_1,11650
2023-02-01,3510,beras_medium_1,11650
2023-02-02,3510,beras_medium_1,11650
2023-02-03,3510,beras_medium_1,11650
2023-02-06,3510,beras_medium_1,11650
2023-02-07,3510,beras_medium_1,11650
2023-02-08,3510,beras_medium_1,11650
2023-02-09,3510,beras_medium_1,11650
2023-02-10,3510,beras_medium_1,11650
2023-02-13,3510,beras_medium_1,11650
2023-02-14,3510,beras_medium_1,11650
2023-02-15,3510,beras_medium_1,11650
2023-02-16,3510,beras_medium_1,11650
2023-02-17,3510,beras_medium_1,11650
2023-02-20,3510,beras_medium_1,11650
2023-02-21,3510,beras_medium_1,11650
2023-02-22,3510,beras_medium_1,11650
2023-02-23,3510,beras_medium_1,11650
2023-02-24,3510,beras_medium_1,11650
2023-02-27,3510,beras_medium_1,11400
2023-02-28,3510,beras_medium_1,11400
2023-03-01,3510,beras_medium_1,10900
2023-03-02,3510,beras_medium_1,10900
2023-03-03,3510,beras_medium_1,10900
2023-03-06,3510,beras_medium_1,10900
2023-03-07,3510,beras_medium_1,10900
2023-03-08,3510,beras_medium_1,10900
2023-03-09,3510,beras_medium_1,10900
2023-03-10,3510,beras_medium_1,10900
2023-03-13,3510,beras_medium_1,10900
2023-03-14,3510,beras_medium_1,10900
2023-03-15,3510,beras_medium_1,10900
2023-03-16,3510,beras_medium_1,11000
2023-03-17,3510,beras_medium_1,11000
2023-03-20,3510,beras_medium_1,10750
2023-03-21,3510,beras_medium_1,11000
2023-03-24,3510,beras_medium_1,11000
2023-03-27,3510,beras_medium_1,11000
2023-03-28,3510,beras_medium_1,11000
2023-03-29,3510,beras_medium_1,11150
2023-03-30,3510,beras_medium_1,11150
2023-03-31,3510,beras_medium_1,11150
2023-04-03,3510,beras_medium_1,11150
2023-04-04,3510,beras_medium_1,11250
2023-04-05,3510,beras_medium_1,11250
2023-04-06,3510,beras_medium_1,11250
2023-04-07,3510,beras_medium_1,11250
2023-04-10,3510,beras_medium_1,11250
2023-04-11,3510,beras_medium_1,11250
2023-04-12,3510,beras_medium_1,11250
2023-04-13,3510,beras_medium_1,11250
2023-04-14,3510,beras_medium_1,11250
2023-04-17,3510,beras_medium_1,11250
2023-04-18,3510,beras_medium_1,11250
2023-04-19,3510,beras_medium_1,11250
2023-04-20,3510,beras_medium_1,11250
2023-04-21,3510,beras_medium_1,11250
2023-04-24,3510,beras_medium_1,11250
2023-04-25,3510,beras_medium_1,11250
2023-04-26,3510,beras_medium_1,11250
2023-04-27,3510,beras_medium_1,11250
2023-04-28,3510,beras_medium_1,11250
2023-05-01,3510,beras_medium_1,11250
2023-05-02,3510,beras_medium_1,11150
2023-05-03,3510,beras_medium_1,11150
2023-05-04,3510,beras_medium_1,11150
2023-05-05,3510,beras_medium_1,11150
2023-05-08,3510,beras_medium_1,11150
2023-05-09,3510,beras_medium_1,11150
2023-05-10,3510,beras_medium_1,11150
2023-05-11,3510,beras_medium_1,11150
2023-05-12,3510,beras_medium_1,11150
2023-05-15,3510,beras_medium_1,11150
2023-05-16,3510,beras_medium_1,11150
2023-05-17,3510,beras_medium_1,11150
2023-05-18,3510,beras_medium_1,11150
2023-05-19,3510,beras_medium_1,11150
2023-05-22,3510,beras_medium_1,11150
2023-05-23,3510,beras_medium_1,11150
2023-05-24,3510,beras_medium_1,11150
2023-05-25,3510,beras_medium_1,11150
2023-05-26,3510,beras_medium_1,11150
2023-05-29,3510,beras_medium_1,11150
2023-05-30,3510,beras_medium_1,11150
2023-05-31,3510,beras_medium_1,11150
2023-06-01,3510,beras_medium_1,11150
2023-06-02,3510,beras_medium_1,11150
2023-06-05,3510,beras_medium_1,11150
2023-06-06,3510,beras_medium_1,11150
2023-06-07,3510,beras_medium_1,11150
2023-06-08,3510,beras_medium_1,11150
2023-06-09,3510,beras_medium_1,11150
2023-06-12,3510,beras_medium_1,11150
2023-06-13,3510,beras_medium_1,11150
2023-06-14,3510,beras_medium_1,11150
2023-06-15,3510,beras_medium_1,11150
2023-06-16,3510,beras_medium_1,11150
2023-06-19,3510,beras_medium_1,11150
2023-06-20,3510,beras_medium_1,11150
2023-06-21,3510,beras_medium_1,11150
2023-06-22,3510,beras_medium_1,11150
2023-06-23,3510,beras_medium_1,11150
2023-06-26,3510,beras_medium_1,11150
2023-06-27,3510,beras_medium_1,11150
2023-06-28,3510,beras_medium_1,11150
2023-06-29,3510,beras_medium_1,11150
2023-06-30,3510,beras_medium_1,11150
2023-07-03,3510,beras_medium_1,11150
2023-07-04,3510,beras_medium_1,11150
2023-07-05,3510,beras_medium_1,11150
2023-07-06,3510,beras_medium_1,11150
2023-07-07,3510,beras_medium_1,11150
2023-07-10,3510,beras_medium_1,11150
2023-07-11,3510,beras_medium_1,11150
2023-07-12,3510,beras_medium_1,11150
2023-07-13,3510,beras_medium_1,11150
2023-07-14,3510,beras_medium_1,11150
2023-07-17,3510,beras_medium_1,11250
2023-07-18,3510,beras_medium_1,11250
2023-07-19,3510,beras_medium_1,11250
2023-07-20,3510,beras_medium_1,11250
2023-07-21,3510,beras_medium_1,11250
2023-07-24,3510,beras_medium_1,11250
2023-07-25,3510,beras_medium_1,11250
2023-07-26,3510,beras_medium_1,11250
2023-07-27,3510,beras_medium_1,11250
2023-07-28,3510,beras_medium_1,11250
2023-07-31,3510,beras_medium_1,11250
2023-08-01,3510,beras_medium_1,11250
2023-08-02,3510,beras_medium_1,11250
2023-08-03,3510,beras_medium_1,11250
2023-08-04,3510,beras_medium_1,11250
2023-08-07,3510,beras_medium_1,11250
2023-08-08,3510,beras_medium_1,11250
2023-08-09,3510,beras_medium_1,11250
2023-08-10,3510,beras_medium_1,11250
2023-08-11,3510,beras_medium_1,11250
2023-08-14,3510,beras_medium_1,11250
2023-08-15,3510,beras_medium_1,11250
2023-08-16,3510,beras_medium_1,11250
2023-08-17,3510,beras_medium_1,11250
2023-08-18,3510,beras_medium_1,11250
2023-08-21,3510,beras_medium_1,11250
2023-08-22,3510,beras_medium_1,11250
2023-08-23,3510,beras_medium_1,11250
2023-08-24,3510,beras_medium_1,11250
2023-08-25,3510,beras_medium_1,11250
2023-08-28,3510,beras_medium_1,11250
2023-08-29,3510,beras_medium_1,11250
2023-08-30,3510,beras_medium_1,11250
2023-08-31,3510,beras_medium_1,11250
2023-09-01,3510,beras_medium_1,11250
2023-09-04,3510,beras_medium_1,12150
2023-09-05,3510,beras_medium_1,12150
2023-09-06,3510,beras_medium_1,12150
2023-09-07,3510,beras_medium_1,12150
2023-09-08,3510,beras_medium_1,12150
2023-09-11,3510,beras_medium_1,12150
2023-09-12,3510,beras_medium_1,12150
2023-09-13,3510,beras_medium_1,12250
2023-09-14,3510,beras_medium_1,12250
2023-09-15,3510,beras_medium_1,12250
2023-09-18,3510,beras_medium_1,12250
2023-09-19,3510,beras_medium_1,12250
2023-09-20,3510,beras_medium_1,12250
2023-09-21,3510,beras_medium_1,12250
2023-09-22,3510,beras_medium_1,12250
2023-09-25,3510,beras_medium_1,12650
2023-09-26,3510,beras_medium_1,12650
2023-09-27,3510,beras_medium_1,12650
2023-09-28,3510,beras_medium_1,12650
2023-09-29,3510,beras_medium_1,12650
2023-10-02,3510,beras_medium_1,12650
2023-10-03,3510,beras_medium_1,12650
2023-10-04,3510,beras_medium_1,12650
2023-10-05,3510,beras_medium_1,12650
2023-10-06,3510,beras_medium_1,12650
2023-10-09,3510,beras_medium_1,12650
2023-10-10,3510,beras_medium_1,12650
2023-10-11,3510,beras_medium_1,12650
2023-10-12,3510,beras_medium_1,12650
2023-10-13,3510,beras_medium_1,12650
2023-10-16,3510,beras_medium_1,12650
2023-10-17,3510,beras_medium_1,12650
2023-10-18,3510,beras_medium_1,12650
2023-10-19,3510,beras_medium_1,12650
2023-10-20,3510,beras_medium_1,12650
2023-10-23,3510,beras_medium_1,12650
2023-10-24,3510,beras_medium_1,12650
2023-10-25,3510,beras_medium_1,12650
2023-10-26,3510,beras_medium_1,12650
2023-10-27,3510,beras_medium_1,12650
2023-10-30,3510,beras_medium_1,12650
2023-10-31,3510,beras_medium_1,12650
2023-11-01,3510,beras_medium_1,12650
2023-11-02,3510,beras_medium_1,12650
2023-11-03,3510,beras_medium_1,12900
2023-11-06,3510,beras_medium_1,12900
2023-11-07,3510,beras_medium_1,12900
2023-11-08,3510,beras_medium_1,12900
2023-11-09,3510,beras_medium_1,12900
2023-11-10,3510,beras_medium_1,12900
2023-11-13,3510,beras_medium_1,12900
2023-11-14,3510,beras_medium_1,12900
2023-11-15,3510,beras_medium_1,12900
2023-11-16,3510,beras_medium_1,12900
2023-11-17,3510,beras_medium_1,12900
2023-11-20,3510,beras_medium_1,12900
2023-11-21,3510,beras_medium_1,12900
2023-11-22,3510,beras_medium_1,12900
2023-11-23,3510,beras_medium_1,12900
2023-11-24,3510,beras_medium_1,12900
2023-11-27,3510,beras_medium_1,12900
2023-11-28,3510,beras_medium_1,12900
2023-11-29,3510,beras_medium_1,12900
2023-11-30,3510,beras_medium_1,12900
2023-12-01,3510,beras_medium_1,12900
2023-12-04,3510,beras_medium_1,12900
2023-12-05,3510,beras_medium_1,12900
2023-12-06,3510,beras_medium_1,12900
2023-12-07,3510,beras_medium_1,12900
2023-12-08,3510,beras_medium_1,12900
2023-12-11,3510,beras_medium_1,12900
2023-12-12,3510,beras_medium_1,12900
2023-12-13,3510,beras_medium_1,12900
2023-12-14,3510,beras_medium_1,12900
2023-12-15,3510,beras_medium_1,12900
2023-12-18,3510,beras_medium_1,12900
2023-12-19,3510,beras_medium_1,12900
2023-12-20,3510,beras_medium_1,12900
2023-12-21,3510,beras_medium_1,12900
2023-12-22,3510,beras_medium_1,12900
2023-12-27,3510,beras_medium_1,12900
2023-12-28,3510,beras_medium_1,12900
2023-12-29,3510,beras_medium_1,12900
2024-01-01,3510,beras_medium_1,12900
2024-01-02,3510,beras_medium_1,12900
2024-01-03,3510,beras_medium_1,12900
2024-01-04,3510,beras_medium_1,12900
2024-01-05,3510,beras_medium_1,12900
2024-01-08,3510,beras_medium_1,12900
2024-01-09,3510,beras_medium_1,12900
2024-01-10,3510,beras_medium_1,12900
2024-01-11,3510,beras_medium_1,12900
2024-01-12,3510,beras_medium_1,12900
2024-01-15,3510,beras_medium_1,13000
2024-01-16,3510,beras_medium_1,13000
2024-01-17,3510,beras_medium_1,13000
2024-01-18,3510,beras_medium_1,13000
2024-01-19,3510,beras_medium_1,13000
2024-01-22,3510,beras_medium_1,13000
2024-01-23,3510,beras_medium_1,13000
2024-01-24,3510,beras_medium_1,13000
2024-01-25,3510,beras_medium_1,13150
2024-01-26,3510,beras_medium_1,13400
2024-01-29,3510,beras_medium_1,13400
2024-01-30,3510,beras_medium_1,13400
2024-01-31,3510,beras_medium_1,13400
2024-02-01,3510,beras_medium_1,13400
2024-02-02,3510,beras_medium_1,13400
2024-02-05,3510,beras_medium_1,13900
2024-02-06,3510,beras_medium_1,13900
2024-02-07,3510,beras_medium_1,13900
2024-02-08,3510,beras_medium_1,13900
2024-02-09,3510,beras_medium_1,13900
2024-02-12,3510,beras_medium_1,13900
2024-02-13,3510,beras_medium_1,13900
2024-02-14,3510,beras_medium_1,13900
2024-02-15,3510,beras_medium_1,13900
2024-02-16,3510,beras_medium_1,13900
2024-02-19,3510,beras_medium_1,13900
2024-02-20,3510,beras_medium_1,14150
2024-02-21,3510,beras_medium_1,14150
2024-02-22,3510,beras_medium_1,14500
2024-02-23,3510,beras_medium_1,14500
2024-02-26,3510,beras_medium_1,14500
2024-02-27,3510,beras_medium_1,14500
2024-02-28,3510,beras_medium_1,14500
2024-02-29,3510,beras_medium_1,14500
2024-03-01,3510,beras_medium_1,14500
2024-03-04,3510,beras_medium_1,14500
2024-03-05,3510,beras_medium_1,14500
2024-03-06,3510,beras_medium_1,14500
2024-03-07,3510,beras_medium_1,14500
2024-03-08,3510,beras_medium_1,14500
2024-03-11,3510,beras_medium_1,14500
2024-03-12,3510,beras_medium_1,14500
2024-03-13,3510,beras_medium_1,14500
2024-03-14,3510,beras_medium_1,14400
2024-03-15,3510,beras_medium_1,14400
2024-03-18,3510,beras_medium_1,14400
2024-03-19,3510,beras_medium_1,14400
2024-03-20,3510,beras_medium_1,14400
2024-03-21,3510,beras_medium_1,14400
2024-03-22,3510,beras_medium_1,14400
2024-03-25,3510,beras_medium_1,14400
2024-03-26,3510,beras_medium_1,14400
2024-03-27,3510,beras_medium_1,14400
2024-03-28,3510,beras_medium_1,14400
2024-03-29,3510,beras_medium_1,14400
2024-04-01,3510,beras_medium_1,14400
2024-04-02,3510,beras_medium_1,14400
2024-04-03,3510,beras_medium_1,14400
2024-04-04,3510,beras_medium_1,14400
2024-04-05,3510,beras_medium_1,14400
2024-04-08,3510,beras_medium_1,14400
2024-04-09,3510,beras_medium_1,14400
2024-04-10,3510,beras_medium_1,14400
2024-04-11,3510,beras_medium_1,14400
2024-04-12,3510,beras_medium_1,14400
2024-04-15,3510,beras_medium_1,14400
2024-04-16,3510,beras_medium_1,14250
2024-04-17,3510,beras_medium_1,14250
2024-04-18,3510,beras_medium_1,14250
2024-04-19,3510,beras_medium_1,14250
2024-04-22,3510,beras_medium_1,14250
2024-04-23,3510,beras_medium_1,13250
2024-04-24,3510,beras_medium_1,13250
2024-04-25,3510,beras_medium_1,13250
2024-04-26,3510,beras_medium_1,13250
2024-04-29,3510,beras_medium_1,13250
2024-04-30,3510,beras_medium_1,13250
2024-05-01,3510,beras_medium_1,13250
2024-05-02,3510,beras_medium_1,13250
2024-05-03,3510,beras_medium_1,13250
2024-05-06,3510,beras_medium_1,13250
2024-05-07,3510,beras_medium_1,13250
2024-05-08,3510,beras_medium_1,13250
2024-05-09,3510,beras_medium_1,13250
2024-05-10,3510,beras_medium_1,13250
2024-05-13,3510,beras_medium_1,13000
2024-05-14,3510,beras_medium_1,13000
2024-05-15,3510,beras_medium_1,13000
2024-05-16,3510,beras_medium_1,13000
2024-05-17,3510,beras_medium_1,13000
2024-05-20,3510,beras_medium_1,13000
2024-05-21,3510,beras_medium_1,13000
2024-05-22,3510,beras_medium_1,13000
2024-05-23,3510,beras_medium_1,13000
2024-05-24,3510,beras_medium_1,13000
2024-05-27,3510,beras_medium_1,13000
2024-05-28,3510,beras_medium_1,13000
2024-05-29,3510,beras_medium_1,13000
2024-05-30,3510,beras_medium_1,13000
2024-05-31,3510,beras_medium_1,13000
2024-06-03,3510,beras_medium_1,12750
2024-06-05,3510,beras_medium_1,12750
2024-06-06,3510,beras_medium_1,12750
2024-06-07,3510,beras_medium_1,12750
2024-06-10,3510,beras_medium_1,13400
2024-06-11,3510,beras_medium_1,13400
2024-06-12,3510,beras_medium_1,13400
2024-06-13,3510,beras_medium_1,13400
2024-06-14,3510,beras_medium_1,13400
2024-06-17,3510,beras_medium_1,13400
2024-06-18,3510,beras_medium_1,13400
2024-06-19,3510,beras_medium_1,13400
2024-06-20,3510,beras_medium_1,13400
2024-06-21,3510,beras_medium_1,13400
2024-06-24,3510,beras_medium_1,13400
2024-06-25,3510,beras_medium_1,14000
2024-06-26,3510,beras_medium_1,13400
2024-06-28,3510,beras_medium_1,13400
2024-07-01,3510,beras_medium_1,13400
2024-07-02,3510,beras_medium_1,13400
2024-07-03,3510,beras_medium_1,13400
2024-07-04,3510,beras_medium_1,13400
2024-07-05,3510,beras_medium_1,13400
2024-07-08,3510,beras_medium_1,13400
2024-07-09,3510,beras_medium_1,13400
2024-07-10,3510,beras_medium_1,13400
2024-07-11,3510,beras_medium_1,13400
2024-07-12,3510,beras_medium_1,13400
2024-07-15,3510,beras_medium_1,13400
2024-07-16,3510,beras_medium_1,13400
2024-07-17,3510,beras_medium_1,13400
2024-07-18,3510,beras_medium_1,13400
2024-07-19,3510,beras_medium_1,13400
2024-07-22,3510,beras_medium_1,13400
2024-07-23,3510,beras_medium_1,13400
2024-07-24,3510,beras_medium_1,13400
2024-07-25,3510,beras_medium_1,13400
2024-07-26,3510,beras_medium_1,13400
2024-07-29,3510,beras_medium_1,13400
2024-07-30,3510,beras_medium_1,13400
2024-07-31,3510,beras_medium_1,13400
2024-08-01,3510,beras_medium_1,13400
2024-08-02,3510,beras_medium_1,13400
2024-08-05,3510,beras_medium_1,13400
2024-08-06,3510,beras_medium_1,13400
2024-08-07,3510,beras_medium_1,13400
2024-08-09,3510,beras_medium_1,13400
2024-08-12,3510,beras_medium_1,13400
2024-08-13,3510,beras_medium_1,13400
2024-08-14,3510,beras_medium_1,13400
2024-08-15,3510,beras_medium_1,13400
2024-08-16,3510,beras_medium_1,13400
2024-08-19,3510,beras_medium_1,13400
2024-08-21,3510,beras_medium_1,13400
2024-08-22,3510,beras_medium_1,13400
2024-08-23,3510,beras_medium_1,13400
2024-08-27,3510,beras_medium_1,13400
2024-08-28,3510,beras_medium_1,13400
2024-08-29,3510,beras_medium_1,13400
2024-08-30,3510,beras_medium_1,13400
2024-09-02,3510,beras_medium_1,13400
2024-09-03,3510,beras_medium_1,13400
2024-09-04,3510,beras_medium_1,13400
2024-09-05,3510,beras_medium_1,13400
2024-09-06,3510,beras_medium_1,13400
2024-09-09,3510,beras_medium_1,13250
2024-09-10,3510,beras_medium_1,13250
2024-09-11,3510,beras_medium_1,13250
2024-09-12,3510,beras_medium_1,13250
2024-09-13,3510,beras_medium_1,13250
2024-09-16,3510,beras_medium_1,13250
2024-09-17,3510,beras_medium_1,13250
2024-09-18,3510,beras_medium_1,13250
2024-09-19,3510,beras_medium_1,13250
2024-09-20,3510,beras_medium_1,13250
2024-09-23,3510,beras_medium_1,13250
2024-09-24,3510,beras_medium_1,13250
2024-09-25,3510,beras_medium_1,13250
2024-09-26,3510,beras_medium_1,13250
2024-09-27,3510,beras_medium_1,13250
2024-09-30,3510,beras_medium_1,13250
2024-10-01,3510,beras_medium_1,13250
2024-10-02,3510,beras_medium_1,13250
2024-10-03,3510,beras_medium_1,13250
2024-10-04,3510,beras_medium_1,13250
2024-10-07,3510,beras_medium_1,13250
2024-10-08,3510,beras_medium_1,13250
2024-10-09,3510,beras_medium_1,13250
2024-10-10,3510,beras_medium_1,13250
2024-10-11,3510,beras_medium_1,13250
2024-10-14,3510,beras_medium_1,13250
2024-10-15,3510,beras_medium_1,13250
2024-10-16,3510,beras_medium_1,13250
2024-10-17,3510,beras_medium_1,13250
2024-10-18,3510,beras_medium_1,13250
2024-10-21,3510,beras_medium_1,13250
2024-10-22,3510,beras_medium_1,13250
2024-10-23,3510,beras_medium_1,13250
2024-10-24,3510,beras_medium_1,13250
2024-10-25,3510,beras_medium_1,13250
2024-10-28,3510,beras_medium_1,13250
2024-10-29,3510,beras_medium_1,13250
2024-10-30,3510,beras_medium_1,13250
2024-10-31,3510,beras_medium_1,13250
2024-11-01,3510,beras_medium_1,13250
2024-11-04,3510,beras_medium_1,13250
2024-11-05,3510,beras_medium_1,13250
2024-11-07,3510,beras_medium_1,13400
2024-11-08,3510,beras_medium_1,13250
2024-11-11,3510,beras_medium_1,13250
2024-11-12,3510,beras_medium_1,13250
2024-11-14,3510,beras_medium_1,13250
2024-11-18,3510,beras_medium_1,13250
2024-11-20,3510,beras_medium_1,13250
2024-11-21,3510,beras_medium_1,13250
2024-11-22,3510,beras_medium_1,13250
2024-11-25,3510,beras_medium_1,13250
2024-11-26,3510,beras_medium_1,13250
2024-11-27,3510,beras_medium_1,13250
2024-11-28,3510,beras_medium_1,13250
2024-11-29,3510,beras_medium_1,13250
2024-12-02,3510,beras_medium_1,13250
2024-12-03,3510,beras_medium_1,13250
2024-12-04,3510,beras_medium_1,13250
2024-12-05,3510,beras_medium_1,13250
2024-12-06,3510,beras_medium_1,13250
2024-12-09,3510,beras_medium_1,13250
2024-12-10,3510,beras_medium_1,13250
2024-12-11,3510,beras_medium_1,13250
2024-12-12,3510,beras_medium_1,13250
2024-12-13,3510,beras_medium_1,13250
2024-12-16,3510,beras_medium_1,13000
2024-12-17,3510,beras_medium_1,13250
2024-12-18,3510,beras_medium_1,13250
2024-12-19,3510,beras_medium_1,13250
2024-12-20,3510,beras_medium_1,13250
2024-12-23,3510,beras_medium_1,13250
2024-12-24,3510,beras_medium_1,13250
2024-12-25,3510,beras_medium_1,13250
2024-12-26,3510,beras_medium_1,13250
2024-12-27,3510,beras_medium_1,13250
2024-12-30,3510,beras_medium_1,13250
2024-12-31,3510,beras_medium_1,13250
2025-01-01,3510,beras_medium_1,13250
2025-01-02,3510,beras_medium_1,13250
2025-01-03,3510,beras_medium_1,13250
2025-01-06,3510,beras_medium_1,13250
2025-01-07,3510,beras_medium_1,13250
2025-01-08,3510,beras_medium_1,13250
2025-01-10,3510,beras_medium_1,13250
2025-01-13,3510,beras_medium_1,13250
2025-01-14,3510,beras_medium_1,13250
2025-01-15,3510,beras_medium_1,13400
2025-01-17,3510,beras_medium_1,13400
2025-01-20,3510,beras_medium_1,13400
2025-01-21,3510,beras_medium_1,13400
2025-01-22,3510,beras_medium_1,13400
2025-01-23,3510,beras_medium_1,13650
2025-01-24,3510,beras_medium_1,13650
2025-01-27,3510,beras_medium_1,13650
2025-01-28,3510,beras_medium_1,13650
2025-01-29,3510,beras_medium_1,13650
2025-01-30,3510,beras_medium_1,13650
2025-01-31,3510,beras_medium_1,13650
2025-02-03,3510,beras_medium_1,13650
2025-02-04,3510,beras_medium_1,13650
2025-02-05,3510,beras_medium_1,13650
2025-02-06,3510,beras_medium_1,13650
2025-02-07,3510,beras_medium_1,13650
2025-02-10,3510,beras_medium_1,13650
2025-02-11,3510,beras_medium_1,13650
2025-02-12,3510,beras_medium_1,13650
2025-02-13,3510,beras_medium_1,13650
2025-02-14,3510,beras_medium_1,13650
2025-02-17,3510,beras_medium_1,13650
2025-02-18,3510,beras_medium_1,13650
2025-02-19,3510,beras_medium_1,13650
2025-02-20,3510,beras_medium_1,13650
2025-02-21,3510,beras_medium_1,13650
2025-02-24,3510,beras_medium_1,13650
2025-02-25,3510,beras_medium_1,13650
2025-02-26,3510,beras_medium_1,13650
2025-02-27,3510,beras_medium_1,13650
2025-02-28,3510,beras_medium_1,13650
2025-03-03,3510,beras_medium_1,13650
2025-03-04,3510,beras_medium_1,13650
2025-03-05,3510,beras_medium_1,13650
2025-03-06,3510,beras_medium_1,13650
2025-03-07,3510,beras_medium_1,13650
2025-03-10,3510,beras_medium_1,13650
2025-03-11,3510,beras_medium_1,13650
2025-03-12,3510,beras_medium_1,13650
2025-03-13,3510,beras_medium_1,13650
2025-03-14,3510,beras_medium_1,13650
2025-03-17,3510,beras_medium_1,13650
2025-03-18,3510,beras_medium_1,13650
2025-03-19,3510,beras_medium_1,13650
2025-03-20,3510,beras_medium_1,13650
2025-03-21,3510,beras_medium_1,13650
2025-03-24,3510,beras_medium_1,13650
2025-03-25,3510,beras_medium_1,13650
2025-03-26,3510,beras_medium_1,13650
2025-03-27,3510,beras_medium_1,13650
2025-03-28,3510,beras_medium_1,13650
2025-03-31,3510,beras_medium_1,13650
2025-04-01,3510,beras_medium_1,13650
2025-04-02,3510,beras_medium_1,13650
2025-04-03,3510,beras_medium_1,13650
2025-04-04,3510,beras_medium_1,13650
2025-04-07,3510,beras_medium_1,13650
2025-04-08,3510,beras_medium_1,13650
2025-04-09,3510,beras_medium_1,13650
2025-04-10,3510,beras_medium_1,13650
2025-04-11,3510,beras_medium_1,13650
2025-04-14,3510,beras_medium_1,13650
2025-04-15,3510,beras_medium_1,13650
2025-04-16,3510,beras_medium_1,13650
2025-04-17,3510,beras_medium_1,13650
2025-04-18,3510,beras_medium_1,13650
2025-04-21,3510,beras_medium_1,13650
2025-04-22,3510,beras_medium_1,13650
2025-04-23,3510,beras_medium_1,13650
2025-04-24,3510,beras_medium_1,13650
2025-04-25,3510,beras_medium_1,13650
2025-04-28,3510,beras_medium_1,13650
2025-04-29,3510,beras_medium_1,13650
2025-04-30,3510,beras_medium_1,13650
2025-05-01,3510,beras_medium_1,13650
2025-05-02,3510,beras_medium_1,13650
2025-05-05,3510,beras_medium_1,13650
2025-05-06,3510,beras_medium_1,13650
2025-05-07,3510,beras_medium_1,13650
2025-05-08,3510,beras_medium_1,13650
2025-05-09,3510,beras_medium_1,13650
2025-05-12,3510,beras_medium_1,13650
2025-05-13,3510,beras_medium_1,13650
2025-05-14,3510,beras_medium_1,13650
2025-05-15,3510,beras_medium_1,13650
2025-05-16,3510,beras_medium_1,13650
2025-05-19,3510,beras_medium_1,13650
2025-05-20,3510,beras_medium_1,13650
2025-05-21,3510,beras_medium_1,13650
2025-05-22,3510,beras_medium_1,13650
2025-05-23,3510,beras_medium_1,13650
2025-05-26,3510,beras_medium_1,14250
2025-05-27,3510,beras_medium_1,14250
2025-05-28,3510,beras_medium_1,14250
2025-05-29,3510,beras_medium_1,14250
2025-05-30,3510,beras_medium_1,14250
2025-06-02,3510,beras_medium_1,14250
2025-06-03,3510,beras_medium_1,14250
2025-06-04,3510,beras_medium_1,14250
2025-06-05,3510,beras_medium_1,14250
2025-06-06,3510,beras_medium_1,14250
2025-06-09,3510,beras_medium_1,14250
2025-06-10,3510,beras_medium_1,14250
2025-06-11,3510,beras_medium_1,14250
2025-06-12,3510,beras_medium_1,14250
2025-06-13,3510,beras_medium_1,14250
2025-06-16,3510,beras_medium_1,14250
2025-06-17,3510,beras_medium_1,14250
2025-06-18,3510,beras_medium_1,14250
2025-06-19,3510,beras_medium_1,14250
2025-06-20,3510,beras_medium_1,14250
2025-06-23,3510,beras_medium_1,14250
2025-06-24,3510,beras_medium_1,14250
2025-06-25,3510,beras_medium_1,14250
2025-06-26,3510,beras_medium_1,14250
2025-06-27,3510,beras_medium_1,14250
2025-06-30,3510,beras_medium_1,14250
2025-07-01,3510,beras_medium_1,14250
2025-07-02,3510,beras_medium_1,14250
2025-07-03,3510,beras_medium_1,14250
2025-07-04,3510,beras_medium_1,14250
2025-07-07,3510,beras_medium_1,14250
2025-07-08,3510,beras_medium_1,14250
2025-07-09,3510,beras_medium_1,14250
2025-07-10,3510,beras_medium_1,14250
2025-07-11,3510,beras_medium_1,14250
2025-07-14,3510,beras_medium_1,14250
2025-07-15,3510,beras_medium_1,14250
2025-07-16,3510,beras_medium_1,14250
2025-07-17,3510,beras_medium_1,14250
2025-07-18,3510,beras_medium_1,14250
2025-07-21,3510,beras_medium_1,14250
2025-07-22,3510,beras_medium_1,14250
2025-07-23,3510,beras_medium_1,14250
2025-07-24,3510,beras_medium_1,14250
2025-07-25,3510,beras_medium_1,14250
2025-07-28,3510,beras_medium_1,14250
2025-07-29,3510,beras_medium_1,14250
2025-07-30,3510,beras_medium_1,14250
2025-07-31,3510,beras_medium_1,14250
2025-08-01,3510,beras_medium_1,14250
2025-08-04,3510,beras_medium_1,14250
2025-08-05,3510,beras_medium_1,14250
2025-08-06,3510,beras_medium_1,14250
2025-08-07,3510,beras_medium_1,14250
2025-08-08,3510,beras_medium_1,14250
2025-08-11,3510,beras_medium_1,14250
2025-08-12,3510,beras_medium_1,14250
2025-08-13,3510,beras_medium_1,14250
2025-08-14,3510,beras_medium_1,14250
2025-08-15,3510,beras_medium_1,14250
2025-08-18,3510,beras_medium_1,14250
2025-08-19,3510,beras_medium_1,14250
2025-08-20,3510,beras_medium_1,14250
2025-08-21,3510,beras_medium_1,14250
2025-08-22,3510,beras_medium_1,14250
2025-08-25,3510,beras_medium_1,14250
2025-08-26,3510,beras_medium_1,14250
2025-08-27,3510,beras_medium_1,14250
2025-08-28,3510,beras_medium_1,14250
2025-08-29,3510,beras_medium_1,14250
2025-09-01,3510,beras_medium_1,14250
2025-09-02,3510,beras_medium_1,14250
2025-09-03,3510,beras_medium_1,14250
2025-09-04,3510,beras_medium_1,14250
2025-09-05,3510,beras_medium_1,14250
2025-09-08,3510,beras_medium_1,14250
2025-09-09,3510,beras_medium_1,14250
2025-09-10,3510,beras_medium_1,14250
2025-09-11,3510,beras_medium_1,14250
2025-09-12,3510,beras_medium_1,14250
2025-09-15,3510,beras_medium_1,14250
2025-09-16,3510,beras_medium_1,14250
2025-09-17,3510,beras_medium_1,14250
2025-09-18,3510,beras_medium_1,14250
2025-09-19,3510,beras_medium_1,14250
2025-09-22,3510,beras_medium_1,14250
2025-09-23,3510,beras_medium_1,14250
2025-09-24,3510,beras_medium_1,14250
2025-09-25,3510,beras_medium_1,14250
2025-09-26,3510,beras_medium_1,14250
2025-09-29,3510,beras_medium_1,14250
2025-09-30,3510,beras_medium_1,14250
2025-10-01,3510,beras_medium_1,14250
2025-10-02,3510,beras_medium_1,14250
2025-10-03,3510,beras_medium_1,14250
2025-10-06,3510,beras_medium_1,14250
2025-10-07,3510,beras_medium_1,14250
2025-10-08,3510,beras_medium_1,14250
2025-10-09,3510,beras_medium_1,14250
2025-10-10,3510,beras_medium_1,14250
2025-10-13,3510,beras_medium_1,14250
2025-10-14,3510,beras_medium_1,14250
2025-10-15,3510,beras_medium_1,14250
2025-10-16,3510,beras_medium_1,14250
2025-10-17,3510,beras_medium_1,14250
2025-10-20,3510,beras_medium_1,14250
2025-10-21,3510,beras_medium_1,14250
2025-10-22,3510,beras_medium_1,14250
2025-10-23,3510,beras_medium_1,14250
2025-10-24,3510,beras_medium_1,14250
2025-10-27,3510,beras_medium_1,14250
2025-10-28,3510,beras_medium_1,14250
2025-10-29,3510,beras_medium_1,14250
2025-10-30,3510,beras_medium_1,14000
2025-10-31,3510,beras_medium_1,14000
2025-11-03,3510,beras_medium_1,14000
2025-11-04,3510,beras_medium_1,14000
2025-11-05,3510,beras_medium_1,14000
2025-11-06,3510,beras_medium_1,14000
2025-11-07,3510,beras_medium_1,14000
2025-11-10,3510,beras_medium_1,14000
2025-11-11,3510,beras_medium_1,14000
2025-11-12,3510,beras_medium_1,14000
2025-11-13,3510,beras_medium_1,14000
2025-11-14,3510,beras_medium_1,14000
2025-11-17,3510,beras_medium_1,13500
2025-11-18,3510,beras_medium_1,13500
2025-11-19,3510,beras_medium_1,13500
2025-11-20,3510,beras_medium_1,13500
2025-11-21,3510,beras_medium_1,13500
2025-11-24,3510,beras_medium_1,13500
2025-11-25,3510,beras_medium_1,13500
2025-11-26,3510,beras_medium_1,13500
2025-11-27,3510,beras_medium_1,13500
2025-11-28,3510,beras_medium_1,13500
2025-12-01,3510,beras_medium_1,13500
2025-12-02,3510,beras_medium_1,13500
2025-12-03,3510,beras_medium_1,13500
2025-12-04,3510,beras_medium_1,13500
2025-12-05,3510,beras_medium_1,13500
2025-12-08,3510,beras_medium_1,13500
2025-12-09,3510,beras_medium_1,13500
2025-12-10,3510,beras_medium_1,13500
2025-12-11,3510,beras_medium_1,13500
2025-12-12,3510,beras_medium_1,13500
2025-12-15,3510,beras_medium_1,13500
2025-12-16,3510,beras_medium_1,13500
2025-12-17,3510,beras_medium_1,13500
2025-12-18,3510,beras_medium_1,13500
2025-12-19,3510,beras_medium_1,13500
2025-12-22,3510,beras_medium_1,13500
2025-12-23,3510,beras_medium_1,13500
2025-12-24,3510,beras_medium_1,13500
2025-12-25,3510,beras_medium_1,13500
2025-12-26,3510,beras_medium_1,13500
2025-12-29,3510,beras_medium_1,13500
2025-12-30,3510,beras_medium_1,13500
2025-12-31,3510,beras_medium_1,13500
2021-01-04,3529,beras_medium_1,9000
2021-01-05,3529,beras_medium_1,9000
2021-01-06,3529,beras_medium_1,9000
2021-01-07,3529,beras_medium_1,9000
2021-01-08,3529,beras_medium_1,9000
2021-01-11,3529,beras_medium_1,9000
2021-01-12,3529,beras_medium_1,9000
2021-01-13,3529,beras_medium_1,9000
2021-01-14,3529,beras_medium_1,9000
2021-01-15,3529,beras_medium_1,9000
2021-01-18,3529,beras_medium_1,8900
2021-01-19,3529,beras_medium_1,8900
2021-01-20,3529,beras_medium_1,8900
2021-01-21,3529,beras_medium_1,8900
2021-01-22,3529,beras_medium_1,8900
2021-01-25,3529,beras_medium_1,9000
2021-01-26,3529,beras_medium_1,9000
2021-01-27,3529,beras_medium_1,9000
2021-01-28,3529,beras_medium_1,9000
2021-01-29,3529,beras_medium_1,9000
2021-02-01,3529,beras_medium_1,9000
2021-02-02,3529,beras_medium_1,9000
2021-02-03,3529,beras_medium_1,9000
2021-02-04,3529,beras_medium_1,9000
2021-02-05,3529,beras_medium_1,9000
2021-02-08,3529,beras_medium_1,8900
2021-02-09,3529,beras_medium_1,8900
2021-02-10,3529,beras_medium_1,8900
2021-02-11,3529,beras_medium_1,8900
2021-02-15,3529,beras_medium_1,8900
2021-02-16,3529,beras_medium_1,8900
2021-02-17,3529,beras_medium_1,8900
2021-02-18,3529,beras_medium_1,8950
2021-02-19,3529,beras_medium_1,8950
2021-02-22,3529,beras_medium_1,8950
2021-02-23,3529,beras_medium_1,8950
2021-02-24,3529,beras_medium_1,8950
2021-02-25,3529,beras_medium_1,9000
2021-02-26,3529,beras_medium_1,9000
2021-03-01,3529,beras_medium_1,9000
2021-03-02,3529,beras_medium_1,9000
2021-03-03,3529,beras_medium_1,8900
2021-03-04,3529,beras_medium_1,8800
2021-03-05,3529,beras_medium_1,8900
2021-03-08,3529,beras_medium_1,8900
2021-03-09,3529,beras_medium_1,8900
2021-03-10,3529,beras_medium_1,8900
2021-03-12,3529,beras_medium_1,8950
2021-03-15,3529,beras_medium_1,8950
2021-03-16,3529,beras_medium_1,8950
2021-03-17,3529,beras_medium_1,8950
2021-03-18,3529,beras_medium_1,8950
2021-03-19,3529,beras_medium_1,8950
2021-03-22,3529,beras_medium_1,8950
2021-03-23,3529,beras_medium_1,8950
2021-03-24,3529,beras_medium_1,8900
2021-03-25,3529,beras_medium_1,8900
2021-03-26,3529,beras_medium_1,8900
2021-03-29,3529,beras_medium_1,8900
2021-03-30,3529,beras_medium_1,8900
2021-03-31,3529,beras_medium_1,8900
2021-04-01,3529,beras_medium_1,8900
2021-04-05,3529,beras_medium_1,8900
2021-04-06,3529,beras_medium_1,8900
2021-04-07,3529,beras_medium_1,8900
2021-04-08,3529,beras_medium_1,8900
2021-04-09,3529,beras_medium_1,8900
2021-04-12,3529,beras_medium_1,8850
2021-04-13,3529,beras_medium_1,8850
2021-04-14,3529,beras_medium_1,8900
2021-04-15,3529,beras_medium_1,8900
2021-04-16,3529,beras_medium_1,8900
2021-04-19,3529,beras_medium_1,8900
2021-04-20,3529,beras_medium_1,8900
2021-04-21,3529,beras_medium_1,8900
2021-04-22,3529,beras_medium_1,8900
2021-04-23,3529,beras_medium_1,8900
2021-04-26,3529,beras_medium_1,8900
2021-04-27,3529,beras_medium_1,8900
2021-04-28,3529,beras_medium_1,8900
2021-04-29,3529,beras_medium_1,8900
2021-04-30,3529,beras_medium_1,8850
2021-05-03,3529,beras_medium_1,8700
2021-05-04,3529,beras_medium_1,8700
2021-05-05,3529,beras_medium_1,8700
2021-05-06,3529,beras_medium_1,8700
2021-05-07,3529,beras_medium_1,8700
2021-05-10,3529,beras_medium_1,8650
2021-05-11,3529,beras_medium_1,8650
2021-05-17,3529,beras_medium_1,8650
2021-05-18,3529,beras_medium_1,8650
2021-05-19,3529,beras_medium_1,8650
2021-05-20,3529,beras_medium_1,8650
2021-05-21,3529,beras_medium_1,8650
2021-05-24,3529,beras_medium_1,8650
2021-05-25,3529,beras_medium_1,8750
2021-05-27,3529,beras_medium_1,8750
2021-05-28,3529,beras_medium_1,8750
2021-05-31,3529,beras_medium_1,8750
2021-06-02,3529,beras_medium_1,8750
2021-06-03,3529,beras_medium_1,8750
2021-06-04,3529,beras_medium_1,8750
2021-06-07,3529,beras_medium_1,8750
2021-06-08,3529,beras_medium_1,8750
2021-06-09,3529,beras_medium_1,8750
2021-06-10,3529,beras_medium_1,8750
2021-06-11,3529,beras_medium_1,8800
2021-06-14,3529,beras_medium_1,8800
2021-06-15,3529,beras_medium_1,8800
2021-06-16,3529,beras_medium_1,8800
2021-06-17,3529,beras_medium_1,8800
2021-06-18,3529,beras_medium_1,8800
2021-06-21,3529,beras_medium_1,8800
2021-06-22,3529,beras_medium_1,8800
2021-06-23,3529,beras_medium_1,8800
2021-06-24,3529,beras_medium_1,8800
2021-06-25,3529,beras_medium_1,8800
2021-06-28,3529,beras_medium_1,8800
2021-06-29,3529,beras_medium_1,8800
2021-06-30,3529,beras_medium_1,8800
2021-07-01,3529,beras_medium_1,8900
2021-07-02,3529,beras_medium_1,8900
2021-07-05,3529,beras_medium_1,8900
2021-07-06,3529,beras_medium_1,8900
2021-07-07,3529,beras_medium_1,8850
2021-07-08,3529,beras_medium_1,8850
2021-07-09,3529,beras_medium_1,8850
2021-07-12,3529,beras_medium_1,9100
2021-07-13,3529,beras_medium_1,9100
2021-07-14,3529,beras_medium_1,9100
2021-07-15,3529,beras_medium_1,9100
2021-07-16,3529,beras_medium_1,9100
2021-07-19,3529,beras_medium_1,9100
2021-07-21,3529,beras_medium_1,9100
2021-07-22,3529,beras_medium_1,9100
2021-07-23,3529,beras_medium_1,9100
2021-07-26,3529,beras_medium_1,9100
2021-07-27,3529,beras_medium_1,9100
2021-07-28,3529,beras_medium_1,9100
2021-07-29,3529,beras_medium_1,9100
2021-07-30,3529,beras_medium_1,9100
2021-08-02,3529,beras_medium_1,9050
2021-08-03,3529,beras_medium_1,9050
2021-08-04,3529,beras_medium_1,9050
2021-08-05,3529,beras_medium_1,9050
2021-08-06,3529,beras_medium_1,9050
2021-08-09,3529,beras_medium_1,9050
2021-08-10,3529,beras_medium_1,9050
2021-08-12,3529,beras_medium_1,9050
2021-08-13,3529,beras_medium_1,9050
2021-08-16,3529,beras_medium_1,9000
2021-08-18,3529,beras_medium_1,9000
2021-08-19,3529,beras_medium_1,8950
2021-08-20,3529,beras_medium_1,8950
2021-08-23,3529,beras_medium_1,8950
2021-08-24,3529,beras_medium_1,8950
2021-08-25,3529,beras_medium_1,8950
2021-08-26,3529,beras_medium_1,8950
2021-08-27,3529,beras_medium_1,8950
2021-08-30,3529,beras_medium_1,8950
2021-08-31,3529,beras_medium_1,8950
2021-09-01,3529,beras_medium_1,8950
2021-09-02,3529,beras_medium_1,8950
2021-09-03,3529,beras_medium_1,8900
2021-09-06,3529,beras_medium_1,8900
2021-09-07,3529,beras_medium_1,8900
2021-09-08,3529,beras_medium_1,8900
2021-09-09,3529,beras_medium_1,8900
2021-09-10,3529,beras_medium_1,8900
2021-09-13,3529,beras_medium_1,8900
2021-09-14,3529,beras_medium_1,8900
2021-09-15,3529,beras_medium_1,8900
2021-09-16,3529,beras_medium_1,8900
2021-09-17,3529,beras_medium_1,8900
2021-09-20,3529,beras_medium_1,8900
2021-09-21,3529,beras_medium_1,8900
2021-09-22,3529,beras_medium_1,8900
2021-09-23,3529,beras_medium_1,8900
2021-09-24,3529,beras_medium_1,8900
2021-09-27,3529,beras_medium_1,8900
2021-09-28,3529,beras_medium_1,8900
2021-09-29,3529,beras_medium_1,8900
2021-09-30,3529,beras_medium_1,8900
2021-10-01,3529,beras_medium_1,8900
2021-10-04,3529,beras_medium_1,8900
2021-10-05,3529,beras_medium_1,8900
2021-10-06,3529,beras_medium_1,8900
2021-10-07,3529,beras_medium_1,8750
2021-10-08,3529,beras_medium_1,8750
2021-10-11,3529,beras_medium_1,8750
2021-10-12,3529,beras_medium_1,8750
2021-10-13,3529,beras_medium_1,8750
2021-10-14,3529,beras_medium_1,8750
2021-10-15,3529,beras_medium_1,8750
2021-10-18,3529,beras_medium_1,8750
2021-10-19,3529,beras_medium_1,8750
2021-10-21,3529,beras_medium_1,8750
2021-10-22,3529,beras_medium_1,8750
2021-10-25,3529,beras_medium_1,8750
2021-10-26,3529,beras_medium_1,8750
2021-10-27,3529,beras_medium_1,8750
2021-10-28,3529,beras_medium_1,8750
2021-10-29,3529,beras_medium_1,8750
2021-11-01,3529,beras_medium_1,8750
2021-11-02,3529,beras_medium_1,8750
2021-11-03,3529,beras_medium_1,8750
2021-11-04,3529,beras_medium_1,8750
2021-11-05,3529,beras_medium_1,8750
2021-11-08,3529,beras_medium_1,8750
2021-11-09,3529,beras_medium_1,8750
2021-11-10,3529,beras_medium_1,8750
2021-11-11,3529,beras_medium_1,8750
2021-11-12,3529,beras_medium_1,8750
2021-11-15,3529,beras_medium_1,8750
2021-11-16,3529,beras_medium_1,8750
2021-11-17,3529,beras_medium_1,8750
2021-11-18,3529,beras_medium_1,8750
2021-11-19,3529,beras_medium_1,8750
2021-11-22,3529,beras_medium_1,8750
2021-11-23,3529,beras_medium_1,8750
2021-11-24,3529,beras_medium_1,8750
2021-11-25,3529,beras_medium_1,8750
2021-11-26,3529,beras_medium_1,8750
2021-11-29,3529,beras_medium_1,8750
2021-11-30,3529,beras_medium_1,8750
2021-12-01,3529,beras_medium_1,8750
2021-12-02,3529,beras_medium_1,8750
2021-12-03,3529,beras_medium_1,8750
2021-12-06,3529,beras_medium_1,8750
2021-12-07,3529,beras_medium_1,8750
2021-12-08,3529,beras_medium_1,8750
2021-12-09,3529,beras_medium_1,8750
2021-12-10,3529,beras_medium_1,8750
2021-12-13,3529,beras_medium_1,8750
2021-12-14,3529,beras_medium_1,8750
2021-12-15,3529,beras_medium_1,8750
2021-12-16,3529,beras_medium_1,8750
2021-12-17,3529,beras_medium_1,8750
2021-12-20,3529,beras_medium_1,8750
2021-12-21,3529,beras_medium_1,8750
2021-12-22,3529,beras_medium_1,8750
2021-12-23,3529,beras_medium_1,8750
2021-12-24,3529,beras_medium_1,8750
2021-12-27,3529,beras_medium_1,8750
2021-12-28,3529,beras_medium_1,8750
2021-12-29,3529,beras_medium_1,8750
2021-12-30,3529,beras_medium_1,8750
2021-12-31,3529,beras_medium_1,8750
2022-01-03,3529,beras_medium_1,8750
2022-01-04,3529,beras_medium_1,8750
2022-01-05,3529,beras_medium_1,8750
2022-01-06,3529,beras_medium_1,8750
2022-01-07,3529,beras_medium_1,8750
2022-01-10,3529,beras_medium_1,8750
2022-01-11,3529,beras_medium_1,8850
2022-01-12,3529,beras_medium_1,8850
2022-01-13,3529,beras_medium_1,9300
2022-01-14,3529,beras_medium_1,9550
2022-01-17,3529,beras_medium_1,9550
2022-01-18,3529,beras_medium_1,9550
2022-01-19,3529,beras_medium_1,9550
2022-01-20,3529,beras_medium_1,9550
2022-01-21,3529,beras_medium_1,9550
2022-01-24,3529,beras_medium_1,9550
2022-01-25,3529,beras_medium_1,9550
2022-01-26,3529,beras_medium_1,9550
2022-01-27,3529,beras_medium_1,9550
2022-01-28,3529,beras_medium_1,9550
2022-01-31,3529,beras_medium_1,9550
2022-02-02,3529,beras_medium_1,9550
2022-02-03,3529,beras_medium_1,9550
2022-02-04,3529,beras_medium_1,9550
2022-02-07,3529,beras_medium_1,9550
2022-02-08,3529,beras_medium_1,9550
2022-02-09,3529,beras_medium_1,9550
2022-02-10,3529,beras_medium_1,9550
2022-02-11,3529,beras_medium_1,9550
2022-02-14,3529,beras_medium_1,9550
2022-02-15,3529,beras_medium_1,9550
2022-02-16,3529,beras_medium_1,9550
2022-02-17,3529,beras_medium_1,9550
2022-02-18,3529,beras_medium_1,9550
2022-02-21,3529,beras_medium_1,9550
2022-02-22,3529,beras_medium_1,9550
2022-02-23,3529,beras_medium_1,9550
2022-02-24,3529,beras_medium_1,9550
2022-02-25,3529,beras_medium_1,9550
2022-03-01,3529,beras_medium_1,9550
2022-03-02,3529,beras_medium_1,9550
2022-03-04,3529,beras_medium_1,9550
2022-03-07,3529,beras_medium_1,9550
2022-03-08,3529,beras_medium_1,9550
2022-03-09,3529,beras_medium_1,9550
2022-03-10,3529,beras_medium_1,9550
2022-03-11,3529,beras_medium_1,9550
2022-03-14,3529,beras_medium_1,9550
2022-03-15,3529,beras_medium_1,9550
2022-03-16,3529,beras_medium_1,9550
2022-03-17,3529,beras_medium_1,9550
2022-03-18,3529,beras_medium_1,9550
2022-03-21,3529,beras_medium_1,9550
2022-03-22,3529,beras_medium_1,9550
2022-03-23,3529,beras_medium_1,9550
2022-03-24,3529,beras_medium_1,9550
2022-03-25,3529,beras_medium_1,9550
2022-03-28,3529,beras_medium_1,9550
2022-03-29,3529,beras_medium_1,9550
2022-03-30,3529,beras_medium_1,9550
2022-03-31,3529,beras_medium_1,9550
2022-04-01,3529,beras_medium_1,9550
2022-04-04,3529,beras_medium_1,9500
2022-04-05,3529,beras_medium_1,9500
2022-04-06,3529,beras_medium_1,9500
2022-04-07,3529,beras_medium_1,9500
2022-04-08,3529,beras_medium_1,9500
2022-04-11,3529,beras_medium_1,9500
2022-04-12,3529,beras_medium_1,9500
2022-04-13,3529,beras_medium_1,9500
2022-04-14,3529,beras_medium_1,9500
2022-04-18,3529,beras_medium_1,9500
2022-04-19,3529,beras_medium_1,9500
2022-04-20,3529,beras_medium_1,9500
2022-04-21,3529,beras_medium_1,9500
2022-04-22,3529,beras_medium_1,9400
2022-04-25,3529,beras_medium_1,9400
2022-04-26,3529,beras_medium_1,9400
2022-04-27,3529,beras_medium_1,9400
2022-04-28,3529,beras_medium_1,9250
2023-01-02,3529,beras_medium_1,11500
2023-01-03,3529,beras_medium_1,11500
2023-01-04,3529,beras_medium_1,11500
2023-01-05,3529,beras_medium_1,11500
2023-01-06,3529,beras_medium_1,11500
2023-01-09,3529,beras_medium_1,11500
2023-01-10,3529,beras_medium_1,11750
2023-01-11,3529,beras_medium_1,11750
2023-01-12,3529,beras_medium_1,11900
2023-01-13,3529,beras_medium_1,11900
2023-01-16,3529,beras_medium_1,11900
2023-01-17,3529,beras_medium_1,11900
2023-01-18,3529,beras_medium_1,11900
2023-01-19,3529,beras_medium_1,11900
2023-01-20,3529,beras_medium_1,12050
2023-01-23,3529,beras_medium_1,12050
2023-01-24,3529,beras_medium_1,12050
2023-01-25,3529,beras_medium_1,12150
2023-01-26,3529,beras_medium_1,12150
2023-01-27,3529,beras_medium_1,12150
2023-01-30,3529,beras_medium_1,12150
2023-01-31,3529,beras_medium_1,12150
2023-02-01,3529,beras_medium_1,12150
2023-02-02,3529,beras_medium_1,12150
2023-02-03,3529,beras_medium_1,12150
2023-02-06,3529,beras_medium_1,12150
2023-02-07,3529,beras_medium_1,12150
2023-02-08,3529,beras_medium_1,12150
2023-02-09,3529,beras_medium_1,12150
2023-02-10,3529,beras_medium_1,12150
2023-02-13,3529,beras_medium_1,12150
2023-02-14,3529,beras_medium_1,12150
2023-02-15,3529,beras_medium_1,12150
2023-02-16,3529,beras_medium_1,12150
2023-02-17,3529,beras_medium_1,12150
2023-02-20,3529,beras_medium_1,12250
2023-02-21,3529,beras_medium_1,12400
2023-02-22,3529,beras_medium_1,12500
2023-02-23,3529,beras_medium_1,12400
2023-02-24,3529,beras_medium_1,12400
2023-02-27,3529,beras_medium_1,12150
2023-02-28,3529,beras_medium_1,11500
2023-03-01,3529,beras_medium_1,11500
2023-03-02,3529,beras_medium_1,11500
2023-03-03,3529,beras_medium_1,11500
2023-03-06,3529,beras_medium_1,11000
2023-03-07,3529,beras_medium_1,11000
2023-03-08,3529,beras_medium_1,11000
2023-03-09,3529,beras_medium_1,11000
2023-03-10,3529,beras_medium_1,11000
2023-03-13,3529,beras_medium_1,10750
2023-03-14,3529,beras_medium_1,11100
2023-03-15,3529,beras_medium_1,11100
2023-03-16,3529,beras_medium_1,11100
2023-03-17,3529,beras_medium_1,11100
2023-03-20,3529,beras_medium_1,11000
2023-03-21,3529,beras_medium_1,10750
2023-03-22,3529,beras_medium_1,10750
2023-03-23,3529,beras_medium_1,10750
2023-03-24,3529,beras_medium_1,10750
2023-03-27,3529,beras_medium_1,10750
2023-03-28,3529,beras_medium_1,10750
2023-03-29,3529,beras_medium_1,10750
2023-03-30,3529,beras_medium_1,10750
2023-03-31,3529,beras_medium_1,10750
2023-04-03,3529,beras_medium_1,10750
2023-04-04,3529,beras_medium_1,10750
2023-04-05,3529,beras_medium_1,10750
2023-04-06,3529,beras_medium_1,10750
2023-04-07,3529,beras_medium_1,10750
2023-04-10,3529,beras_medium_1,10750
2023-04-11,3529,beras_medium_1,10750
2023-04-12,3529,beras_medium_1,10750
2023-04-13,3529,beras_medium_1,10750
2023-04-14,3529,beras_medium_1,10750
2023-04-17,3529,beras_medium_1,10750
2023-04-18,3529,beras_medium_1,10750
2023-04-26,3529,beras_medium_1,10750
2023-04-27,3529,beras_medium_1,10750
2023-04-28,3529,beras_medium_1,10750
2023-05-02,3529,beras_medium_1,10750
2023-05-03,3529,beras_medium_1,10750
2023-05-04,3529,beras_medium_1,10750
2023-05-05,3529,beras_medium_1,10750
2023-05-08,3529,beras_medium_1,10750
2023-05-09,3529,beras_medium_1,10750
2023-05-10,3529,beras_medium_1,10750
2023-05-11,3529,beras_medium_1,10750
2023-05-12,3529,beras_medium_1,10750
2023-05-15,3529,beras_medium_1,10900
2023-05-16,3529,beras_medium_1,10900
2023-05-17,3529,beras_medium_1,10900
2023-05-18,3529,beras_medium_1,10900
2023-05-19,3529,beras_medium_1,11150
2023-05-22,3529,beras_medium_1,11150
2023-05-23,3529,beras_medium_1,11650
2023-05-24,3529,beras_medium_1,11650
2023-05-25,3529,beras_medium_1,11800
2023-05-26,3529,beras_medium_1,11800
2023-05-29,3529,beras_medium_1,11800
2023-05-30,3529,beras_medium_1,11800
2023-05-31,3529,beras_medium_1,11800
2023-06-01,3529,beras_medium_1,11800
2023-06-02,3529,beras_medium_1,11800
2023-06-05,3529,beras_medium_1,11800
2023-06-06,3529,beras_medium_1,11800
2023-06-07,3529,beras_medium_1,11600
2023-06-08,3529,beras_medium_1,11600
2023-06-09,3529,beras_medium_1,11600
2023-06-12,3529,beras_medium_1,11600
2023-06-13,3529,beras_medium_1,11600
2023-06-14,3529,beras_medium_1,11600
2023-06-15,3529,beras_medium_1,11600
2023-06-16,3529,beras_medium_1,11600
2023-06-19,3529,beras_medium_1,11600
2023-06-20,3529,beras_medium_1,11600
2023-06-21,3529,beras_medium_1,11600
2023-06-22,3529,beras_medium_1,11600
2023-06-23,3529,beras_medium_1,11600
2023-06-26,3529,beras_medium_1,11600
2023-06-27,3529,beras_medium_1,11600
2023-06-28,3529,beras_medium_1,11600
2023-06-29,3529,beras_medium_1,11600
2023-06-30,3529,beras_medium_1,11600
2023-07-03,3529,beras_medium_1,11600
2023-07-04,3529,beras_medium_1,11600
2023-07-05,3529,beras_medium_1,11600
2023-07-06,3529,beras_medium_1,11600
2023-07-07,3529,beras_medium_1,11600
2023-07-10,3529,beras_medium_1,11600
2023-07-11,3529,beras_medium_1,11600
2023-07-12,3529,beras_medium_1,11600
2023-07-13,3529,beras_medium_1,11600
2023-07-14,3529,beras_medium_1,11600
2023-07-17,3529,beras_medium_1,11450
2023-07-18,3529,beras_medium_1,11450
2023-07-19,3529,beras_medium_1,11450
2023-07-20,3529,beras_medium_1,11450
2023-07-21,3529,beras_medium_1,11450
2023-07-24,3529,beras_medium_1,11450
2023-07-25,3529,beras_medium_1,11450
2023-07-26,3529,beras_medium_1,11450
2023-07-27,3529,beras_medium_1,11450
2023-07-28,3529,beras_medium_1,11450
2023-07-31,3529,beras_medium_1,11450
2023-08-01,3529,beras_medium_1,11450
2023-08-02,3529,beras_medium_1,11450
2023-08-03,3529,beras_medium_1,11450
2023-08-04,3529,beras_medium_1,11450
2023-08-07,3529,beras_medium_1,11450
2023-08-08,3529,beras_medium_1,11450
2023-08-09,3529,beras_medium_1,11450
2023-08-10,3529,beras_medium_1,11450
2023-08-11,3529,beras_medium_1,11450
2023-08-14,3529,beras_medium_1,11750
2023-08-15,3529,beras_medium_1,11750
2023-08-16,3529,beras_medium_1,11750
2023-08-17,3529,beras_medium_1,11750
2023-08-18,3529,beras_medium_1,11750
2023-08-21,3529,beras_medium_1,11750
2023-08-22,3529,beras_medium_1,11750
2023-08-23,3529,beras_medium_1,11750
2023-08-24,3529,beras_medium_1,11750
2023-08-25,3529,beras_medium_1,11750
2023-08-28,3529,beras_medium_1,11750
2023-08-29,3529,beras_medium_1,12350
2023-08-30,3529,beras_medium_1,12350
2023-08-31,3529,beras_medium_1,12350
2023-09-01,3529,beras_medium_1,12350
2023-09-04,3529,beras_medium_1,12700
2023-09-05,3529,beras_medium_1,12700
2023-09-06,3529,beras_medium_1,12700
2023-09-07,3529,beras_medium_1,12700
2023-09-08,3529,beras_medium_1,12700
2023-09-11,3529,beras_medium_1,12700
2023-09-12,3529,beras_medium_1,12700
2023-09-13,3529,beras_medium_1,12900
2023-09-14,3529,beras_medium_1,12900
2023-09-15,3529,beras_medium_1,12900
2023-09-18,3529,beras_medium_1,12900
2023-09-19,3529,beras_medium_1,12900
2023-09-20,3529,beras_medium_1,12900
2023-09-21,3529,beras_medium_1,12900
2023-09-22,3529,beras_medium_1,12900
2023-09-25,3529,beras_medium_1,12900
2023-09-26,3529,beras_medium_1,12900
2023-09-27,3529,beras_medium_1,12900
2023-09-28,3529,beras_medium_1,12900
2023-09-29,3529,beras_medium_1,13200
2023-10-02,3529,beras_medium_1,13200
2023-10-03,3529,beras_medium_1,13200
2023-10-04,3529,beras_medium_1,13900
2023-10-05,3529,beras_medium_1,13900
2023-10-06,3529,beras_medium_1,13900
2023-10-09,3529,beras_medium_1,13900
2023-10-10,3529,beras_medium_1,13900
2023-10-11,3529,beras_medium_1,14300
2023-10-12,3529,beras_medium_1,14300
2023-10-13,3529,beras_medium_1,14300
2023-10-16,3529,beras_medium_1,14300
2023-10-17,3529,beras_medium_1,14300
2023-10-18,3529,beras_medium_1,14300
2023-10-19,3529,beras_medium_1,14300
2023-10-20,3529,beras_medium_1,14300
2023-10-23,3529,beras_medium_1,14250
2023-10-24,3529,beras_medium_1,14250
2023-10-25,3529,beras_medium_1,14250
2023-10-26,3529,beras_medium_1,14250
2023-10-27,3529,beras_medium_1,14250
2023-10-30,3529,beras_medium_1,14250
2023-10-31,3529,beras_medium_1,14200
2023-11-01,3529,beras_medium_1,14250
2023-11-02,3529,beras_medium_1,14250
2023-11-03,3529,beras_medium_1,14250
2023-11-06,3529,beras_medium_1,14250
2023-11-07,3529,beras_medium_1,14250
2023-11-08,3529,beras_medium_1,14250
2023-11-09,3529,beras_medium_1,14250
2023-11-10,3529,beras_medium_1,14250
2023-11-13,3529,beras_medium_1,14250
2023-11-14,3529,beras_medium_1,14250
2023-11-15,3529,beras_medium_1,14250
2023-11-16,3529,beras_medium_1,14250
2023-11-17,3529,beras_medium_1,14250
2023-11-20,3529,beras_medium_1,14300
2023-11-21,3529,beras_medium_1,14200
2023-11-22,3529,beras_medium_1,14250
2023-11-23,3529,beras_medium_1,14250
2023-11-24,3529,beras_medium_1,14250
2023-11-27,3529,beras_medium_1,14250
2023-11-28,3529,beras_medium_1,14250
2023-11-29,3529,beras_medium_1,14250
2023-11-30,3529,beras_medium_1,14250
2023-12-01,3529,beras_medium_1,14250
2023-12-04,3529,beras_medium_1,14250
2023-12-05,3529,beras_medium_1,14250
2023-12-06,3529,beras_medium_1,14250
2023-12-07,3529,beras_medium_1,14250
2023-12-08,3529,beras_medium_1,14250
2023-12-11,3529,beras_medium_1,14250
2023-12-12,3529,beras_medium_1,14250
2023-12-13,3529,beras_medium_1,14250
2023-12-14,3529,beras_medium_1,14250
2023-12-15,3529,beras_medium_1,14250
2023-12-18,3529,beras_medium_1,14250
2023-12-19,3529,beras_medium_1,14250
2023-12-20,3529,beras_medium_1,14250
2023-12-21,3529,beras_medium_1,14250
2023-12-22,3529,beras_medium_1,14250
2023-12-27,3529,beras_medium_1,14250
2023-12-28,3529,beras_medium_1,14250
2023-12-29,3529,beras_medium_1,14250
2024-01-01,3529,beras_medium_1,14250
2024-01-02,3529,beras_medium_1,14250
2024-01-03,3529,beras_medium_1,14250
2024-01-04,3529,beras_medium_1,14250
2024-01-05,3529,beras_medium_1,14250
2024-01-08,3529,beras_medium_1,14250
2024-01-09,3529,beras_medium_1,13800
2024-01-10,3529,beras_medium_1,13800
2024-01-11,3529,beras_medium_1,13800
2024-01-12,3529,beras_medium_1,13800
2024-01-15,3529,beras_medium_1,13800
2024-01-16,3529,beras_medium_1,13800
2024-01-17,3529,beras_medium_1,13800
2024-01-18,3529,beras_medium_1,13800
2024-01-19,3529,beras_medium_1,13800
2024-01-22,3529,beras_medium_1,13800
2024-01-23,3529,beras_medium_1,13800
2024-01-24,3529,beras_medium_1,13800
2024-01-25,3529,beras_medium_1,13800
2024-01-26,3529,beras_medium_1,13800
2024-01-29,3529,beras_medium_1,14650
2024-01-30,3529,beras_medium_1,14650
2024-01-31,3529,beras_medium_1,14650
2024-02-01,3529,beras_medium_1,14650
2024-02-02,3529,beras_medium_1,14650
2024-02-05,3529,beras_medium_1,14650
2024-02-06,3529,beras_medium_1,14650
2024-02-07,3529,beras_medium_1,14650
2024-02-08,3529,beras_medium_1,14650
2024-02-09,3529,beras_medium_1,14650
2024-02-12,3529,beras_medium_1,14650
2024-02-13,3529,beras_medium_1,15750
2024-02-14,3529,beras_medium_1,15750
2024-02-15,3529,beras_medium_1,15750
2024-02-16,3529,beras_medium_1,15750
2024-02-19,3529,beras_medium_1,15750
2024-02-20,3529,beras_medium_1,15750
2024-02-21,3529,beras_medium_1,15750
2024-02-22,3529,beras_medium_1,15750
2024-02-23,3529,beras_medium_1,15750
2024-02-26,3529,beras_medium_1,15750
2024-02-27,3529,beras_medium_1,15750
2024-02-28,3529,beras_medium_1,15850
2024-02-29,3529,beras_medium_1,15850
2024-03-01,3529,beras_medium_1,15850
2024-03-04,3529,beras_medium_1,15850
2024-03-05,3529,beras_medium_1,15850
2024-03-06,3529,beras_medium_1,15850
2024-03-07,3529,beras_medium_1,15850
2024-03-08,3529,beras_medium_1,15850
2024-03-11,3529,beras_medium_1,15850
2024-03-12,3529,beras_medium_1,15850
2024-03-13,3529,beras_medium_1,15850
2024-03-14,3529,beras_medium_1,15850
2024-03-15,3529,beras_medium_1,15850
2024-03-18,3529,beras_medium_1,15850
2024-03-19,3529,beras_medium_1,15850
2024-03-20,3529,beras_medium_1,15850
2024-03-21,3529,beras_medium_1,15850
2024-03-22,3529,beras_medium_1,15850
2024-03-25,3529,beras_medium_1,15850
2024-03-26,3529,beras_medium_1,15850
2024-03-27,3529,beras_medium_1,15850
2024-03-28,3529,beras_medium_1,15850
2024-03-29,3529,beras_medium_1,15850
2024-04-01,3529,beras_medium_1,15850
2024-04-02,3529,beras_medium_1,15850
2024-04-03,3529,beras_medium_1,15850
2024-04-04,3529,beras_medium_1,15850
2024-04-05,3529,beras_medium_1,15000
2024-04-08,3529,beras_medium_1,15000
2024-04-09,3529,beras_medium_1,15000
2024-04-10,3529,beras_medium_1,15000
2024-04-11,3529,beras_medium_1,15000
2024-04-12,3529,beras_medium_1,15000
2024-04-15,3529,beras_medium_1,15000
2024-04-16,3529,beras_medium_1,14000
2024-04-17,3529,beras_medium_1,14000
2024-04-18,3529,beras_medium_1,14000
2024-04-19,3529,beras_medium_1,14000
2024-04-22,3529,beras_medium_1,14000
2024-04-23,3529,beras_medium_1,14000
2024-04-24,3529,beras_medium_1,14000
2024-04-25,3529,beras_medium_1,14000
2024-04-26,3529,beras_medium_1,14000
2024-04-29,3529,beras_medium_1,13500
2024-04-30,3529,beras_medium_1,13500
2024-05-01,3529,beras_medium_1,13500
2024-05-02,3529,beras_medium_1,13500
2024-05-03,3529,beras_medium_1,13500
2024-05-06,3529,beras_medium_1,13500
2024-05-07,3529,beras_medium_1,12000
2024-05-08,3529,beras_medium_1,12000
2024-05-09,3529,beras_medium_1,12000
2024-05-10,3529,beras_medium_1,12000
2024-05-13,3529,beras_medium_1,12000
2024-05-14,3529,beras_medium_1,12000
2024-05-15,3529,beras_medium_1,12000
2024-05-16,3529,beras_medium_1,12000
2024-05-17,3529,beras_medium_1,12000
2024-05-20,3529,beras_medium_1,12000
2024-05-21,3529,beras_medium_1,12000
2024-05-22,3529,beras_medium_1,12000
2024-05-23,3529,beras_medium_1,12000
2024-05-24,3529,beras_medium_1,12000
2024-05-27,3529,beras_medium_1,12000
2024-05-28,3529,beras_medium_1,12000
2024-05-29,3529,beras_medium_1,12000
2024-05-30,3529,beras_medium_1,12000
2024-05-31,3529,beras_medium_1,12000
2024-06-03,3529,beras_medium_1,12000
2024-06-04,3529,beras_medium_1,12000
2024-06-05,3529,beras_medium_1,12000
2024-06-06,3529,beras_medium_1,12000
2024-06-07,3529,beras_medium_1,12000
2024-06-10,3529,beras_medium_1,12000
2024-06-11,3529,beras_medium_1,12000
2024-06-12,3529,beras_medium_1,12000
2024-06-13,3529,beras_medium_1,12000
2024-06-14,3529,beras_medium_1,12000
2024-06-17,3529,beras_medium_1,12000
2024-06-18,3529,beras_medium_1,12000
2024-06-19,3529,beras_medium_1,12000
2024-06-20,3529,beras_medium_1,12000
2024-06-21,3529,beras_medium_1,12000
2024-06-24,3529,beras_medium_1,12000
2024-06-25,3529,beras_medium_1,12000
2024-06-26,3529,beras_medium_1,12000
2024-06-27,3529,beras_medium_1,12000
2024-06-28,3529,beras_medium_1,12000
2024-07-01,3529,beras_medium_1,12000
2024-07-02,3529,beras_medium_1,12000
2024-07-03,3529,beras_medium_1,12000
2024-07-04,3529,beras_medium_1,12000
2024-07-08,3529,beras_medium_1,12000
2024-07-09,3529,beras_medium_1,12000
2024-07-10,3529,beras_medium_1,12000
2024-07-11,3529,beras_medium_1,12000
2024-07-12,3529,beras_medium_1,12000
2024-07-15,3529,beras_medium_1,12000
2024-07-16,3529,beras_medium_1,12000
2024-07-17,3529,beras_medium_1,12000
2024-07-18,3529,beras_medium_1,12000
2024-07-19,3529,beras_medium_1,12000
2024-07-22,3529,beras_medium_1,12000
2024-07-23,3529,beras_medium_1,12000
2024-07-24,3529,beras_medium_1,12000
2024-07-25,3529,beras_medium_1,12000
2024-07-26,3529,beras_medium_1,12000
2024-07-29,3529,beras_medium_1,12000
2024-07-30,3529,beras_medium_1,12000
2024-07-31,3529,beras_medium_1,12000
2024-08-01,3529,beras_medium_1,12000
2024-08-02,3529,beras_medium_1,12000
2024-08-05,3529,beras_medium_1,12000
2024-08-06,3529,beras_medium_1,12000
2024-08-07,3529,beras_medium_1,12000
2024-08-08,3529,beras_medium_1,12000
2024-08-09,3529,beras_medium_1,12000
2024-08-12,3529,beras_medium_1,12000
2024-08-13,3529,beras_medium_1,12000
2024-08-14,3529,beras_medium_1,12000
2024-08-15,3529,beras_medium_1,12000
2024-08-16,3529,beras_medium_1,12000
2024-08-19,3529,beras_medium_1,12000
2024-08-20,3529,beras_medium_1,12000
2024-08-21,3529,beras_medium_1,12000
2024-08-22,3529,beras_medium_1,12000
2024-08-23,3529,beras_medium_1,12000
2024-08-26,3529,beras_medium_1,12000
2024-08-27,3529,beras_medium_1,12000
2024-08-28,3529,beras_medium_1,12000
2024-08-29,3529,beras_medium_1,12000
2024-08-30,3529,beras_medium_1,12000
2024-09-02,3529,beras_medium_1,12000
2024-09-03,3529,beras_medium_1,12000
2024-09-04,3529,beras_medium_1,12000
2024-09-05,3529,beras_medium_1,12000
2024-09-06,3529,beras_medium_1,12000
2024-09-09,3529,beras_medium_1,12750
2024-09-10,3529,beras_medium_1,12750
2024-09-11,3529,beras_medium_1,12750
2024-09-12,3529,beras_medium_1,12750
2024-09-13,3529,beras_medium_1,12750
2024-09-17,3529,beras_medium_1,12750
2024-09-18,3529,beras_medium_1,12750
2024-09-19,3529,beras_medium_1,12750
2024-09-20,3529,beras_medium_1,12750
2024-09-23,3529,beras_medium_1,12750
2024-09-24,3529,beras_medium_1,12900
2024-09-25,3529,beras_medium_1,12900
2024-09-26,3529,beras_medium_1,12900
2024-09-27,3529,beras_medium_1,12900
2024-09-30,3529,beras_medium_1,12900
2024-10-01,3529,beras_medium_1,12900
2024-10-02,3529,beras_medium_1,12900
2024-10-03,3529,beras_medium_1,12900
2024-10-04,3529,beras_medium_1,12900
2024-10-07,3529,beras_medium_1,12900
2024-10-08,3529,beras_medium_1,12900
2024-10-09,3529,beras_medium_1,12900
2024-10-10,3529,beras_medium_1,12900
2024-10-11,3529,beras_medium_1,12900
2024-10-14,3529,beras_medium_1,12900
2024-10-15,3529,beras_medium_1,12900
2024-10-16,3529,beras_medium_1,12900
2024-10-17,3529,beras_medium_1,12900
2024-10-18,3529,beras_medium_1,12900
2024-10-21,3529,beras_medium_1,12900
2024-10-22,3529,beras_medium_1,12900
2024-10-23,3529,beras_medium_1,12900
2024-10-24,3529,beras_medium_1,12900
2024-10-25,3529,beras_medium_1,12900
2024-10-28,3529,beras_medium_1,12900
2024-10-29,3529,beras_medium_1,12900
2024-10-30,3529,beras_medium_1,12900
2024-10-31,3529,beras_medium_1,12900
2024-11-01,3529,beras_medium_1,12900
2024-11-04,3529,beras_medium_1,12900
2024-11-05,3529,beras_medium_1,12900
2024-11-06,3529,beras_medium_1,12900
2024-11-07,3529,beras_medium_1,12150
2024-11-08,3529,beras_medium_1,12150
2024-11-11,3529,beras_medium_1,12150
2024-11-12,3529,beras_medium_1,12150
2024-11-13,3529,beras_medium_1,12150
2024-11-14,3529,beras_medium_1,12150
2024-11-15,3529,beras_medium_1,12150
2024-11-18,3529,beras_medium_1,12150
2024-11-19,3529,beras_medium_1,12150
2024-11-20,3529,beras_medium_1,12150
2024-11-21,3529,beras_medium_1,12150
2024-11-22,3529,beras_medium_1,12150
2024-11-25,3529,beras_medium_1,12150
2024-11-26,3529,beras_medium_1,12150
2024-11-27,3529,beras_medium_1,12150
2024-11-28,3529,beras_medium_1,12150
2024-11-29,3529,beras_medium_1,12150
2024-12-02,3529,beras_medium_1,12150
2024-12-03,3529,beras_medium_1,12150
2024-12-04,3529,beras_medium_1,12150
2024-12-05,3529,beras_medium_1,12150
2024-12-06,3529,beras_medium_1,12150
2024-12-09,3529,beras_medium_1,12150
2024-12-10,3529,beras_medium_1,12150
2024-12-11,3529,beras_medium_1,12150
2024-12-12,3529,beras_medium_1,12150
2024-12-13,3529,beras_medium_1,12150
2024-12-16,3529,beras_medium_1,12150
2024-12-17,3529,beras_medium_1,12150
2024-12-18,3529,beras_medium_1,12150
2024-12-19,3529,beras_medium_1,12150
2024-12-20,3529,beras_medium_1,12150
2024-12-23,3529,beras_medium_1,12650
2024-12-24,3529,beras_medium_1,12650
2024-12-25,3529,beras_medium_1,12650
2024-12-26,3529,beras_medium_1,12650
2024-12-27,3529,beras_medium_1,12650
2024-12-30,3529,beras_medium_1,12500
2024-12-31,3529,beras_medium_1,12500
2025-01-02,3529,beras_medium_1,12500
2025-01-03,3529,beras_medium_1,12500
2025-01-06,3529,beras_medium_1,12650
2025-01-07,3529,beras_medium_1,12650
2025-01-08,3529,beras_medium_1,12650
2025-01-09,3529,beras_medium_1,12650
2025-01-10,3529,beras_medium_1,12650
2025-01-13,3529,beras_medium_1,12650
2025-01-14,3529,beras_medium_1,12650
2025-01-15,3529,beras_medium_1,12650
2025-01-16,3529,beras_medium_1,12650
2025-01-17,3529,beras_medium_1,12650
2025-01-20,3529,beras_medium_1,12650
2025-01-21,3529,beras_medium_1,12650
2025-01-22,3529,beras_medium_1,12650
2025-01-23,3529,beras_medium_1,13000
2025-01-24,3529,beras_medium_1,13000
2025-01-27,3529,beras_medium_1,13000
2025-01-28,3529,beras_medium_1,13000
2025-01-29,3529,beras_medium_1,13000
2025-01-30,3529,beras_medium_1,13000
2025-01-31,3529,beras_medium_1,13000
2025-02-03,3529,beras_medium_1,13000
2025-02-04,3529,beras_medium_1,13000
2025-02-05,3529,beras_medium_1,13000
2025-02-06,3529,beras_medium_1,13000
2025-02-07,3529,beras_medium_1,13000
2025-02-10,3529,beras_medium_1,13000
2025-02-11,3529,beras_medium_1,13000
2025-02-12,3529,beras_medium_1,13000
2025-02-13,3529,beras_medium_1,13000
2025-02-14,3529,beras_medium_1,13000
2025-02-17,3529,beras_medium_1,13000
2025-02-18,3529,beras_medium_1,13000
2025-02-19,3529,beras_medium_1,13000
2025-02-20,3529,beras_medium_1,13000
2025-02-21,3529,beras_medium_1,13000
2025-02-24,3529,beras_medium_1,13000
2025-02-25,3529,beras_medium_1,13000
2025-02-26,3529,beras_medium_1,13000
2025-02-27,3529,beras_medium_1,13000
2025-02-28,3529,beras_medium_1,13000
2025-03-03,3529,beras_medium_1,13000
2025-03-04,3529,beras_medium_1,13000
2025-03-05,3529,beras_medium_1,13000
2025-03-06,3529,beras_medium_1,13000
2025-03-07,3529,beras_medium_1,13000
2025-03-10,3529,beras_medium_1,13000
2025-03-11,3529,beras_medium_1,13000
2025-03-12,3529,beras_medium_1,13000
2025-03-13,3529,beras_medium_1,13000
2025-03-14,3529,beras_medium_1,13000
2025-03-17,3529,beras_medium_1,12950
2025-03-18,3529,beras_medium_1,12950
2025-03-19,3529,beras_medium_1,12950
2025-03-20,3529,beras_medium_1,12950
2025-03-21,3529,beras_medium_1,12950
2025-03-24,3529,beras_medium_1,12950
2025-03-25,3529,beras_medium_1,12950
2025-03-26,3529,beras_medium_1,12950
2025-03-27,3529,beras_medium_1,12950
2025-03-28,3529,beras_medium_1,12950
2025-03-31,3529,beras_medium_1,12950
2025-04-01,3529,beras_medium_1,12950
2025-04-02,3529,beras_medium_1,12950
2025-04-03,3529,beras_medium_1,12950
2025-04-04,3529,beras_medium_1,12950
2025-04-07,3529,beras_medium_1,12950
2025-04-08,3529,beras_medium_1,12950
2025-04-09,3529,beras_medium_1,12950
2025-04-10,3529,beras_medium_1,12950
2025-04-11,3529,beras_medium_1,12950
2025-04-14,3529,beras_medium_1,12950
2025-04-15,3529,beras_medium_1,12950
2025-04-16,3529,beras_medium_1,12950
2025-04-17,3529,beras_medium_1,12950
2025-04-18,3529,beras_medium_1,12950
2025-04-21,3529,beras_medium_1,12950
2025-04-22,3529,beras_medium_1,12950
2025-04-23,3529,beras_medium_1,12950
2025-04-24,3529,beras_medium_1,12950
2025-04-25,3529,beras_medium_1,12950
2025-04-28,3529,beras_medium_1,12950
2025-04-29,3529,beras_medium_1,12950
2025-04-30,3529,beras_medium_1,12950
2025-05-01,3529,beras_medium_1,12950
2025-05-02,3529,beras_medium_1,12950
2025-05-05,3529,beras_medium_1,12950
2025-05-06,3529,beras_medium_1,12950
2025-05-07,3529,beras_medium_1,12950
2025-05-08,3529,beras_medium_1,12950
2025-05-09,3529,beras_medium_1,12950
2025-05-12,3529,beras_medium_1,12950
2025-05-13,3529,beras_medium_1,12950
2025-05-14,3529,beras_medium_1,12950
2025-05-15,3529,beras_medium_1,12950
2025-05-16,3529,beras_medium_1,12950
2025-05-19,3529,beras_medium_1,12950
2025-05-20,3529,beras_medium_1,12950
2025-05-21,3529,beras_medium_1,12950
2025-05-22,3529,beras_medium_1,12950
2025-05-23,3529,beras_medium_1,12950
2025-05-26,3529,beras_medium_1,12950
2025-05-27,3529,beras_medium_1,12950
2025-05-28,3529,beras_medium_1,12950
2025-05-29,3529,beras_medium_1,12950
2025-05-30,3529,beras_medium_1,12950
2025-06-02,3529,beras_medium_1,12950
2025-06-03,3529,beras_medium_1,12950
2025-06-04,3529,beras_medium_1,12950
2025-06-05,3529,beras_medium_1,12950
2025-06-06,3529,beras_medium_1,12950
2025-06-09,3529,beras_medium_1,12950
2025-06-10,3529,beras_medium_1,12950
2025-06-11,3529,beras_medium_1,12950
2025-06-12,3529,beras_medium_1,12950
2025-06-13,3529,beras_medium_1,12950
2025-06-16,3529,beras_medium_1,12950
2025-06-17,3529,beras_medium_1,12950
2025-06-18,3529,beras_medium_1,12950
2025-06-19,3529,beras_medium_1,12950
2025-06-20,3529,beras_medium_1,12950
2025-06-23,3529,beras_medium_1,12950
2025-06-24,3529,beras_medium_1,12950
2025-06-25,3529,beras_medium_1,12950
2025-06-26,3529,beras_medium_1,12950
2025-06-27,3529,beras_medium_1,12950
2025-06-30,3529,beras_medium_1,12950
2025-07-01,3529,beras_medium_1,12950
2025-07-02,3529,beras_medium_1,12950
2025-07-03,3529,beras_medium_1,12950
2025-07-04,3529,beras_medium_1,12950
2025-07-07,3529,beras_medium_1,13000
2025-07-08,3529,beras_medium_1,13000
2025-07-09,3529,beras_medium_1,13000
2025-07-10,3529,beras_medium_1,13000
2025-07-11,3529,beras_medium_1,13000
2025-07-14,3529,beras_medium_1,13000
2025-07-15,3529,beras_medium_1,13000
2025-07-16,3529,beras_medium_1,13000
2025-07-17,3529,beras_medium_1,13000
2025-07-18,3529,beras_medium_1,13000
2025-07-21,3529,beras_medium_1,13000
2025-07-22,3529,beras_medium_1,13000
2025-07-23,3529,beras_medium_1,13000
2025-07-24,3529,beras_medium_1,13000
2025-07-25,3529,beras_medium_1,13000
2025-07-28,3529,beras_medium_1,13000
2025-07-29,3529,beras_medium_1,13450
2025-07-30,3529,beras_medium_1,13450
2025-07-31,3529,beras_medium_1,13450
2025-08-01,3529,beras_medium_1,13450
2025-08-04,3529,beras_medium_1,13450
2025-08-05,3529,beras_medium_1,13450
2025-08-06,3529,beras_medium_1,13450
2025-08-07,3529,beras_medium_1,13450
2025-08-08,3529,beras_medium_1,13450
2025-08-11,3529,beras_medium_1,13450
2025-08-12,3529,beras_medium_1,13450
2025-08-13,3529,beras_medium_1,13450
2025-08-14,3529,beras_medium_1,13450
2025-08-15,3529,beras_medium_1,13450
2025-08-18,3529,beras_medium_1,13450
2025-08-19,3529,beras_medium_1,13450
2025-08-20,3529,beras_medium_1,13700
2025-08-21,3529,beras_medium_1,13700
2025-08-22,3529,beras_medium_1,13700
2025-08-25,3529,beras_medium_1,13700
2025-08-26,3529,beras_medium_1,13700
2025-08-27,3529,beras_medium_1,13700
2025-08-28,3529,beras_medium_1,13700
2025-08-29,3529,beras_medium_1,13700
2025-09-01,3529,beras_medium_1,13700
2025-09-02,3529,beras_medium_1,13700
2025-09-03,3529,beras_medium_1,13700
2025-09-04,3529,beras_medium_1,13700
2025-09-05,3529,beras_medium_1,13700
2025-09-08,3529,beras_medium_1,13700
2025-09-09,3529,beras_medium_1,13700
2025-09-10,3529,beras_medium_1,13700
2025-09-11,3529,beras_medium_1,13700
2025-09-12,3529,beras_medium_1,13700
2025-09-15,3529,beras_medium_1,13700
2025-09-16,3529,beras_medium_1,13700
2025-09-17,3529,beras_medium_1,13700
2025-09-18,3529,beras_medium_1,13700
2025-09-19,3529,beras_medium_1,13700
2025-09-22,3529,beras_medium_1,13700
2025-09-23,3529,beras_medium_1,13700
2025-09-24,3529,beras_medium_1,13700
2025-09-25,3529,beras_medium_1,13700
2025-09-26,3529,beras_medium_1,13700
2025-09-29,3529,beras_medium_1,13700
2025-09-30,3529,beras_medium_1,13700
2025-10-01,3529,beras_medium_1,13700
2025-10-02,3529,beras_medium_1,13700
2025-10-03,3529,beras_medium_1,13700
2025-10-06,3529,beras_medium_1,13700
2025-10-07,3529,beras_medium_1,13700
2025-10-08,3529,beras_medium_1,13700
2025-10-09,3529,beras_medium_1,13700
2025-10-10,3529,beras_medium_1,13700
2025-10-13,3529,beras_medium_1,13700
2025-10-14,3529,beras_medium_1,13700
2025-10-15,3529,beras_medium_1,13700
2025-10-16,3529,beras_medium_1,13700
2025-10-17,3529,beras_medium_1,13700
2025-10-20,3529,beras_medium_1,13700
2025-10-21,3529,beras_medium_1,13700
2025-10-22,3529,beras_medium_1,13700
2025-10-23,3529,beras_medium_1,13700
2025-10-24,3529,beras_medium_1,13700
2025-10-27,3529,beras_medium_1,13700
2025-10-28,3529,beras_medium_1,13700
2025-10-29,3529,beras_medium_1,13700
2025-10-30,3529,beras_medium_1,13700
2025-10-31,3529,beras_medium_1,13700
2025-11-03,3529,beras_medium_1,13700
2025-11-04,3529,beras_medium_1,13700
2025-11-05,3529,beras_medium_1,13700
2025-11-06,3529,beras_medium_1,13700
2025-11-07,3529,beras_medium_1,13700
2025-11-10,3529,beras_medium_1,13700
2025-11-11,3529,beras_medium_1,13700
2025-11-12,3529,beras_medium_1,13700
2025-11-13,3529,beras_medium_1,13700
2025-11-14,3529,beras_medium_1,13700
2025-11-17,3529,beras_medium_1,13700
2025-11-18,3529,beras_medium_1,13700
2025-11-19,3529,beras_medium_1,13700
2025-11-20,3529,beras_medium_1,13700
2025-11-21,3529,beras_medium_1,13700
2025-11-24,3529,beras_medium_1,13700
2025-11-25,3529,beras_medium_1,13700
2025-11-26,3529,beras_medium_1,13700
2025-11-27,3529,beras_medium_1,13700
2025-11-28,3529,beras_medium_1,13700
2025-12-01,3529,beras_medium_1,13700
2025-12-02,3529,beras_medium_1,13700
2025-12-03,3529,beras_medium_1,13700
2025-12-04,3529,beras_medium_1,13700
2025-12-05,3529,beras_medium_1,13700
2025-12-08,3529,beras_medium_1,13700
2025-12-09,3529,beras_medium_1,14250
2025-12-10,3529,beras_medium_1,14250
2025-12-11,3529,beras_medium_1,14250
2025-12-12,3529,beras_medium_1,14250
2025-12-15,3529,beras_medium_1,13250
2025-12-16,3529,beras_medium_1,13250
2025-12-17,3529,beras_medium_1,13250
2025-12-18,3529,beras_medium_1,13250
2025-12-19,3529,beras_medium_1,13250
2025-12-22,3529,beras_medium_1,13250
2025-12-23,3529,beras_medium_1,13250
2025-12-24,3529,beras_medium_1,13250
2025-12-25,3529,beras_medium_1,13250
2025-12-26,3529,beras_medium_1,13250
2025-12-29,3529,beras_medium_1,13250
2025-12-30,3529,beras_medium_1,13250
2025-12-31,3529,beras_medium_1,13250
2021-01-04,3571,beras_medium_1,10350
2021-01-05,3571,beras_medium_1,10350
2021-01-06,3571,beras_medium_1,10350
2021-01-07,3571,beras_medium_1,10350
2021-01-08,3571,beras_medium_1,10350
2021-01-11,3571,beras_medium_1,10350
2021-01-12,3571,beras_medium_1,10350
2021-01-13,3571,beras_medium_1,10350
2021-01-14,3571,beras_medium_1,10350
2021-01-15,3571,beras_medium_1,10350
2021-01-18,3571,beras_medium_1,10350
2021-01-19,3571,beras_medium_1,10350
2021-01-20,3571,beras_medium_1,10350
2021-01-21,3571,beras_medium_1,10350
2021-01-22,3571,beras_medium_1,10350
2021-01-25,3571,beras_medium_1,10350
2021-01-26,3571,beras_medium_1,10350
2021-01-27,3571,beras_medium_1,10350
2021-01-28,3571,beras_medium_1,10350
2021-01-29,3571,beras_medium_1,10350
2021-02-01,3571,beras_medium_1,10350
2021-02-02,3571,beras_medium_1,10350
2021-02-03,3571,beras_medium_1,10350
2021-02-04,3571,beras_medium_1,10350
2021-02-05,3571,beras_medium_1,10350
2021-02-08,3571,beras_medium_1,10350
2021-02-09,3571,beras_medium_1,10350
2021-02-10,3571,beras_medium_1,10350
2021-02-11,3571,beras_medium_1,10350
2021-02-15,3571,beras_medium_1,10350
2021-02-16,3571,beras_medium_1,10350
2021-02-17,3571,beras_medium_1,10350
2021-02-18,3571,beras_medium_1,10350
2021-02-19,3571,beras_medium_1,10250
2021-02-22,3571,beras_medium_1,10250
2021-02-23,3571,beras_medium_1,10250
2021-02-24,3571,beras_medium_1,10250
2021-02-25,3571,beras_medium_1,10350
2021-02-26,3571,beras_medium_1,10350
2021-03-01,3571,beras_medium_1,10350
2021-03-02,3571,beras_medium_1,10350
2021-03-03,3571,beras_medium_1,10350
2021-03-04,3571,beras_medium_1,10500
2021-03-05,3571,beras_medium_1,10350
2021-03-08,3571,beras_medium_1,10350
2021-03-09,3571,beras_medium_1,10350
2021-03-10,3571,beras_medium_1,10350
2021-03-12,3571,beras_medium_1,10350
2021-03-15,3571,beras_medium_1,10350
2021-03-16,3571,beras_medium_1,10350
2021-03-17,3571,beras_medium_1,10350
2021-03-18,3571,beras_medium_1,10350
2021-03-19,3571,beras_medium_1,10350
2021-03-22,3571,beras_medium_1,10350
2021-03-23,3571,beras_medium_1,10350
2021-03-24,3571,beras_medium_1,10350
2021-03-25,3571,beras_medium_1,10350
2021-03-26,3571,beras_medium_1,10350
2021-03-29,3571,beras_medium_1,10350
2021-03-30,3571,beras_medium_1,10350
2021-03-31,3571,beras_medium_1,10350
2021-04-01,3571,beras_medium_1,10350
2021-04-05,3571,beras_medium_1,10350
2021-04-06,3571,beras_medium_1,10350
2021-04-07,3571,beras_medium_1,10350
2021-04-08,3571,beras_medium_1,10350
2021-04-09,3571,beras_medium_1,10350
2021-04-12,3571,beras_medium_1,10350
2021-04-13,3571,beras_medium_1,10350
2021-04-14,3571,beras_medium_1,10350
2021-04-15,3571,beras_medium_1,10350
2021-04-16,3571,beras_medium_1,10350
2021-04-19,3571,beras_medium_1,10350
2021-04-20,3571,beras_medium_1,10350
2021-04-21,3571,beras_medium_1,10350
2021-04-22,3571,beras_medium_1,10350
2021-04-23,3571,beras_medium_1,10350
2021-04-26,3571,beras_medium_1,10350
2021-04-27,3571,beras_medium_1,10350
2021-04-28,3571,beras_medium_1,10250
2021-04-29,3571,beras_medium_1,10250
2021-04-30,3571,beras_medium_1,10250
2021-05-03,3571,beras_medium_1,10250
2021-05-04,3571,beras_medium_1,10250
2021-05-05,3571,beras_medium_1,10250
2021-05-06,3571,beras_medium_1,10250
2021-05-07,3571,beras_medium_1,10250
2021-05-10,3571,beras_medium_1,10350
2021-05-11,3571,beras_medium_1,10350
2021-05-17,3571,beras_medium_1,10350
2021-05-18,3571,beras_medium_1,10350
2021-05-19,3571,beras_medium_1,10350
2021-05-20,3571,beras_medium_1,10350
2021-05-21,3571,beras_medium_1,10350
2021-05-24,3571,beras_medium_1,10250
2021-05-25,3571,beras_medium_1,10250
2021-05-27,3571,beras_medium_1,10350
2021-05-28,3571,beras_medium_1,10350
2021-05-31,3571,beras_medium_1,10250
2021-06-02,3571,beras_medium_1,10250
2021-06-03,3571,beras_medium_1,10250
2021-06-04,3571,beras_medium_1,10250
2021-06-07,3571,beras_medium_1,10350
2021-06-08,3571,beras_medium_1,10250
2021-06-09,3571,beras_medium_1,10250
2021-06-10,3571,beras_medium_1,10250
2021-06-11,3571,beras_medium_1,10250
2021-06-14,3571,beras_medium_1,10250
2021-06-15,3571,beras_medium_1,10350
2021-06-16,3571,beras_medium_1,10350
2021-06-17,3571,beras_medium_1,10350
2021-06-18,3571,beras_medium_1,10350
2021-06-21,3571,beras_medium_1,10350
2021-06-22,3571,beras_medium_1,10350
2021-06-23,3571,beras_medium_1,10350
2021-06-24,3571,beras_medium_1,10500
2021-06-25,3571,beras_medium_1,10350
2021-06-28,3571,beras_medium_1,10350
2021-06-29,3571,beras_medium_1,10350
2021-06-30,3571,beras_medium_1,10350
2021-07-01,3571,beras_medium_1,10350
2021-07-02,3571,beras_medium_1,10350
2021-07-05,3571,beras_medium_1,10350
2021-07-06,3571,beras_medium_1,10250
2021-07-07,3571,beras_medium_1,10250
2021-07-08,3571,beras_medium_1,10250
2021-07-09,3571,beras_medium_1,10250
2021-07-12,3571,beras_medium_1,10250
2021-07-13,3571,beras_medium_1,10250
2021-07-14,3571,beras_medium_1,9750
2021-07-15,3571,beras_medium_1,9750
2021-07-16,3571,beras_medium_1,9750
2021-07-19,3571,beras_medium_1,9750
2021-07-21,3571,beras_medium_1,9750
2021-07-22,3571,beras_medium_1,9750
2021-07-23,3571,beras_medium_1,9750
2021-07-26,3571,beras_medium_1,9750
2021-07-27,3571,beras_medium_1,9750
2021-07-28,3571,beras_medium_1,9750
2021-07-29,3571,beras_medium_1,9750
2021-07-30,3571,beras_medium_1,9750
2021-08-02,3571,beras_medium_1,9750
2021-08-03,3571,beras_medium_1,9750
2021-08-04,3571,beras_medium_1,9750
2021-08-05,3571,beras_medium_1,9750
2021-08-06,3571,beras_medium_1,9750
2021-08-09,3571,beras_medium_1,9750
2021-08-10,3571,beras_medium_1,9750
2021-08-12,3571,beras_medium_1,9750
2021-08-13,3571,beras_medium_1,9750
2021-08-16,3571,beras_medium_1,9750
2021-08-18,3571,beras_medium_1,9750
2021-08-19,3571,beras_medium_1,9750
2021-08-20,3571,beras_medium_1,9750
2021-08-23,3571,beras_medium_1,9750
2021-08-24,3571,beras_medium_1,9750
2021-08-25,3571,beras_medium_1,9750
2021-08-26,3571,beras_medium_1,9750
2021-08-27,3571,beras_medium_1,9750
2021-08-30,3571,beras_medium_1,9750
2021-08-31,3571,beras_medium_1,9750
2021-09-01,3571,beras_medium_1,9750
2021-09-02,3571,beras_medium_1,9750
2021-09-03,3571,beras_medium_1,9750
2021-09-06,3571,beras_medium_1,9750
2021-09-07,3571,beras_medium_1,9750
2021-09-08,3571,beras_medium_1,9750
2021-09-09,3571,beras_medium_1,9750
2021-09-10,3571,beras_medium_1,9750
2021-09-13,3571,beras_medium_1,9750
2021-09-14,3571,beras_medium_1,9750
2021-09-15,3571,beras_medium_1,9750
2021-09-16,3571,beras_medium_1,9750
2021-09-17,3571,beras_medium_1,9750
2021-09-20,3571,beras_medium_1,9750
2021-09-21,3571,beras_medium_1,9750
2021-09-22,3571,beras_medium_1,9750
2021-09-23,3571,beras_medium_1,9750
2021-09-24,3571,beras_medium_1,9750
2021-09-27,3571,beras_medium_1,9750
2021-09-28,3571,beras_medium_1,9750
2021-09-29,3571,beras_medium_1,9750
2021-09-30,3571,beras_medium_1,9750
2021-10-01,3571,beras_medium_1,9750
2021-10-04,3571,beras_medium_1,9750
2021-10-05,3571,beras_medium_1,9750
2021-10-06,3571,beras_medium_1,9750
2021-10-07,3571,beras_medium_1,9750
2021-10-08,3571,beras_medium_1,9750
2021-10-11,3571,beras_medium_1,9750
2021-10-12,3571,beras_medium_1,9750
2021-10-13,3571,beras_medium_1,9750
2021-10-14,3571,beras_medium_1,9750
2021-10-15,3571,beras_medium_1,9750
2021-10-18,3571,beras_medium_1,9750
2021-10-19,3571,beras_medium_1,9750
2021-10-21,3571,beras_medium_1,9750
2021-10-22,3571,beras_medium_1,9750
2021-10-25,3571,beras_medium_1,9750
2021-10-26,3571,beras_medium_1,9750
2021-10-27,3571,beras_medium_1,9750
2021-10-28,3571,beras_medium_1,9750
2021-10-29,3571,beras_medium_1,9750
2021-11-01,3571,beras_medium_1,9750
2021-11-02,3571,beras_medium_1,9750
2021-11-03,3571,beras_medium_1,9750
2021-11-04,3571,beras_medium_1,9750
2021-11-05,3571,beras_medium_1,9750
2021-11-08,3571,beras_medium_1,9750
2021-11-09,3571,beras_medium_1,9750
2021-11-10,3571,beras_medium_1,9750
2021-11-11,3571,beras_medium_1,9750
2021-11-12,3571,beras_medium_1,9750
2021-11-15,3571,beras_medium_1,9750
2021-11-16,3571,beras_medium_1,9750
2021-11-17,3571,beras_medium_1,9750
2021-11-18,3571,beras_medium_1,9750
2021-11-19,3571,beras_medium_1,9800
2021-11-22,3571,beras_medium_1,9800
2021-11-23,3571,beras_medium_1,9800
2021-11-24,3571,beras_medium_1,9800
2021-11-25,3571,beras_medium_1,9800
2021-11-26,3571,beras_medium_1,9800
2021-11-29,3571,beras_medium_1,9800
2021-11-30,3571,beras_medium_1,9800
2021-12-01,3571,beras_medium_1,9800
2021-12-02,3571,beras_medium_1,9800
2021-12-03,3571,beras_medium_1,9800
2021-12-06,3571,beras_medium_1,9800
2021-12-07,3571,beras_medium_1,9800
2021-12-08,3571,beras_medium_1,9800
2021-12-09,3571,beras_medium_1,9800
2021-12-10,3571,beras_medium_1,9800
2021-12-13,3571,beras_medium_1,9800
2021-12-14,3571,beras_medium_1,9950
2021-12-15,3571,beras_medium_1,9950
2021-12-16,3571,beras_medium_1,9950
2021-12-17,3571,beras_medium_1,10050
2021-12-20,3571,beras_medium_1,10050
2021-12-21,3571,beras_medium_1,10050
2021-12-22,3571,beras_medium_1,10050
2021-12-23,3571,beras_medium_1,10050
2021-12-24,3571,beras_medium_1,10050
2021-12-27,3571,beras_medium_1,10100
2021-12-28,3571,beras_medium_1,10100
2021-12-29,3571,beras_medium_1,10150
2021-12-30,3571,beras_medium_1,10150
2021-12-31,3571,beras_medium_1,10150
2022-01-03,3571,beras_medium_1,10150
2022-01-04,3571,beras_medium_1,10150
2022-01-05,3571,beras_medium_1,10150
2022-01-06,3571,beras_medium_1,10150
2022-01-07,3571,beras_medium_1,10150
2022-01-10,3571,beras_medium_1,10150
2022-01-11,3571,beras_medium_1,10200
2022-01-12,3571,beras_medium_1,10200
2022-01-13,3571,beras_medium_1,10200
2022-01-14,3571,beras_medium_1,10200
2022-01-17,3571,beras_medium_1,10200
2022-01-18,3571,beras_medium_1,10200
2022-01-19,3571,beras_medium_1,10200
2022-01-20,3571,beras_medium_1,10200
2022-01-21,3571,beras_medium_1,10200
2022-01-24,3571,beras_medium_1,10200
2022-01-25,3571,beras_medium_1,10200
2022-01-26,3571,beras_medium_1,10200
2022-01-27,3571,beras_medium_1,10200
2022-01-28,3571,beras_medium_1,10200
2022-01-31,3571,beras_medium_1,10200
2022-02-02,3571,beras_medium_1,10200
2022-02-03,3571,beras_medium_1,10200
2022-02-04,3571,beras_medium_1,10200
2022-02-07,3571,beras_medium_1,10200
2022-02-08,3571,beras_medium_1,10200
2022-02-09,3571,beras_medium_1,10200
2022-02-10,3571,beras_medium_1,10200
2022-02-11,3571,beras_medium_1,10200
2022-02-14,3571,beras_medium_1,10200
2022-02-15,3571,beras_medium_1,10200
2022-02-16,3571,beras_medium_1,10200
2022-02-17,3571,beras_medium_1,10200
2022-02-18,3571,beras_medium_1,10200
2022-02-21,3571,beras_medium_1,10200
2022-02-22,3571,beras_medium_1,10200
2022-02-23,3571,beras_medium_1,10200
2022-02-24,3571,beras_medium_1,10200
2022-02-25,3571,beras_medium_1,10200
2022-03-01,3571,beras_medium_1,10200
2022-03-02,3571,beras_medium_1,10200
2022-03-04,3571,beras_medium_1,10200
2022-03-07,3571,beras_medium_1,10250
2022-03-08,3571,beras_medium_1,10250
2022-03-09,3571,beras_medium_1,10250
2022-03-10,3571,beras_medium_1,10250
2022-03-11,3571,beras_medium_1,10250
2022-03-14,3571,beras_medium_1,10250
2022-03-15,3571,beras_medium_1,10250
2022-03-16,3571,beras_medium_1,10250
2022-03-17,3571,beras_medium_1,10250
2022-03-18,3571,beras_medium_1,10250
2022-03-21,3571,beras_medium_1,10250
2022-03-22,3571,beras_medium_1,10250
2022-03-23,3571,beras_medium_1,10250
2022-03-24,3571,beras_medium_1,10250
2022-03-25,3571,beras_medium_1,10250
2022-03-28,3571,beras_medium_1,10250
2022-03-29,3571,beras_medium_1,10250
2022-03-30,3571,beras_medium_1,10250
2022-03-31,3571,beras_medium_1,10250
2022-04-01,3571,beras_medium_1,10250
2022-04-04,3571,beras_medium_1,10250
2022-04-05,3571,beras_medium_1,10250
2022-04-06,3571,beras_medium_1,10250
2022-04-07,3571,beras_medium_1,10250
2022-04-08,3571,beras_medium_1,10250
2022-04-11,3571,beras_medium_1,10250
2022-04-12,3571,beras_medium_1,10250
2022-04-13,3571,beras_medium_1,10250
2022-04-14,3571,beras_medium_1,10250
2022-04-18,3571,beras_medium_1,10250
2022-04-19,3571,beras_medium_1,10150
2022-04-20,3571,beras_medium_1,10150
2022-04-21,3571,beras_medium_1,10150
2022-04-22,3571,beras_medium_1,10150
2022-04-25,3571,beras_medium_1,10150
2022-04-26,3571,beras_medium_1,10150
2022-04-27,3571,beras_medium_1,10250
2022-04-28,3571,beras_medium_1,10250
2023-01-02,3571,beras_medium_1,11400
2023-01-03,3571,beras_medium_1,11400
2023-01-04,3571,beras_medium_1,11400
2023-01-05,3571,beras_medium_1,11400
2023-01-06,3571,beras_medium_1,11400
2023-01-09,3571,beras_medium_1,11400
2023-01-10,3571,beras_medium_1,11400
2023-01-11,3571,beras_medium_1,11400
2023-01-12,3571,beras_medium_1,11400
2023-01-13,3571,beras_medium_1,11400
2023-01-16,3571,beras_medium_1,11400
2023-01-17,3571,beras_medium_1,11500
2023-01-18,3571,beras_medium_1,11500
2023-01-19,3571,beras_medium_1,11500
2023-01-20,3571,beras_medium_1,11500
2023-01-23,3571,beras_medium_1,11500
2023-01-24,3571,beras_medium_1,11500
2023-01-25,3571,beras_medium_1,11500
2023-01-26,3571,beras_medium_1,11500
2023-01-27,3571,beras_medium_1,11500
2023-01-30,3571,beras_medium_1,11650
2023-01-31,3571,beras_medium_1,11650
2023-02-01,3571,beras_medium_1,11900
2023-02-02,3571,beras_medium_1,11900
2023-02-03,3571,beras_medium_1,11900
2023-02-06,3571,beras_medium_1,11900
2023-02-07,3571,beras_medium_1,12000
2023-02-08,3571,beras_medium_1,12000
2023-02-09,3571,beras_medium_1,12000
2023-02-10,3571,beras_medium_1,12000
2023-02-13,3571,beras_medium_1,12000
2023-02-14,3571,beras_medium_1,12000
2023-02-15,3571,beras_medium_1,12000
2023-02-16,3571,beras_medium_1,12000
2023-02-17,3571,beras_medium_1,12000
2023-02-20,3571,beras_medium_1,12000
2023-02-21,3571,beras_medium_1,12000
2023-02-22,3571,beras_medium_1,12000
2023-02-23,3571,beras_medium_1,12000
2023-02-24,3571,beras_medium_1,11900
2023-02-27,3571,beras_medium_1,11900
2023-02-28,3571,beras_medium_1,11900
2023-03-01,3571,beras_medium_1,11900
2023-03-02,3571,beras_medium_1,11900
2023-03-03,3571,beras_medium_1,11900
2023-03-06,3571,beras_medium_1,11900
2023-03-07,3571,beras_medium_1,11900
2023-03-08,3571,beras_medium_1,11650
2023-03-09,3571,beras_medium_1,11650
2023-03-10,3571,beras_medium_1,11650
2023-03-13,3571,beras_medium_1,11500
2023-03-14,3571,beras_medium_1,11650
2023-03-15,3571,beras_medium_1,11650
2023-03-16,3571,beras_medium_1,11650
2023-03-17,3571,beras_medium_1,11650
2023-03-20,3571,beras_medium_1,11650
2023-03-21,3571,beras_medium_1,11650
2023-03-22,3571,beras_medium_1,11650
2023-03-23,3571,beras_medium_1,11650
2023-03-24,3571,beras_medium_1,11650
2023-03-27,3571,beras_medium_1,11500
2023-03-28,3571,beras_medium_1,11500
2023-03-29,3571,beras_medium_1,11500
2023-03-30,3571,beras_medium_1,11500
2023-03-31,3571,beras_medium_1,11500
2023-04-03,3571,beras_medium_1,11500
2023-04-04,3571,beras_medium_1,11500
2023-04-05,3571,beras_medium_1,11500
2023-04-06,3571,beras_medium_1,11500
2023-04-07,3571,beras_medium_1,11500
2023-04-10,3571,beras_medium_1,11500
2023-04-11,3571,beras_medium_1,11500
2023-04-12,3571,beras_medium_1,11500
2023-04-13,3571,beras_medium_1,11500
2023-04-14,3571,beras_medium_1,11500
2023-04-17,3571,beras_medium_1,11500
2023-04-18,3571,beras_medium_1,11500
2023-04-19,3571,beras_medium_1,11500
2023-04-20,3571,beras_medium_1,11500
2023-04-21,3571,beras_medium_1,11500
2023-04-24,3571,beras_medium_1,11500
2023-04-25,3571,beras_medium_1,11500
2023-04-26,3571,beras_medium_1,11500
2023-04-27,3571,beras_medium_1,11500
2023-04-28,3571,beras_medium_1,11500
2023-05-01,3571,beras_medium_1,11500
2023-05-02,3571,beras_medium_1,11500
2023-05-03,3571,beras_medium_1,11500
2023-05-04,3571,beras_medium_1,11500
2023-05-05,3571,beras_medium_1,11500
2023-05-08,3571,beras_medium_1,11500
2023-05-09,3571,beras_medium_1,11500
2023-05-10,3571,beras_medium_1,11500
2023-05-11,3571,beras_medium_1,11500
2023-05-12,3571,beras_medium_1,11500
2023-05-15,3571,beras_medium_1,11500
2023-05-16,3571,beras_medium_1,11500
2023-05-17,3571,beras_medium_1,11500
2023-05-18,3571,beras_medium_1,11500
2023-05-19,3571,beras_medium_1,11500
2023-05-22,3571,beras_medium_1,11500
2023-05-23,3571,beras_medium_1,11500
2023-05-24,3571,beras_medium_1,11500
2023-05-25,3571,beras_medium_1,11500
2023-05-26,3571,beras_medium_1,11500
2023-05-29,3571,beras_medium_1,11500
2023-05-30,3571,beras_medium_1,11500
2023-05-31,3571,beras_medium_1,11500
2023-06-01,3571,beras_medium_1,11500
2023-06-02,3571,beras_medium_1,11500
2023-06-05,3571,beras_medium_1,11500
2023-06-06,3571,beras_medium_1,11500
2023-06-07,3571,beras_medium_1,11500
2023-06-08,3571,beras_medium_1,11500
2023-06-09,3571,beras_medium_1,11500
2023-06-12,3571,beras_medium_1,11500
2023-06-13,3571,beras_medium_1,11500
2023-06-14,3571,beras_medium_1,11500
2023-06-15,3571,beras_medium_1,11500
2023-06-16,3571,beras_medium_1,11500
2023-06-19,3571,beras_medium_1,11500
2023-06-20,3571,beras_medium_1,11500
2023-06-21,3571,beras_medium_1,11500
2023-06-22,3571,beras_medium_1,11500
2023-06-23,3571,beras_medium_1,11500
2023-06-26,3571,beras_medium_1,11500
2023-06-27,3571,beras_medium_1,11500
2023-06-28,3571,beras_medium_1,11500
2023-06-29,3571,beras_medium_1,11500
2023-06-30,3571,beras_medium_1,11500
2023-07-03,3571,beras_medium_1,11500
2023-07-04,3571,beras_medium_1,11400
2023-07-05,3571,beras_medium_1,11500
2023-07-06,3571,beras_medium_1,11500
2023-07-07,3571,beras_medium_1,11500
2023-07-10,3571,beras_medium_1,11500
2023-07-11,3571,beras_medium_1,11500
2023-07-12,3571,beras_medium_1,11500
2023-07-13,3571,beras_medium_1,11500
2023-07-14,3571,beras_medium_1,11500
2023-07-17,3571,beras_medium_1,11500
2023-07-18,3571,beras_medium_1,11500
2023-07-19,3571,beras_medium_1,11500
2023-07-20,3571,beras_medium_1,11500
2023-07-21,3571,beras_medium_1,11500
2023-07-24,3571,beras_medium_1,11500
2023-07-25,3571,beras_medium_1,11500
2023-07-26,3571,beras_medium_1,11500
2023-07-27,3571,beras_medium_1,11500
2023-07-28,3571,beras_medium_1,11500
2023-07-31,3571,beras_medium_1,11400
2023-08-01,3571,beras_medium_1,11650
2023-08-02,3571,beras_medium_1,11650
2023-08-03,3571,beras_medium_1,11650
2023-08-04,3571,beras_medium_1,11650
2023-08-07,3571,beras_medium_1,11650
2023-08-08,3571,beras_medium_1,11650
2023-08-09,3571,beras_medium_1,11650
2023-08-10,3571,beras_medium_1,11900
2023-08-11,3571,beras_medium_1,11900
2023-08-14,3571,beras_medium_1,12000
2023-08-15,3571,beras_medium_1,12000
2023-08-16,3571,beras_medium_1,12000
2023-08-17,3571,beras_medium_1,12000
2023-08-18,3571,beras_medium_1,12000
2023-08-21,3571,beras_medium_1,12150
2023-08-22,3571,beras_medium_1,12500
2023-08-23,3571,beras_medium_1,12500
2023-08-24,3571,beras_medium_1,12750
2023-08-25,3571,beras_medium_1,12750
2023-08-28,3571,beras_medium_1,12900
2023-08-29,3571,beras_medium_1,12900
2023-08-30,3571,beras_medium_1,13150
2023-08-31,3571,beras_medium_1,13150
2023-09-01,3571,beras_medium_1,13150
2023-09-04,3571,beras_medium_1,13150
2023-09-05,3571,beras_medium_1,13150
2023-09-06,3571,beras_medium_1,13150
2023-09-07,3571,beras_medium_1,13150
2023-09-08,3571,beras_medium_1,13150
2023-09-11,3571,beras_medium_1,13150
2023-09-12,3571,beras_medium_1,13150
2023-09-13,3571,beras_medium_1,13150
2023-09-14,3571,beras_medium_1,13150
2023-09-15,3571,beras_medium_1,13150
2023-09-18,3571,beras_medium_1,13250
2023-09-19,3571,beras_medium_1,13250
2023-09-20,3571,beras_medium_1,13250
2023-09-21,3571,beras_medium_1,13250
2023-09-22,3571,beras_medium_1,13250
2023-09-25,3571,beras_medium_1,13250
2023-09-26,3571,beras_medium_1,13250
2023-09-27,3571,beras_medium_1,13250
2023-09-28,3571,beras_medium_1,13250
2023-09-29,3571,beras_medium_1,13250
2023-10-02,3571,beras_medium_1,13250
2023-10-03,3571,beras_medium_1,13250
2023-10-04,3571,beras_medium_1,13250
2023-10-05,3571,beras_medium_1,13250
2023-10-06,3571,beras_medium_1,13250
2023-10-09,3571,beras_medium_1,13250
2023-10-10,3571,beras_medium_1,13250
2023-10-11,3571,beras_medium_1,13250
2023-10-12,3571,beras_medium_1,13250
2023-10-13,3571,beras_medium_1,13250
2023-10-16,3571,beras_medium_1,13400
2023-10-17,3571,beras_medium_1,13400
2023-10-18,3571,beras_medium_1,13400
2023-10-19,3571,beras_medium_1,13400
2023-10-20,3571,beras_medium_1,13400
2023-10-23,3571,beras_medium_1,13400
2023-10-24,3571,beras_medium_1,13500
2023-10-25,3571,beras_medium_1,13500
2023-10-26,3571,beras_medium_1,13500
2023-10-27,3571,beras_medium_1,13500
2023-10-30,3571,beras_medium_1,13500
2023-10-31,3571,beras_medium_1,13500
2023-11-01,3571,beras_medium_1,13500
2023-11-02,3571,beras_medium_1,13500
2023-11-03,3571,beras_medium_1,13500
2023-11-06,3571,beras_medium_1,13500
2023-11-07,3571,beras_medium_1,13500
2023-11-08,3571,beras_medium_1,13500
2023-11-09,3571,beras_medium_1,13500
2023-11-10,3571,beras_medium_1,13500
2023-11-13,3571,beras_medium_1,13500
2023-11-14,3571,beras_medium_1,13500
2023-11-15,3571,beras_medium_1,13500
2023-11-16,3571,beras_medium_1,13500
2023-11-17,3571,beras_medium_1,13500
2023-11-20,3571,beras_medium_1,13500
2023-11-21,3571,beras_medium_1,13500
2023-11-22,3571,beras_medium_1,13500
2023-11-23,3571,beras_medium_1,13500
2023-11-24,3571,beras_medium_1,13500
2023-11-27,3571,beras_medium_1,13500
2023-11-28,3571,beras_medium_1,13500
2023-11-29,3571,beras_medium_1,13500
2023-11-30,3571,beras_medium_1,13500
2023-12-01,3571,beras_medium_1,13500
2023-12-04,3571,beras_medium_1,13500
2023-12-05,3571,beras_medium_1,13500
2023-12-06,3571,beras_medium_1,13500
2023-12-07,3571,beras_medium_1,13500
2023-12-08,3571,beras_medium_1,13500
2023-12-11,3571,beras_medium_1,13500
2023-12-12,3571,beras_medium_1,13500
2023-12-13,3571,beras_medium_1,13500
2023-12-14,3571,beras_medium_1,13500
2023-12-15,3571,beras_medium_1,13500
2023-12-18,3571,beras_medium_1,13500
2023-12-19,3571,beras_medium_1,13500
2023-12-20,3571,beras_medium_1,13500
2023-12-21,3571,beras_medium_1,13500
2023-12-22,3571,beras_medium_1,13500
2023-12-25,3571,beras_medium_1,13500
2023-12-26,3571,beras_medium_1,13500
2023-12-27,3571,beras_medium_1,13500
2023-12-28,3571,beras_medium_1,13500
2023-12-29,3571,beras_medium_1,13500
2024-01-01,3571,beras_medium_1,13500
2024-01-02,3571,beras_medium_1,13500
2024-01-03,3571,beras_medium_1,13500
2024-01-04,3571,beras_medium_1,13500
2024-01-05,3571,beras_medium_1,13500
2024-01-08,3571,beras_medium_1,13500
2024-01-09,3571,beras_medium_1,13500
2024-01-10,3571,beras_medium_1,13500
2024-01-11,3571,beras_medium_1,13500
2024-01-12,3571,beras_medium_1,13500
2024-01-15,3571,beras_medium_1,13500
2024-01-16,3571,beras_medium_1,13700
2024-01-17,3571,beras_medium_1,13700
2024-01-18,3571,beras_medium_1,13700
2024-01-19,3571,beras_medium_1,13850
2024-01-22,3571,beras_medium_1,14100
2024-01-23,3571,beras_medium_1,13950
2024-01-24,3571,beras_medium_1,13950
2024-01-25,3571,beras_medium_1,13950
2024-01-26,3571,beras_medium_1,14150
2024-01-29,3571,beras_medium_1,14150
2024-01-30,3571,beras_medium_1,14250
2024-01-31,3571,beras_medium_1,14250
2024-02-01,3571,beras_medium_1,14250
2024-02-02,3571,beras_medium_1,14250
2024-02-05,3571,beras_medium_1,14650
2024-02-06,3571,beras_medium_1,14750
2024-02-07,3571,beras_medium_1,14650
2024-02-08,3571,beras_medium_1,14650
2024-02-09,3571,beras_medium_1,14650
2024-02-12,3571,beras_medium_1,14950
2024-02-13,3571,beras_medium_1,14950
2024-02-14,3571,beras_medium_1,14950
2024-02-15,3571,beras_medium_1,14950
2024-02-16,3571,beras_medium_1,15200
2024-02-19,3571,beras_medium_1,14950
2024-02-20,3571,beras_medium_1,14950
2024-02-21,3571,beras_medium_1,14850
2024-02-22,3571,beras_medium_1,14850
2024-02-23,3571,beras_medium_1,14950
2024-02-26,3571,beras_medium_1,14850
2024-02-27,3571,beras_medium_1,14850
2024-02-28,3571,beras_medium_1,14850
2024-02-29,3571,beras_medium_1,14850
2024-03-01,3571,beras_medium_1,14850
2024-03-04,3571,beras_medium_1,14950
2024-03-05,3571,beras_medium_1,14950
2024-03-06,3571,beras_medium_1,14950
2024-03-07,3571,beras_medium_1,14950
2024-03-08,3571,beras_medium_1,14950
2024-03-11,3571,beras_medium_1,14950
2024-03-12,3571,beras_medium_1,14950
2024-03-13,3571,beras_medium_1,14850
2024-03-14,3571,beras_medium_1,14850
2024-03-15,3571,beras_medium_1,14750
2024-03-18,3571,beras_medium_1,14500
2024-03-19,3571,beras_medium_1,14400
2024-03-20,3571,beras_medium_1,14400
2024-03-21,3571,beras_medium_1,14400
2024-03-22,3571,beras_medium_1,14400
2024-03-25,3571,beras_medium_1,14400
2024-03-26,3571,beras_medium_1,14250
2024-03-27,3571,beras_medium_1,14250
2024-03-28,3571,beras_medium_1,14250
2024-03-29,3571,beras_medium_1,14250
2024-04-01,3571,beras_medium_1,14250
2024-04-02,3571,beras_medium_1,14150
2024-04-03,3571,beras_medium_1,14150
2024-04-04,3571,beras_medium_1,14150
2024-04-05,3571,beras_medium_1,14150
2024-04-08,3571,beras_medium_1,14150
2024-04-09,3571,beras_medium_1,14150
2024-04-10,3571,beras_medium_1,14150
2024-04-11,3571,beras_medium_1,14150
2024-04-12,3571,beras_medium_1,14150
2024-04-15,3571,beras_medium_1,14150
2024-04-16,3571,beras_medium_1,14150
2024-04-17,3571,beras_medium_1,14000
2024-04-18,3571,beras_medium_1,14000
2024-04-19,3571,beras_medium_1,14000
2024-04-22,3571,beras_medium_1,13650
2024-04-23,3571,beras_medium_1,13650
2024-04-24,3571,beras_medium_1,13650
2024-04-25,3571,beras_medium_1,13500
2024-04-26,3571,beras_medium_1,13400
2024-04-29,3571,beras_medium_1,12900
2024-04-30,3571,beras_medium_1,12900
2024-05-01,3571,beras_medium_1,12900
2024-05-02,3571,beras_medium_1,12900
2024-05-03,3571,beras_medium_1,12900
2024-05-06,3571,beras_medium_1,12900
2024-05-07,3571,beras_medium_1,12900
2024-05-08,3571,beras_medium_1,12900
2024-05-09,3571,beras_medium_1,12900
2024-05-10,3571,beras_medium_1,12900
2024-05-13,3571,beras_medium_1,12900
2024-05-14,3571,beras_medium_1,12750
2024-05-15,3571,beras_medium_1,12750
2024-05-16,3571,beras_medium_1,12750
2024-05-17,3571,beras_medium_1,12750
2024-05-20,3571,beras_medium_1,12650
2024-05-21,3571,beras_medium_1,12650
2024-05-22,3571,beras_medium_1,12650
2024-05-23,3571,beras_medium_1,12650
2024-05-24,3571,beras_medium_1,12650
2024-05-27,3571,beras_medium_1,12650
2024-05-28,3571,beras_medium_1,12750
2024-05-29,3571,beras_medium_1,12750
2024-05-30,3571,beras_medium_1,12750
2024-05-31,3571,beras_medium_1,12750
2024-06-03,3571,beras_medium_1,12900
2024-06-04,3571,beras_medium_1,12900
2024-06-05,3571,beras_medium_1,12900
2024-06-06,3571,beras_medium_1,12900
2024-06-07,3571,beras_medium_1,13000
2024-06-10,3571,beras_medium_1,12900
2024-06-11,3571,beras_medium_1,12900
2024-06-12,3571,beras_medium_1,12750
2024-06-13,3571,beras_medium_1,12750
2024-06-14,3571,beras_medium_1,12750
2024-06-17,3571,beras_medium_1,12750
2024-06-18,3571,beras_medium_1,12750
2024-06-19,3571,beras_medium_1,12750
2024-06-20,3571,beras_medium_1,12750
2024-06-21,3571,beras_medium_1,12750
2024-06-24,3571,beras_medium_1,12900
2024-06-25,3571,beras_medium_1,13000
2024-06-26,3571,beras_medium_1,13150
2024-06-27,3571,beras_medium_1,13150
2024-06-28,3571,beras_medium_1,13150
2024-07-01,3571,beras_medium_1,13250
2024-07-02,3571,beras_medium_1,13150
2024-07-03,3571,beras_medium_1,13150
2024-07-04,3571,beras_medium_1,13150
2024-07-05,3571,beras_medium_1,13150
2024-07-08,3571,beras_medium_1,13250
2024-07-09,3571,beras_medium_1,13250
2024-07-10,3571,beras_medium_1,13250
2024-07-11,3571,beras_medium_1,13250
2024-07-12,3571,beras_medium_1,13250
2024-07-15,3571,beras_medium_1,13250
2024-07-16,3571,beras_medium_1,13250
2024-07-17,3571,beras_medium_1,13250
2024-07-18,3571,beras_medium_1,13250
2024-07-19,3571,beras_medium_1,13250
2024-07-22,3571,beras_medium_1,13250
2024-07-23,3571,beras_medium_1,13250
2024-07-24,3571,beras_medium_1,13250
2024-07-25,3571,beras_medium_1,13250
2024-07-26,3571,beras_medium_1,13250
2024-07-29,3571,beras_medium_1,13250
2024-07-30,3571,beras_medium_1,13250
2024-07-31,3571,beras_medium_1,13250
2024-08-01,3571,beras_medium_1,13250
2024-08-02,3571,beras_medium_1,13250
2024-08-05,3571,beras_medium_1,13250
2024-08-06,3571,beras_medium_1,13250
2024-08-07,3571,beras_medium_1,13250
2024-08-08,3571,beras_medium_1,13250
2024-08-09,3571,beras_medium_1,13250
2024-08-12,3571,beras_medium_1,13250
2024-08-13,3571,beras_medium_1,13250
2024-08-14,3571,beras_medium_1,13250
2024-08-15,3571,beras_medium_1,13250
2024-08-16,3571,beras_medium_1,13250
2024-08-19,3571,beras_medium_1,13250
2024-08-20,3571,beras_medium_1,13250
2024-08-21,3571,beras_medium_1,13250
2024-08-22,3571,beras_medium_1,13250
2024-08-23,3571,beras_medium_1,13250
2024-08-26,3571,beras_medium_1,13250
2024-08-27,3571,beras_medium_1,13250
2024-08-28,3571,beras_medium_1,13250
2024-08-29,3571,beras_medium_1,13250
2024-08-30,3571,beras_medium_1,13250
2024-09-02,3571,beras_medium_1,13250
2024-09-03,3571,beras_medium_1,13250
2024-09-04,3571,beras_medium_1,13250
2024-09-05,3571,beras_medium_1,13250
2024-09-06,3571,beras_medium_1,13250
2024-09-09,3571,beras_medium_1,13250
2024-09-10,3571,beras_medium_1,13250
2024-09-11,3571,beras_medium_1,13250
2024-09-12,3571,beras_medium_1,13250
2024-09-13,3571,beras_medium_1,13250
2024-09-16,3571,beras_medium_1,13250
2024-09-17,3571,beras_medium_1,13400
2024-09-18,3571,beras_medium_1,13400
2024-09-19,3571,beras_medium_1,13400
2024-09-20,3571,beras_medium_1,13400
2024-09-23,3571,beras_medium_1,13250
2024-09-24,3571,beras_medium_1,13250
2024-09-25,3571,beras_medium_1,13250
2024-09-26,3571,beras_medium_1,13250
2024-09-27,3571,beras_medium_1,13250
2024-09-30,3571,beras_medium_1,13250
2024-10-01,3571,beras_medium_1,13250
2024-10-02,3571,beras_medium_1,13250
2024-10-03,3571,beras_medium_1,13250
2024-10-04,3571,beras_medium_1,13250
2024-10-07,3571,beras_medium_1,13250
2024-10-08,3571,beras_medium_1,13250
2024-10-09,3571,beras_medium_1,13250
2024-10-10,3571,beras_medium_1,13250
2024-10-11,3571,beras_medium_1,13250
2024-10-14,3571,beras_medium_1,13250
2024-10-15,3571,beras_medium_1,13250
2024-10-16,3571,beras_medium_1,13400
2024-10-17,3571,beras_medium_1,13400
2024-10-18,3571,beras_medium_1,13400
2024-10-21,3571,beras_medium_1,13400
2024-10-22,3571,beras_medium_1,13400
2024-10-23,3571,beras_medium_1,13400
2024-10-24,3571,beras_medium_1,13400
2024-10-25,3571,beras_medium_1,13400
2024-10-28,3571,beras_medium_1,13400
2024-10-29,3571,beras_medium_1,13400
2024-10-30,3571,beras_medium_1,13400
2024-10-31,3571,beras_medium_1,13400
2024-11-01,3571,beras_medium_1,13400
2024-11-04,3571,beras_medium_1,13400
2024-11-05,3571,beras_medium_1,13400
2024-11-06,3571,beras_medium_1,13250
2024-11-07,3571,beras_medium_1,13250
2024-11-08,3571,beras_medium_1,13250
2024-11-11,3571,beras_medium_1,13150
2024-11-12,3571,beras_medium_1,13150
2024-11-13,3571,beras_medium_1,13150
2024-11-14,3571,beras_medium_1,13150
2024-11-15,3571,beras_medium_1,13150
2024-11-18,3571,beras_medium_1,13150
2024-11-19,3571,beras_medium_1,13150
2024-11-20,3571,beras_medium_1,13150
2024-11-21,3571,beras_medium_1,13250
2024-11-22,3571,beras_medium_1,13250
2024-11-25,3571,beras_medium_1,13250
2024-11-26,3571,beras_medium_1,13250
2024-11-27,3571,beras_medium_1,13250
2024-11-28,3571,beras_medium_1,13250
2024-11-29,3571,beras_medium_1,13250
2024-12-02,3571,beras_medium_1,13250
2024-12-03,3571,beras_medium_1,13150
2024-12-04,3571,beras_medium_1,13150
2024-12-05,3571,beras_medium_1,13150
2024-12-06,3571,beras_medium_1,13150
2024-12-09,3571,beras_medium_1,13150
2024-12-10,3571,beras_medium_1,13150
2024-12-11,3571,beras_medium_1,13150
2024-12-12,3571,beras_medium_1,13150
2024-12-13,3571,beras_medium_1,13150
2024-12-16,3571,beras_medium_1,13150
2024-12-17,3571,beras_medium_1,13150
2024-12-18,3571,beras_medium_1,13150
2024-12-19,3571,beras_medium_1,13150
2024-12-20,3571,beras_medium_1,13150
2024-12-23,3571,beras_medium_1,13250
2024-12-24,3571,beras_medium_1,13250
2024-12-25,3571,beras_medium_1,13250
2024-12-26,3571,beras_medium_1,13250
2024-12-27,3571,beras_medium_1,13250
2024-12-30,3571,beras_medium_1,13250
2024-12-31,3571,beras_medium_1,13250
2025-01-01,3571,beras_medium_1,13250
2025-01-02,3571,beras_medium_1,13250
2025-01-03,3571,beras_medium_1,13250
2025-01-06,3571,beras_medium_1,13250
2025-01-07,3571,beras_medium_1,13250
2025-01-08,3571,beras_medium_1,13250
2025-01-09,3571,beras_medium_1,13250
2025-01-10,3571,beras_medium_1,13250
2025-01-13,3571,beras_medium_1,13150
2025-01-14,3571,beras_medium_1,13150
2025-01-15,3571,beras_medium_1,13150
2025-01-16,3571,beras_medium_1,13150
2025-01-17,3571,beras_medium_1,13150
2025-01-20,3571,beras_medium_1,13250
2025-01-21,3571,beras_medium_1,13250
2025-01-22,3571,beras_medium_1,13250
2025-01-23,3571,beras_medium_1,13250
2025-01-24,3571,beras_medium_1,13250
2025-01-27,3571,beras_medium_1,13250
2025-01-28,3571,beras_medium_1,13250
2025-01-29,3571,beras_medium_1,13250
2025-01-30,3571,beras_medium_1,13150
2025-01-31,3571,beras_medium_1,13150
2025-02-03,3571,beras_medium_1,13150
2025-02-04,3571,beras_medium_1,13150
2025-02-05,3571,beras_medium_1,13150
2025-02-06,3571,beras_medium_1,13400
2025-02-07,3571,beras_medium_1,13400
2025-02-10,3571,beras_medium_1,13400
2025-02-11,3571,beras_medium_1,13400
2025-02-12,3571,beras_medium_1,13400
2025-02-13,3571,beras_medium_1,13400
2025-02-14,3571,beras_medium_1,13400
2025-02-17,3571,beras_medium_1,13400
2025-02-18,3571,beras_medium_1,13400
2025-02-19,3571,beras_medium_1,13400
2025-02-20,3571,beras_medium_1,13400
2025-02-21,3571,beras_medium_1,13400
2025-02-24,3571,beras_medium_1,13400
2025-02-25,3571,beras_medium_1,13400
2025-02-26,3571,beras_medium_1,13400
2025-02-27,3571,beras_medium_1,13400
2025-02-28,3571,beras_medium_1,13400
2025-03-03,3571,beras_medium_1,13400
2025-03-04,3571,beras_medium_1,13400
2025-03-05,3571,beras_medium_1,13400
2025-03-06,3571,beras_medium_1,13400
2025-03-07,3571,beras_medium_1,13650
2025-03-10,3571,beras_medium_1,13650
2025-03-11,3571,beras_medium_1,13650
2025-03-12,3571,beras_medium_1,13650
2025-03-13,3571,beras_medium_1,13650
2025-03-14,3571,beras_medium_1,13650
2025-03-17,3571,beras_medium_1,13650
2025-03-18,3571,beras_medium_1,13650
2025-03-19,3571,beras_medium_1,13500
2025-03-20,3571,beras_medium_1,13500
2025-03-21,3571,beras_medium_1,13500
2025-03-24,3571,beras_medium_1,13650
2025-03-25,3571,beras_medium_1,13650
2025-03-26,3571,beras_medium_1,13650
2025-03-27,3571,beras_medium_1,13650
2025-03-28,3571,beras_medium_1,13650
2025-03-31,3571,beras_medium_1,13650
2025-04-01,3571,beras_medium_1,13650
2025-04-02,3571,beras_medium_1,13650
2025-04-03,3571,beras_medium_1,13650
2025-04-04,3571,beras_medium_1,13650
2025-04-07,3571,beras_medium_1,13650
2025-04-08,3571,beras_medium_1,13650
2025-04-09,3571,beras_medium_1,13650
2025-04-10,3571,beras_medium_1,13650
2025-04-11,3571,beras_medium_1,13650
2025-04-14,3571,beras_medium_1,13650
2025-04-15,3571,beras_medium_1,13650
2025-04-16,3571,beras_medium_1,13650
2025-04-17,3571,beras_medium_1,13650
2025-04-18,3571,beras_medium_1,13650
2025-04-21,3571,beras_medium_1,13650
2025-04-22,3571,beras_medium_1,13650
2025-04-23,3571,beras_medium_1,13650
2025-04-24,3571,beras_medium_1,13650
2025-04-25,3571,beras_medium_1,13500
2025-04-28,3571,beras_medium_1,13400
2025-04-29,3571,beras_medium_1,13400
2025-04-30,3571,beras_medium_1,13400
2025-05-01,3571,beras_medium_1,13400
2025-05-02,3571,beras_medium_1,13400
2025-05-05,3571,beras_medium_1,13400
2025-05-06,3571,beras_medium_1,13400
2025-05-07,3571,beras_medium_1,13400
2025-05-08,3571,beras_medium_1,13400
2025-05-09,3571,beras_medium_1,13400
2025-05-12,3571,beras_medium_1,13400
2025-05-13,3571,beras_medium_1,13400
2025-05-14,3571,beras_medium_1,13500
2025-05-15,3571,beras_medium_1,13500
2025-05-16,3571,beras_medium_1,13500
2025-05-19,3571,beras_medium_1,13650
2025-05-20,3571,beras_medium_1,13650
2025-05-21,3571,beras_medium_1,13650
2025-05-22,3571,beras_medium_1,13650
2025-05-23,3571,beras_medium_1,13650
2025-05-26,3571,beras_medium_1,13650
2025-05-27,3571,beras_medium_1,13650
2025-05-28,3571,beras_medium_1,13650
2025-05-29,3571,beras_medium_1,13650
2025-05-30,3571,beras_medium_1,13650
2025-06-02,3571,beras_medium_1,13650
2025-06-03,3571,beras_medium_1,13650
2025-06-04,3571,beras_medium_1,13650
2025-06-05,3571,beras_medium_1,13650
2025-06-06,3571,beras_medium_1,13650
2025-06-09,3571,beras_medium_1,13650
2025-06-10,3571,beras_medium_1,13650
2025-06-11,3571,beras_medium_1,13650
2025-06-12,3571,beras_medium_1,13650
2025-06-13,3571,beras_medium_1,13900
2025-06-16,3571,beras_medium_1,13900
2025-06-17,3571,beras_medium_1,13900
2025-06-18,3571,beras_medium_1,13900
2025-06-19,3571,beras_medium_1,14000
2025-06-20,3571,beras_medium_1,14000
2025-06-23,3571,beras_medium_1,14150
2025-06-24,3571,beras_medium_1,14150
2025-06-25,3571,beras_medium_1,14150
2025-06-26,3571,beras_medium_1,14150
2025-06-27,3571,beras_medium_1,14150
2025-06-30,3571,beras_medium_1,14400
2025-07-01,3571,beras_medium_1,14400
2025-07-02,3571,beras_medium_1,14400
2025-07-03,3571,beras_medium_1,14400
2025-07-04,3571,beras_medium_1,14400
2025-07-07,3571,beras_medium_1,14400
2025-07-08,3571,beras_medium_1,14400
2025-07-09,3571,beras_medium_1,14400
2025-07-10,3571,beras_medium_1,14400
2025-07-11,3571,beras_medium_1,14400
2025-07-14,3571,beras_medium_1,14400
2025-07-15,3571,beras_medium_1,14400
2025-07-16,3571,beras_medium_1,14400
2025-07-17,3571,beras_medium_1,14400
2025-07-18,3571,beras_medium_1,14400
2025-07-21,3571,beras_medium_1,14400
2025-07-22,3571,beras_medium_1,14400
2025-07-23,3571,beras_medium_1,14400
2025-07-24,3571,beras_medium_1,14400
2025-07-25,3571,beras_medium_1,14400
2025-07-28,3571,beras_medium_1,14400
2025-07-29,3571,beras_medium_1,14400
2025-07-30,3571,beras_medium_1,14400
2025-07-31,3571,beras_medium_1,14400
2025-08-01,3571,beras_medium_1,14500
2025-08-04,3571,beras_medium_1,14500
2025-08-05,3571,beras_medium_1,14650
2025-08-06,3571,beras_medium_1,14650
2025-08-07,3571,beras_medium_1,14650
2025-08-08,3571,beras_medium_1,14650
2025-08-11,3571,beras_medium_1,14650
2025-08-12,3571,beras_medium_1,14650
2025-08-13,3571,beras_medium_1,14650
2025-08-14,3571,beras_medium_1,14650
2025-08-15,3571,beras_medium_1,14650
2025-08-18,3571,beras_medium_1,14650
2025-08-19,3571,beras_medium_1,14650
2025-08-20,3571,beras_medium_1,14650
2025-08-21,3571,beras_medium_1,14650
2025-08-22,3571,beras_medium_1,14650
2025-08-25,3571,beras_medium_1,14650
2025-08-26,3571,beras_medium_1,14650
2025-08-27,3571,beras_medium_1,14650
2025-08-28,3571,beras_medium_1,14650
2025-08-29,3571,beras_medium_1,14650
2025-09-01,3571,beras_medium_1,14650
2025-09-02,3571,beras_medium_1,14650
2025-09-03,3571,beras_medium_1,14650
2025-09-04,3571,beras_medium_1,14650
2025-09-05,3571,beras_medium_1,14650
2025-09-08,3571,beras_medium_1,14650
2025-09-09,3571,beras_medium_1,14650
2025-09-10,3571,beras_medium_1,14650
2025-09-11,3571,beras_medium_1,14650
2025-09-12,3571,beras_medium_1,14650
2025-09-15,3571,beras_medium_1,14650
2025-09-16,3571,beras_medium_1,14650
2025-09-17,3571,beras_medium_1,14650
2025-09-18,3571,beras_medium_1,14650
2025-09-19,3571,beras_medium_1,14650
2025-09-22,3571,beras_medium_1,14650
2025-09-23,3571,beras_medium_1,14650
2025-09-24,3571,beras_medium_1,14650
2025-09-25,3571,beras_medium_1,14650
2025-09-26,3571,beras_medium_1,14650
2025-09-29,3571,beras_medium_1,14650
2025-09-30,3571,beras_medium_1,14650
2025-10-01,3571,beras_medium_1,14650
2025-10-02,3571,beras_medium_1,14650
2025-10-03,3571,beras_medium_1,14650
2025-10-06,3571,beras_medium_1,14750
2025-10-07,3571,beras_medium_1,14750
2025-10-08,3571,beras_medium_1,14650
2025-10-09,3571,beras_medium_1,14650
2025-10-10,3571,beras_medium_1,14650
2025-10-13,3571,beras_medium_1,14500
2025-10-14,3571,beras_medium_1,14500
2025-10-15,3571,beras_medium_1,14500
2025-10-16,3571,beras_medium_1,14500
2025-10-17,3571,beras_medium_1,14500
2025-10-20,3571,beras_medium_1,14500
2025-10-21,3571,beras_medium_1,14500
2025-10-22,3571,beras_medium_1,14500
2025-10-23,3571,beras_medium_1,14500
2025-10-24,3571,beras_medium_1,14500
2025-10-27,3571,beras_medium_1,14500
2025-10-28,3571,beras_medium_1,14500
2025-10-29,3571,beras_medium_1,14500
2025-10-30,3571,beras_medium_1,14500
2025-10-31,3571,beras_medium_1,14500
2025-11-03,3571,beras_medium_1,14500
2025-11-04,3571,beras_medium_1,14500
2025-11-05,3571,beras_medium_1,14500
2025-11-06,3571,beras_medium_1,14500
2025-11-07,3571,beras_medium_1,14500
2025-11-10,3571,beras_medium_1,14500
2025-11-11,3571,beras_medium_1,14500
2025-11-12,3571,beras_medium_1,14500
2025-11-13,3571,beras_medium_1,14500
2025-11-14,3571,beras_medium_1,14500
2025-11-17,3571,beras_medium_1,14500
2025-11-18,3571,beras_medium_1,14500
2025-11-19,3571,beras_medium_1,14500
2025-11-20,3571,beras_medium_1,14500
2025-11-21,3571,beras_medium_1,14500
2025-11-24,3571,beras_medium_1,14500
2025-11-25,3571,beras_medium_1,14500
2025-11-26,3571,beras_medium_1,14500
2025-11-27,3571,beras_medium_1,14500
2025-11-28,3571,beras_medium_1,14500
2025-12-01,3571,beras_medium_1,14500
2025-12-02,3571,beras_medium_1,14500
2025-12-03,3571,beras_medium_1,14500
2025-12-04,3571,beras_medium_1,14500
2025-12-05,3571,beras_medium_1,14500
2025-12-08,3571,beras_medium_1,14500
2025-12-09,3571,beras_medium_1,14500
2025-12-10,3571,beras_medium_1,14500
2025-12-11,3571,beras_medium_1,14500
2025-12-12,3571,beras_medium_1,14500
2025-12-15,3571,beras_medium_1,14500
2025-12-16,3571,beras_medium_1,14500
2025-12-17,3571,beras_medium_1,14500
2025-12-18,3571,beras_medium_1,14500
2025-12-19,3571,beras_medium_1,14500
2025-12-22,3571,beras_medium_1,14500
2025-12-23,3571,beras_medium_1,14500
2025-12-24,3571,beras_medium_1,14500
2025-12-25,3571,beras_medium_1,14500
2025-12-26,3571,beras_medium_1,14500
2025-12-29,3571,beras_medium_1,14500
2025-12-30,3571,beras_medium_1,14500
2025-12-31,3571,beras_medium_1,14500
2021-01-04,3573,beras_medium_1,12100
2021-01-05,3573,beras_medium_1,12100
2021-01-06,3573,beras_medium_1,12100
2021-01-07,3573,beras_medium_1,12100
2021-01-08,3573,beras_medium_1,12100
2021-01-11,3573,beras_medium_1,12100
2021-01-12,3573,beras_medium_1,12100
2021-01-13,3573,beras_medium_1,12100
2021-01-14,3573,beras_medium_1,12100
2021-01-15,3573,beras_medium_1,12100
2021-01-18,3573,beras_medium_1,12100
2021-01-19,3573,beras_medium_1,12100
2021-01-20,3573,beras_medium_1,12100
2021-01-21,3573,beras_medium_1,12100
2021-01-22,3573,beras_medium_1,12100
2021-01-25,3573,beras_medium_1,12100
2021-01-26,3573,beras_medium_1,12100
2021-01-27,3573,beras_medium_1,12100
2021-01-28,3573,beras_medium_1,12100
2021-01-29,3573,beras_medium_1,12100
2021-02-01,3573,beras_medium_1,12100
2021-02-02,3573,beras_medium_1,12100
2021-02-03,3573,beras_medium_1,12100
2021-02-04,3573,beras_medium_1,12100
2021-02-05,3573,beras_medium_1,12100
2021-02-08,3573,beras_medium_1,12100
2021-02-09,3573,beras_medium_1,12100
2021-02-10,3573,beras_medium_1,12100
2021-02-11,3573,beras_medium_1,12100
2021-02-15,3573,beras_medium_1,12100
2021-02-16,3573,beras_medium_1,12100
2021-02-17,3573,beras_medium_1,12100
2021-02-18,3573,beras_medium_1,12100
2021-02-19,3573,beras_medium_1,12100
2021-02-22,3573,beras_medium_1,12100
2021-02-23,3573,beras_medium_1,12100
2021-02-24,3573,beras_medium_1,12100
2021-02-25,3573,beras_medium_1,12100
2021-02-26,3573,beras_medium_1,12100
2021-03-01,3573,beras_medium_1,12100
2021-03-02,3573,beras_medium_1,12100
2021-03-03,3573,beras_medium_1,12100
2021-03-04,3573,beras_medium_1,12100
2021-03-05,3573,beras_medium_1,12100
2021-03-08,3573,beras_medium_1,12100
2021-03-09,3573,beras_medium_1,12100
2021-03-10,3573,beras_medium_1,12100
2021-03-12,3573,beras_medium_1,12100
2021-03-15,3573,beras_medium_1,12100
2021-03-16,3573,beras_medium_1,12100
2021-03-17,3573,beras_medium_1,12100
2021-03-18,3573,beras_medium_1,12100
2021-03-19,3573,beras_medium_1,12100
2021-03-22,3573,beras_medium_1,12100
2021-03-23,3573,beras_medium_1,12100
2021-03-24,3573,beras_medium_1,12100
2021-03-25,3573,beras_medium_1,12100
2021-03-26,3573,beras_medium_1,12100
2021-03-29,3573,beras_medium_1,12100
2021-03-30,3573,beras_medium_1,12100
2021-03-31,3573,beras_medium_1,12100
2021-04-01,3573,beras_medium_1,12100
2021-04-05,3573,beras_medium_1,12100
2021-04-06,3573,beras_medium_1,12100
2021-04-07,3573,beras_medium_1,12100
2021-04-08,3573,beras_medium_1,12100
2021-04-09,3573,beras_medium_1,12100
2021-04-12,3573,beras_medium_1,12100
2021-04-13,3573,beras_medium_1,12100
2021-04-14,3573,beras_medium_1,12100
2021-04-15,3573,beras_medium_1,12100
2021-04-16,3573,beras_medium_1,12100
2021-04-19,3573,beras_medium_1,12100
2021-04-20,3573,beras_medium_1,12100
2021-04-21,3573,beras_medium_1,12100
2021-04-22,3573,beras_medium_1,12100
2021-04-23,3573,beras_medium_1,12100
2021-04-26,3573,beras_medium_1,12100
2021-04-27,3573,beras_medium_1,12100
2021-04-28,3573,beras_medium_1,12100
2021-04-29,3573,beras_medium_1,12100
2021-04-30,3573,beras_medium_1,12100
2021-05-03,3573,beras_medium_1,12100
2021-05-04,3573,beras_medium_1,12100
2021-05-05,3573,beras_medium_1,12100
2021-05-06,3573,beras_medium_1,12100
2021-05-07,3573,beras_medium_1,12100
2021-05-10,3573,beras_medium_1,12100
2021-05-11,3573,beras_medium_1,12100
2021-05-17,3573,beras_medium_1,12100
2021-05-18,3573,beras_medium_1,12100
2021-05-19,3573,beras_medium_1,12100
2021-05-20,3573,beras_medium_1,12100
2021-05-21,3573,beras_medium_1,12100
2021-05-24,3573,beras_medium_1,12100
2021-05-25,3573,beras_medium_1,12100
2021-05-27,3573,beras_medium_1,12100
2021-05-28,3573,beras_medium_1,12100
2021-05-31,3573,beras_medium_1,12100
2021-06-02,3573,beras_medium_1,12100
2021-06-03,3573,beras_medium_1,12100
2021-06-04,3573,beras_medium_1,12100
2021-06-07,3573,beras_medium_1,12100
2021-06-08,3573,beras_medium_1,12100
2021-06-09,3573,beras_medium_1,12100
2021-06-10,3573,beras_medium_1,12100
2021-06-11,3573,beras_medium_1,12100
2021-06-14,3573,beras_medium_1,12100
2021-06-15,3573,beras_medium_1,12100
2021-06-16,3573,beras_medium_1,12100
2021-06-17,3573,beras_medium_1,12100
2021-06-18,3573,beras_medium_1,12100
2021-06-21,3573,beras_medium_1,12100
2021-06-22,3573,beras_medium_1,11950
2021-06-23,3573,beras_medium_1,11950
2021-06-24,3573,beras_medium_1,11950
2021-06-25,3573,beras_medium_1,11950
2021-06-28,3573,beras_medium_1,11950
2021-06-29,3573,beras_medium_1,11950
2021-06-30,3573,beras_medium_1,11950
2021-07-01,3573,beras_medium_1,11950
2021-07-02,3573,beras_medium_1,11950
2021-07-05,3573,beras_medium_1,11950
2021-07-06,3573,beras_medium_1,11950
2021-07-07,3573,beras_medium_1,11950
2021-07-08,3573,beras_medium_1,11950
2021-07-09,3573,beras_medium_1,11950
2021-07-12,3573,beras_medium_1,11950
2021-07-13,3573,beras_medium_1,11950
2021-07-14,3573,beras_medium_1,11950
2021-07-15,3573,beras_medium_1,11950
2021-07-16,3573,beras_medium_1,11950
2021-07-19,3573,beras_medium_1,11950
2021-07-21,3573,beras_medium_1,11950
2021-07-22,3573,beras_medium_1,11950
2021-07-23,3573,beras_medium_1,11950
2021-07-26,3573,beras_medium_1,11950
2021-07-27,3573,beras_medium_1,11950
2021-07-28,3573,beras_medium_1,11900
2021-07-29,3573,beras_medium_1,11900
2021-07-30,3573,beras_medium_1,11900
2021-08-02,3573,beras_medium_1,11900
2021-08-03,3573,beras_medium_1,11900
2021-08-04,3573,beras_medium_1,11900
2021-08-05,3573,beras_medium_1,11900
2021-08-06,3573,beras_medium_1,11900
2021-08-09,3573,beras_medium_1,11900
2021-08-10,3573,beras_medium_1,11900
2021-08-12,3573,beras_medium_1,11900
2021-08-13,3573,beras_medium_1,11900
2021-08-16,3573,beras_medium_1,11900
2021-08-18,3573,beras_medium_1,11900
2021-08-19,3573,beras_medium_1,11900
2021-08-20,3573,beras_medium_1,11900
2021-08-23,3573,beras_medium_1,11900
2021-08-24,3573,beras_medium_1,11900
2021-08-25,3573,beras_medium_1,11900
2021-08-26,3573,beras_medium_1,11900
2021-08-27,3573,beras_medium_1,11900
2021-08-30,3573,beras_medium_1,11900
2021-08-31,3573,beras_medium_1,11750
2021-09-01,3573,beras_medium_1,11850
2021-09-02,3573,beras_medium_1,11850
2021-09-03,3573,beras_medium_1,11800
2021-09-06,3573,beras_medium_1,11800
2021-09-07,3573,beras_medium_1,11800
2021-09-08,3573,beras_medium_1,11800
2021-09-09,3573,beras_medium_1,11800
2021-09-10,3573,beras_medium_1,11800
2021-09-13,3573,beras_medium_1,11800
2021-09-14,3573,beras_medium_1,11800
2021-09-15,3573,beras_medium_1,11800
2021-09-16,3573,beras_medium_1,11800
2021-09-17,3573,beras_medium_1,11800
2021-09-20,3573,beras_medium_1,11800
2021-09-21,3573,beras_medium_1,11800
2021-09-22,3573,beras_medium_1,11800
2021-09-23,3573,beras_medium_1,11800
2021-09-24,3573,beras_medium_1,11800
2021-09-27,3573,beras_medium_1,11800
2021-09-28,3573,beras_medium_1,11800
2021-09-29,3573,beras_medium_1,11800
2021-09-30,3573,beras_medium_1,11800
2021-10-01,3573,beras_medium_1,11800
2021-10-04,3573,beras_medium_1,11800
2021-10-05,3573,beras_medium_1,11800
2021-10-06,3573,beras_medium_1,11800
2021-10-07,3573,beras_medium_1,11800
2021-10-08,3573,beras_medium_1,11800
2021-10-11,3573,beras_medium_1,11800
2021-10-12,3573,beras_medium_1,11800
2021-10-13,3573,beras_medium_1,11800
2021-10-14,3573,beras_medium_1,11800
2021-10-15,3573,beras_medium_1,11800
2021-10-18,3573,beras_medium_1,11800
2021-10-19,3573,beras_medium_1,11800
2021-10-21,3573,beras_medium_1,11800
2021-10-22,3573,beras_medium_1,11800
2021-10-25,3573,beras_medium_1,11800
2021-10-26,3573,beras_medium_1,11800
2021-10-27,3573,beras_medium_1,11800
2021-10-28,3573,beras_medium_1,11800
2021-10-29,3573,beras_medium_1,11800
2021-11-01,3573,beras_medium_1,11800
2021-11-02,3573,beras_medium_1,11800
2021-11-03,3573,beras_medium_1,11800
2021-11-04,3573,beras_medium_1,11800
2021-11-05,3573,beras_medium_1,11800
2021-11-08,3573,beras_medium_1,11800
2021-11-09,3573,beras_medium_1,11800
2021-11-10,3573,beras_medium_1,11800
2021-11-11,3573,beras_medium_1,11800
2021-11-12,3573,beras_medium_1,11800
2021-11-15,3573,beras_medium_1,11800
2021-11-16,3573,beras_medium_1,11800
2021-11-17,3573,beras_medium_1,11800
2021-11-18,3573,beras_medium_1,11800
2021-11-19,3573,beras_medium_1,11800
2021-11-22,3573,beras_medium_1,11800
2021-11-23,3573,beras_medium_1,11800
2021-11-24,3573,beras_medium_1,11800
2021-11-25,3573,beras_medium_1,11800
2021-11-26,3573,beras_medium_1,11800
2021-11-29,3573,beras_medium_1,11800
2021-11-30,3573,beras_medium_1,11800
2021-12-01,3573,beras_medium_1,11800
2021-12-02,3573,beras_medium_1,11800
2021-12-03,3573,beras_medium_1,11800
2021-12-06,3573,beras_medium_1,11800
2021-12-07,3573,beras_medium_1,11800
2021-12-08,3573,beras_medium_1,11800
2021-12-09,3573,beras_medium_1,11800
2021-12-10,3573,beras_medium_1,11800
2021-12-13,3573,beras_medium_1,11800
2021-12-14,3573,beras_medium_1,11800
2021-12-15,3573,beras_medium_1,11800
2021-12-16,3573,beras_medium_1,11800
2021-12-17,3573,beras_medium_1,11800
2021-12-20,3573,beras_medium_1,11800
2021-12-21,3573,beras_medium_1,11850
2021-12-22,3573,beras_medium_1,11850
2021-12-23,3573,beras_medium_1,11850
2021-12-24,3573,beras_medium_1,11850
2021-12-27,3573,beras_medium_1,11850
2021-12-28,3573,beras_medium_1,11850
2021-12-29,3573,beras_medium_1,11850
2021-12-30,3573,beras_medium_1,11850
2021-12-31,3573,beras_medium_1,11850
2022-01-03,3573,beras_medium_1,11850
2022-01-04,3573,beras_medium_1,11850
2022-01-05,3573,beras_medium_1,11850
2022-01-06,3573,beras_medium_1,11850
2022-01-07,3573,beras_medium_1,11850
2022-01-10,3573,beras_medium_1,11850
2022-01-11,3573,beras_medium_1,11850
2022-01-12,3573,beras_medium_1,11850
2022-01-13,3573,beras_medium_1,11850
2022-01-14,3573,beras_medium_1,11850
2022-01-17,3573,beras_medium_1,11850
2022-01-18,3573,beras_medium_1,11850
2022-01-19,3573,beras_medium_1,11850
2022-01-20,3573,beras_medium_1,11850
2022-01-21,3573,beras_medium_1,11850
2022-01-24,3573,beras_medium_1,11850
2022-01-25,3573,beras_medium_1,11850
2022-01-26,3573,beras_medium_1,11850
2022-01-27,3573,beras_medium_1,11850
2022-01-28,3573,beras_medium_1,11850
2022-01-31,3573,beras_medium_1,11850
2022-02-02,3573,beras_medium_1,11850
2022-02-03,3573,beras_medium_1,11850
2022-02-04,3573,beras_medium_1,11850
2022-02-07,3573,beras_medium_1,11850
2022-02-08,3573,beras_medium_1,11850
2022-02-09,3573,beras_medium_1,11850
2022-02-10,3573,beras_medium_1,11850
2022-02-11,3573,beras_medium_1,11850
2022-02-14,3573,beras_medium_1,11850
2022-02-15,3573,beras_medium_1,11850
2022-02-16,3573,beras_medium_1,11850
2022-02-17,3573,beras_medium_1,11850
2022-02-18,3573,beras_medium_1,11850
2022-02-21,3573,beras_medium_1,11850
2022-02-22,3573,beras_medium_1,11850
2022-02-23,3573,beras_medium_1,11850
2022-02-24,3573,beras_medium_1,11850
2022-02-25,3573,beras_medium_1,11850
2022-03-01,3573,beras_medium_1,11850
2022-03-02,3573,beras_medium_1,11850
2022-03-04,3573,beras_medium_1,11850
2022-03-07,3573,beras_medium_1,11850
2022-03-08,3573,beras_medium_1,11850
2022-03-09,3573,beras_medium_1,11700
2022-03-10,3573,beras_medium_1,11850
2022-03-11,3573,beras_medium_1,11850
2022-03-14,3573,beras_medium_1,11850
2022-03-15,3573,beras_medium_1,11850
2022-03-16,3573,beras_medium_1,11850
2022-03-17,3573,beras_medium_1,11850
2022-03-18,3573,beras_medium_1,11850
2022-03-21,3573,beras_medium_1,11850
2022-03-22,3573,beras_medium_1,11850
2022-03-23,3573,beras_medium_1,11850
2022-03-24,3573,beras_medium_1,11850
2022-03-25,3573,beras_medium_1,11850
2022-03-28,3573,beras_medium_1,11850
2022-03-29,3573,beras_medium_1,11850
2022-03-30,3573,beras_medium_1,11850
2022-03-31,3573,beras_medium_1,11850
2022-04-01,3573,beras_medium_1,11850
2022-04-04,3573,beras_medium_1,11850
2022-04-05,3573,beras_medium_1,11850
2022-04-06,3573,beras_medium_1,11850
2022-04-07,3573,beras_medium_1,11850
2022-04-08,3573,beras_medium_1,11850
2022-04-11,3573,beras_medium_1,11850
2022-04-12,3573,beras_medium_1,11850
2022-04-13,3573,beras_medium_1,11850
2022-04-14,3573,beras_medium_1,11850
2022-04-18,3573,beras_medium_1,11850
2022-04-19,3573,beras_medium_1,11850
2022-04-20,3573,beras_medium_1,11850
2022-04-21,3573,beras_medium_1,11850
2022-04-22,3573,beras_medium_1,11850
2022-04-25,3573,beras_medium_1,11850
2022-04-26,3573,beras_medium_1,11850
2022-04-27,3573,beras_medium_1,11850
2022-04-28,3573,beras_medium_1,11850
2023-01-02,3573,beras_medium_1,13100
2023-01-03,3573,beras_medium_1,13100
2023-01-04,3573,beras_medium_1,13100
2023-01-05,3573,beras_medium_1,13100
2023-01-06,3573,beras_medium_1,13100
2023-01-09,3573,beras_medium_1,13100
2023-01-10,3573,beras_medium_1,13100
2023-01-11,3573,beras_medium_1,13100
2023-01-12,3573,beras_medium_1,13100
2023-01-13,3573,beras_medium_1,13100
2023-01-16,3573,beras_medium_1,13100
2023-01-17,3573,beras_medium_1,13100
2023-01-18,3573,beras_medium_1,13100
2023-01-19,3573,beras_medium_1,13100
2023-01-20,3573,beras_medium_1,13100
2023-01-23,3573,beras_medium_1,13100
2023-01-24,3573,beras_medium_1,13100
2023-01-25,3573,beras_medium_1,13100
2023-01-26,3573,beras_medium_1,13200
2023-01-27,3573,beras_medium_1,13200
2023-01-30,3573,beras_medium_1,13200
2023-01-31,3573,beras_medium_1,13200
2023-02-01,3573,beras_medium_1,13200
2023-02-02,3573,beras_medium_1,13250
2023-02-03,3573,beras_medium_1,13600
2023-02-06,3573,beras_medium_1,13600
2023-02-07,3573,beras_medium_1,13600
2023-02-08,3573,beras_medium_1,13600
2023-02-09,3573,beras_medium_1,13600
2023-02-10,3573,beras_medium_1,13600
2023-02-13,3573,beras_medium_1,13600
2023-02-14,3573,beras_medium_1,13600
2023-02-15,3573,beras_medium_1,13600
2023-02-16,3573,beras_medium_1,13600
2023-02-17,3573,beras_medium_1,14000
2023-02-20,3573,beras_medium_1,13600
2023-02-21,3573,beras_medium_1,13600
2023-02-22,3573,beras_medium_1,13600
2023-02-23,3573,beras_medium_1,13600
2023-02-24,3573,beras_medium_1,13600
2023-02-27,3573,beras_medium_1,13600
2023-02-28,3573,beras_medium_1,13600
2023-03-01,3573,beras_medium_1,13600
2023-03-02,3573,beras_medium_1,13600
2023-03-03,3573,beras_medium_1,13600
2023-03-06,3573,beras_medium_1,13600
2023-03-07,3573,beras_medium_1,13600
2023-03-08,3573,beras_medium_1,13600
2023-03-09,3573,beras_medium_1,13600
2023-03-10,3573,beras_medium_1,13600
2023-03-13,3573,beras_medium_1,13700
2023-03-14,3573,beras_medium_1,13700
2023-03-15,3573,beras_medium_1,13700
2023-03-16,3573,beras_medium_1,13700
2023-03-17,3573,beras_medium_1,13700
2023-03-20,3573,beras_medium_1,13700
2023-03-21,3573,beras_medium_1,13700
2023-03-22,3573,beras_medium_1,13700
2023-03-23,3573,beras_medium_1,13700
2023-03-24,3573,beras_medium_1,13700
2023-03-27,3573,beras_medium_1,13700
2023-03-28,3573,beras_medium_1,13700
2023-03-29,3573,beras_medium_1,13700
2023-03-30,3573,beras_medium_1,13700
2023-03-31,3573,beras_medium_1,13700
2023-04-03,3573,beras_medium_1,13700
2023-04-04,3573,beras_medium_1,13700
2023-04-05,3573,beras_medium_1,13700
2023-04-06,3573,beras_medium_1,13700
2023-04-10,3573,beras_medium_1,13700
2023-04-11,3573,beras_medium_1,13700
2023-04-12,3573,beras_medium_1,13700
2023-04-13,3573,beras_medium_1,13700
2023-04-14,3573,beras_medium_1,13700
2023-04-17,3573,beras_medium_1,13700
2023-04-18,3573,beras_medium_1,13700
2023-04-19,3573,beras_medium_1,13700
2023-04-20,3573,beras_medium_1,13700
2023-04-21,3573,beras_medium_1,13700
2023-04-24,3573,beras_medium_1,13700
2023-04-25,3573,beras_medium_1,13700
2023-04-26,3573,beras_medium_1,13700
2023-04-27,3573,beras_medium_1,13700
2023-04-28,3573,beras_medium_1,13700
2023-05-01,3573,beras_medium_1,13700
2023-05-02,3573,beras_medium_1,13700
2023-05-03,3573,beras_medium_1,13700
2023-05-04,3573,beras_medium_1,13700
2023-05-05,3573,beras_medium_1,13700
2023-05-08,3573,beras_medium_1,13700
2023-05-09,3573,beras_medium_1,13700
2023-05-10,3573,beras_medium_1,13700
2023-05-11,3573,beras_medium_1,13700
2023-05-12,3573,beras_medium_1,13700
2023-05-15,3573,beras_medium_1,13700
2023-05-16,3573,beras_medium_1,13700
2023-05-17,3573,beras_medium_1,13700
2023-05-18,3573,beras_medium_1,13700
2023-05-19,3573,beras_medium_1,13700
2023-05-22,3573,beras_medium_1,13700
2023-05-23,3573,beras_medium_1,13700
2023-05-24,3573,beras_medium_1,13700
2023-05-25,3573,beras_medium_1,13700
2023-05-26,3573,beras_medium_1,13400
2023-05-29,3573,beras_medium_1,13700
2023-05-30,3573,beras_medium_1,13700
2023-05-31,3573,beras_medium_1,13700
2023-06-01,3573,beras_medium_1,13700
2023-06-02,3573,beras_medium_1,13700
2023-06-05,3573,beras_medium_1,13700
2023-06-06,3573,beras_medium_1,13700
2023-06-07,3573,beras_medium_1,13700
2023-06-08,3573,beras_medium_1,13700
2023-06-09,3573,beras_medium_1,13700
2023-06-12,3573,beras_medium_1,13700
2023-06-13,3573,beras_medium_1,13700
2023-06-14,3573,beras_medium_1,13700
2023-06-15,3573,beras_medium_1,13700
2023-06-16,3573,beras_medium_1,13700
2023-06-19,3573,beras_medium_1,13700
2023-06-20,3573,beras_medium_1,13700
2023-06-21,3573,beras_medium_1,13700
2023-06-22,3573,beras_medium_1,13700
2023-06-23,3573,beras_medium_1,13700
2023-06-26,3573,beras_medium_1,13700
2023-06-27,3573,beras_medium_1,13650
2023-06-28,3573,beras_medium_1,13650
2023-06-29,3573,beras_medium_1,13650
2023-06-30,3573,beras_medium_1,13650
2023-07-03,3573,beras_medium_1,13650
2023-07-04,3573,beras_medium_1,13650
2023-07-05,3573,beras_medium_1,13650
2023-07-06,3573,beras_medium_1,13650
2023-07-07,3573,beras_medium_1,13650
2023-07-10,3573,beras_medium_1,13650
2023-07-11,3573,beras_medium_1,13650
2023-07-12,3573,beras_medium_1,13650
2023-07-13,3573,beras_medium_1,13650
2023-07-14,3573,beras_medium_1,13650
2023-07-17,3573,beras_medium_1,13650
2023-07-18,3573,beras_medium_1,13650
2023-07-19,3573,beras_medium_1,13650
2023-07-20,3573,beras_medium_1,13650
2023-07-21,3573,beras_medium_1,13650
2023-07-24,3573,beras_medium_1,13650
2023-07-25,3573,beras_medium_1,13650
2023-07-26,3573,beras_medium_1,13650
2023-07-27,3573,beras_medium_1,13650
2023-07-28,3573,beras_medium_1,13650
2023-07-31,3573,beras_medium_1,13650
2023-08-01,3573,beras_medium_1,13650
2023-08-02,3573,beras_medium_1,13650
2023-08-03,3573,beras_medium_1,13650
2023-08-04,3573,beras_medium_1,13650
2023-08-07,3573,beras_medium_1,13650
2023-08-08,3573,beras_medium_1,13650
2023-08-09,3573,beras_medium_1,13650
2023-08-10,3573,beras_medium_1,13650
2023-08-11,3573,beras_medium_1,13650
2023-08-14,3573,beras_medium_1,13650
2023-08-15,3573,beras_medium_1,13650
2023-08-16,3573,beras_medium_1,13650
2023-08-17,3573,beras_medium_1,13650
2023-08-18,3573,beras_medium_1,13650
2023-08-21,3573,beras_medium_1,13850
2023-08-22,3573,beras_medium_1,13950
2023-08-23,3573,beras_medium_1,14100
2023-08-24,3573,beras_medium_1,14200
2023-08-25,3573,beras_medium_1,14200
2023-08-28,3573,beras_medium_1,14200
2023-08-29,3573,beras_medium_1,14350
2023-08-30,3573,beras_medium_1,14350
2023-08-31,3573,beras_medium_1,14350
2023-09-01,3573,beras_medium_1,14350
2023-09-04,3573,beras_medium_1,14350
2023-09-05,3573,beras_medium_1,14350
2023-09-06,3573,beras_medium_1,14350
2023-09-07,3573,beras_medium_1,14350
2023-09-08,3573,beras_medium_1,14350
2023-09-11,3573,beras_medium_1,15100
2023-09-12,3573,beras_medium_1,15100
2023-09-13,3573,beras_medium_1,15100
2023-09-14,3573,beras_medium_1,15100
2023-09-15,3573,beras_medium_1,15100
2023-09-18,3573,beras_medium_1,15100
2023-09-19,3573,beras_medium_1,15100
2023-09-20,3573,beras_medium_1,15100
2023-09-21,3573,beras_medium_1,15100
2023-09-22,3573,beras_medium_1,15100
2023-09-25,3573,beras_medium_1,15200
2023-09-26,3573,beras_medium_1,15200
2023-09-27,3573,beras_medium_1,15200
2023-09-28,3573,beras_medium_1,15200
2023-09-29,3573,beras_medium_1,15200
2023-10-02,3573,beras_medium_1,15200
2023-10-03,3573,beras_medium_1,15200
2023-10-04,3573,beras_medium_1,15200
2023-10-05,3573,beras_medium_1,15200
2023-10-06,3573,beras_medium_1,15200
2023-10-09,3573,beras_medium_1,15200
2023-10-10,3573,beras_medium_1,15200
2023-10-11,3573,beras_medium_1,15200
2023-10-12,3573,beras_medium_1,15200
2023-10-13,3573,beras_medium_1,15200
2023-10-16,3573,beras_medium_1,15200
2023-10-17,3573,beras_medium_1,15200
2023-10-18,3573,beras_medium_1,15200
2023-10-19,3573,beras_medium_1,15200
2023-10-20,3573,beras_medium_1,15200
2023-10-23,3573,beras_medium_1,15200
2023-10-24,3573,beras_medium_1,15200
2023-10-25,3573,beras_medium_1,15200
2023-10-26,3573,beras_medium_1,15200
2023-10-27,3573,beras_medium_1,15200
2023-10-30,3573,beras_medium_1,15200
2023-10-31,3573,beras_medium_1,15200
2023-11-01,3573,beras_medium_1,15200
2023-11-02,3573,beras_medium_1,15200
2023-11-03,3573,beras_medium_1,15200
2023-11-06,3573,beras_medium_1,15200
2023-11-07,3573,beras_medium_1,15200
2023-11-08,3573,beras_medium_1,15200
2023-11-09,3573,beras_medium_1,15200
2023-11-10,3573,beras_medium_1,15200
2023-11-13,3573,beras_medium_1,15200
2023-11-14,3573,beras_medium_1,15200
2023-11-15,3573,beras_medium_1,15200
2023-11-16,3573,beras_medium_1,15200
2023-11-17,3573,beras_medium_1,15200
2023-11-20,3573,beras_medium_1,15200
2023-11-21,3573,beras_medium_1,15200
2023-11-22,3573,beras_medium_1,15200
2023-11-23,3573,beras_medium_1,15200
2023-11-24,3573,beras_medium_1,15200
2023-11-27,3573,beras_medium_1,15200
2023-11-28,3573,beras_medium_1,15200
2023-11-29,3573,beras_medium_1,15200
2023-11-30,3573,beras_medium_1,15200
2023-12-01,3573,beras_medium_1,15200
2023-12-04,3573,beras_medium_1,15200
2023-12-05,3573,beras_medium_1,15200
2023-12-06,3573,beras_medium_1,15200
2023-12-07,3573,beras_medium_1,15200
2023-12-08,3573,beras_medium_1,15200
2023-12-11,3573,beras_medium_1,15200
2023-12-12,3573,beras_medium_1,15200
2023-12-13,3573,beras_medium_1,15200
2023-12-14,3573,beras_medium_1,15200
2023-12-15,3573,beras_medium_1,15200
2023-12-18,3573,beras_medium_1,15200
2023-12-19,3573,beras_medium_1,15200
2023-12-20,3573,beras_medium_1,15200
2023-12-21,3573,beras_medium_1,15200
2023-12-22,3573,beras_medium_1,15200
2023-12-27,3573,beras_medium_1,15200
2023-12-28,3573,beras_medium_1,15200
2023-12-29,3573,beras_medium_1,15200
2024-01-01,3573,beras_medium_1,15200
2024-01-02,3573,beras_medium_1,15200
2024-01-03,3573,beras_medium_1,15200
2024-01-04,3573,beras_medium_1,15200
2024-01-05,3573,beras_medium_1,15200
2024-01-08,3573,beras_medium_1,15200
2024-01-09,3573,beras_medium_1,15200
2024-01-10,3573,beras_medium_1,15200
2024-01-11,3573,beras_medium_1,15200
2024-01-12,3573,beras_medium_1,15200
2024-01-15,3573,beras_medium_1,15200
2024-01-16,3573,beras_medium_1,15200
2024-01-17,3573,beras_medium_1,15200
2024-01-18,3573,beras_medium_1,15200
2024-01-19,3573,beras_medium_1,15200
2024-01-22,3573,beras_medium_1,15200
2024-01-23,3573,beras_medium_1,15200
2024-01-24,3573,beras_medium_1,15200
2024-01-25,3573,beras_medium_1,15200
2024-01-26,3573,beras_medium_1,15200
2024-01-29,3573,beras_medium_1,15750
2024-01-30,3573,beras_medium_1,15750
2024-01-31,3573,beras_medium_1,15750
2024-02-01,3573,beras_medium_1,16100
2024-02-02,3573,beras_medium_1,16100
2024-02-05,3573,beras_medium_1,16100
2024-02-06,3573,beras_medium_1,16100
2024-02-07,3573,beras_medium_1,16100
2024-02-08,3573,beras_medium_1,16100
2024-02-09,3573,beras_medium_1,16100
2024-02-12,3573,beras_medium_1,16400
2024-02-13,3573,beras_medium_1,16400
2024-02-14,3573,beras_medium_1,16400
2024-02-15,3573,beras_medium_1,16400
2024-02-16,3573,beras_medium_1,16400
2024-02-19,3573,beras_medium_1,16400
2024-02-20,3573,beras_medium_1,16400
2024-02-21,3573,beras_medium_1,16400
2024-02-22,3573,beras_medium_1,16400
2024-02-23,3573,beras_medium_1,16400
2024-02-26,3573,beras_medium_1,16400
2024-02-27,3573,beras_medium_1,16400
2024-02-28,3573,beras_medium_1,16400
2024-02-29,3573,beras_medium_1,16400
2024-03-01,3573,beras_medium_1,16400
2024-03-04,3573,beras_medium_1,16400
2024-03-05,3573,beras_medium_1,16400
2024-03-06,3573,beras_medium_1,16400
2024-03-07,3573,beras_medium_1,16400
2024-03-08,3573,beras_medium_1,16400
2024-03-11,3573,beras_medium_1,16400
2024-03-12,3573,beras_medium_1,16400
2024-03-13,3573,beras_medium_1,15650
2024-03-14,3573,beras_medium_1,15650
2024-03-15,3573,beras_medium_1,16150
2024-03-18,3573,beras_medium_1,16150
2024-03-19,3573,beras_medium_1,16150
2024-03-20,3573,beras_medium_1,16150
2024-03-21,3573,beras_medium_1,16150
2024-03-22,3573,beras_medium_1,16150
2024-03-25,3573,beras_medium_1,16150
2024-03-26,3573,beras_medium_1,16150
2024-03-27,3573,beras_medium_1,16150
2024-03-28,3573,beras_medium_1,16150
2024-03-29,3573,beras_medium_1,16150
2024-04-01,3573,beras_medium_1,16150
2024-04-02,3573,beras_medium_1,16150
2024-04-03,3573,beras_medium_1,16150
2024-04-04,3573,beras_medium_1,16150
2024-04-05,3573,beras_medium_1,16150
2024-04-08,3573,beras_medium_1,16150
2024-04-09,3573,beras_medium_1,16150
2024-04-10,3573,beras_medium_1,16150
2024-04-11,3573,beras_medium_1,16150
2024-04-12,3573,beras_medium_1,16150
2024-04-15,3573,beras_medium_1,16150
2024-04-16,3573,beras_medium_1,16150
2024-04-17,3573,beras_medium_1,16150
2024-04-18,3573,beras_medium_1,16150
2024-04-19,3573,beras_medium_1,16150
2024-04-22,3573,beras_medium_1,15600
2024-04-23,3573,beras_medium_1,15600
2024-04-24,3573,beras_medium_1,15600
2024-04-25,3573,beras_medium_1,15600
2024-04-26,3573,beras_medium_1,15600
2024-04-29,3573,beras_medium_1,15600
2024-04-30,3573,beras_medium_1,15600
2024-05-01,3573,beras_medium_1,15600
2024-05-02,3573,beras_medium_1,15600
2024-05-03,3573,beras_medium_1,15600
2024-05-06,3573,beras_medium_1,15600
2024-05-07,3573,beras_medium_1,15600
2024-05-08,3573,beras_medium_1,15600
2024-05-09,3573,beras_medium_1,15600
2024-05-10,3573,beras_medium_1,15600
2024-05-13,3573,beras_medium_1,15600
2024-05-14,3573,beras_medium_1,15600
2024-05-15,3573,beras_medium_1,15600
2024-05-16,3573,beras_medium_1,15600
2024-05-17,3573,beras_medium_1,15600
2024-05-20,3573,beras_medium_1,15600
2024-05-21,3573,beras_medium_1,15600
2024-05-22,3573,beras_medium_1,15600
2024-05-23,3573,beras_medium_1,15600
2024-05-24,3573,beras_medium_1,15600
2024-05-27,3573,beras_medium_1,15600
2024-05-28,3573,beras_medium_1,15600
2024-05-29,3573,beras_medium_1,15600
2024-05-30,3573,beras_medium_1,15600
2024-05-31,3573,beras_medium_1,15600
2024-06-03,3573,beras_medium_1,15600
2024-06-04,3573,beras_medium_1,15600
2024-06-05,3573,beras_medium_1,15600
2024-06-06,3573,beras_medium_1,15600
2024-06-07,3573,beras_medium_1,15600
2024-06-10,3573,beras_medium_1,15600
2024-06-11,3573,beras_medium_1,15600
2024-06-12,3573,beras_medium_1,15600
2024-06-13,3573,beras_medium_1,15600
2024-06-14,3573,beras_medium_1,15600
2024-06-17,3573,beras_medium_1,15600
2024-06-18,3573,beras_medium_1,15600
2024-06-19,3573,beras_medium_1,15600
2024-06-20,3573,beras_medium_1,15600
2024-06-21,3573,beras_medium_1,15600
2024-06-24,3573,beras_medium_1,15600
2024-06-25,3573,beras_medium_1,15600
2024-06-26,3573,beras_medium_1,15600
2024-06-27,3573,beras_medium_1,15600
2024-06-28,3573,beras_medium_1,15600
2024-07-01,3573,beras_medium_1,15600
2024-07-02,3573,beras_medium_1,15600
2024-07-03,3573,beras_medium_1,15600
2024-07-04,3573,beras_medium_1,15600
2024-07-05,3573,beras_medium_1,15600
2024-07-08,3573,beras_medium_1,15600
2024-07-09,3573,beras_medium_1,15600
2024-07-10,3573,beras_medium_1,15600
2024-07-11,3573,beras_medium_1,15600
2024-07-12,3573,beras_medium_1,15600
2024-07-15,3573,beras_medium_1,15600
2024-07-16,3573,beras_medium_1,15600
2024-07-17,3573,beras_medium_1,15600
2024-07-18,3573,beras_medium_1,15600
2024-07-19,3573,beras_medium_1,15600
2024-07-22,3573,beras_medium_1,15600
2024-07-23,3573,beras_medium_1,15600
2024-07-24,3573,beras_medium_1,15600
2024-07-25,3573,beras_medium_1,15600
2024-07-26,3573,beras_medium_1,15600
2024-07-29,3573,beras_medium_1,15600
2024-07-30,3573,beras_medium_1,15600
2024-07-31,3573,beras_medium_1,15600
2024-08-01,3573,beras_medium_1,15600
2024-08-02,3573,beras_medium_1,15600
2024-08-05,3573,beras_medium_1,15600
2024-08-06,3573,beras_medium_1,15600
2024-08-07,3573,beras_medium_1,15600
2024-08-08,3573,beras_medium_1,15600
2024-08-09,3573,beras_medium_1,15600
2024-08-12,3573,beras_medium_1,15600
2024-08-13,3573,beras_medium_1,15600
2024-08-14,3573,beras_medium_1,15600
2024-08-15,3573,beras_medium_1,15600
2024-08-16,3573,beras_medium_1,15600
2024-08-19,3573,beras_medium_1,15600
2024-08-20,3573,beras_medium_1,15600
2024-08-21,3573,beras_medium_1,15600
2024-08-22,3573,beras_medium_1,15600
2024-08-23,3573,beras_medium_1,15600
2024-08-26,3573,beras_medium_1,15600
2024-08-27,3573,beras_medium_1,15600
2024-08-28,3573,beras_medium_1,15600
2024-08-29,3573,beras_medium_1,15600
2024-08-30,3573,beras_medium_1,15600
2024-09-02,3573,beras_medium_1,15600
2024-09-03,3573,beras_medium_1,15600
2024-09-04,3573,beras_medium_1,15600
2024-09-05,3573,beras_medium_1,15600
2024-09-06,3573,beras_medium_1,15600
2024-09-09,3573,beras_medium_1,15600
2024-09-10,3573,beras_medium_1,15600
2024-09-11,3573,beras_medium_1,15600
2024-09-12,3573,beras_medium_1,15600
2024-09-13,3573,beras_medium_1,15600
2024-09-16,3573,beras_medium_1,15600
2024-09-17,3573,beras_medium_1,15600
2024-09-18,3573,beras_medium_1,15600
2024-09-19,3573,beras_medium_1,15600
2024-09-20,3573,beras_medium_1,15600
2024-09-23,3573,beras_medium_1,15600
2024-09-24,3573,beras_medium_1,15600
2024-09-25,3573,beras_medium_1,15600
2024-09-26,3573,beras_medium_1,15600
2024-09-27,3573,beras_medium_1,15600
2024-09-30,3573,beras_medium_1,15600
2024-10-01,3573,beras_medium_1,15600
2024-10-02,3573,beras_medium_1,15600
2024-10-03,3573,beras_medium_1,15600
2024-10-04,3573,beras_medium_1,15600
2024-10-07,3573,beras_medium_1,15600
2024-10-08,3573,beras_medium_1,15600
2024-10-09,3573,beras_medium_1,15600
2024-10-10,3573,beras_medium_1,15600
2024-10-11,3573,beras_medium_1,15600
2024-10-14,3573,beras_medium_1,15600
2024-10-15,3573,beras_medium_1,15600
2024-10-16,3573,beras_medium_1,15600
2024-10-17,3573,beras_medium_1,15600
2024-10-18,3573,beras_medium_1,15600
2024-10-21,3573,beras_medium_1,15600
2024-10-22,3573,beras_medium_1,15600
2024-10-23,3573,beras_medium_1,15600
2024-10-24,3573,beras_medium_1,15600
2024-10-25,3573,beras_medium_1,15600
2024-10-28,3573,beras_medium_1,15600
2024-10-29,3573,beras_medium_1,15550
2024-10-30,3573,beras_medium_1,15550
2024-10-31,3573,beras_medium_1,15550
2024-11-01,3573,beras_medium_1,15550
2024-11-04,3573,beras_medium_1,15550
2024-11-05,3573,beras_medium_1,15550
2024-11-06,3573,beras_medium_1,15550
2024-11-07,3573,beras_medium_1,15550
2024-11-08,3573,beras_medium_1,15550
2024-11-11,3573,beras_medium_1,15550
2024-11-12,3573,beras_medium_1,15550
2024-11-13,3573,beras_medium_1,15550
2024-11-14,3573,beras_medium_1,15550
2024-11-15,3573,beras_medium_1,15550
2024-11-18,3573,beras_medium_1,15550
2024-11-19,3573,beras_medium_1,15550
2024-11-20,3573,beras_medium_1,15550
2024-11-21,3573,beras_medium_1,15550
2024-11-22,3573,beras_medium_1,15550
2024-11-25,3573,beras_medium_1,15550
2024-11-26,3573,beras_medium_1,15550
2024-11-27,3573,beras_medium_1,15550
2024-11-28,3573,beras_medium_1,15550
2024-11-29,3573,beras_medium_1,15550
2024-12-02,3573,beras_medium_1,15550
2024-12-03,3573,beras_medium_1,15550
2024-12-04,3573,beras_medium_1,15550
2024-12-05,3573,beras_medium_1,15550
2024-12-06,3573,beras_medium_1,15550
2024-12-09,3573,beras_medium_1,15550
2024-12-10,3573,beras_medium_1,15550
2024-12-11,3573,beras_medium_1,15550
2024-12-12,3573,beras_medium_1,15550
2024-12-13,3573,beras_medium_1,15550
2024-12-16,3573,beras_medium_1,15550
2024-12-17,3573,beras_medium_1,15550
2024-12-18,3573,beras_medium_1,15550
2024-12-19,3573,beras_medium_1,15550
2024-12-20,3573,beras_medium_1,15550
2024-12-23,3573,beras_medium_1,15550
2024-12-24,3573,beras_medium_1,15550
2024-12-25,3573,beras_medium_1,15550
2024-12-26,3573,beras_medium_1,15550
2024-12-27,3573,beras_medium_1,15550
2024-12-30,3573,beras_medium_1,15550
2024-12-31,3573,beras_medium_1,15550
2025-01-01,3573,beras_medium_1,15550
2025-01-02,3573,beras_medium_1,15550
2025-01-03,3573,beras_medium_1,15550
2025-01-06,3573,beras_medium_1,15550
2025-01-07,3573,beras_medium_1,15550
2025-01-08,3573,beras_medium_1,15550
2025-01-09,3573,beras_medium_1,15550
2025-01-10,3573,beras_medium_1,15550
2025-01-13,3573,beras_medium_1,15550
2025-01-14,3573,beras_medium_1,15550
2025-01-15,3573,beras_medium_1,15550
2025-01-16,3573,beras_medium_1,15550
2025-01-17,3573,beras_medium_1,15550
2025-01-20,3573,beras_medium_1,15550
2025-01-21,3573,beras_medium_1,15550
2025-01-22,3573,beras_medium_1,15550
2025-01-23,3573,beras_medium_1,15550
2025-01-24,3573,beras_medium_1,15550
2025-01-27,3573,beras_medium_1,15550
2025-01-28,3573,beras_medium_1,15550
2025-01-29,3573,beras_medium_1,15550
2025-01-30,3573,beras_medium_1,15550
2025-01-31,3573,beras_medium_1,15550
2025-02-03,3573,beras_medium_1,15550
2025-02-04,3573,beras_medium_1,15550
2025-02-05,3573,beras_medium_1,15550
2025-02-06,3573,beras_medium_1,15550
2025-02-07,3573,beras_medium_1,15550
2025-02-10,3573,beras_medium_1,15550
2025-02-11,3573,beras_medium_1,15550
2025-02-12,3573,beras_medium_1,15550
2025-02-13,3573,beras_medium_1,15550
2025-02-14,3573,beras_medium_1,15550
2025-02-17,3573,beras_medium_1,15550
2025-02-18,3573,beras_medium_1,15550
2025-02-19,3573,beras_medium_1,15550
2025-02-20,3573,beras_medium_1,15550
2025-02-21,3573,beras_medium_1,15550
2025-02-24,3573,beras_medium_1,15550
2025-02-25,3573,beras_medium_1,15550
2025-02-26,3573,beras_medium_1,15550
2025-02-27,3573,beras_medium_1,15550
2025-02-28,3573,beras_medium_1,15550
2025-03-03,3573,beras_medium_1,15550
2025-03-04,3573,beras_medium_1,15550
2025-03-05,3573,beras_medium_1,15550
2025-03-06,3573,beras_medium_1,15550
2025-03-07,3573,beras_medium_1,15550
2025-03-10,3573,beras_medium_1,15550
2025-03-11,3573,beras_medium_1,15550
2025-03-12,3573,beras_medium_1,15550
2025-03-13,3573,beras_medium_1,15550
2025-03-14,3573,beras_medium_1,15550
2025-03-17,3573,beras_medium_1,15550
2025-03-18,3573,beras_medium_1,15550
2025-03-19,3573,beras_medium_1,15550
2025-03-20,3573,beras_medium_1,15550
2025-03-21,3573,beras_medium_1,15550
2025-03-24,3573,beras_medium_1,15550
2025-03-25,3573,beras_medium_1,15550
2025-03-26,3573,beras_medium_1,15550
2025-03-27,3573,beras_medium_1,15550
2025-03-28,3573,beras_medium_1,15550
2025-03-31,3573,beras_medium_1,15550
2025-04-01,3573,beras_medium_1,15550
2025-04-02,3573,beras_medium_1,15550
2025-04-03,3573,beras_medium_1,15550
2025-04-04,3573,beras_medium_1,15550
2025-04-07,3573,beras_medium_1,15550
2025-04-08,3573,beras_medium_1,15550
2025-04-09,3573,beras_medium_1,15550
2025-04-10,3573,beras_medium_1,15550
2025-04-11,3573,beras_medium_1,15550
2025-04-14,3573,beras_medium_1,15550
2025-04-15,3573,beras_medium_1,15550
2025-04-16,3573,beras_medium_1,15550
2025-04-17,3573,beras_medium_1,15550
2025-04-18,3573,beras_medium_1,15550
2025-04-21,3573,beras_medium_1,15550
2025-04-22,3573,beras_medium_1,15550
2025-04-23,3573,beras_medium_1,15550
2025-04-24,3573,beras_medium_1,15550
2025-04-25,3573,beras_medium_1,15550
2025-04-28,3573,beras_medium_1,15550
2025-04-29,3573,beras_medium_1,15550
2025-04-30,3573,beras_medium_1,15550
2025-05-01,3573,beras_medium_1,15550
2025-05-02,3573,beras_medium_1,15550
2025-05-05,3573,beras_medium_1,15550
2025-05-06,3573,beras_medium_1,15550
2025-05-07,3573,beras_medium_1,15550
2025-05-08,3573,beras_medium_1,15550
2025-05-09,3573,beras_medium_1,15550
2025-05-12,3573,beras_medium_1,15550
2025-05-13,3573,beras_medium_1,15550
2025-05-14,3573,beras_medium_1,15550
2025-05-15,3573,beras_medium_1,15550
2025-05-16,3573,beras_medium_1,15550
2025-05-19,3573,beras_medium_1,15750
2025-05-20,3573,beras_medium_1,15750
2025-05-21,3573,beras_medium_1,15750
2025-05-22,3573,beras_medium_1,15750
2025-05-23,3573,beras_medium_1,15750
2025-05-26,3573,beras_medium_1,15750
2025-05-27,3573,beras_medium_1,15750
2025-05-28,3573,beras_medium_1,15750
2025-05-29,3573,beras_medium_1,15750
2025-05-30,3573,beras_medium_1,15750
2025-06-02,3573,beras_medium_1,15750
2025-06-03,3573,beras_medium_1,15750
2025-06-04,3573,beras_medium_1,15750
2025-06-05,3573,beras_medium_1,15750
2025-06-06,3573,beras_medium_1,15750
2025-06-09,3573,beras_medium_1,15750
2025-06-10,3573,beras_medium_1,15750
2025-06-11,3573,beras_medium_1,15750
2025-06-12,3573,beras_medium_1,15750
2025-06-13,3573,beras_medium_1,15750
2025-06-16,3573,beras_medium_1,15750
2025-06-17,3573,beras_medium_1,15750
2025-06-18,3573,beras_medium_1,15750
2025-06-19,3573,beras_medium_1,15750
2025-06-20,3573,beras_medium_1,15750
2025-06-23,3573,beras_medium_1,15750
2025-06-24,3573,beras_medium_1,15750
2025-06-25,3573,beras_medium_1,15750
2025-06-26,3573,beras_medium_1,15750
2025-06-27,3573,beras_medium_1,15750
2025-06-30,3573,beras_medium_1,15750
2025-07-01,3573,beras_medium_1,15750
2025-07-02,3573,beras_medium_1,15750
2025-07-03,3573,beras_medium_1,15900
2025-07-04,3573,beras_medium_1,15900
2025-07-07,3573,beras_medium_1,15900
2025-07-08,3573,beras_medium_1,15900
2025-07-09,3573,beras_medium_1,16150
2025-07-10,3573,beras_medium_1,16150
2025-07-11,3573,beras_medium_1,16150
2025-07-14,3573,beras_medium_1,16150
2025-07-15,3573,beras_medium_1,16150
2025-07-16,3573,beras_medium_1,16150
2025-07-17,3573,beras_medium_1,16150
2025-07-18,3573,beras_medium_1,16150
2025-07-21,3573,beras_medium_1,16150
2025-07-22,3573,beras_medium_1,16150
2025-07-23,3573,beras_medium_1,16150
2025-07-24,3573,beras_medium_1,16150
2025-07-25,3573,beras_medium_1,16150
2025-07-28,3573,beras_medium_1,16000
2025-07-29,3573,beras_medium_1,16000
2025-07-30,3573,beras_medium_1,16000
2025-07-31,3573,beras_medium_1,16000
2025-08-01,3573,beras_medium_1,16000
2025-08-04,3573,beras_medium_1,16000
2025-08-05,3573,beras_medium_1,16100
2025-08-06,3573,beras_medium_1,16100
2025-08-07,3573,beras_medium_1,16100
2025-08-08,3573,beras_medium_1,16100
2025-08-11,3573,beras_medium_1,16100
2025-08-12,3573,beras_medium_1,16100
2025-08-13,3573,beras_medium_1,16100
2025-08-14,3573,beras_medium_1,16100
2025-08-15,3573,beras_medium_1,16100
2025-08-18,3573,beras_medium_1,16100
2025-08-19,3573,beras_medium_1,15750
2025-08-20,3573,beras_medium_1,15750
2025-08-21,3573,beras_medium_1,15750
2025-08-22,3573,beras_medium_1,15750
2025-08-25,3573,beras_medium_1,15750
2025-08-26,3573,beras_medium_1,15750
2025-08-27,3573,beras_medium_1,15750
2025-08-28,3573,beras_medium_1,15750
2025-08-29,3573,beras_medium_1,15750
2025-09-01,3573,beras_medium_1,15750
2025-09-02,3573,beras_medium_1,15750
2025-09-03,3573,beras_medium_1,15750
2025-09-04,3573,beras_medium_1,15750
2025-09-08,3573,beras_medium_1,15550
2025-09-09,3573,beras_medium_1,15550
2025-09-10,3573,beras_medium_1,15550
2025-09-11,3573,beras_medium_1,15550
2025-09-12,3573,beras_medium_1,15550
2025-09-15,3573,beras_medium_1,15550
2025-09-16,3573,beras_medium_1,15550
2025-09-17,3573,beras_medium_1,15550
2025-09-18,3573,beras_medium_1,15550
2025-09-19,3573,beras_medium_1,15550
2025-09-22,3573,beras_medium_1,15550
2025-09-23,3573,beras_medium_1,15550
2025-09-24,3573,beras_medium_1,15550
2025-09-25,3573,beras_medium_1,15550
2025-09-26,3573,beras_medium_1,15550
2025-09-29,3573,beras_medium_1,15550
2025-09-30,3573,beras_medium_1,15550
2025-10-01,3573,beras_medium_1,15550
2025-10-02,3573,beras_medium_1,15550
2025-10-03,3573,beras_medium_1,15550
2025-10-06,3573,beras_medium_1,15550
2025-10-07,3573,beras_medium_1,15550
2025-10-08,3573,beras_medium_1,15550
2025-10-09,3573,beras_medium_1,15550
2025-10-10,3573,beras_medium_1,15550
2025-10-13,3573,beras_medium_1,15550
2025-10-14,3573,beras_medium_1,15550
2025-10-15,3573,beras_medium_1,15550
2025-10-16,3573,beras_medium_1,15550
2025-10-17,3573,beras_medium_1,15550
2025-10-20,3573,beras_medium_1,15550
2025-10-21,3573,beras_medium_1,15550
2025-10-22,3573,beras_medium_1,15550
2025-10-23,3573,beras_medium_1,15550
2025-10-24,3573,beras_medium_1,15550
2025-10-27,3573,beras_medium_1,15550
2025-10-28,3573,beras_medium_1,15550
2025-10-29,3573,beras_medium_1,15550
2025-10-30,3573,beras_medium_1,15550
2025-10-31,3573,beras_medium_1,15550
2025-11-03,3573,beras_medium_1,15350
2025-11-04,3573,beras_medium_1,15350
2025-11-05,3573,beras_medium_1,15350
2025-11-06,3573,beras_medium_1,15350
2025-11-07,3573,beras_medium_1,15350
2025-11-10,3573,beras_medium_1,15350
2025-11-11,3573,beras_medium_1,15350
2025-11-12,3573,beras_medium_1,15350
2025-11-13,3573,beras_medium_1,15350
2025-11-14,3573,beras_medium_1,15350
2025-11-17,3573,beras_medium_1,15100
2025-11-18,3573,beras_medium_1,15100
2025-11-19,3573,beras_medium_1,15100
2025-11-20,3573,beras_medium_1,15100
2025-11-21,3573,beras_medium_1,15100
2025-11-24,3573,beras_medium_1,15100
2025-11-25,3573,beras_medium_1,15100
2025-11-26,3573,beras_medium_1,15100
2025-11-27,3573,beras_medium_1,15100
2025-11-28,3573,beras_medium_1,15100
2025-12-01,3573,beras_medium_1,15100
2025-12-02,3573,beras_medium_1,15100
2025-12-03,3573,beras_medium_1,15200
2025-12-04,3573,beras_medium_1,15200
2025-12-05,3573,beras_medium_1,15200
2025-12-08,3573,beras_medium_1,15200
2025-12-09,3573,beras_medium_1,15200
2025-12-10,3573,beras_medium_1,15200
2025-12-11,3573,beras_medium_1,15200
2025-12-12,3573,beras_medium_1,15200
2025-12-15,3573,beras_medium_1,15200
2025-12-16,3573,beras_medium_1,15200
2025-12-17,3573,beras_medium_1,15200
2025-12-18,3573,beras_medium_1,15200
2025-12-19,3573,beras_medium_1,15200
2025-12-22,3573,beras_medium_1,15200
2025-12-23,3573,beras_medium_1,15200
2025-12-24,3573,beras_medium_1,15200
2025-12-25,3573,beras_medium_1,15200
2025-12-26,3573,beras_medium_1,15200
2025-12-29,3573,beras_medium_1,15200
2025-12-30,3573,beras_medium_1,15200
2025-12-31,3573,beras_medium_1,15200
2021-01-04,3574,beras_medium_1,10150
2021-01-05,3574,beras_medium_1,10150
2021-01-06,3574,beras_medium_1,10150
2021-01-07,3574,beras_medium_1,10150
2021-01-08,3574,beras_medium_1,10150
2021-01-11,3574,beras_medium_1,10150
2021-01-12,3574,beras_medium_1,10150
2021-01-13,3574,beras_medium_1,10150
2021-01-14,3574,beras_medium_1,10150
2021-01-15,3574,beras_medium_1,10150
2021-01-18,3574,beras_medium_1,10150
2021-01-19,3574,beras_medium_1,10150
2021-01-20,3574,beras_medium_1,10150
2021-01-21,3574,beras_medium_1,10150
2021-01-22,3574,beras_medium_1,10150
2021-01-25,3574,beras_medium_1,10150
2021-01-26,3574,beras_medium_1,10150
2021-01-27,3574,beras_medium_1,10150
2021-01-28,3574,beras_medium_1,10150
2021-01-29,3574,beras_medium_1,10150
2021-02-01,3574,beras_medium_1,10150
2021-02-02,3574,beras_medium_1,10150
2021-02-03,3574,beras_medium_1,10050
2021-02-04,3574,beras_medium_1,10050
2021-02-05,3574,beras_medium_1,10050
2021-02-08,3574,beras_medium_1,10050
2021-02-09,3574,beras_medium_1,10050
2021-02-10,3574,beras_medium_1,10050
2021-02-11,3574,beras_medium_1,10050
2021-02-15,3574,beras_medium_1,9950
2021-02-16,3574,beras_medium_1,9950
2021-02-17,3574,beras_medium_1,9900
2021-02-18,3574,beras_medium_1,9900
2021-02-19,3574,beras_medium_1,9900
2021-02-22,3574,beras_medium_1,9900
2021-02-23,3574,beras_medium_1,9900
2021-02-24,3574,beras_medium_1,9900
2021-02-25,3574,beras_medium_1,9900
2021-02-26,3574,beras_medium_1,9750
2021-03-01,3574,beras_medium_1,9750
2021-03-02,3574,beras_medium_1,9750
2021-03-03,3574,beras_medium_1,9650
2021-03-04,3574,beras_medium_1,9650
2021-03-05,3574,beras_medium_1,9650
2021-03-08,3574,beras_medium_1,9600
2021-03-09,3574,beras_medium_1,9550
2021-03-10,3574,beras_medium_1,9550
2021-03-12,3574,beras_medium_1,9550
2021-03-15,3574,beras_medium_1,9550
2021-03-16,3574,beras_medium_1,9450
2021-03-17,3574,beras_medium_1,9400
2021-03-18,3574,beras_medium_1,9400
2021-03-19,3574,beras_medium_1,9400
2021-03-22,3574,beras_medium_1,9400
2021-03-23,3574,beras_medium_1,9400
2021-03-24,3574,beras_medium_1,9400
2021-03-25,3574,beras_medium_1,9400
2021-03-26,3574,beras_medium_1,9400
2021-03-29,3574,beras_medium_1,9400
2021-03-30,3574,beras_medium_1,9400
2021-03-31,3574,beras_medium_1,9400
2021-04-01,3574,beras_medium_1,9400
2021-04-05,3574,beras_medium_1,9400
2021-04-06,3574,beras_medium_1,9400
2021-04-07,3574,beras_medium_1,9400
2021-04-08,3574,beras_medium_1,9400
2021-04-09,3574,beras_medium_1,9400
2021-04-12,3574,beras_medium_1,9400
2021-04-13,3574,beras_medium_1,9400
2021-04-14,3574,beras_medium_1,9400
2021-04-15,3574,beras_medium_1,9400
2021-04-16,3574,beras_medium_1,9400
2021-04-19,3574,beras_medium_1,9400
2021-04-20,3574,beras_medium_1,9400
2021-04-21,3574,beras_medium_1,9400
2021-04-22,3574,beras_medium_1,9400
2021-04-23,3574,beras_medium_1,9400
2021-04-26,3574,beras_medium_1,9400
2021-04-27,3574,beras_medium_1,9400
2021-04-28,3574,beras_medium_1,9400
2021-04-29,3574,beras_medium_1,9400
2021-04-30,3574,beras_medium_1,9400
2021-05-03,3574,beras_medium_1,9400
2021-05-04,3574,beras_medium_1,9400
2021-05-05,3574,beras_medium_1,9400
2021-05-06,3574,beras_medium_1,9400
2021-05-07,3574,beras_medium_1,9400
2021-05-10,3574,beras_medium_1,9400
2021-05-11,3574,beras_medium_1,9400
2021-05-17,3574,beras_medium_1,9400
2021-05-18,3574,beras_medium_1,9400
2021-05-19,3574,beras_medium_1,9400
2021-05-20,3574,beras_medium_1,9400
2021-05-21,3574,beras_medium_1,9400
2021-05-24,3574,beras_medium_1,9400
2021-05-25,3574,beras_medium_1,9400
2021-05-27,3574,beras_medium_1,9400
2021-05-28,3574,beras_medium_1,9400
2021-05-31,3574,beras_medium_1,9400
2021-06-02,3574,beras_medium_1,9400
2021-06-03,3574,beras_medium_1,9400
2021-06-04,3574,beras_medium_1,9400
2021-06-07,3574,beras_medium_1,9400
2021-06-08,3574,beras_medium_1,9400
2021-06-09,3574,beras_medium_1,9400
2021-06-10,3574,beras_medium_1,9400
2021-06-11,3574,beras_medium_1,9400
2021-06-14,3574,beras_medium_1,9400
2021-06-15,3574,beras_medium_1,9400
2021-06-16,3574,beras_medium_1,9400
2021-06-17,3574,beras_medium_1,9400
2021-06-18,3574,beras_medium_1,9400
2021-06-21,3574,beras_medium_1,9400
2021-06-22,3574,beras_medium_1,9400
2021-06-23,3574,beras_medium_1,9400
2021-06-24,3574,beras_medium_1,9550
2021-06-25,3574,beras_medium_1,9400
2021-06-28,3574,beras_medium_1,9400
2021-06-29,3574,beras_medium_1,9400
2021-06-30,3574,beras_medium_1,9400
2021-07-01,3574,beras_medium_1,9400
2021-07-02,3574,beras_medium_1,9400
2021-07-05,3574,beras_medium_1,9400
2021-07-06,3574,beras_medium_1,9400
2021-07-07,3574,beras_medium_1,9400
2021-07-08,3574,beras_medium_1,9400
2021-07-09,3574,beras_medium_1,9400
2021-07-12,3574,beras_medium_1,9400
2021-07-13,3574,beras_medium_1,9400
2021-07-14,3574,beras_medium_1,9400
2021-07-15,3574,beras_medium_1,9400
2021-07-16,3574,beras_medium_1,9400
2021-07-19,3574,beras_medium_1,9400
2021-07-21,3574,beras_medium_1,9400
2021-07-22,3574,beras_medium_1,9400
2021-07-23,3574,beras_medium_1,9400
2021-07-26,3574,beras_medium_1,9400
2021-07-27,3574,beras_medium_1,9400
2021-07-28,3574,beras_medium_1,9400
2021-07-29,3574,beras_medium_1,9400
2021-07-30,3574,beras_medium_1,9400
2021-08-02,3574,beras_medium_1,9400
2021-08-03,3574,beras_medium_1,9400
2021-08-04,3574,beras_medium_1,9400
2021-08-05,3574,beras_medium_1,9400
2021-08-06,3574,beras_medium_1,9400
2021-08-09,3574,beras_medium_1,9400
2021-08-10,3574,beras_medium_1,9400
2021-08-12,3574,beras_medium_1,9400
2021-08-13,3574,beras_medium_1,9400
2021-08-16,3574,beras_medium_1,9400
2021-08-18,3574,beras_medium_1,9400
2021-08-19,3574,beras_medium_1,9400
2021-08-20,3574,beras_medium_1,9400
2021-08-23,3574,beras_medium_1,9400
2021-08-24,3574,beras_medium_1,9400
2021-08-25,3574,beras_medium_1,9400
2021-08-26,3574,beras_medium_1,9400
2021-08-27,3574,beras_medium_1,9400
2021-08-30,3574,beras_medium_1,9400
2021-08-31,3574,beras_medium_1,9400
2021-09-01,3574,beras_medium_1,9400
2021-09-02,3574,beras_medium_1,9400
2021-09-03,3574,beras_medium_1,9400
2021-09-06,3574,beras_medium_1,9400
2021-09-07,3574,beras_medium_1,9400
2021-09-08,3574,beras_medium_1,9400
2021-09-09,3574,beras_medium_1,9400
2021-09-10,3574,beras_medium_1,9400
2021-09-13,3574,beras_medium_1,9400
2021-09-14,3574,beras_medium_1,9400
2021-09-15,3574,beras_medium_1,9400
2021-09-16,3574,beras_medium_1,9400
2021-09-17,3574,beras_medium_1,9400
2021-09-20,3574,beras_medium_1,9400
2021-09-21,3574,beras_medium_1,9400
2021-09-22,3574,beras_medium_1,9450
2021-09-23,3574,beras_medium_1,9450
2021-09-24,3574,beras_medium_1,9450
2021-09-27,3574,beras_medium_1,9600
2021-09-28,3574,beras_medium_1,9600
2021-09-29,3574,beras_medium_1,9600
2021-09-30,3574,beras_medium_1,9600
2021-10-01,3574,beras_medium_1,9600
2021-10-04,3574,beras_medium_1,9600
2021-10-05,3574,beras_medium_1,9600
2021-10-06,3574,beras_medium_1,9600
2021-10-07,3574,beras_medium_1,9600
2021-10-08,3574,beras_medium_1,9600
2021-10-11,3574,beras_medium_1,9600
2021-10-12,3574,beras_medium_1,9600
2021-10-13,3574,beras_medium_1,9600
2021-10-14,3574,beras_medium_1,9600
2021-10-15,3574,beras_medium_1,9600
2021-10-18,3574,beras_medium_1,9600
2021-10-19,3574,beras_medium_1,9600
2021-10-21,3574,beras_medium_1,9600
2021-10-22,3574,beras_medium_1,9600
2021-10-25,3574,beras_medium_1,9600
2021-10-26,3574,beras_medium_1,9600
2021-10-27,3574,beras_medium_1,9600
2021-10-28,3574,beras_medium_1,9600
2021-10-29,3574,beras_medium_1,9600
2021-11-01,3574,beras_medium_1,9600
2021-11-02,3574,beras_medium_1,9600
2021-11-03,3574,beras_medium_1,9600
2021-11-04,3574,beras_medium_1,9600
2021-11-05,3574,beras_medium_1,9600
2021-11-08,3574,beras_medium_1,9600
2021-11-09,3574,beras_medium_1,9600
2021-11-10,3574,beras_medium_1,9600
2021-11-11,3574,beras_medium_1,9650
2021-11-12,3574,beras_medium_1,9650
2021-11-15,3574,beras_medium_1,9650
2021-11-16,3574,beras_medium_1,9650
2021-11-17,3574,beras_medium_1,9650
2021-11-18,3574,beras_medium_1,9650
2021-11-19,3574,beras_medium_1,9650
2021-11-22,3574,beras_medium_1,9650
2021-11-23,3574,beras_medium_1,9650
2021-11-24,3574,beras_medium_1,9650
2021-11-25,3574,beras_medium_1,9650
2021-11-26,3574,beras_medium_1,9650
2021-11-29,3574,beras_medium_1,9650
2021-11-30,3574,beras_medium_1,9650
2021-12-01,3574,beras_medium_1,9650
2021-12-02,3574,beras_medium_1,9650
2021-12-03,3574,beras_medium_1,9650
2021-12-06,3574,beras_medium_1,9650
2021-12-07,3574,beras_medium_1,9650
2021-12-08,3574,beras_medium_1,9650
2021-12-09,3574,beras_medium_1,9700
2021-12-10,3574,beras_medium_1,9700
2021-12-13,3574,beras_medium_1,9700
2021-12-14,3574,beras_medium_1,9700
2021-12-15,3574,beras_medium_1,9700
2021-12-16,3574,beras_medium_1,9850
2021-12-17,3574,beras_medium_1,9850
2021-12-20,3574,beras_medium_1,9850
2021-12-21,3574,beras_medium_1,9850
2021-12-22,3574,beras_medium_1,9800
2021-12-23,3574,beras_medium_1,9850
2021-12-24,3574,beras_medium_1,9850
2021-12-27,3574,beras_medium_1,9650
2021-12-28,3574,beras_medium_1,10250
2021-12-29,3574,beras_medium_1,10250
2021-12-30,3574,beras_medium_1,10350
2021-12-31,3574,beras_medium_1,10350
2022-01-03,3574,beras_medium_1,10350
2022-01-04,3574,beras_medium_1,10350
2022-01-05,3574,beras_medium_1,10350
2022-01-06,3574,beras_medium_1,10350
2022-01-07,3574,beras_medium_1,10350
2022-01-10,3574,beras_medium_1,10350
2022-01-11,3574,beras_medium_1,10350
2022-01-12,3574,beras_medium_1,10350
2022-01-13,3574,beras_medium_1,10450
2022-01-14,3574,beras_medium_1,10450
2022-01-17,3574,beras_medium_1,10450
2022-01-18,3574,beras_medium_1,10450
2022-01-19,3574,beras_medium_1,10450
2022-01-20,3574,beras_medium_1,10450
2022-01-21,3574,beras_medium_1,10450
2022-01-24,3574,beras_medium_1,10450
2022-01-25,3574,beras_medium_1,10450
2022-01-26,3574,beras_medium_1,10450
2022-01-27,3574,beras_medium_1,10450
2022-01-28,3574,beras_medium_1,10450
2022-01-31,3574,beras_medium_1,10450
2022-02-02,3574,beras_medium_1,10450
2022-02-03,3574,beras_medium_1,10450
2022-02-04,3574,beras_medium_1,10450
2022-02-07,3574,beras_medium_1,10450
2022-02-08,3574,beras_medium_1,10450
2022-02-09,3574,beras_medium_1,10450
2022-02-10,3574,beras_medium_1,10450
2022-02-11,3574,beras_medium_1,10450
2022-02-14,3574,beras_medium_1,10450
2022-02-15,3574,beras_medium_1,10450
2022-02-16,3574,beras_medium_1,10450
2022-02-17,3574,beras_medium_1,10450
2022-02-18,3574,beras_medium_1,10450
2022-02-21,3574,beras_medium_1,10450
2022-02-22,3574,beras_medium_1,10450
2022-02-23,3574,beras_medium_1,10450
2022-02-24,3574,beras_medium_1,10450
2022-02-25,3574,beras_medium_1,10450
2022-03-01,3574,beras_medium_1,10300
2022-03-02,3574,beras_medium_1,10300
2022-03-04,3574,beras_medium_1,10300
2022-03-07,3574,beras_medium_1,10300
2022-03-08,3574,beras_medium_1,10300
2022-03-09,3574,beras_medium_1,10300
2022-03-10,3574,beras_medium_1,10300
2022-03-11,3574,beras_medium_1,10300
2022-03-14,3574,beras_medium_1,10300
2022-03-15,3574,beras_medium_1,10300
2022-03-16,3574,beras_medium_1,10300
2022-03-17,3574,beras_medium_1,10300
2022-03-18,3574,beras_medium_1,10300
2022-03-21,3574,beras_medium_1,10300
2022-03-22,3574,beras_medium_1,10300
2022-03-23,3574,beras_medium_1,10300
2022-03-24,3574,beras_medium_1,10300
2022-03-25,3574,beras_medium_1,10300
2022-03-28,3574,beras_medium_1,10300
2022-03-29,3574,beras_medium_1,10300
2022-03-30,3574,beras_medium_1,10300
2022-03-31,3574,beras_medium_1,10300
2022-04-01,3574,beras_medium_1,10300
2022-04-04,3574,beras_medium_1,10300
2022-04-05,3574,beras_medium_1,10300
2022-04-06,3574,beras_medium_1,10300
2022-04-07,3574,beras_medium_1,10300
2022-04-08,3574,beras_medium_1,10300
2022-04-11,3574,beras_medium_1,10300
2022-04-12,3574,beras_medium_1,10300
2022-04-13,3574,beras_medium_1,10150
2022-04-14,3574,beras_medium_1,10150
2022-04-18,3574,beras_medium_1,10150
2022-04-19,3574,beras_medium_1,10000
2022-04-20,3574,beras_medium_1,10000
2022-04-21,3574,beras_medium_1,10000
2022-04-22,3574,beras_medium_1,10000
2022-04-25,3574,beras_medium_1,9900
2022-04-26,3574,beras_medium_1,9900
2022-04-27,3574,beras_medium_1,9900
2022-04-28,3574,beras_medium_1,9900
2023-01-02,3574,beras_medium_1,11400
2023-01-03,3574,beras_medium_1,11400
2023-01-04,3574,beras_medium_1,11400
2023-01-05,3574,beras_medium_1,11400
2023-01-06,3574,beras_medium_1,11400
2023-01-09,3574,beras_medium_1,11400
2023-01-10,3574,beras_medium_1,11400
2023-01-11,3574,beras_medium_1,11400
2023-01-12,3574,beras_medium_1,11600
2023-01-13,3574,beras_medium_1,11600
2023-01-16,3574,beras_medium_1,11600
2023-01-17,3574,beras_medium_1,11600
2023-01-18,3574,beras_medium_1,11600
2023-01-19,3574,beras_medium_1,11600
2023-01-20,3574,beras_medium_1,11600
2023-01-23,3574,beras_medium_1,11600
2023-01-24,3574,beras_medium_1,11600
2023-01-25,3574,beras_medium_1,11600
2023-01-26,3574,beras_medium_1,11600
2023-01-27,3574,beras_medium_1,11600
2023-01-30,3574,beras_medium_1,11800
2023-01-31,3574,beras_medium_1,12000
2023-02-01,3574,beras_medium_1,12000
2023-02-02,3574,beras_medium_1,12000
2023-02-03,3574,beras_medium_1,12000
2023-02-06,3574,beras_medium_1,12400
2023-02-07,3574,beras_medium_1,12400
2023-02-08,3574,beras_medium_1,12400
2023-02-09,3574,beras_medium_1,12400
2023-02-10,3574,beras_medium_1,12400
2023-02-13,3574,beras_medium_1,12400
2023-02-14,3574,beras_medium_1,12400
2023-02-15,3574,beras_medium_1,12400
2023-02-16,3574,beras_medium_1,12400
2023-02-17,3574,beras_medium_1,12400
2023-02-20,3574,beras_medium_1,12400
2023-02-21,3574,beras_medium_1,12400
2023-02-22,3574,beras_medium_1,12400
2023-02-23,3574,beras_medium_1,12400
2023-02-24,3574,beras_medium_1,12400
2023-02-27,3574,beras_medium_1,11800
2023-02-28,3574,beras_medium_1,11800
2023-03-01,3574,beras_medium_1,11800
2023-03-02,3574,beras_medium_1,11800
2023-03-03,3574,beras_medium_1,11800
2023-03-06,3574,beras_medium_1,11800
2023-03-07,3574,beras_medium_1,11800
2023-03-08,3574,beras_medium_1,12300
2023-03-09,3574,beras_medium_1,12300
2023-03-10,3574,beras_medium_1,12300
2023-03-13,3574,beras_medium_1,12400
2023-03-14,3574,beras_medium_1,12400
2023-03-15,3574,beras_medium_1,12400
2023-03-16,3574,beras_medium_1,12900
2023-03-17,3574,beras_medium_1,12900
2023-03-20,3574,beras_medium_1,12900
2023-03-21,3574,beras_medium_1,12900
2023-03-22,3574,beras_medium_1,12900
2023-03-23,3574,beras_medium_1,12900
2023-03-24,3574,beras_medium_1,12400
2023-03-27,3574,beras_medium_1,12400
2023-03-28,3574,beras_medium_1,12400
2023-03-29,3574,beras_medium_1,12400
2023-03-30,3574,beras_medium_1,12400
2023-03-31,3574,beras_medium_1,12400
2023-04-03,3574,beras_medium_1,12400
2023-04-04,3574,beras_medium_1,12400
2023-04-05,3574,beras_medium_1,12400
2023-04-06,3574,beras_medium_1,12400
2023-04-10,3574,beras_medium_1,12400
2023-04-11,3574,beras_medium_1,12400
2023-04-12,3574,beras_medium_1,12400
2023-04-13,3574,beras_medium_1,12400
2023-04-14,3574,beras_medium_1,12400
2023-04-17,3574,beras_medium_1,12400
2023-04-18,3574,beras_medium_1,12400
2023-04-19,3574,beras_medium_1,12400
2023-04-20,3574,beras_medium_1,12400
2023-04-21,3574,beras_medium_1,12400
2023-04-24,3574,beras_medium_1,12400
2023-04-25,3574,beras_medium_1,12400
2023-04-26,3574,beras_medium_1,12400
2023-04-27,3574,beras_medium_1,12400
2023-04-28,3574,beras_medium_1,12400
2023-05-01,3574,beras_medium_1,12400
2023-05-02,3574,beras_medium_1,12400
2023-05-03,3574,beras_medium_1,12400
2023-05-04,3574,beras_medium_1,12400
2023-05-05,3574,beras_medium_1,12400
2023-05-08,3574,beras_medium_1,12400
2023-05-09,3574,beras_medium_1,12400
2023-05-10,3574,beras_medium_1,12400
2023-05-11,3574,beras_medium_1,12400
2023-05-12,3574,beras_medium_1,12400
2023-05-15,3574,beras_medium_1,12400
2023-05-16,3574,beras_medium_1,12400
2023-05-17,3574,beras_medium_1,12400
2023-05-18,3574,beras_medium_1,12400
2023-05-19,3574,beras_medium_1,12400
2023-05-22,3574,beras_medium_1,12400
2023-05-23,3574,beras_medium_1,12400
2023-05-24,3574,beras_medium_1,12400
2023-05-25,3574,beras_medium_1,12400
2023-05-26,3574,beras_medium_1,12400
2023-05-29,3574,beras_medium_1,12400
2023-05-30,3574,beras_medium_1,12400
2023-05-31,3574,beras_medium_1,12400
2023-06-01,3574,beras_medium_1,12400
2023-06-02,3574,beras_medium_1,12400
2023-06-05,3574,beras_medium_1,12400
2023-06-06,3574,beras_medium_1,12400
2023-06-07,3574,beras_medium_1,12400
2023-06-08,3574,beras_medium_1,11900
2023-06-09,3574,beras_medium_1,11900
2023-06-12,3574,beras_medium_1,11900
2023-06-13,3574,beras_medium_1,11900
2023-06-14,3574,beras_medium_1,11900
2023-06-15,3574,beras_medium_1,11900
2023-06-16,3574,beras_medium_1,11900
2023-06-19,3574,beras_medium_1,11900
2023-06-20,3574,beras_medium_1,11900
2023-06-21,3574,beras_medium_1,11900
2023-06-22,3574,beras_medium_1,11900
2023-06-23,3574,beras_medium_1,11900
2023-06-26,3574,beras_medium_1,11900
2023-06-27,3574,beras_medium_1,11900
2023-06-28,3574,beras_medium_1,11900
2023-06-29,3574,beras_medium_1,11900
2023-06-30,3574,beras_medium_1,11900
2023-07-03,3574,beras_medium_1,11900
2023-07-04,3574,beras_medium_1,11900
2023-07-05,3574,beras_medium_1,11900
2023-07-06,3574,beras_medium_1,11900
2023-07-07,3574,beras_medium_1,11900
2023-07-10,3574,beras_medium_1,11900
2023-07-11,3574,beras_medium_1,11900
2023-07-12,3574,beras_medium_1,11900
2023-07-13,3574,beras_medium_1,11900
2023-07-14,3574,beras_medium_1,11900
2023-07-17,3574,beras_medium_1,11900
2023-07-18,3574,beras_medium_1,11900
2023-07-19,3574,beras_medium_1,11900
2023-07-20,3574,beras_medium_1,12000
2023-07-21,3574,beras_medium_1,12000
2023-07-24,3574,beras_medium_1,12000
2023-07-25,3574,beras_medium_1,12000
2023-07-26,3574,beras_medium_1,12400
2023-07-27,3574,beras_medium_1,12400
2023-07-28,3574,beras_medium_1,12400
2023-07-31,3574,beras_medium_1,12400
2023-08-01,3574,beras_medium_1,12400
2023-08-02,3574,beras_medium_1,12400
2023-08-03,3574,beras_medium_1,12400
2023-08-04,3574,beras_medium_1,12400
2023-08-07,3574,beras_medium_1,12400
2023-08-08,3574,beras_medium_1,12400
2023-08-09,3574,beras_medium_1,12400
2023-08-10,3574,beras_medium_1,12400
2023-08-11,3574,beras_medium_1,12400
2023-08-14,3574,beras_medium_1,12400
2023-08-15,3574,beras_medium_1,12900
2023-08-16,3574,beras_medium_1,12900
2023-08-17,3574,beras_medium_1,12900
2023-08-18,3574,beras_medium_1,12900
2023-08-21,3574,beras_medium_1,12900
2023-08-22,3574,beras_medium_1,12900
2023-08-23,3574,beras_medium_1,12900
2023-08-24,3574,beras_medium_1,13100
2023-08-25,3574,beras_medium_1,13100
2023-08-28,3574,beras_medium_1,13100
2023-08-29,3574,beras_medium_1,13100
2023-08-30,3574,beras_medium_1,13400
2023-08-31,3574,beras_medium_1,13400
2023-09-01,3574,beras_medium_1,13400
2023-09-04,3574,beras_medium_1,13400
2023-09-05,3574,beras_medium_1,13400
2023-09-06,3574,beras_medium_1,13400
2023-09-07,3574,beras_medium_1,13400
2023-09-08,3574,beras_medium_1,13400
2023-09-11,3574,beras_medium_1,13400
2023-09-12,3574,beras_medium_1,13400
2023-09-13,3574,beras_medium_1,13400
2023-09-14,3574,beras_medium_1,13600
2023-09-15,3574,beras_medium_1,13600
2023-09-18,3574,beras_medium_1,13850
2023-09-19,3574,beras_medium_1,13850
2023-09-20,3574,beras_medium_1,13850
2023-09-21,3574,beras_medium_1,13850
2023-09-22,3574,beras_medium_1,13850
2023-09-25,3574,beras_medium_1,13850
2023-09-26,3574,beras_medium_1,13850
2023-09-27,3574,beras_medium_1,13850
2023-09-28,3574,beras_medium_1,13850
2023-09-29,3574,beras_medium_1,13850
2023-10-02,3574,beras_medium_1,13850
2023-10-03,3574,beras_medium_1,13850
2023-10-04,3574,beras_medium_1,13850
2023-10-05,3574,beras_medium_1,13850
2023-10-06,3574,beras_medium_1,13850
2023-10-09,3574,beras_medium_1,13850
2023-10-10,3574,beras_medium_1,13850
2023-10-11,3574,beras_medium_1,13850
2023-10-12,3574,beras_medium_1,13850
2023-10-13,3574,beras_medium_1,13850
2023-10-16,3574,beras_medium_1,13850
2023-10-17,3574,beras_medium_1,13850
2023-10-18,3574,beras_medium_1,13850
2023-10-19,3574,beras_medium_1,13850
2023-10-20,3574,beras_medium_1,13850
2023-10-23,3574,beras_medium_1,13850
2023-10-24,3574,beras_medium_1,13850
2023-10-25,3574,beras_medium_1,13850
2023-10-26,3574,beras_medium_1,13850
2023-10-27,3574,beras_medium_1,13850
2023-10-30,3574,beras_medium_1,13850
2023-10-31,3574,beras_medium_1,13850
2023-11-01,3574,beras_medium_1,13850
2023-11-02,3574,beras_medium_1,13850
2023-11-03,3574,beras_medium_1,13850
2023-11-06,3574,beras_medium_1,13850
2023-11-07,3574,beras_medium_1,13850
2023-11-08,3574,beras_medium_1,13850
2023-11-09,3574,beras_medium_1,13850
2023-11-10,3574,beras_medium_1,13850
2023-11-13,3574,beras_medium_1,13850
2023-11-14,3574,beras_medium_1,13850
2023-11-15,3574,beras_medium_1,13850
2023-11-16,3574,beras_medium_1,13850
2023-11-17,3574,beras_medium_1,13850
2023-11-20,3574,beras_medium_1,13850
2023-11-21,3574,beras_medium_1,13850
2023-11-22,3574,beras_medium_1,13850
2023-11-23,3574,beras_medium_1,13850
2023-11-24,3574,beras_medium_1,13850
2023-11-27,3574,beras_medium_1,13850
2023-11-28,3574,beras_medium_1,13850
2023-11-29,3574,beras_medium_1,13850
2023-11-30,3574,beras_medium_1,13850
2023-12-01,3574,beras_medium_1,13850
2023-12-04,3574,beras_medium_1,13850
2023-12-05,3574,beras_medium_1,13850
2023-12-06,3574,beras_medium_1,13850
2023-12-07,3574,beras_medium_1,13850
2023-12-08,3574,beras_medium_1,13850
2023-12-11,3574,beras_medium_1,13850
2023-12-12,3574,beras_medium_1,13850
2023-12-13,3574,beras_medium_1,13850
2023-12-14,3574,beras_medium_1,13850
2023-12-15,3574,beras_medium_1,13850
2023-12-18,3574,beras_medium_1,13850
2023-12-19,3574,beras_medium_1,13850
2023-12-20,3574,beras_medium_1,13850
2023-12-21,3574,beras_medium_1,13850
2023-12-22,3574,beras_medium_1,13850
2023-12-27,3574,beras_medium_1,13850
2023-12-28,3574,beras_medium_1,13850
2023-12-29,3574,beras_medium_1,13850
2024-01-01,3574,beras_medium_1,13850
2024-01-02,3574,beras_medium_1,13850
2024-01-03,3574,beras_medium_1,13850
2024-01-04,3574,beras_medium_1,13850
2024-01-05,3574,beras_medium_1,13850
2024-01-08,3574,beras_medium_1,13850
2024-01-09,3574,beras_medium_1,13850
2024-01-10,3574,beras_medium_1,13850
2024-01-11,3574,beras_medium_1,13850
2024-01-12,3574,beras_medium_1,13850
2024-01-15,3574,beras_medium_1,13850
2024-01-16,3574,beras_medium_1,13850
2024-01-17,3574,beras_medium_1,13850
2024-01-18,3574,beras_medium_1,13850
2024-01-19,3574,beras_medium_1,13850
2024-01-22,3574,beras_medium_1,14400
2024-01-23,3574,beras_medium_1,14400
2024-01-24,3574,beras_medium_1,14400
2024-01-25,3574,beras_medium_1,14400
2024-01-26,3574,beras_medium_1,14900
2024-01-29,3574,beras_medium_1,14900
2024-01-30,3574,beras_medium_1,14900
2024-01-31,3574,beras_medium_1,14900
2024-02-01,3574,beras_medium_1,14900
2024-02-02,3574,beras_medium_1,14900
2024-02-05,3574,beras_medium_1,14900
2024-02-06,3574,beras_medium_1,14900
2024-02-07,3574,beras_medium_1,14900
2024-02-08,3574,beras_medium_1,14900
2024-02-09,3574,beras_medium_1,14900
2024-02-12,3574,beras_medium_1,14900
2024-02-13,3574,beras_medium_1,15750
2024-02-14,3574,beras_medium_1,15750
2024-02-15,3574,beras_medium_1,15750
2024-02-16,3574,beras_medium_1,15750
2024-02-19,3574,beras_medium_1,15750
2024-02-20,3574,beras_medium_1,15750
2024-02-21,3574,beras_medium_1,15750
2024-02-22,3574,beras_medium_1,15750
2024-02-23,3574,beras_medium_1,15750
2024-02-26,3574,beras_medium_1,15750
2024-02-27,3574,beras_medium_1,15750
2024-02-28,3574,beras_medium_1,15750
2024-02-29,3574,beras_medium_1,15750
2024-03-01,3574,beras_medium_1,15750
2024-03-04,3574,beras_medium_1,15750
2024-03-05,3574,beras_medium_1,15400
2024-03-06,3574,beras_medium_1,15400
2024-03-07,3574,beras_medium_1,15400
2024-03-08,3574,beras_medium_1,15400
2024-03-11,3574,beras_medium_1,15400
2024-03-12,3574,beras_medium_1,15400
2024-03-13,3574,beras_medium_1,15400
2024-03-14,3574,beras_medium_1,15400
2024-03-15,3574,beras_medium_1,15400
2024-03-18,3574,beras_medium_1,15400
2024-03-19,3574,beras_medium_1,15400
2024-03-20,3574,beras_medium_1,15400
2024-03-21,3574,beras_medium_1,15400
2024-03-22,3574,beras_medium_1,15400
2024-03-25,3574,beras_medium_1,15400
2024-03-26,3574,beras_medium_1,15400
2024-03-27,3574,beras_medium_1,15400
2024-03-28,3574,beras_medium_1,14900
2024-03-29,3574,beras_medium_1,14900
2024-04-01,3574,beras_medium_1,14900
2024-04-02,3574,beras_medium_1,14900
2024-04-03,3574,beras_medium_1,14900
2024-04-04,3574,beras_medium_1,14900
2024-04-05,3574,beras_medium_1,14900
2024-04-08,3574,beras_medium_1,14900
2024-04-09,3574,beras_medium_1,14900
2024-04-10,3574,beras_medium_1,14900
2024-04-11,3574,beras_medium_1,14900
2024-04-12,3574,beras_medium_1,14900
2024-04-15,3574,beras_medium_1,14900
2024-04-16,3574,beras_medium_1,14900
2024-04-17,3574,beras_medium_1,14900
2024-04-18,3574,beras_medium_1,14900
2024-04-19,3574,beras_medium_1,14900
2024-04-22,3574,beras_medium_1,14400
2024-04-23,3574,beras_medium_1,14400
2024-04-24,3574,beras_medium_1,14400
2024-04-25,3574,beras_medium_1,14400
2024-04-26,3574,beras_medium_1,14400
2024-04-29,3574,beras_medium_1,14400
2024-04-30,3574,beras_medium_1,14400
2024-05-01,3574,beras_medium_1,14400
2024-05-02,3574,beras_medium_1,14400
2024-05-03,3574,beras_medium_1,14150
2024-05-06,3574,beras_medium_1,13900
2024-05-07,3574,beras_medium_1,13900
2024-05-08,3574,beras_medium_1,13900
2024-05-09,3574,beras_medium_1,13900
2024-05-10,3574,beras_medium_1,13900
2024-05-13,3574,beras_medium_1,13900
2024-05-14,3574,beras_medium_1,13900
2024-05-15,3574,beras_medium_1,13900
2024-05-16,3574,beras_medium_1,13900
2024-05-17,3574,beras_medium_1,13900
2024-05-20,3574,beras_medium_1,13400
2024-05-21,3574,beras_medium_1,13400
2024-05-22,3574,beras_medium_1,13400
2024-05-23,3574,beras_medium_1,13400
2024-05-24,3574,beras_medium_1,13400
2024-05-27,3574,beras_medium_1,13400
2024-05-28,3574,beras_medium_1,13900
2024-05-29,3574,beras_medium_1,13900
2024-05-30,3574,beras_medium_1,13900
2024-05-31,3574,beras_medium_1,13900
2024-06-03,3574,beras_medium_1,13900
2024-06-04,3574,beras_medium_1,13900
2024-06-05,3574,beras_medium_1,13900
2024-06-06,3574,beras_medium_1,13900
2024-06-07,3574,beras_medium_1,13900
2024-06-10,3574,beras_medium_1,13900
2024-06-11,3574,beras_medium_1,13900
2024-06-12,3574,beras_medium_1,13900
2024-06-13,3574,beras_medium_1,13900
2024-06-14,3574,beras_medium_1,13900
2024-06-17,3574,beras_medium_1,13900
2024-06-18,3574,beras_medium_1,13900
2024-06-19,3574,beras_medium_1,13900
2024-06-20,3574,beras_medium_1,14400
2024-06-21,3574,beras_medium_1,14400
2024-06-24,3574,beras_medium_1,14400
2024-06-25,3574,beras_medium_1,14400
2024-06-26,3574,beras_medium_1,14400
2024-06-27,3574,beras_medium_1,14400
2024-06-28,3574,beras_medium_1,14400
2024-07-01,3574,beras_medium_1,14400
2024-07-02,3574,beras_medium_1,14400
2024-07-03,3574,beras_medium_1,14400
2024-07-04,3574,beras_medium_1,14400
2024-07-05,3574,beras_medium_1,14400
2024-07-08,3574,beras_medium_1,14400
2024-07-09,3574,beras_medium_1,14400
2024-07-10,3574,beras_medium_1,14400
2024-07-11,3574,beras_medium_1,14400
2024-07-12,3574,beras_medium_1,14400
2024-07-15,3574,beras_medium_1,14400
2024-07-16,3574,beras_medium_1,14400
2024-07-17,3574,beras_medium_1,14400
2024-07-18,3574,beras_medium_1,14400
2024-07-19,3574,beras_medium_1,14400
2024-07-22,3574,beras_medium_1,14400
2024-07-23,3574,beras_medium_1,14400
2024-07-24,3574,beras_medium_1,14400
2024-07-25,3574,beras_medium_1,14400
2024-07-26,3574,beras_medium_1,14400
2024-07-29,3574,beras_medium_1,14400
2024-07-30,3574,beras_medium_1,14400
2024-07-31,3574,beras_medium_1,14400
2024-08-01,3574,beras_medium_1,14400
2024-08-02,3574,beras_medium_1,14400
2024-08-05,3574,beras_medium_1,14400
2024-08-06,3574,beras_medium_1,14400
2024-08-07,3574,beras_medium_1,14400
2024-08-08,3574,beras_medium_1,14400
2024-08-09,3574,beras_medium_1,14400
2024-08-12,3574,beras_medium_1,14400
2024-08-13,3574,beras_medium_1,14400
2024-08-14,3574,beras_medium_1,14400
2024-08-15,3574,beras_medium_1,14400
2024-08-16,3574,beras_medium_1,14400
2024-08-19,3574,beras_medium_1,14400
2024-08-20,3574,beras_medium_1,14400
2024-08-21,3574,beras_medium_1,14400
2024-08-22,3574,beras_medium_1,14400
2024-08-23,3574,beras_medium_1,14400
2024-08-26,3574,beras_medium_1,14400
2024-08-27,3574,beras_medium_1,14400
2024-08-28,3574,beras_medium_1,14400
2024-08-29,3574,beras_medium_1,14400
2024-08-30,3574,beras_medium_1,14400
2024-09-02,3574,beras_medium_1,14400
2024-09-03,3574,beras_medium_1,14400
2024-09-04,3574,beras_medium_1,14400
2024-09-05,3574,beras_medium_1,14400
2024-09-06,3574,beras_medium_1,14400
2024-09-09,3574,beras_medium_1,14400
2024-09-10,3574,beras_medium_1,14400
2024-09-11,3574,beras_medium_1,14400
2024-09-12,3574,beras_medium_1,14400
2024-09-13,3574,beras_medium_1,14400
2024-09-16,3574,beras_medium_1,14400
2024-09-17,3574,beras_medium_1,14400
2024-09-18,3574,beras_medium_1,14400
2024-09-19,3574,beras_medium_1,14400
2024-09-20,3574,beras_medium_1,14400
2024-09-23,3574,beras_medium_1,14400
2024-09-24,3574,beras_medium_1,14400
2024-09-25,3574,beras_medium_1,14400
2024-09-26,3574,beras_medium_1,14400
2024-09-27,3574,beras_medium_1,14400
2024-09-30,3574,beras_medium_1,14400
2024-10-01,3574,beras_medium_1,14400
2024-10-02,3574,beras_medium_1,14400
2024-10-03,3574,beras_medium_1,14400
2024-10-04,3574,beras_medium_1,14400
2024-10-07,3574,beras_medium_1,14400
2024-10-08,3574,beras_medium_1,14400
2024-10-09,3574,beras_medium_1,14400
2024-10-10,3574,beras_medium_1,14400
2024-10-11,3574,beras_medium_1,14400
2024-10-14,3574,beras_medium_1,14400
2024-10-15,3574,beras_medium_1,14400
2024-10-16,3574,beras_medium_1,14400
2024-10-17,3574,beras_medium_1,14400
2024-10-18,3574,beras_medium_1,14400
2024-10-21,3574,beras_medium_1,14400
2024-10-22,3574,beras_medium_1,14400
2024-10-23,3574,beras_medium_1,14400
2024-10-24,3574,beras_medium_1,14400
2024-10-25,3574,beras_medium_1,14150
2024-10-28,3574,beras_medium_1,13900
2024-10-29,3574,beras_medium_1,13900
2024-10-30,3574,beras_medium_1,13900
2024-10-31,3574,beras_medium_1,13900
2024-11-01,3574,beras_medium_1,13900
2024-11-04,3574,beras_medium_1,13900
2024-11-05,3574,beras_medium_1,13900
2024-11-06,3574,beras_medium_1,13900
2024-11-07,3574,beras_medium_1,13900
2024-11-08,3574,beras_medium_1,13900
2024-11-11,3574,beras_medium_1,13900
2024-11-12,3574,beras_medium_1,13900
2024-11-13,3574,beras_medium_1,13900
2024-11-14,3574,beras_medium_1,13900
2024-11-15,3574,beras_medium_1,13900
2024-11-18,3574,beras_medium_1,13900
2024-11-19,3574,beras_medium_1,13900
2024-11-20,3574,beras_medium_1,13900
2024-11-21,3574,beras_medium_1,13900
2024-11-22,3574,beras_medium_1,13900
2024-11-25,3574,beras_medium_1,13900
2024-11-26,3574,beras_medium_1,13900
2024-11-27,3574,beras_medium_1,13900
2024-11-28,3574,beras_medium_1,13900
2024-11-29,3574,beras_medium_1,13900
2024-12-02,3574,beras_medium_1,13900
2024-12-03,3574,beras_medium_1,13900
2024-12-04,3574,beras_medium_1,13900
2024-12-05,3574,beras_medium_1,13900
2024-12-06,3574,beras_medium_1,13900
2024-12-09,3574,beras_medium_1,13900
2024-12-10,3574,beras_medium_1,13900
2024-12-11,3574,beras_medium_1,13900
2024-12-12,3574,beras_medium_1,13900
2024-12-13,3574,beras_medium_1,13900
2024-12-16,3574,beras_medium_1,13900
2024-12-17,3574,beras_medium_1,13900
2024-12-18,3574,beras_medium_1,13900
2024-12-19,3574,beras_medium_1,13900
2024-12-20,3574,beras_medium_1,13900
2024-12-23,3574,beras_medium_1,13900
2024-12-24,3574,beras_medium_1,13900
2024-12-25,3574,beras_medium_1,13900
2024-12-26,3574,beras_medium_1,13900
2024-12-27,3574,beras_medium_1,13900
2024-12-30,3574,beras_medium_1,13900
2024-12-31,3574,beras_medium_1,13900
2025-01-01,3574,beras_medium_1,13900
2025-01-02,3574,beras_medium_1,13900
2025-01-03,3574,beras_medium_1,13900
2025-01-06,3574,beras_medium_1,13900
2025-01-07,3574,beras_medium_1,13900
2025-01-08,3574,beras_medium_1,13900
2025-01-09,3574,beras_medium_1,13900
2025-01-10,3574,beras_medium_1,13900
2025-01-13,3574,beras_medium_1,13900
2025-01-14,3574,beras_medium_1,13900
2025-01-15,3574,beras_medium_1,13900
2025-01-16,3574,beras_medium_1,13900
2025-01-17,3574,beras_medium_1,13900
2025-01-20,3574,beras_medium_1,13900
2025-01-21,3574,beras_medium_1,13900
2025-01-22,3574,beras_medium_1,13900
2025-01-23,3574,beras_medium_1,13900
2025-01-24,3574,beras_medium_1,13900
2025-01-27,3574,beras_medium_1,13900
2025-01-28,3574,beras_medium_1,13900
2025-01-29,3574,beras_medium_1,13900
2025-01-30,3574,beras_medium_1,13900
2025-01-31,3574,beras_medium_1,13900
2025-02-03,3574,beras_medium_1,13900
2025-02-04,3574,beras_medium_1,13900
2025-02-05,3574,beras_medium_1,13900
2025-02-06,3574,beras_medium_1,13900
2025-02-07,3574,beras_medium_1,13900
2025-02-10,3574,beras_medium_1,13900
2025-02-11,3574,beras_medium_1,13900
2025-02-12,3574,beras_medium_1,13900
2025-02-13,3574,beras_medium_1,13900
2025-02-14,3574,beras_medium_1,13900
2025-02-17,3574,beras_medium_1,13900
2025-02-18,3574,beras_medium_1,13900
2025-02-19,3574,beras_medium_1,13900
2025-02-20,3574,beras_medium_1,13900
2025-02-21,3574,beras_medium_1,14150
2025-02-24,3574,beras_medium_1,14400
2025-02-25,3574,beras_medium_1,14400
2025-02-26,3574,beras_medium_1,14400
2025-02-27,3574,beras_medium_1,14400
2025-02-28,3574,beras_medium_1,14400
2025-03-03,3574,beras_medium_1,14400
2025-03-04,3574,beras_medium_1,14400
2025-03-05,3574,beras_medium_1,14400
2025-03-06,3574,beras_medium_1,14400
2025-03-07,3574,beras_medium_1,14400
2025-03-10,3574,beras_medium_1,14400
2025-03-11,3574,beras_medium_1,14400
2025-03-12,3574,beras_medium_1,14400
2025-03-13,3574,beras_medium_1,14400
2025-03-14,3574,beras_medium_1,14400
2025-03-17,3574,beras_medium_1,14400
2025-03-18,3574,beras_medium_1,14400
2025-03-19,3574,beras_medium_1,14400
2025-03-20,3574,beras_medium_1,14400
2025-03-21,3574,beras_medium_1,14400
2025-03-24,3574,beras_medium_1,14400
2025-03-25,3574,beras_medium_1,14400
2025-03-26,3574,beras_medium_1,14400
2025-03-27,3574,beras_medium_1,14400
2025-03-28,3574,beras_medium_1,14400
2025-03-31,3574,beras_medium_1,14350
2025-04-01,3574,beras_medium_1,14400
2025-04-02,3574,beras_medium_1,14400
2025-04-03,3574,beras_medium_1,14400
2025-04-04,3574,beras_medium_1,14400
2025-04-07,3574,beras_medium_1,14400
2025-04-08,3574,beras_medium_1,14400
2025-04-09,3574,beras_medium_1,14400
2025-04-10,3574,beras_medium_1,14400
2025-04-11,3574,beras_medium_1,14400
2025-04-14,3574,beras_medium_1,14400
2025-04-15,3574,beras_medium_1,14400
2025-04-16,3574,beras_medium_1,14400
2025-04-17,3574,beras_medium_1,14400
2025-04-18,3574,beras_medium_1,14400
2025-04-21,3574,beras_medium_1,14400
2025-04-22,3574,beras_medium_1,14400
2025-04-23,3574,beras_medium_1,14400
2025-04-24,3574,beras_medium_1,14400
2025-04-25,3574,beras_medium_1,14400
2025-04-28,3574,beras_medium_1,14400
2025-04-29,3574,beras_medium_1,14400
2025-04-30,3574,beras_medium_1,14400
2025-05-01,3574,beras_medium_1,14400
2025-05-02,3574,beras_medium_1,14400
2025-05-05,3574,beras_medium_1,14400
2025-05-06,3574,beras_medium_1,14400
2025-05-07,3574,beras_medium_1,14400
2025-05-08,3574,beras_medium_1,14400
2025-05-09,3574,beras_medium_1,14400
2025-05-12,3574,beras_medium_1,14400
2025-05-13,3574,beras_medium_1,14400
2025-05-14,3574,beras_medium_1,14400
2025-05-15,3574,beras_medium_1,14400
2025-05-16,3574,beras_medium_1,14400
2025-05-19,3574,beras_medium_1,14400
2025-05-20,3574,beras_medium_1,14400
2025-05-21,3574,beras_medium_1,14400
2025-05-22,3574,beras_medium_1,14400
2025-05-23,3574,beras_medium_1,14400
2025-05-26,3574,beras_medium_1,14400
2025-05-27,3574,beras_medium_1,14400
2025-05-28,3574,beras_medium_1,14400
2025-05-29,3574,beras_medium_1,14400
2025-05-30,3574,beras_medium_1,14400
2025-06-02,3574,beras_medium_1,14900
2025-06-03,3574,beras_medium_1,14900
2025-06-04,3574,beras_medium_1,14900
2025-06-05,3574,beras_medium_1,14900
2025-06-06,3574,beras_medium_1,14900
2025-06-09,3574,beras_medium_1,14900
2025-06-10,3574,beras_medium_1,14900
2025-06-11,3574,beras_medium_1,14900
2025-06-12,3574,beras_medium_1,14900
2025-06-13,3574,beras_medium_1,14900
2025-06-16,3574,beras_medium_1,14900
2025-06-17,3574,beras_medium_1,14900
2025-06-18,3574,beras_medium_1,14900
2025-06-19,3574,beras_medium_1,14900
2025-06-20,3574,beras_medium_1,14900
2025-06-23,3574,beras_medium_1,14900
2025-06-24,3574,beras_medium_1,14900
2025-06-25,3574,beras_medium_1,14900
2025-06-26,3574,beras_medium_1,14900
2025-06-27,3574,beras_medium_1,14900
2025-06-30,3574,beras_medium_1,14900
2025-07-01,3574,beras_medium_1,14900
2025-07-02,3574,beras_medium_1,14900
2025-07-03,3574,beras_medium_1,14900
2025-07-04,3574,beras_medium_1,14900
2025-07-07,3574,beras_medium_1,14900
2025-07-08,3574,beras_medium_1,14900
2025-07-09,3574,beras_medium_1,14900
2025-07-10,3574,beras_medium_1,14900
2025-07-11,3574,beras_medium_1,14900
2025-07-14,3574,beras_medium_1,14900
2025-07-15,3574,beras_medium_1,14900
2025-07-16,3574,beras_medium_1,14900
2025-07-17,3574,beras_medium_1,14900
2025-07-18,3574,beras_medium_1,14900
2025-07-21,3574,beras_medium_1,14900
2025-07-22,3574,beras_medium_1,14900
2025-07-23,3574,beras_medium_1,14900
2025-07-24,3574,beras_medium_1,14900
2025-07-25,3574,beras_medium_1,14900
2025-07-28,3574,beras_medium_1,14900
2025-07-29,3574,beras_medium_1,14900
2025-07-30,3574,beras_medium_1,14900
2025-07-31,3574,beras_medium_1,14900
2025-08-01,3574,beras_medium_1,14900
2025-08-04,3574,beras_medium_1,14900
2025-08-05,3574,beras_medium_1,14900
2025-08-06,3574,beras_medium_1,14900
2025-08-07,3574,beras_medium_1,14900
2025-08-08,3574,beras_medium_1,14900
2025-08-11,3574,beras_medium_1,14900
2025-08-12,3574,beras_medium_1,14900
2025-08-13,3574,beras_medium_1,14900
2025-08-14,3574,beras_medium_1,14900
2025-08-15,3574,beras_medium_1,14900
2025-08-18,3574,beras_medium_1,14900
2025-08-19,3574,beras_medium_1,14900
2025-08-20,3574,beras_medium_1,14900
2025-08-21,3574,beras_medium_1,14900
2025-08-22,3574,beras_medium_1,14900
2025-08-25,3574,beras_medium_1,14900
2025-08-26,3574,beras_medium_1,14900
2025-08-27,3574,beras_medium_1,14900
2025-08-28,3574,beras_medium_1,14900
2025-08-29,3574,beras_medium_1,14900
2025-09-01,3574,beras_medium_1,14900
2025-09-02,3574,beras_medium_1,14900
2025-09-03,3574,beras_medium_1,14900
2025-09-04,3574,beras_medium_1,14900
2025-09-05,3574,beras_medium_1,14900
2025-09-08,3574,beras_medium_1,14900
2025-09-09,3574,beras_medium_1,14900
2025-09-10,3574,beras_medium_1,14900
2025-09-11,3574,beras_medium_1,14900
2025-09-12,3574,beras_medium_1,14900
2025-09-15,3574,beras_medium_1,14900
2025-09-16,3574,beras_medium_1,14900
2025-09-17,3574,beras_medium_1,14900
2025-09-18,3574,beras_medium_1,14900
2025-09-19,3574,beras_medium_1,15850
2025-09-22,3574,beras_medium_1,15850
2025-09-23,3574,beras_medium_1,15850
2025-09-24,3574,beras_medium_1,15850
2025-09-25,3574,beras_medium_1,15850
2025-09-26,3574,beras_medium_1,15850
2025-09-29,3574,beras_medium_1,15850
2025-09-30,3574,beras_medium_1,15850
2025-10-01,3574,beras_medium_1,15850
2025-10-02,3574,beras_medium_1,15850
2025-10-03,3574,beras_medium_1,15850
2025-10-06,3574,beras_medium_1,15850
2025-10-07,3574,beras_medium_1,15850
2025-10-08,3574,beras_medium_1,15850
2025-10-09,3574,beras_medium_1,15850
2025-10-10,3574,beras_medium_1,15850
2025-10-13,3574,beras_medium_1,15850
2025-10-14,3574,beras_medium_1,15850
2025-10-15,3574,beras_medium_1,15850
2025-10-16,3574,beras_medium_1,15850
2025-10-17,3574,beras_medium_1,15850
2025-10-20,3574,beras_medium_1,15850
2025-10-21,3574,beras_medium_1,15850
2025-10-22,3574,beras_medium_1,15850
2025-10-23,3574,beras_medium_1,15850
2025-10-24,3574,beras_medium_1,15850
2025-10-27,3574,beras_medium_1,15350
2025-10-28,3574,beras_medium_1,15350
2025-10-29,3574,beras_medium_1,15350
2025-10-30,3574,beras_medium_1,15350
2025-10-31,3574,beras_medium_1,15350
2025-11-03,3574,beras_medium_1,15350
2025-11-04,3574,beras_medium_1,15350
2025-11-05,3574,beras_medium_1,15350
2025-11-06,3574,beras_medium_1,15350
2025-11-07,3574,beras_medium_1,15350
2025-11-10,3574,beras_medium_1,15350
2025-11-11,3574,beras_medium_1,15350
2025-11-12,3574,beras_medium_1,15350
2025-11-13,3574,beras_medium_1,15350
2025-11-14,3574,beras_medium_1,15350
2025-11-17,3574,beras_medium_1,15350
2025-11-18,3574,beras_medium_1,15350
2025-11-19,3574,beras_medium_1,15350
2025-11-20,3574,beras_medium_1,15350
2025-11-21,3574,beras_medium_1,15350
2025-11-24,3574,beras_medium_1,15350
2025-11-25,3574,beras_medium_1,15350
2025-11-26,3574,beras_medium_1,15350
2025-11-27,3574,beras_medium_1,15350
2025-11-28,3574,beras_medium_1,15350
2025-12-01,3574,beras_medium_1,15350
2025-12-02,3574,beras_medium_1,15350
2025-12-03,3574,beras_medium_1,15350
2025-12-04,3574,beras_medium_1,15350
2025-12-05,3574,beras_medium_1,15350
2025-12-08,3574,beras_medium_1,15350
2025-12-09,3574,beras_medium_1,15350
2025-12-10,3574,beras_medium_1,15350
2025-12-11,3574,beras_medium_1,15350
2025-12-12,3574,beras_medium_1,15350
2025-12-15,3574,beras_medium_1,15350
2025-12-16,3574,beras_medium_1,15350
2025-12-17,3574,beras_medium_1,15350
2025-12-18,3574,beras_medium_1,15350
2025-12-19,3574,beras_medium_1,15350
2025-12-22,3574,beras_medium_1,15350
2025-12-23,3574,beras_medium_1,15350
2025-12-24,3574,beras_medium_1,15350
2025-12-25,3574,beras_medium_1,15350
2025-12-26,3574,beras_medium_1,15350
2025-12-29,3574,beras_medium_1,15350
2025-12-30,3574,beras_medium_1,15350
2025-12-31,3574,beras_medium_1,15350
2021-01-04,3577,beras_medium_1,11150
2021-01-05,3577,beras_medium_1,11150
2021-01-06,3577,beras_medium_1,11150
2021-01-07,3577,beras_medium_1,11150
2021-01-08,3577,beras_medium_1,11150
2021-01-11,3577,beras_medium_1,11150
2021-01-12,3577,beras_medium_1,11150
2021-01-13,3577,beras_medium_1,11150
2021-01-14,3577,beras_medium_1,11150
2021-01-15,3577,beras_medium_1,11150
2021-01-18,3577,beras_medium_1,11150
2021-01-19,3577,beras_medium_1,11150
2021-01-20,3577,beras_medium_1,11150
2021-01-21,3577,beras_medium_1,11150
2021-01-22,3577,beras_medium_1,11150
2021-01-25,3577,beras_medium_1,11150
2021-01-26,3577,beras_medium_1,11150
2021-01-27,3577,beras_medium_1,11150
2021-01-28,3577,beras_medium_1,11150
2021-01-29,3577,beras_medium_1,11150
2021-02-01,3577,beras_medium_1,11150
2021-02-02,3577,beras_medium_1,11150
2021-02-03,3577,beras_medium_1,11150
2021-02-04,3577,beras_medium_1,11150
2021-02-05,3577,beras_medium_1,11150
2021-02-08,3577,beras_medium_1,11150
2021-02-09,3577,beras_medium_1,11150
2021-02-10,3577,beras_medium_1,11150
2021-02-11,3577,beras_medium_1,11150
2021-02-15,3577,beras_medium_1,11150
2021-02-16,3577,beras_medium_1,11150
2021-02-17,3577,beras_medium_1,11150
2021-02-18,3577,beras_medium_1,11150
2021-02-19,3577,beras_medium_1,11150
2021-02-22,3577,beras_medium_1,11150
2021-02-23,3577,beras_medium_1,11150
2021-02-24,3577,beras_medium_1,11150
2021-02-25,3577,beras_medium_1,11150
2021-02-26,3577,beras_medium_1,11150
2021-03-01,3577,beras_medium_1,11150
2021-03-02,3577,beras_medium_1,11150
2021-03-03,3577,beras_medium_1,11150
2021-03-04,3577,beras_medium_1,11150
2021-03-05,3577,beras_medium_1,11150
2021-03-08,3577,beras_medium_1,11150
2021-03-09,3577,beras_medium_1,11150
2021-03-10,3577,beras_medium_1,11150
2021-03-12,3577,beras_medium_1,11150
2021-03-15,3577,beras_medium_1,11150
2021-03-16,3577,beras_medium_1,11150
2021-03-17,3577,beras_medium_1,11150
2021-03-18,3577,beras_medium_1,11150
2021-03-19,3577,beras_medium_1,11150
2021-03-22,3577,beras_medium_1,11150
2021-03-23,3577,beras_medium_1,11150
2021-03-24,3577,beras_medium_1,11150
2021-03-25,3577,beras_medium_1,11150
2021-03-26,3577,beras_medium_1,11150
2021-03-29,3577,beras_medium_1,11150
2021-03-30,3577,beras_medium_1,11150
2021-03-31,3577,beras_medium_1,11150
2021-04-01,3577,beras_medium_1,11150
2021-04-05,3577,beras_medium_1,11150
2021-04-06,3577,beras_medium_1,11150
2021-04-07,3577,beras_medium_1,11150
2021-04-08,3577,beras_medium_1,11150
2021-04-09,3577,beras_medium_1,11150
2021-04-12,3577,beras_medium_1,11150
2021-04-13,3577,beras_medium_1,11150
2021-04-14,3577,beras_medium_1,11150
2021-04-15,3577,beras_medium_1,11150
2021-04-16,3577,beras_medium_1,11150
2021-04-19,3577,beras_medium_1,11150
2021-04-20,3577,beras_medium_1,11150
2021-04-21,3577,beras_medium_1,11150
2021-04-22,3577,beras_medium_1,11150
2021-04-23,3577,beras_medium_1,11150
2021-04-26,3577,beras_medium_1,11150
2021-04-27,3577,beras_medium_1,11150
2021-04-28,3577,beras_medium_1,11150
2021-04-29,3577,beras_medium_1,11150
2021-04-30,3577,beras_medium_1,11150
2021-05-03,3577,beras_medium_1,11150
2021-05-04,3577,beras_medium_1,11150
2021-05-05,3577,beras_medium_1,11150
2021-05-06,3577,beras_medium_1,11150
2021-05-07,3577,beras_medium_1,11150
2021-05-10,3577,beras_medium_1,11250
2021-05-11,3577,beras_medium_1,11250
2021-05-17,3577,beras_medium_1,11250
2021-05-18,3577,beras_medium_1,11250
2021-05-19,3577,beras_medium_1,11250
2021-05-20,3577,beras_medium_1,11250
2021-05-21,3577,beras_medium_1,11250
2021-05-24,3577,beras_medium_1,11250
2021-05-25,3577,beras_medium_1,11250
2021-05-27,3577,beras_medium_1,11250
2021-05-28,3577,beras_medium_1,11250
2021-05-31,3577,beras_medium_1,11250
2021-06-02,3577,beras_medium_1,11250
2021-06-03,3577,beras_medium_1,11250
2021-06-04,3577,beras_medium_1,11250
2021-06-07,3577,beras_medium_1,11250
2021-06-08,3577,beras_medium_1,11250
2021-06-09,3577,beras_medium_1,11250
2021-06-10,3577,beras_medium_1,11250
2021-06-11,3577,beras_medium_1,11250
2021-06-14,3577,beras_medium_1,11250
2021-06-15,3577,beras_medium_1,11250
2021-06-16,3577,beras_medium_1,11250
2021-06-17,3577,beras_medium_1,11250
2021-06-18,3577,beras_medium_1,11250
2021-06-21,3577,beras_medium_1,11150
2021-06-22,3577,beras_medium_1,11150
2021-06-23,3577,beras_medium_1,11150
2021-06-24,3577,beras_medium_1,11150
2021-06-25,3577,beras_medium_1,11150
2021-06-28,3577,beras_medium_1,11150
2021-06-29,3577,beras_medium_1,11150
2021-06-30,3577,beras_medium_1,11150
2021-07-01,3577,beras_medium_1,11150
2021-07-02,3577,beras_medium_1,10750
2021-07-05,3577,beras_medium_1,10650
2021-07-06,3577,beras_medium_1,10650
2021-07-07,3577,beras_medium_1,10650
2021-07-08,3577,beras_medium_1,10650
2021-07-09,3577,beras_medium_1,10650
2021-07-12,3577,beras_medium_1,10650
2021-07-13,3577,beras_medium_1,10650
2021-07-14,3577,beras_medium_1,10650
2021-07-15,3577,beras_medium_1,10650
2021-07-16,3577,beras_medium_1,10650
2021-07-19,3577,beras_medium_1,10650
2021-07-21,3577,beras_medium_1,10650
2021-07-22,3577,beras_medium_1,10650
2021-07-23,3577,beras_medium_1,10650
2021-07-26,3577,beras_medium_1,10650
2021-07-27,3577,beras_medium_1,10650
2021-07-28,3577,beras_medium_1,10650
2021-07-29,3577,beras_medium_1,10650
2021-07-30,3577,beras_medium_1,10650
2021-08-02,3577,beras_medium_1,10650
2021-08-03,3577,beras_medium_1,10650
2021-08-04,3577,beras_medium_1,10650
2021-08-05,3577,beras_medium_1,10650
2021-08-06,3577,beras_medium_1,10650
2021-08-09,3577,beras_medium_1,10650
2021-08-10,3577,beras_medium_1,10650
2021-08-12,3577,beras_medium_1,10650
2021-08-13,3577,beras_medium_1,10650
2021-08-16,3577,beras_medium_1,10650
2021-08-18,3577,beras_medium_1,10650
2021-08-19,3577,beras_medium_1,10650
2021-08-20,3577,beras_medium_1,10650
2021-08-23,3577,beras_medium_1,10650
2021-08-24,3577,beras_medium_1,10650
2021-08-25,3577,beras_medium_1,10650
2021-08-26,3577,beras_medium_1,10650
2021-08-27,3577,beras_medium_1,10650
2021-08-30,3577,beras_medium_1,10650
2021-08-31,3577,beras_medium_1,10650
2021-09-01,3577,beras_medium_1,10650
2021-09-02,3577,beras_medium_1,10650
2021-09-03,3577,beras_medium_1,10650
2021-09-06,3577,beras_medium_1,10650
2021-09-07,3577,beras_medium_1,10650
2021-09-08,3577,beras_medium_1,10650
2021-09-09,3577,beras_medium_1,10650
2021-09-10,3577,beras_medium_1,10650
2021-09-13,3577,beras_medium_1,10650
2021-09-14,3577,beras_medium_1,10650
2021-09-15,3577,beras_medium_1,10650
2021-09-16,3577,beras_medium_1,10650
2021-09-17,3577,beras_medium_1,10650
2021-09-20,3577,beras_medium_1,10650
2021-09-21,3577,beras_medium_1,10650
2021-09-22,3577,beras_medium_1,10650
2021-09-23,3577,beras_medium_1,10650
2021-09-24,3577,beras_medium_1,10650
2021-09-27,3577,beras_medium_1,10650
2021-09-28,3577,beras_medium_1,10650
2021-09-29,3577,beras_medium_1,10650
2021-09-30,3577,beras_medium_1,10650
2021-10-01,3577,beras_medium_1,10650
2021-10-04,3577,beras_medium_1,10650
2021-10-05,3577,beras_medium_1,10650
2021-10-06,3577,beras_medium_1,10650
2021-10-07,3577,beras_medium_1,10650
2021-10-08,3577,beras_medium_1,10650
2021-10-11,3577,beras_medium_1,10650
2021-10-12,3577,beras_medium_1,10650
2021-10-13,3577,beras_medium_1,10650
2021-10-14,3577,beras_medium_1,10650
2021-10-15,3577,beras_medium_1,10650
2021-10-18,3577,beras_medium_1,10650
2021-10-19,3577,beras_medium_1,10650
2021-10-21,3577,beras_medium_1,10650
2021-10-22,3577,beras_medium_1,10650
2021-10-25,3577,beras_medium_1,10650
2021-10-26,3577,beras_medium_1,10650
2021-10-27,3577,beras_medium_1,10650
2021-10-28,3577,beras_medium_1,10650
2021-10-29,3577,beras_medium_1,10650
2021-11-01,3577,beras_medium_1,10650
2021-11-02,3577,beras_medium_1,10650
2021-11-03,3577,beras_medium_1,10650
2021-11-04,3577,beras_medium_1,10650
2021-11-05,3577,beras_medium_1,10650
2021-11-08,3577,beras_medium_1,10650
2021-11-09,3577,beras_medium_1,10650
2021-11-10,3577,beras_medium_1,10650
2021-11-11,3577,beras_medium_1,10650
2021-11-12,3577,beras_medium_1,10650
2021-11-15,3577,beras_medium_1,10650
2021-11-16,3577,beras_medium_1,10650
2021-11-17,3577,beras_medium_1,10650
2021-11-18,3577,beras_medium_1,10650
2021-11-19,3577,beras_medium_1,10650
2021-11-22,3577,beras_medium_1,10650
2021-11-23,3577,beras_medium_1,10650
2021-11-24,3577,beras_medium_1,10650
2021-11-25,3577,beras_medium_1,10650
2021-11-26,3577,beras_medium_1,10650
2021-11-29,3577,beras_medium_1,10650
2021-11-30,3577,beras_medium_1,10650
2021-12-01,3577,beras_medium_1,10650
2021-12-02,3577,beras_medium_1,10650
2021-12-03,3577,beras_medium_1,10650
2021-12-06,3577,beras_medium_1,10650
2021-12-07,3577,beras_medium_1,10650
2021-12-08,3577,beras_medium_1,10650
2021-12-09,3577,beras_medium_1,10650
2021-12-10,3577,beras_medium_1,10650
2021-12-13,3577,beras_medium_1,10650
2021-12-14,3577,beras_medium_1,10650
2021-12-15,3577,beras_medium_1,10650
2021-12-16,3577,beras_medium_1,10650
2021-12-17,3577,beras_medium_1,10650
2021-12-20,3577,beras_medium_1,10650
2021-12-21,3577,beras_medium_1,10650
2021-12-22,3577,beras_medium_1,10650
2021-12-23,3577,beras_medium_1,10650
2021-12-24,3577,beras_medium_1,10650
2021-12-27,3577,beras_medium_1,10650
2021-12-28,3577,beras_medium_1,10650
2021-12-29,3577,beras_medium_1,10650
2021-12-30,3577,beras_medium_1,10650
2021-12-31,3577,beras_medium_1,10650
2022-01-03,3577,beras_medium_1,10650
2022-01-04,3577,beras_medium_1,10650
2022-01-05,3577,beras_medium_1,10650
2022-01-06,3577,beras_medium_1,10650
2022-01-07,3577,beras_medium_1,10650
2022-01-10,3577,beras_medium_1,10650
2022-01-11,3577,beras_medium_1,10650
2022-01-12,3577,beras_medium_1,10650
2022-01-13,3577,beras_medium_1,10650
2022-01-14,3577,beras_medium_1,10650
2022-01-17,3577,beras_medium_1,10650
2022-01-18,3577,beras_medium_1,10650
2022-01-19,3577,beras_medium_1,10650
2022-01-20,3577,beras_medium_1,10650
2022-01-21,3577,beras_medium_1,10650
2022-01-24,3577,beras_medium_1,10650
2022-01-25,3577,beras_medium_1,10650
2022-01-26,3577,beras_medium_1,10650
2022-01-27,3577,beras_medium_1,10650
2022-01-28,3577,beras_medium_1,10650
2022-01-31,3577,beras_medium_1,10650
2022-02-02,3577,beras_medium_1,10650
2022-02-03,3577,beras_medium_1,10650
2022-02-04,3577,beras_medium_1,10650
2022-02-07,3577,beras_medium_1,10650
2022-02-08,3577,beras_medium_1,10650
2022-02-09,3577,beras_medium_1,10650
2022-02-10,3577,beras_medium_1,10650
2022-02-11,3577,beras_medium_1,10650
2022-02-14,3577,beras_medium_1,10650
2022-02-15,3577,beras_medium_1,10650
2022-02-16,3577,beras_medium_1,10650
2022-02-17,3577,beras_medium_1,10650
2022-02-18,3577,beras_medium_1,10650
2022-02-21,3577,beras_medium_1,10650
2022-02-22,3577,beras_medium_1,10650
2022-02-23,3577,beras_medium_1,10650
2022-02-24,3577,beras_medium_1,10650
2022-02-25,3577,beras_medium_1,10650
2022-03-01,3577,beras_medium_1,10650
2022-03-02,3577,beras_medium_1,10650
2022-03-04,3577,beras_medium_1,10650
2022-03-07,3577,beras_medium_1,10650
2022-03-08,3577,beras_medium_1,10650
2022-03-09,3577,beras_medium_1,10650
2022-03-10,3577,beras_medium_1,10650
2022-03-11,3577,beras_medium_1,10650
2022-03-14,3577,beras_medium_1,10650
2022-03-15,3577,beras_medium_1,10650
2022-03-16,3577,beras_medium_1,10650
2022-03-17,3577,beras_medium_1,10650
2022-03-18,3577,beras_medium_1,10650
2022-03-21,3577,beras_medium_1,10650
2022-03-22,3577,beras_medium_1,10650
2022-03-23,3577,beras_medium_1,10650
2022-03-24,3577,beras_medium_1,10650
2022-03-25,3577,beras_medium_1,10650
2022-03-28,3577,beras_medium_1,10650
2022-03-29,3577,beras_medium_1,10650
2022-03-30,3577,beras_medium_1,10650
2022-03-31,3577,beras_medium_1,10650
2022-04-01,3577,beras_medium_1,10650
2022-04-04,3577,beras_medium_1,10650
2022-04-05,3577,beras_medium_1,10650
2022-04-06,3577,beras_medium_1,10650
2022-04-07,3577,beras_medium_1,10650
2022-04-08,3577,beras_medium_1,10650
2022-04-11,3577,beras_medium_1,10650
2022-04-12,3577,beras_medium_1,10650
2022-04-13,3577,beras_medium_1,10650
2022-04-14,3577,beras_medium_1,10650
2022-04-18,3577,beras_medium_1,10650
2022-04-19,3577,beras_medium_1,10650
2022-04-20,3577,beras_medium_1,10650
2022-04-21,3577,beras_medium_1,10650
2022-04-22,3577,beras_medium_1,10650
2022-04-25,3577,beras_medium_1,10650
2022-04-26,3577,beras_medium_1,10650
2022-04-27,3577,beras_medium_1,10650
2022-04-28,3577,beras_medium_1,10650
2023-01-02,3577,beras_medium_1,12000
2023-01-03,3577,beras_medium_1,12000
2023-01-04,3577,beras_medium_1,12000
2023-01-05,3577,beras_medium_1,12000
2023-01-06,3577,beras_medium_1,12000
2023-01-09,3577,beras_medium_1,12000
2023-01-10,3577,beras_medium_1,12000
2023-01-11,3577,beras_medium_1,12000
2023-01-12,3577,beras_medium_1,12000
2023-01-13,3577,beras_medium_1,12000
2023-01-16,3577,beras_medium_1,12150
2023-01-17,3577,beras_medium_1,12150
2023-01-18,3577,beras_medium_1,12150
2023-01-19,3577,beras_medium_1,12150
2023-01-20,3577,beras_medium_1,12150
2023-01-23,3577,beras_medium_1,12150
2023-01-24,3577,beras_medium_1,12150
2023-01-25,3577,beras_medium_1,12150
2023-01-26,3577,beras_medium_1,12150
2023-01-27,3577,beras_medium_1,12150
2023-01-30,3577,beras_medium_1,12400
2023-01-31,3577,beras_medium_1,12400
2023-02-01,3577,beras_medium_1,12400
2023-02-02,3577,beras_medium_1,12400
2023-02-03,3577,beras_medium_1,12400
2023-02-06,3577,beras_medium_1,12400
2023-02-07,3577,beras_medium_1,12400
2023-02-08,3577,beras_medium_1,12400
2023-02-09,3577,beras_medium_1,12400
2023-02-10,3577,beras_medium_1,12400
2023-02-13,3577,beras_medium_1,12400
2023-02-14,3577,beras_medium_1,12400
2023-02-15,3577,beras_medium_1,12400
2023-02-16,3577,beras_medium_1,12400
2023-02-17,3577,beras_medium_1,12400
2023-02-20,3577,beras_medium_1,12500
2023-02-21,3577,beras_medium_1,12500
2023-02-22,3577,beras_medium_1,12500
2023-02-23,3577,beras_medium_1,12500
2023-02-24,3577,beras_medium_1,12500
2023-02-27,3577,beras_medium_1,12500
2023-02-28,3577,beras_medium_1,12500
2023-03-01,3577,beras_medium_1,12500
2023-03-02,3577,beras_medium_1,12500
2023-03-03,3577,beras_medium_1,12500
2023-03-06,3577,beras_medium_1,12250
2023-03-07,3577,beras_medium_1,12250
2023-03-08,3577,beras_medium_1,12250
2023-03-09,3577,beras_medium_1,12250
2023-03-10,3577,beras_medium_1,12250
2023-03-13,3577,beras_medium_1,12250
2023-03-14,3577,beras_medium_1,12250
2023-03-15,3577,beras_medium_1,12250
2023-03-16,3577,beras_medium_1,12250
2023-03-17,3577,beras_medium_1,12250
2023-03-20,3577,beras_medium_1,12250
2023-03-21,3577,beras_medium_1,12250
2023-03-22,3577,beras_medium_1,12250
2023-03-23,3577,beras_medium_1,12250
2023-03-24,3577,beras_medium_1,12250
2023-03-27,3577,beras_medium_1,12400
2023-03-28,3577,beras_medium_1,12400
2023-03-29,3577,beras_medium_1,12400
2023-03-30,3577,beras_medium_1,12400
2023-03-31,3577,beras_medium_1,12400
2023-04-03,3577,beras_medium_1,12400
2023-04-04,3577,beras_medium_1,12400
2023-04-05,3577,beras_medium_1,12400
2023-04-06,3577,beras_medium_1,12400
2023-04-07,3577,beras_medium_1,12400
2023-04-10,3577,beras_medium_1,12400
2023-04-11,3577,beras_medium_1,12400
2023-04-12,3577,beras_medium_1,12400
2023-04-13,3577,beras_medium_1,12400
2023-04-14,3577,beras_medium_1,12400
2023-04-17,3577,beras_medium_1,12400
2023-04-18,3577,beras_medium_1,12400
2023-04-19,3577,beras_medium_1,12400
2023-04-20,3577,beras_medium_1,12400
2023-04-21,3577,beras_medium_1,12400
2023-04-24,3577,beras_medium_1,12400
2023-04-25,3577,beras_medium_1,12400
2023-04-26,3577,beras_medium_1,12400
2023-04-27,3577,beras_medium_1,12400
2023-04-28,3577,beras_medium_1,12400
2023-05-01,3577,beras_medium_1,12400
2023-05-02,3577,beras_medium_1,12500
2023-05-03,3577,beras_medium_1,12500
2023-05-04,3577,beras_medium_1,12500
2023-05-05,3577,beras_medium_1,12500
2023-05-08,3577,beras_medium_1,12500
2023-05-09,3577,beras_medium_1,12500
2023-05-10,3577,beras_medium_1,12500
2023-05-11,3577,beras_medium_1,12500
2023-05-12,3577,beras_medium_1,12500
2023-05-15,3577,beras_medium_1,12500
2023-05-16,3577,beras_medium_1,12500
2023-05-17,3577,beras_medium_1,12500
2023-05-18,3577,beras_medium_1,12500
2023-05-19,3577,beras_medium_1,12500
2023-05-22,3577,beras_medium_1,12500
2023-05-23,3577,beras_medium_1,12500
2023-05-24,3577,beras_medium_1,12500
2023-05-25,3577,beras_medium_1,12500
2023-05-26,3577,beras_medium_1,12500
2023-05-29,3577,beras_medium_1,12500
2023-05-30,3577,beras_medium_1,12500
2023-05-31,3577,beras_medium_1,12500
2023-06-01,3577,beras_medium_1,12500
2023-06-02,3577,beras_medium_1,12500
2023-06-05,3577,beras_medium_1,12500
2023-06-06,3577,beras_medium_1,12500
2023-06-07,3577,beras_medium_1,12500
2023-06-08,3577,beras_medium_1,12500
2023-06-09,3577,beras_medium_1,12500
2023-06-12,3577,beras_medium_1,12500
2023-06-13,3577,beras_medium_1,12500
2023-06-14,3577,beras_medium_1,12500
2023-06-15,3577,beras_medium_1,12500
2023-06-16,3577,beras_medium_1,12500
2023-06-19,3577,beras_medium_1,12500
2023-06-20,3577,beras_medium_1,12500
2023-06-21,3577,beras_medium_1,12500
2023-06-22,3577,beras_medium_1,12500
2023-06-23,3577,beras_medium_1,12500
2023-06-26,3577,beras_medium_1,12500
2023-06-27,3577,beras_medium_1,12500
2023-06-28,3577,beras_medium_1,12500
2023-06-29,3577,beras_medium_1,12500
2023-06-30,3577,beras_medium_1,12500
2023-07-03,3577,beras_medium_1,12500
2023-07-04,3577,beras_medium_1,12500
2023-07-05,3577,beras_medium_1,12500
2023-07-06,3577,beras_medium_1,12500
2023-07-07,3577,beras_medium_1,12500
2023-07-10,3577,beras_medium_1,12500
2023-07-11,3577,beras_medium_1,12500
2023-07-12,3577,beras_medium_1,12500
2023-07-13,3577,beras_medium_1,12500
2023-07-14,3577,beras_medium_1,12500
2023-07-17,3577,beras_medium_1,12500
2023-07-18,3577,beras_medium_1,12500
2023-07-19,3577,beras_medium_1,12500
2023-07-20,3577,beras_medium_1,12500
2023-07-21,3577,beras_medium_1,12500
2023-07-24,3577,beras_medium_1,12500
2023-07-25,3577,beras_medium_1,12500
2023-07-26,3577,beras_medium_1,12500
2023-07-27,3577,beras_medium_1,12500
2023-07-28,3577,beras_medium_1,12500
2023-07-31,3577,beras_medium_1,12500
2023-08-01,3577,beras_medium_1,12500
2023-08-02,3577,beras_medium_1,12500
2023-08-03,3577,beras_medium_1,12500
2023-08-04,3577,beras_medium_1,12500
2023-08-07,3577,beras_medium_1,12500
2023-08-08,3577,beras_medium_1,12500
2023-08-09,3577,beras_medium_1,12500
2023-08-10,3577,beras_medium_1,12500
2023-08-11,3577,beras_medium_1,12500
2023-08-14,3577,beras_medium_1,12400
2023-08-15,3577,beras_medium_1,12400
2023-08-16,3577,beras_medium_1,12400
2023-08-17,3577,beras_medium_1,12400
2023-08-18,3577,beras_medium_1,12400
2023-08-21,3577,beras_medium_1,12000
2023-08-22,3577,beras_medium_1,12000
2023-08-23,3577,beras_medium_1,12000
2023-08-24,3577,beras_medium_1,12000
2023-08-25,3577,beras_medium_1,12000
2023-08-28,3577,beras_medium_1,12000
2023-08-29,3577,beras_medium_1,12000
2023-08-30,3577,beras_medium_1,12000
2023-08-31,3577,beras_medium_1,12000
2023-09-01,3577,beras_medium_1,12000
2023-09-04,3577,beras_medium_1,12900
2023-09-05,3577,beras_medium_1,12900
2023-09-06,3577,beras_medium_1,12900
2023-09-07,3577,beras_medium_1,12900
2023-09-08,3577,beras_medium_1,12900
2023-09-11,3577,beras_medium_1,13150
2023-09-12,3577,beras_medium_1,13150
2023-09-13,3577,beras_medium_1,13150
2023-09-14,3577,beras_medium_1,13150
2023-09-15,3577,beras_medium_1,13150
2023-09-18,3577,beras_medium_1,13150
2023-09-19,3577,beras_medium_1,13150
2023-09-20,3577,beras_medium_1,13150
2023-09-21,3577,beras_medium_1,13150
2023-09-22,3577,beras_medium_1,13150
2023-09-25,3577,beras_medium_1,13400
2023-09-26,3577,beras_medium_1,13400
2023-09-27,3577,beras_medium_1,13400
2023-09-28,3577,beras_medium_1,13400
2023-09-29,3577,beras_medium_1,13400
2023-10-02,3577,beras_medium_1,13400
2023-10-03,3577,beras_medium_1,13400
2023-10-04,3577,beras_medium_1,13400
2023-10-05,3577,beras_medium_1,13400
2023-10-06,3577,beras_medium_1,13400
2023-10-09,3577,beras_medium_1,13400
2023-10-10,3577,beras_medium_1,13400
2023-10-11,3577,beras_medium_1,13400
2023-10-12,3577,beras_medium_1,13400
2023-10-13,3577,beras_medium_1,13400
2023-10-16,3577,beras_medium_1,13400
2023-10-17,3577,beras_medium_1,13400
2023-10-18,3577,beras_medium_1,13400
2023-10-19,3577,beras_medium_1,13400
2023-10-20,3577,beras_medium_1,13400
2023-10-23,3577,beras_medium_1,13400
2023-10-24,3577,beras_medium_1,13400
2023-10-25,3577,beras_medium_1,13400
2023-10-26,3577,beras_medium_1,13400
2023-10-27,3577,beras_medium_1,13400
2023-10-30,3577,beras_medium_1,13400
2023-10-31,3577,beras_medium_1,13400
2023-11-01,3577,beras_medium_1,13400
2023-11-02,3577,beras_medium_1,13400
2023-11-03,3577,beras_medium_1,13400
2023-11-06,3577,beras_medium_1,13400
2023-11-07,3577,beras_medium_1,13400
2023-11-08,3577,beras_medium_1,13400
2023-11-09,3577,beras_medium_1,13400
2023-11-10,3577,beras_medium_1,13400
2023-11-13,3577,beras_medium_1,13500
2023-11-14,3577,beras_medium_1,13400
2023-11-15,3577,beras_medium_1,13400
2023-11-16,3577,beras_medium_1,13400
2023-11-17,3577,beras_medium_1,13400
2023-11-20,3577,beras_medium_1,13400
2023-11-21,3577,beras_medium_1,13400
2023-11-22,3577,beras_medium_1,13400
2023-11-23,3577,beras_medium_1,13400
2023-11-24,3577,beras_medium_1,13400
2023-11-27,3577,beras_medium_1,13400
2023-11-28,3577,beras_medium_1,13400
2023-11-29,3577,beras_medium_1,13400
2023-11-30,3577,beras_medium_1,13400
2023-12-01,3577,beras_medium_1,13400
2023-12-04,3577,beras_medium_1,13400
2023-12-05,3577,beras_medium_1,13400
2023-12-06,3577,beras_medium_1,13400
2023-12-07,3577,beras_medium_1,13400
2023-12-08,3577,beras_medium_1,13400
2023-12-11,3577,beras_medium_1,13400
2023-12-12,3577,beras_medium_1,13400
2023-12-13,3577,beras_medium_1,13400
2023-12-14,3577,beras_medium_1,13400
2023-12-15,3577,beras_medium_1,13400
2023-12-18,3577,beras_medium_1,13400
2023-12-19,3577,beras_medium_1,13400
2023-12-20,3577,beras_medium_1,13400
2023-12-21,3577,beras_medium_1,13400
2023-12-22,3577,beras_medium_1,13400
2023-12-25,3577,beras_medium_1,13400
2023-12-26,3577,beras_medium_1,13400
2023-12-27,3577,beras_medium_1,13400
2023-12-28,3577,beras_medium_1,13400
2023-12-29,3577,beras_medium_1,13400
2024-01-01,3577,beras_medium_1,13400
2024-01-02,3577,beras_medium_1,13400
2024-01-03,3577,beras_medium_1,13400
2024-01-04,3577,beras_medium_1,13400
2024-01-05,3577,beras_medium_1,13400
2024-01-08,3577,beras_medium_1,13400
2024-01-09,3577,beras_medium_1,13400
2024-01-10,3577,beras_medium_1,13400
2024-01-11,3577,beras_medium_1,13400
2024-01-12,3577,beras_medium_1,13400
2024-01-15,3577,beras_medium_1,13400
2024-01-16,3577,beras_medium_1,13400
2024-01-17,3577,beras_medium_1,13400
2024-01-18,3577,beras_medium_1,13400
2024-01-19,3577,beras_medium_1,13400
2024-01-22,3577,beras_medium_1,13900
2024-01-23,3577,beras_medium_1,14150
2024-01-24,3577,beras_medium_1,14150
2024-01-25,3577,beras_medium_1,14150
2024-01-26,3577,beras_medium_1,14150
2024-01-29,3577,beras_medium_1,14150
2024-01-30,3577,beras_medium_1,14250
2024-01-31,3577,beras_medium_1,14250
2024-02-01,3577,beras_medium_1,14250
2024-02-02,3577,beras_medium_1,14250
2024-02-05,3577,beras_medium_1,14250
2024-02-06,3577,beras_medium_1,14750
2024-02-07,3577,beras_medium_1,14750
2024-02-08,3577,beras_medium_1,14750
2024-02-09,3577,beras_medium_1,14750
2024-02-12,3577,beras_medium_1,15500
2024-02-13,3577,beras_medium_1,15400
2024-02-14,3577,beras_medium_1,15400
2024-02-15,3577,beras_medium_1,15400
2024-02-16,3577,beras_medium_1,15400
2024-02-19,3577,beras_medium_1,15400
2024-02-20,3577,beras_medium_1,15900
2024-02-21,3577,beras_medium_1,15900
2024-02-22,3577,beras_medium_1,15900
2024-02-23,3577,beras_medium_1,15900
2024-02-26,3577,beras_medium_1,15900
2024-02-27,3577,beras_medium_1,16000
2024-02-28,3577,beras_medium_1,16000
2024-02-29,3577,beras_medium_1,16000
2024-03-01,3577,beras_medium_1,16000
2024-03-04,3577,beras_medium_1,15500
2024-03-05,3577,beras_medium_1,15500
2024-03-06,3577,beras_medium_1,15500
2024-03-07,3577,beras_medium_1,15500
2024-03-08,3577,beras_medium_1,15500
2024-03-11,3577,beras_medium_1,15500
2024-03-12,3577,beras_medium_1,15500
2024-03-13,3577,beras_medium_1,15500
2024-03-14,3577,beras_medium_1,15500
2024-03-15,3577,beras_medium_1,15500
2024-03-18,3577,beras_medium_1,14500
2024-03-19,3577,beras_medium_1,14500
2024-03-20,3577,beras_medium_1,14500
2024-03-21,3577,beras_medium_1,14500
2024-03-22,3577,beras_medium_1,14500
2024-03-25,3577,beras_medium_1,14000
2024-03-26,3577,beras_medium_1,14000
2024-03-27,3577,beras_medium_1,14000
2024-03-28,3577,beras_medium_1,14000
2024-03-29,3577,beras_medium_1,14000
2024-04-01,3577,beras_medium_1,14000
2024-04-02,3577,beras_medium_1,14000
2024-04-03,3577,beras_medium_1,14000
2024-04-04,3577,beras_medium_1,14000
2024-04-05,3577,beras_medium_1,14000
2024-04-08,3577,beras_medium_1,14000
2024-04-09,3577,beras_medium_1,14000
2024-04-10,3577,beras_medium_1,14000
2024-04-11,3577,beras_medium_1,14000
2024-04-12,3577,beras_medium_1,14000
2024-04-15,3577,beras_medium_1,14000
2024-04-16,3577,beras_medium_1,14000
2024-04-17,3577,beras_medium_1,14000
2024-04-18,3577,beras_medium_1,14000
2024-04-19,3577,beras_medium_1,14000
2024-04-22,3577,beras_medium_1,12900
2024-04-23,3577,beras_medium_1,12900
2024-04-24,3577,beras_medium_1,12900
2024-04-25,3577,beras_medium_1,12900
2024-04-26,3577,beras_medium_1,12900
2024-04-29,3577,beras_medium_1,12900
2024-04-30,3577,beras_medium_1,12900
2024-05-01,3577,beras_medium_1,12900
2024-05-02,3577,beras_medium_1,12900
2024-05-03,3577,beras_medium_1,12900
2024-05-06,3577,beras_medium_1,12900
2024-05-07,3577,beras_medium_1,12900
2024-05-08,3577,beras_medium_1,12900
2024-05-09,3577,beras_medium_1,12900
2024-05-10,3577,beras_medium_1,12900
2024-05-13,3577,beras_medium_1,12900
2024-05-14,3577,beras_medium_1,12900
2024-05-15,3577,beras_medium_1,12900
2024-05-16,3577,beras_medium_1,12900
2024-05-17,3577,beras_medium_1,12900
2024-05-20,3577,beras_medium_1,12900
2024-05-21,3577,beras_medium_1,12900
2024-05-22,3577,beras_medium_1,12900
2024-05-23,3577,beras_medium_1,12900
2024-05-24,3577,beras_medium_1,12900
2024-05-27,3577,beras_medium_1,12900
2024-05-28,3577,beras_medium_1,12900
2024-05-29,3577,beras_medium_1,12900
2024-05-30,3577,beras_medium_1,12900
2024-05-31,3577,beras_medium_1,12900
2024-06-03,3577,beras_medium_1,12900
2024-06-04,3577,beras_medium_1,12900
2024-06-05,3577,beras_medium_1,12900
2024-06-06,3577,beras_medium_1,12900
2024-06-07,3577,beras_medium_1,12900
2024-06-10,3577,beras_medium_1,12900
2024-06-11,3577,beras_medium_1,12900
2024-06-12,3577,beras_medium_1,12900
2024-06-13,3577,beras_medium_1,12900
2024-06-14,3577,beras_medium_1,12900
2024-06-17,3577,beras_medium_1,12900
2024-06-18,3577,beras_medium_1,12900
2024-06-19,3577,beras_medium_1,12900
2024-06-20,3577,beras_medium_1,12900
2024-06-21,3577,beras_medium_1,12900
2024-06-24,3577,beras_medium_1,12900
2024-06-25,3577,beras_medium_1,12900
2024-06-26,3577,beras_medium_1,12900
2024-06-27,3577,beras_medium_1,12900
2024-06-28,3577,beras_medium_1,12900
2024-07-01,3577,beras_medium_1,12900
2024-07-02,3577,beras_medium_1,12900
2024-07-03,3577,beras_medium_1,12900
2024-07-04,3577,beras_medium_1,12900
2024-07-05,3577,beras_medium_1,12900
2024-07-08,3577,beras_medium_1,12900
2024-07-09,3577,beras_medium_1,12900
2024-07-10,3577,beras_medium_1,12900
2024-07-11,3577,beras_medium_1,12900
2024-07-12,3577,beras_medium_1,12900
2024-07-15,3577,beras_medium_1,12900
2024-07-16,3577,beras_medium_1,12900
2024-07-17,3577,beras_medium_1,12900
2024-07-18,3577,beras_medium_1,12900
2024-07-19,3577,beras_medium_1,12900
2024-07-22,3577,beras_medium_1,12900
2024-07-23,3577,beras_medium_1,12900
2024-07-24,3577,beras_medium_1,12900
2024-07-25,3577,beras_medium_1,12900
2024-07-26,3577,beras_medium_1,12900
2024-07-29,3577,beras_medium_1,12900
2024-07-30,3577,beras_medium_1,12900
2024-07-31,3577,beras_medium_1,12900
2024-08-01,3577,beras_medium_1,12900
2024-08-02,3577,beras_medium_1,12900
2024-08-05,3577,beras_medium_1,13000
2024-08-06,3577,beras_medium_1,12900
2024-08-07,3577,beras_medium_1,12900
2024-08-08,3577,beras_medium_1,12900
2024-08-09,3577,beras_medium_1,12900
2024-08-12,3577,beras_medium_1,12900
2024-08-13,3577,beras_medium_1,12900
2024-08-14,3577,beras_medium_1,12900
2024-08-15,3577,beras_medium_1,12900
2024-08-16,3577,beras_medium_1,12900
2024-08-19,3577,beras_medium_1,12900
2024-08-20,3577,beras_medium_1,12900
2024-08-21,3577,beras_medium_1,12900
2024-08-22,3577,beras_medium_1,12900
2024-08-26,3577,beras_medium_1,12900
2024-08-27,3577,beras_medium_1,12900
2024-08-28,3577,beras_medium_1,12900
2024-08-29,3577,beras_medium_1,12900
2024-08-30,3577,beras_medium_1,12900
2024-09-02,3577,beras_medium_1,12900
2024-09-03,3577,beras_medium_1,12900
2024-09-04,3577,beras_medium_1,12900
2024-09-05,3577,beras_medium_1,12900
2024-09-06,3577,beras_medium_1,12900
2024-09-09,3577,beras_medium_1,12900
2024-09-10,3577,beras_medium_1,12900
2024-09-11,3577,beras_medium_1,12900
2024-09-12,3577,beras_medium_1,12900
2024-09-13,3577,beras_medium_1,12900
2024-09-16,3577,beras_medium_1,12900
2024-09-17,3577,beras_medium_1,12900
2024-09-18,3577,beras_medium_1,12900
2024-09-19,3577,beras_medium_1,12900
2024-09-20,3577,beras_medium_1,12900
2024-09-23,3577,beras_medium_1,12900
2024-09-24,3577,beras_medium_1,12900
2024-09-25,3577,beras_medium_1,12900
2024-09-26,3577,beras_medium_1,12900
2024-09-27,3577,beras_medium_1,12900
2024-09-30,3577,beras_medium_1,12900
2024-10-01,3577,beras_medium_1,12900
2024-10-02,3577,beras_medium_1,12900
2024-10-03,3577,beras_medium_1,12900
2024-10-04,3577,beras_medium_1,12900
2024-10-07,3577,beras_medium_1,12900
2024-10-08,3577,beras_medium_1,12900
2024-10-09,3577,beras_medium_1,12900
2024-10-10,3577,beras_medium_1,12900
2024-10-11,3577,beras_medium_1,12900
2024-10-14,3577,beras_medium_1,12900
2024-10-15,3577,beras_medium_1,12900
2024-10-16,3577,beras_medium_1,12900
2024-10-17,3577,beras_medium_1,12900
2024-10-18,3577,beras_medium_1,12900
2024-10-21,3577,beras_medium_1,12900
2024-10-22,3577,beras_medium_1,12900
2024-10-23,3577,beras_medium_1,12900
2024-10-24,3577,beras_medium_1,12900
2024-10-25,3577,beras_medium_1,12900
2024-10-28,3577,beras_medium_1,12900
2024-10-29,3577,beras_medium_1,12900
2024-10-30,3577,beras_medium_1,12900
2024-10-31,3577,beras_medium_1,12900
2024-11-01,3577,beras_medium_1,12900
2024-11-04,3577,beras_medium_1,12900
2024-11-05,3577,beras_medium_1,12900
2024-11-06,3577,beras_medium_1,12900
2024-11-07,3577,beras_medium_1,12900
2024-11-08,3577,beras_medium_1,12900
2024-11-11,3577,beras_medium_1,12900
2024-11-12,3577,beras_medium_1,12900
2024-11-13,3577,beras_medium_1,12900
2024-11-14,3577,beras_medium_1,12900
2024-11-15,3577,beras_medium_1,12900
2024-11-18,3577,beras_medium_1,12900
2024-11-19,3577,beras_medium_1,12900
2024-11-20,3577,beras_medium_1,12900
2024-11-21,3577,beras_medium_1,12900
2024-11-22,3577,beras_medium_1,12900
2024-11-25,3577,beras_medium_1,12900
2024-11-26,3577,beras_medium_1,12900
2024-11-27,3577,beras_medium_1,12900
2024-11-28,3577,beras_medium_1,12900
2024-11-29,3577,beras_medium_1,12900
2024-12-02,3577,beras_medium_1,12900
2024-12-03,3577,beras_medium_1,12900
2024-12-04,3577,beras_medium_1,12900
2024-12-05,3577,beras_medium_1,12900
2024-12-06,3577,beras_medium_1,12900
2024-12-09,3577,beras_medium_1,12900
2024-12-10,3577,beras_medium_1,12900
2024-12-11,3577,beras_medium_1,12900
2024-12-12,3577,beras_medium_1,12900
2024-12-13,3577,beras_medium_1,12900
2024-12-16,3577,beras_medium_1,12900
2024-12-17,3577,beras_medium_1,12900
2024-12-18,3577,beras_medium_1,12900
2024-12-19,3577,beras_medium_1,12900
2024-12-20,3577,beras_medium_1,12900
2024-12-23,3577,beras_medium_1,12900
2024-12-24,3577,beras_medium_1,12900
2024-12-25,3577,beras_medium_1,12900
2024-12-26,3577,beras_medium_1,12900
2024-12-27,3577,beras_medium_1,12900
2024-12-30,3577,beras_medium_1,12900
2024-12-31,3577,beras_medium_1,12900
2025-01-01,3577,beras_medium_1,12900
2025-01-02,3577,beras_medium_1,12900
2025-01-03,3577,beras_medium_1,12900
2025-01-06,3577,beras_medium_1,12900
2025-01-07,3577,beras_medium_1,12900
2025-01-08,3577,beras_medium_1,12900
2025-01-09,3577,beras_medium_1,12900
2025-01-10,3577,beras_medium_1,12900
2025-01-13,3577,beras_medium_1,12900
2025-01-14,3577,beras_medium_1,12900
2025-01-15,3577,beras_medium_1,12900
2025-01-16,3577,beras_medium_1,12900
2025-01-17,3577,beras_medium_1,12900
2025-01-20,3577,beras_medium_1,12900
2025-01-21,3577,beras_medium_1,12900
2025-01-22,3577,beras_medium_1,12900
2025-01-23,3577,beras_medium_1,12900
2025-01-24,3577,beras_medium_1,12900
2025-01-27,3577,beras_medium_1,12900
2025-01-28,3577,beras_medium_1,12900
2025-01-29,3577,beras_medium_1,12900
2025-01-30,3577,beras_medium_1,12900
2025-01-31,3577,beras_medium_1,12900
2025-02-03,3577,beras_medium_1,12900
2025-02-04,3577,beras_medium_1,12900
2025-02-05,3577,beras_medium_1,12900
2025-02-06,3577,beras_medium_1,12900
2025-02-07,3577,beras_medium_1,12900
2025-02-10,3577,beras_medium_1,12900
2025-02-11,3577,beras_medium_1,12900
2025-02-12,3577,beras_medium_1,12900
2025-02-13,3577,beras_medium_1,12900
2025-02-14,3577,beras_medium_1,12900
2025-02-17,3577,beras_medium_1,12900
2025-02-18,3577,beras_medium_1,12900
2025-02-19,3577,beras_medium_1,12900
2025-02-20,3577,beras_medium_1,12900
2025-02-21,3577,beras_medium_1,12900
2025-02-24,3577,beras_medium_1,12900
2025-02-25,3577,beras_medium_1,12900
2025-02-26,3577,beras_medium_1,12900
2025-02-27,3577,beras_medium_1,12900
2025-02-28,3577,beras_medium_1,12900
2025-03-03,3577,beras_medium_1,12900
2025-03-04,3577,beras_medium_1,12900
2025-03-05,3577,beras_medium_1,12900
2025-03-06,3577,beras_medium_1,12900
2025-03-07,3577,beras_medium_1,12900
2025-03-10,3577,beras_medium_1,12900
2025-03-11,3577,beras_medium_1,12900
2025-03-12,3577,beras_medium_1,12900
2025-03-13,3577,beras_medium_1,12900
2025-03-14,3577,beras_medium_1,12900
2025-03-17,3577,beras_medium_1,12900
2025-03-18,3577,beras_medium_1,12900
2025-03-19,3577,beras_medium_1,12900
2025-03-20,3577,beras_medium_1,12900
2025-03-21,3577,beras_medium_1,12900
2025-03-24,3577,beras_medium_1,12900
2025-03-25,3577,beras_medium_1,12900
2025-03-26,3577,beras_medium_1,12900
2025-03-27,3577,beras_medium_1,12900
2025-03-28,3577,beras_medium_1,12900
2025-03-31,3577,beras_medium_1,12900
2025-04-01,3577,beras_medium_1,12900
2025-04-02,3577,beras_medium_1,12900
2025-04-03,3577,beras_medium_1,12900
2025-04-04,3577,beras_medium_1,12900
2025-04-07,3577,beras_medium_1,12900
2025-04-08,3577,beras_medium_1,12900
2025-04-09,3577,beras_medium_1,12900
2025-04-10,3577,beras_medium_1,12900
2025-04-11,3577,beras_medium_1,12900
2025-04-14,3577,beras_medium_1,12900
2025-04-15,3577,beras_medium_1,12900
2025-04-16,3577,beras_medium_1,12900
2025-04-17,3577,beras_medium_1,12900
2025-04-18,3577,beras_medium_1,12900
2025-04-21,3577,beras_medium_1,12900
2025-04-22,3577,beras_medium_1,12900
2025-04-23,3577,beras_medium_1,12900
2025-04-24,3577,beras_medium_1,12900
2025-04-25,3577,beras_medium_1,12900
2025-04-28,3577,beras_medium_1,12900
2025-04-29,3577,beras_medium_1,12900
2025-04-30,3577,beras_medium_1,12900
2025-05-01,3577,beras_medium_1,12900
2025-05-02,3577,beras_medium_1,12900
2025-05-05,3577,beras_medium_1,12900
2025-05-06,3577,beras_medium_1,12900
2025-05-07,3577,beras_medium_1,12900
2025-05-08,3577,beras_medium_1,12900
2025-05-09,3577,beras_medium_1,12900
2025-05-12,3577,beras_medium_1,12900
2025-05-13,3577,beras_medium_1,12900
2025-05-14,3577,beras_medium_1,12900
2025-05-15,3577,beras_medium_1,12900
2025-05-16,3577,beras_medium_1,12900
2025-05-19,3577,beras_medium_1,12900
2025-05-20,3577,beras_medium_1,12900
2025-05-21,3577,beras_medium_1,12900
2025-05-22,3577,beras_medium_1,12900
2025-05-23,3577,beras_medium_1,12900
2025-05-26,3577,beras_medium_1,12900
2025-05-27,3577,beras_medium_1,12900
2025-05-28,3577,beras_medium_1,12900
2025-05-29,3577,beras_medium_1,12900
2025-05-30,3577,beras_medium_1,12900
2025-06-02,3577,beras_medium_1,13500
2025-06-03,3577,beras_medium_1,13500
2025-06-04,3577,beras_medium_1,13500
2025-06-05,3577,beras_medium_1,13500
2025-06-06,3577,beras_medium_1,13500
2025-06-09,3577,beras_medium_1,13500
2025-06-10,3577,beras_medium_1,13500
2025-06-11,3577,beras_medium_1,13500
2025-06-12,3577,beras_medium_1,13500
2025-06-13,3577,beras_medium_1,13500
2025-06-16,3577,beras_medium_1,14000
2025-06-17,3577,beras_medium_1,14000
2025-06-18,3577,beras_medium_1,14000
2025-06-19,3577,beras_medium_1,14000
2025-06-20,3577,beras_medium_1,14000
2025-06-23,3577,beras_medium_1,14000
2025-06-24,3577,beras_medium_1,14000
2025-06-25,3577,beras_medium_1,14000
2025-06-26,3577,beras_medium_1,14000
2025-06-27,3577,beras_medium_1,14000
2025-06-30,3577,beras_medium_1,14000
2025-07-01,3577,beras_medium_1,14000
2025-07-02,3577,beras_medium_1,14000
2025-07-03,3577,beras_medium_1,14000
2025-07-04,3577,beras_medium_1,14000
2025-07-07,3577,beras_medium_1,14000
2025-07-08,3577,beras_medium_1,14000
2025-07-09,3577,beras_medium_1,14000
2025-07-10,3577,beras_medium_1,14000
2025-07-11,3577,beras_medium_1,14000
2025-07-14,3577,beras_medium_1,14000
2025-07-15,3577,beras_medium_1,14000
2025-07-16,3577,beras_medium_1,14000
2025-07-17,3577,beras_medium_1,14000
2025-07-18,3577,beras_medium_1,14000
2025-07-21,3577,beras_medium_1,14000
2025-07-22,3577,beras_medium_1,14000
2025-07-23,3577,beras_medium_1,14000
2025-07-24,3577,beras_medium_1,14000
2025-07-25,3577,beras_medium_1,14000
2025-07-28,3577,beras_medium_1,14000
2025-07-29,3577,beras_medium_1,14000
2025-07-30,3577,beras_medium_1,14000
2025-07-31,3577,beras_medium_1,14000
2025-08-01,3577,beras_medium_1,14000
2025-08-04,3577,beras_medium_1,14000
2025-08-05,3577,beras_medium_1,14000
2025-08-06,3577,beras_medium_1,14000
2025-08-07,3577,beras_medium_1,14000
2025-08-08,3577,beras_medium_1,14000
2025-08-11,3577,beras_medium_1,14000
2025-08-12,3577,beras_medium_1,14000
2025-08-13,3577,beras_medium_1,14000
2025-08-14,3577,beras_medium_1,14000
2025-08-15,3577,beras_medium_1,14000
2025-08-18,3577,beras_medium_1,14000
2025-08-19,3577,beras_medium_1,14000
2025-08-20,3577,beras_medium_1,14000
2025-08-21,3577,beras_medium_1,14000
2025-08-22,3577,beras_medium_1,14000
2025-08-25,3577,beras_medium_1,14000
2025-08-26,3577,beras_medium_1,14000
2025-08-27,3577,beras_medium_1,14000
2025-08-28,3577,beras_medium_1,14000
2025-08-29,3577,beras_medium_1,14000
2025-09-01,3577,beras_medium_1,14000
2025-09-02,3577,beras_medium_1,14000
2025-09-03,3577,beras_medium_1,14000
2025-09-04,3577,beras_medium_1,14000
2025-09-05,3577,beras_medium_1,14000
2025-09-08,3577,beras_medium_1,14500
2025-09-09,3577,beras_medium_1,14500
2025-09-10,3577,beras_medium_1,14500
2025-09-11,3577,beras_medium_1,14500
2025-09-12,3577,beras_medium_1,14500
2025-09-15,3577,beras_medium_1,14500
2025-09-16,3577,beras_medium_1,14500
2025-09-17,3577,beras_medium_1,14500
2025-09-18,3577,beras_medium_1,14500
2025-09-19,3577,beras_medium_1,14500
2025-09-22,3577,beras_medium_1,14500
2025-09-23,3577,beras_medium_1,14500
2025-09-24,3577,beras_medium_1,14500
2025-09-25,3577,beras_medium_1,14500
2025-09-26,3577,beras_medium_1,14500
2025-09-29,3577,beras_medium_1,14500
2025-09-30,3577,beras_medium_1,14500
2025-10-01,3577,beras_medium_1,14500
2025-10-02,3577,beras_medium_1,14500
2025-10-03,3577,beras_medium_1,14500
2025-10-06,3577,beras_medium_1,14500
2025-10-07,3577,beras_medium_1,14500
2025-10-08,3577,beras_medium_1,14500
2025-10-09,3577,beras_medium_1,14500
2025-10-10,3577,beras_medium_1,14500
2025-10-13,3577,beras_medium_1,14500
2025-10-14,3577,beras_medium_1,14500
2025-10-15,3577,beras_medium_1,14500
2025-10-16,3577,beras_medium_1,14500
2025-10-17,3577,beras_medium_1,14500
2025-10-20,3577,beras_medium_1,14500
2025-10-21,3577,beras_medium_1,14500
2025-10-22,3577,beras_medium_1,14500
2025-10-23,3577,beras_medium_1,14500
2025-10-24,3577,beras_medium_1,14500
2025-10-27,3577,beras_medium_1,14500
2025-10-28,3577,beras_medium_1,14500
2025-10-29,3577,beras_medium_1,14500
2025-10-30,3577,beras_medium_1,14500
2025-10-31,3577,beras_medium_1,14500
2025-11-03,3577,beras_medium_1,14500
2025-11-04,3577,beras_medium_1,14500
2025-11-05,3577,beras_medium_1,14500
2025-11-06,3577,beras_medium_1,14500
2025-11-07,3577,beras_medium_1,14500
2025-11-10,3577,beras_medium_1,14500
2025-11-11,3577,beras_medium_1,14500
2025-11-12,3577,beras_medium_1,14500
2025-11-13,3577,beras_medium_1,14500
2025-11-14,3577,beras_medium_1,14500
2025-11-17,3577,beras_medium_1,14000
2025-11-18,3577,beras_medium_1,14000
2025-11-19,3577,beras_medium_1,14000
2025-11-20,3577,beras_medium_1,14000
2025-11-21,3577,beras_medium_1,14000
2025-11-24,3577,beras_medium_1,14000
2025-11-25,3577,beras_medium_1,14000
2025-11-26,3577,beras_medium_1,14000
2025-11-27,3577,beras_medium_1,14000
2025-11-28,3577,beras_medium_1,14000
2025-12-01,3577,beras_medium_1,14000
2025-12-02,3577,beras_medium_1,14000
2025-12-03,3577,beras_medium_1,14000
2025-12-04,3577,beras_medium_1,14000
2025-12-05,3577,beras_medium_1,14000
2025-12-08,3577,beras_medium_1,14000
2025-12-09,3577,beras_medium_1,14000
2025-12-10,3577,beras_medium_1,14000
2025-12-11,3577,beras_medium_1,14000
2025-12-12,3577,beras_medium_1,14000
2025-12-15,3577,beras_medium_1,14000
2025-12-16,3577,beras_medium_1,14000
2025-12-17,3577,beras_medium_1,14000
2025-12-18,3577,beras_medium_1,14000
2025-12-19,3577,beras_medium_1,14000
2025-12-22,3577,beras_medium_1,14000
2025-12-23,3577,beras_medium_1,14000
2025-12-24,3577,beras_medium_1,14000
2025-12-25,3577,beras_medium_1,14000
2025-12-26,3577,beras_medium_1,14000
2025-12-29,3577,beras_medium_1,14000
2025-12-30,3577,beras_medium_1,14000
2025-12-31,3577,beras_medium_1,14000
2021-01-04,3578,beras_medium_1,12000
2021-01-05,3578,beras_medium_1,12000
2021-01-06,3578,beras_medium_1,12000
2021-01-07,3578,beras_medium_1,12000
2021-01-08,3578,beras_medium_1,12000
2021-01-11,3578,beras_medium_1,12000
2021-01-12,3578,beras_medium_1,12000
2021-01-13,3578,beras_medium_1,12000
2021-01-14,3578,beras_medium_1,12000
2021-01-15,3578,beras_medium_1,12000
2021-01-18,3578,beras_medium_1,12000
2021-01-19,3578,beras_medium_1,12000
2021-01-20,3578,beras_medium_1,12000
2021-01-21,3578,beras_medium_1,12000
2021-01-22,3578,beras_medium_1,12000
2021-01-25,3578,beras_medium_1,12000
2021-01-26,3578,beras_medium_1,12000
2021-01-27,3578,beras_medium_1,12000
2021-01-28,3578,beras_medium_1,12000
2021-01-29,3578,beras_medium_1,12000
2021-02-01,3578,beras_medium_1,12000
2021-02-02,3578,beras_medium_1,12000
2021-02-03,3578,beras_medium_1,12000
2021-02-04,3578,beras_medium_1,12000
2021-02-05,3578,beras_medium_1,12000
2021-02-08,3578,beras_medium_1,12000
2021-02-09,3578,beras_medium_1,12000
2021-02-10,3578,beras_medium_1,12000
2021-02-11,3578,beras_medium_1,12000
2021-02-15,3578,beras_medium_1,12000
2021-02-16,3578,beras_medium_1,12000
2021-02-17,3578,beras_medium_1,12000
2021-02-18,3578,beras_medium_1,12000
2021-02-19,3578,beras_medium_1,12000
2021-02-22,3578,beras_medium_1,12000
2021-02-23,3578,beras_medium_1,12000
2021-02-24,3578,beras_medium_1,12000
2021-02-25,3578,beras_medium_1,12000
2021-02-26,3578,beras_medium_1,12000
2021-03-01,3578,beras_medium_1,12000
2021-03-02,3578,beras_medium_1,12000
2021-03-03,3578,beras_medium_1,12000
2021-03-04,3578,beras_medium_1,12000
2021-03-05,3578,beras_medium_1,12000
2021-03-08,3578,beras_medium_1,12000
2021-03-09,3578,beras_medium_1,12000
2021-03-10,3578,beras_medium_1,12000
2021-03-12,3578,beras_medium_1,12000
2021-03-15,3578,beras_medium_1,12000
2021-03-16,3578,beras_medium_1,12000
2021-03-17,3578,beras_medium_1,12000
2021-03-18,3578,beras_medium_1,12000
2021-03-19,3578,beras_medium_1,12000
2021-03-22,3578,beras_medium_1,12000
2021-03-23,3578,beras_medium_1,12000
2021-03-24,3578,beras_medium_1,12000
2021-03-25,3578,beras_medium_1,12000
2021-03-26,3578,beras_medium_1,12000
2021-03-29,3578,beras_medium_1,12000
2021-03-30,3578,beras_medium_1,12000
2021-03-31,3578,beras_medium_1,12000
2021-04-01,3578,beras_medium_1,12000
2021-04-05,3578,beras_medium_1,12000
2021-04-06,3578,beras_medium_1,12000
2021-04-07,3578,beras_medium_1,12000
2021-04-08,3578,beras_medium_1,12000
2021-04-09,3578,beras_medium_1,12000
2021-04-12,3578,beras_medium_1,12000
2021-04-13,3578,beras_medium_1,12000
2021-04-14,3578,beras_medium_1,12000
2021-04-15,3578,beras_medium_1,12000
2021-04-16,3578,beras_medium_1,12000
2021-04-19,3578,beras_medium_1,12000
2021-04-20,3578,beras_medium_1,12000
2021-04-21,3578,beras_medium_1,12000
2021-04-22,3578,beras_medium_1,12000
2021-04-23,3578,beras_medium_1,12000
2021-04-26,3578,beras_medium_1,12000
2021-04-27,3578,beras_medium_1,12000
2021-04-28,3578,beras_medium_1,12000
2021-04-29,3578,beras_medium_1,12000
2021-04-30,3578,beras_medium_1,12000
2021-05-03,3578,beras_medium_1,12000
2021-05-04,3578,beras_medium_1,12000
2021-05-05,3578,beras_medium_1,12000
2021-05-06,3578,beras_medium_1,12000
2021-05-07,3578,beras_medium_1,12000
2021-05-10,3578,beras_medium_1,12000
2021-05-11,3578,beras_medium_1,12000
2021-05-17,3578,beras_medium_1,12000
2021-05-18,3578,beras_medium_1,12000
2021-05-19,3578,beras_medium_1,12000
2021-05-20,3578,beras_medium_1,12000
2021-05-21,3578,beras_medium_1,12000
2021-05-24,3578,beras_medium_1,12000
2021-05-25,3578,beras_medium_1,12000
2021-05-27,3578,beras_medium_1,12000
2021-05-28,3578,beras_medium_1,12000
2021-05-31,3578,beras_medium_1,12000
2021-06-02,3578,beras_medium_1,12000
2021-06-03,3578,beras_medium_1,12000
2021-06-04,3578,beras_medium_1,12000
2021-06-07,3578,beras_medium_1,12000
2021-06-08,3578,beras_medium_1,12000
2021-06-09,3578,beras_medium_1,12000
2021-06-10,3578,beras_medium_1,12000
2021-06-11,3578,beras_medium_1,12000
2021-06-14,3578,beras_medium_1,12000
2021-06-15,3578,beras_medium_1,12000
2021-06-16,3578,beras_medium_1,12000
2021-06-17,3578,beras_medium_1,12000
2021-06-18,3578,beras_medium_1,12000
2021-06-21,3578,beras_medium_1,12000
2021-06-22,3578,beras_medium_1,12000
2021-06-23,3578,beras_medium_1,12000
2021-06-24,3578,beras_medium_1,12000
2021-06-25,3578,beras_medium_1,12000
2021-06-28,3578,beras_medium_1,12000
2021-06-29,3578,beras_medium_1,12000
2021-06-30,3578,beras_medium_1,12000
2021-07-01,3578,beras_medium_1,12000
2021-07-02,3578,beras_medium_1,12000
2021-07-05,3578,beras_medium_1,12000
2021-07-06,3578,beras_medium_1,12000
2021-07-07,3578,beras_medium_1,12000
2021-07-08,3578,beras_medium_1,12000
2021-07-09,3578,beras_medium_1,12000
2021-07-12,3578,beras_medium_1,12000
2021-07-13,3578,beras_medium_1,12000
2021-07-14,3578,beras_medium_1,12000
2021-07-15,3578,beras_medium_1,12000
2021-07-16,3578,beras_medium_1,12000
2021-07-19,3578,beras_medium_1,12000
2021-07-21,3578,beras_medium_1,12000
2021-07-22,3578,beras_medium_1,12000
2021-07-23,3578,beras_medium_1,12000
2021-07-26,3578,beras_medium_1,12000
2021-07-27,3578,beras_medium_1,12000
2021-07-28,3578,beras_medium_1,12000
2021-07-29,3578,beras_medium_1,12000
2021-07-30,3578,beras_medium_1,12000
2021-08-02,3578,beras_medium_1,12000
2021-08-03,3578,beras_medium_1,12000
2021-08-04,3578,beras_medium_1,12000
2021-08-05,3578,beras_medium_1,12000
2021-08-06,3578,beras_medium_1,12000
2021-08-09,3578,beras_medium_1,12000
2021-08-10,3578,beras_medium_1,12000
2021-08-12,3578,beras_medium_1,12000
2021-08-13,3578,beras_medium_1,12000
2021-08-16,3578,beras_medium_1,12050
2021-08-18,3578,beras_medium_1,12050
2021-08-19,3578,beras_medium_1,12050
2021-08-20,3578,beras_medium_1,12050
2021-08-23,3578,beras_medium_1,12050
2021-08-24,3578,beras_medium_1,12050
2021-08-25,3578,beras_medium_1,12050
2021-08-26,3578,beras_medium_1,12050
2021-08-27,3578,beras_medium_1,12050
2021-08-30,3578,beras_medium_1,12050
2021-08-31,3578,beras_medium_1,12050
2021-09-01,3578,beras_medium_1,12050
2021-09-02,3578,beras_medium_1,12050
2021-09-03,3578,beras_medium_1,12050
2021-09-06,3578,beras_medium_1,12050
2021-09-07,3578,beras_medium_1,12050
2021-09-08,3578,beras_medium_1,12050
2021-09-09,3578,beras_medium_1,12050
2021-09-10,3578,beras_medium_1,12050
2021-09-13,3578,beras_medium_1,12050
2021-09-14,3578,beras_medium_1,12050
2021-09-15,3578,beras_medium_1,12050
2021-09-16,3578,beras_medium_1,12050
2021-09-17,3578,beras_medium_1,12050
2021-09-20,3578,beras_medium_1,12000
2021-09-21,3578,beras_medium_1,12050
2021-09-22,3578,beras_medium_1,12050
2021-09-23,3578,beras_medium_1,12050
2021-09-24,3578,beras_medium_1,12050
2021-09-27,3578,beras_medium_1,12050
2021-09-28,3578,beras_medium_1,12050
2021-09-29,3578,beras_medium_1,12050
2021-09-30,3578,beras_medium_1,12050
2021-10-01,3578,beras_medium_1,12050
2021-10-04,3578,beras_medium_1,12050
2021-10-05,3578,beras_medium_1,12050
2021-10-06,3578,beras_medium_1,12050
2021-10-07,3578,beras_medium_1,12050
2021-10-08,3578,beras_medium_1,12050
2021-10-11,3578,beras_medium_1,12050
2021-10-12,3578,beras_medium_1,12050
2021-10-13,3578,beras_medium_1,12050
2021-10-14,3578,beras_medium_1,12050
2021-10-15,3578,beras_medium_1,12050
2021-10-18,3578,beras_medium_1,12050
2021-10-19,3578,beras_medium_1,12050
2021-10-21,3578,beras_medium_1,12050
2021-10-22,3578,beras_medium_1,12050
2021-10-25,3578,beras_medium_1,12050
2021-10-26,3578,beras_medium_1,12050
2021-10-27,3578,beras_medium_1,12050
2021-10-28,3578,beras_medium_1,12050
2021-10-29,3578,beras_medium_1,12050
2021-11-01,3578,beras_medium_1,12050
2021-11-02,3578,beras_medium_1,12050
2021-11-03,3578,beras_medium_1,12050
2021-11-04,3578,beras_medium_1,12050
2021-11-05,3578,beras_medium_1,12050
2021-11-08,3578,beras_medium_1,12050
2021-11-09,3578,beras_medium_1,12050
2021-11-10,3578,beras_medium_1,12050
2021-11-11,3578,beras_medium_1,12050
2021-11-12,3578,beras_medium_1,12050
2021-11-15,3578,beras_medium_1,12050
2021-11-16,3578,beras_medium_1,12050
2021-11-17,3578,beras_medium_1,12050
2021-11-18,3578,beras_medium_1,12050
2021-11-19,3578,beras_medium_1,12050
2021-11-22,3578,beras_medium_1,12050
2021-11-23,3578,beras_medium_1,12050
2021-11-24,3578,beras_medium_1,12050
2021-11-25,3578,beras_medium_1,12050
2021-11-26,3578,beras_medium_1,12050
2021-11-29,3578,beras_medium_1,12050
2021-11-30,3578,beras_medium_1,12050
2021-12-01,3578,beras_medium_1,12050
2021-12-02,3578,beras_medium_1,12050
2021-12-03,3578,beras_medium_1,12050
2021-12-06,3578,beras_medium_1,12050
2021-12-07,3578,beras_medium_1,12050
2021-12-08,3578,beras_medium_1,12050
2021-12-09,3578,beras_medium_1,12050
2021-12-10,3578,beras_medium_1,12050
2021-12-13,3578,beras_medium_1,12050
2021-12-14,3578,beras_medium_1,12050
2021-12-15,3578,beras_medium_1,12050
2021-12-16,3578,beras_medium_1,12050
2021-12-17,3578,beras_medium_1,12050
2021-12-20,3578,beras_medium_1,12050
2021-12-21,3578,beras_medium_1,12050
2021-12-22,3578,beras_medium_1,12050
2021-12-23,3578,beras_medium_1,12050
2021-12-24,3578,beras_medium_1,12050
2021-12-27,3578,beras_medium_1,12050
2021-12-28,3578,beras_medium_1,12050
2021-12-29,3578,beras_medium_1,12050
2021-12-30,3578,beras_medium_1,12050
2021-12-31,3578,beras_medium_1,12050
2022-01-03,3578,beras_medium_1,12050
2022-01-04,3578,beras_medium_1,13000
2022-01-05,3578,beras_medium_1,12050
2022-01-06,3578,beras_medium_1,12050
2022-01-07,3578,beras_medium_1,12050
2022-01-10,3578,beras_medium_1,12050
2022-01-11,3578,beras_medium_1,12050
2022-01-12,3578,beras_medium_1,12050
2022-01-13,3578,beras_medium_1,12050
2022-01-14,3578,beras_medium_1,12050
2022-01-17,3578,beras_medium_1,12050
2022-01-18,3578,beras_medium_1,12050
2022-01-19,3578,beras_medium_1,12050
2022-01-20,3578,beras_medium_1,12050
2022-01-21,3578,beras_medium_1,12050
2022-01-24,3578,beras_medium_1,12050
2022-01-25,3578,beras_medium_1,12050
2022-01-26,3578,beras_medium_1,12050
2022-01-27,3578,beras_medium_1,12050
2022-01-28,3578,beras_medium_1,12050
2022-01-31,3578,beras_medium_1,12050
2022-02-02,3578,beras_medium_1,12050
2022-02-03,3578,beras_medium_1,12050
2022-02-04,3578,beras_medium_1,12050
2022-02-07,3578,beras_medium_1,12050
2022-02-08,3578,beras_medium_1,12050
2022-02-09,3578,beras_medium_1,12050
2022-02-10,3578,beras_medium_1,12050
2022-02-11,3578,beras_medium_1,12050
2022-02-14,3578,beras_medium_1,12050
2022-02-15,3578,beras_medium_1,12050
2022-02-16,3578,beras_medium_1,12050
2022-02-17,3578,beras_medium_1,12050
2022-02-18,3578,beras_medium_1,12050
2022-02-21,3578,beras_medium_1,12050
2022-02-22,3578,beras_medium_1,12050
2022-02-23,3578,beras_medium_1,12050
2022-02-24,3578,beras_medium_1,12050
2022-02-25,3578,beras_medium_1,12050
2022-03-01,3578,beras_medium_1,12050
2022-03-02,3578,beras_medium_1,12050
2022-03-04,3578,beras_medium_1,12050
2022-03-07,3578,beras_medium_1,12050
2022-03-08,3578,beras_medium_1,12050
2022-03-09,3578,beras_medium_1,12050
2022-03-10,3578,beras_medium_1,12050
2022-03-11,3578,beras_medium_1,12050
2022-03-14,3578,beras_medium_1,12050
2022-03-15,3578,beras_medium_1,12050
2022-03-16,3578,beras_medium_1,12050
2022-03-17,3578,beras_medium_1,12050
2022-03-18,3578,beras_medium_1,12050
2022-03-21,3578,beras_medium_1,12050
2022-03-22,3578,beras_medium_1,12050
2022-03-23,3578,beras_medium_1,12050
2022-03-24,3578,beras_medium_1,12050
2022-03-25,3578,beras_medium_1,12050
2022-03-28,3578,beras_medium_1,12050
2022-03-29,3578,beras_medium_1,12050
2022-03-30,3578,beras_medium_1,12050
2022-03-31,3578,beras_medium_1,12050
2022-04-01,3578,beras_medium_1,12050
2022-04-04,3578,beras_medium_1,12050
2022-04-05,3578,beras_medium_1,12050
2022-04-06,3578,beras_medium_1,12050
2022-04-07,3578,beras_medium_1,12050
2022-04-08,3578,beras_medium_1,12050
2022-04-11,3578,beras_medium_1,12050
2022-04-12,3578,beras_medium_1,12050
2022-04-13,3578,beras_medium_1,12050
2022-04-14,3578,beras_medium_1,12050
2022-04-18,3578,beras_medium_1,12050
2022-04-19,3578,beras_medium_1,12050
2022-04-20,3578,beras_medium_1,12050
2022-04-21,3578,beras_medium_1,12050
2022-04-22,3578,beras_medium_1,12050
2022-04-25,3578,beras_medium_1,12050
2022-04-26,3578,beras_medium_1,12050
2022-04-27,3578,beras_medium_1,12050
2022-04-28,3578,beras_medium_1,12050
2023-01-02,3578,beras_medium_1,12650
2023-01-03,3578,beras_medium_1,12650
2023-01-04,3578,beras_medium_1,12650
2023-01-05,3578,beras_medium_1,12650
2023-01-06,3578,beras_medium_1,12650
2023-01-09,3578,beras_medium_1,12650
2023-01-10,3578,beras_medium_1,12650
2023-01-11,3578,beras_medium_1,12650
2023-01-12,3578,beras_medium_1,12650
2023-01-13,3578,beras_medium_1,12650
2023-01-16,3578,beras_medium_1,12900
2023-01-17,3578,beras_medium_1,12900
2023-01-18,3578,beras_medium_1,12900
2023-01-19,3578,beras_medium_1,12900
2023-01-20,3578,beras_medium_1,12900
2023-01-23,3578,beras_medium_1,12900
2023-01-24,3578,beras_medium_1,12900
2023-01-25,3578,beras_medium_1,12900
2023-01-26,3578,beras_medium_1,12900
2023-01-27,3578,beras_medium_1,12900
2023-01-30,3578,beras_medium_1,12900
2023-01-31,3578,beras_medium_1,12900
2023-02-01,3578,beras_medium_1,12900
2023-02-02,3578,beras_medium_1,12900
2023-02-03,3578,beras_medium_1,12900
2023-02-06,3578,beras_medium_1,12900
2023-02-07,3578,beras_medium_1,13000
2023-02-08,3578,beras_medium_1,13000
2023-02-09,3578,beras_medium_1,13000
2023-02-10,3578,beras_medium_1,13150
2023-02-13,3578,beras_medium_1,13250
2023-02-14,3578,beras_medium_1,13250
2023-02-15,3578,beras_medium_1,13250
2023-02-16,3578,beras_medium_1,13250
2023-02-17,3578,beras_medium_1,13250
2023-02-20,3578,beras_medium_1,13250
2023-02-21,3578,beras_medium_1,13250
2023-02-22,3578,beras_medium_1,13250
2023-02-23,3578,beras_medium_1,13250
2023-02-24,3578,beras_medium_1,13250
2023-02-27,3578,beras_medium_1,13250
2023-02-28,3578,beras_medium_1,13250
2023-03-01,3578,beras_medium_1,13250
2023-03-02,3578,beras_medium_1,13250
2023-03-03,3578,beras_medium_1,13250
2023-03-06,3578,beras_medium_1,13250
2023-03-07,3578,beras_medium_1,13400
2023-03-08,3578,beras_medium_1,13400
2023-03-09,3578,beras_medium_1,13250
2023-03-10,3578,beras_medium_1,13250
2023-03-13,3578,beras_medium_1,13250
2023-03-14,3578,beras_medium_1,13250
2023-03-15,3578,beras_medium_1,13250
2023-03-16,3578,beras_medium_1,13250
2023-03-17,3578,beras_medium_1,13250
2023-03-20,3578,beras_medium_1,13250
2023-03-21,3578,beras_medium_1,13250
2023-03-22,3578,beras_medium_1,13250
2023-03-23,3578,beras_medium_1,13250
2023-03-24,3578,beras_medium_1,13250
2023-03-27,3578,beras_medium_1,13250
2023-03-28,3578,beras_medium_1,13250
2023-03-29,3578,beras_medium_1,13250
2023-03-30,3578,beras_medium_1,13250
2023-03-31,3578,beras_medium_1,13250
2023-04-03,3578,beras_medium_1,13250
2023-04-04,3578,beras_medium_1,13400
2023-04-05,3578,beras_medium_1,13400
2023-04-06,3578,beras_medium_1,13400
2023-04-07,3578,beras_medium_1,13400
2023-04-10,3578,beras_medium_1,13400
2023-04-11,3578,beras_medium_1,13250
2023-04-12,3578,beras_medium_1,13250
2023-04-13,3578,beras_medium_1,13250
2023-04-14,3578,beras_medium_1,13250
2023-04-17,3578,beras_medium_1,13250
2023-04-18,3578,beras_medium_1,13250
2023-04-24,3578,beras_medium_1,14000
2023-04-25,3578,beras_medium_1,13250
2023-04-26,3578,beras_medium_1,13400
2023-04-27,3578,beras_medium_1,13400
2023-04-28,3578,beras_medium_1,13400
2023-05-02,3578,beras_medium_1,13400
2023-05-03,3578,beras_medium_1,13400
2023-05-04,3578,beras_medium_1,13400
2023-05-05,3578,beras_medium_1,13400
2023-05-08,3578,beras_medium_1,13400
2023-05-09,3578,beras_medium_1,13400
2023-05-10,3578,beras_medium_1,13250
2023-05-11,3578,beras_medium_1,13250
2023-05-12,3578,beras_medium_1,13250
2023-05-15,3578,beras_medium_1,13250
2023-05-16,3578,beras_medium_1,13250
2023-05-17,3578,beras_medium_1,13250
2023-05-18,3578,beras_medium_1,13250
2023-05-19,3578,beras_medium_1,13250
2023-05-22,3578,beras_medium_1,13250
2023-05-23,3578,beras_medium_1,13250
2023-05-24,3578,beras_medium_1,13250
2023-05-25,3578,beras_medium_1,13250
2023-05-26,3578,beras_medium_1,13250
2023-05-29,3578,beras_medium_1,13250
2023-05-30,3578,beras_medium_1,13250
2023-05-31,3578,beras_medium_1,13250
2023-06-01,3578,beras_medium_1,13250
2023-06-02,3578,beras_medium_1,13250
2023-06-05,3578,beras_medium_1,13250
2023-06-06,3578,beras_medium_1,13250
2023-06-07,3578,beras_medium_1,13250
2023-06-08,3578,beras_medium_1,13250
2023-06-09,3578,beras_medium_1,13250
2023-06-12,3578,beras_medium_1,13250
2023-06-13,3578,beras_medium_1,13250
2023-06-14,3578,beras_medium_1,13250
2023-06-15,3578,beras_medium_1,13250
2023-06-16,3578,beras_medium_1,13250
2023-06-19,3578,beras_medium_1,13250
2023-06-20,3578,beras_medium_1,13250
2023-06-21,3578,beras_medium_1,13250
2023-06-22,3578,beras_medium_1,13250
2023-06-23,3578,beras_medium_1,13250
2023-06-26,3578,beras_medium_1,13250
2023-06-27,3578,beras_medium_1,13250
2023-06-28,3578,beras_medium_1,13250
2023-06-29,3578,beras_medium_1,13250
2023-06-30,3578,beras_medium_1,13250
2023-07-03,3578,beras_medium_1,13250
2023-07-04,3578,beras_medium_1,13250
2023-07-05,3578,beras_medium_1,13250
2023-07-06,3578,beras_medium_1,13250
2023-07-07,3578,beras_medium_1,13250
2023-07-10,3578,beras_medium_1,13250
2023-07-11,3578,beras_medium_1,13250
2023-07-12,3578,beras_medium_1,13250
2023-07-13,3578,beras_medium_1,13250
2023-07-14,3578,beras_medium_1,13250
2023-07-17,3578,beras_medium_1,13250
2023-07-18,3578,beras_medium_1,13250
2023-07-19,3578,beras_medium_1,13250
2023-07-20,3578,beras_medium_1,13250
2023-07-21,3578,beras_medium_1,13250
2023-07-24,3578,beras_medium_1,13250
2023-07-25,3578,beras_medium_1,13250
2023-07-26,3578,beras_medium_1,13250
2023-07-27,3578,beras_medium_1,13250
2023-07-28,3578,beras_medium_1,13250
2023-07-31,3578,beras_medium_1,13250
2023-08-01,3578,beras_medium_1,13250
2023-08-02,3578,beras_medium_1,13250
2023-08-03,3578,beras_medium_1,13250
2023-08-04,3578,beras_medium_1,13250
2023-08-07,3578,beras_medium_1,13250
2023-08-08,3578,beras_medium_1,13250
2023-08-09,3578,beras_medium_1,13250
2023-08-10,3578,beras_medium_1,13250
2023-08-11,3578,beras_medium_1,13250
2023-08-14,3578,beras_medium_1,13250
2023-08-15,3578,beras_medium_1,13250
2023-08-16,3578,beras_medium_1,13250
2023-08-17,3578,beras_medium_1,13250
2023-08-18,3578,beras_medium_1,13500
2023-08-21,3578,beras_medium_1,13650
2023-08-22,3578,beras_medium_1,13650
2023-08-23,3578,beras_medium_1,13650
2023-08-24,3578,beras_medium_1,13650
2023-08-25,3578,beras_medium_1,13650
2023-08-28,3578,beras_medium_1,13750
2023-08-29,3578,beras_medium_1,13750
2023-08-30,3578,beras_medium_1,13750
2023-08-31,3578,beras_medium_1,13750
2023-09-01,3578,beras_medium_1,13750
2023-09-04,3578,beras_medium_1,14000
2023-09-05,3578,beras_medium_1,14000
2023-09-06,3578,beras_medium_1,14000
2023-09-07,3578,beras_medium_1,14000
2023-09-08,3578,beras_medium_1,14000
2023-09-11,3578,beras_medium_1,14000
2023-09-12,3578,beras_medium_1,14000
2023-09-13,3578,beras_medium_1,14000
2023-09-14,3578,beras_medium_1,14000
2023-09-15,3578,beras_medium_1,14000
2023-09-18,3578,beras_medium_1,14500
2023-09-19,3578,beras_medium_1,14500
2023-09-20,3578,beras_medium_1,14500
2023-09-21,3578,beras_medium_1,14500
2023-09-22,3578,beras_medium_1,14500
2023-09-25,3578,beras_medium_1,14650
2023-09-26,3578,beras_medium_1,14650
2023-09-27,3578,beras_medium_1,14650
2023-09-28,3578,beras_medium_1,14650
2023-09-29,3578,beras_medium_1,14650
2023-10-02,3578,beras_medium_1,14650
2023-10-03,3578,beras_medium_1,14650
2023-10-04,3578,beras_medium_1,14650
2023-10-05,3578,beras_medium_1,14650
2023-10-06,3578,beras_medium_1,14650
2023-10-09,3578,beras_medium_1,14650
2023-10-10,3578,beras_medium_1,14650
2023-10-11,3578,beras_medium_1,14650
2023-10-12,3578,beras_medium_1,14650
2023-10-13,3578,beras_medium_1,14650
2023-10-16,3578,beras_medium_1,14650
2023-10-17,3578,beras_medium_1,14650
2023-10-18,3578,beras_medium_1,14650
2023-10-19,3578,beras_medium_1,14650
2023-10-20,3578,beras_medium_1,14650
2023-10-23,3578,beras_medium_1,14650
2023-10-24,3578,beras_medium_1,14650
2023-10-25,3578,beras_medium_1,14650
2023-10-26,3578,beras_medium_1,14650
2023-10-27,3578,beras_medium_1,14650
2023-10-30,3578,beras_medium_1,14650
2023-10-31,3578,beras_medium_1,14650
2023-11-01,3578,beras_medium_1,14650
2023-11-02,3578,beras_medium_1,14650
2023-11-03,3578,beras_medium_1,14650
2023-11-06,3578,beras_medium_1,14650
2023-11-07,3578,beras_medium_1,14650
2023-11-08,3578,beras_medium_1,14650
2023-11-09,3578,beras_medium_1,14650
2023-11-10,3578,beras_medium_1,14650
2023-11-13,3578,beras_medium_1,14650
2023-11-14,3578,beras_medium_1,14650
2023-11-15,3578,beras_medium_1,14650
2023-11-16,3578,beras_medium_1,14650
2023-11-17,3578,beras_medium_1,14650
2023-11-20,3578,beras_medium_1,14650
2023-11-21,3578,beras_medium_1,14650
2023-11-22,3578,beras_medium_1,14650
2023-11-23,3578,beras_medium_1,14650
2023-11-24,3578,beras_medium_1,14650
2023-11-27,3578,beras_medium_1,14650
2023-11-28,3578,beras_medium_1,14650
2023-11-29,3578,beras_medium_1,14650
2023-11-30,3578,beras_medium_1,14650
2023-12-01,3578,beras_medium_1,14650
2023-12-04,3578,beras_medium_1,14650
2023-12-05,3578,beras_medium_1,14650
2023-12-06,3578,beras_medium_1,14650
2023-12-07,3578,beras_medium_1,14650
2023-12-08,3578,beras_medium_1,14650
2023-12-11,3578,beras_medium_1,14650
2023-12-12,3578,beras_medium_1,14650
2023-12-13,3578,beras_medium_1,14650
2023-12-14,3578,beras_medium_1,14650
2023-12-15,3578,beras_medium_1,14650
2023-12-18,3578,beras_medium_1,14650
2023-12-19,3578,beras_medium_1,14650
2023-12-20,3578,beras_medium_1,14650
2023-12-21,3578,beras_medium_1,14650
2023-12-22,3578,beras_medium_1,14650
2023-12-27,3578,beras_medium_1,14650
2023-12-28,3578,beras_medium_1,14650
2023-12-29,3578,beras_medium_1,14650
2024-01-01,3578,beras_medium_1,14650
2024-01-02,3578,beras_medium_1,14650
2024-01-03,3578,beras_medium_1,14650
2024-01-04,3578,beras_medium_1,14650
2024-01-05,3578,beras_medium_1,14650
2024-01-08,3578,beras_medium_1,14650
2024-01-09,3578,beras_medium_1,14650
2024-01-10,3578,beras_medium_1,14650
2024-01-11,3578,beras_medium_1,14650
2024-01-12,3578,beras_medium_1,14650
2024-01-15,3578,beras_medium_1,14650
2024-01-16,3578,beras_medium_1,14650
2024-01-17,3578,beras_medium_1,14650
2024-01-18,3578,beras_medium_1,14650
2024-01-19,3578,beras_medium_1,14650
2024-01-22,3578,beras_medium_1,14650
2024-01-23,3578,beras_medium_1,14650
2024-01-24,3578,beras_medium_1,14650
2024-01-25,3578,beras_medium_1,14650
2024-01-26,3578,beras_medium_1,14650
2024-01-29,3578,beras_medium_1,15000
2024-01-30,3578,beras_medium_1,15000
2024-01-31,3578,beras_medium_1,15000
2024-02-01,3578,beras_medium_1,15300
2024-02-02,3578,beras_medium_1,15300
2024-02-05,3578,beras_medium_1,15300
2024-02-06,3578,beras_medium_1,15300
2024-02-07,3578,beras_medium_1,15300
2024-02-08,3578,beras_medium_1,15300
2024-02-09,3578,beras_medium_1,15300
2024-02-12,3578,beras_medium_1,15450
2024-02-13,3578,beras_medium_1,15450
2024-02-14,3578,beras_medium_1,15450
2024-02-15,3578,beras_medium_1,15450
2024-02-16,3578,beras_medium_1,15450
2024-02-19,3578,beras_medium_1,15500
2024-02-20,3578,beras_medium_1,15500
2024-02-21,3578,beras_medium_1,15500
2024-02-22,3578,beras_medium_1,15500
2024-02-23,3578,beras_medium_1,15500
2024-02-26,3578,beras_medium_1,15500
2024-02-27,3578,beras_medium_1,15500
2024-02-28,3578,beras_medium_1,15500
2024-02-29,3578,beras_medium_1,15650
2024-03-01,3578,beras_medium_1,15650
2024-03-04,3578,beras_medium_1,15650
2024-03-05,3578,beras_medium_1,15650
2024-03-06,3578,beras_medium_1,15650
2024-03-07,3578,beras_medium_1,15500
2024-03-08,3578,beras_medium_1,15500
2024-03-11,3578,beras_medium_1,15500
2024-03-12,3578,beras_medium_1,15500
2024-03-13,3578,beras_medium_1,15500
2024-03-14,3578,beras_medium_1,15500
2024-03-15,3578,beras_medium_1,15500
2024-03-18,3578,beras_medium_1,15500
2024-03-19,3578,beras_medium_1,15500
2024-03-20,3578,beras_medium_1,15500
2024-03-21,3578,beras_medium_1,15500
2024-03-22,3578,beras_medium_1,15500
2024-03-25,3578,beras_medium_1,15500
2024-03-26,3578,beras_medium_1,15250
2024-03-27,3578,beras_medium_1,15250
2024-03-28,3578,beras_medium_1,15250
2024-03-29,3578,beras_medium_1,15250
2024-04-01,3578,beras_medium_1,15250
2024-04-02,3578,beras_medium_1,15250
2024-04-03,3578,beras_medium_1,15250
2024-04-04,3578,beras_medium_1,15250
2024-04-05,3578,beras_medium_1,15250
2024-04-08,3578,beras_medium_1,15250
2024-04-09,3578,beras_medium_1,15250
2024-04-10,3578,beras_medium_1,15250
2024-04-11,3578,beras_medium_1,15250
2024-04-12,3578,beras_medium_1,15250
2024-04-15,3578,beras_medium_1,15250
2024-04-16,3578,beras_medium_1,15000
2024-04-17,3578,beras_medium_1,15000
2024-04-18,3578,beras_medium_1,15000
2024-04-19,3578,beras_medium_1,15000
2024-04-22,3578,beras_medium_1,14750
2024-04-23,3578,beras_medium_1,14750
2024-04-24,3578,beras_medium_1,14750
2024-04-25,3578,beras_medium_1,14750
2024-04-26,3578,beras_medium_1,14750
2024-04-29,3578,beras_medium_1,14750
2024-04-30,3578,beras_medium_1,14750
2024-05-01,3578,beras_medium_1,14750
2024-05-02,3578,beras_medium_1,15250
2024-05-03,3578,beras_medium_1,15250
2024-05-06,3578,beras_medium_1,15400
2024-05-07,3578,beras_medium_1,15400
2024-05-08,3578,beras_medium_1,15150
2024-05-09,3578,beras_medium_1,15150
2024-05-10,3578,beras_medium_1,15150
2024-05-13,3578,beras_medium_1,15000
2024-05-14,3578,beras_medium_1,14750
2024-05-15,3578,beras_medium_1,14750
2024-05-16,3578,beras_medium_1,14750
2024-05-17,3578,beras_medium_1,14750
2024-05-20,3578,beras_medium_1,14750
2024-05-21,3578,beras_medium_1,14750
2024-05-22,3578,beras_medium_1,14750
2024-05-23,3578,beras_medium_1,14750
2024-05-24,3578,beras_medium_1,14750
2024-05-27,3578,beras_medium_1,14750
2024-05-28,3578,beras_medium_1,14750
2024-05-29,3578,beras_medium_1,14750
2024-05-30,3578,beras_medium_1,14750
2024-05-31,3578,beras_medium_1,14750
2024-06-03,3578,beras_medium_1,14750
2024-06-04,3578,beras_medium_1,14750
2024-06-05,3578,beras_medium_1,14750
2024-06-06,3578,beras_medium_1,14750
2024-06-07,3578,beras_medium_1,14750
2024-06-10,3578,beras_medium_1,14750
2024-06-11,3578,beras_medium_1,14750
2024-06-12,3578,beras_medium_1,14750
2024-06-13,3578,beras_medium_1,14750
2024-06-14,3578,beras_medium_1,14750
2024-06-17,3578,beras_medium_1,14750
2024-06-18,3578,beras_medium_1,14750
2024-06-19,3578,beras_medium_1,14750
2024-06-20,3578,beras_medium_1,14750
2024-06-21,3578,beras_medium_1,14750
2024-06-24,3578,beras_medium_1,14750
2024-06-25,3578,beras_medium_1,14750
2024-06-26,3578,beras_medium_1,14750
2024-06-27,3578,beras_medium_1,14750
2024-06-28,3578,beras_medium_1,14750
2024-07-01,3578,beras_medium_1,14750
2024-07-02,3578,beras_medium_1,14750
2024-07-03,3578,beras_medium_1,14750
2024-07-04,3578,beras_medium_1,14750
2024-07-08,3578,beras_medium_1,14750
2024-07-09,3578,beras_medium_1,14750
2024-07-10,3578,beras_medium_1,14750
2024-07-11,3578,beras_medium_1,14750
2024-07-12,3578,beras_medium_1,14750
2024-07-15,3578,beras_medium_1,14750
2024-07-16,3578,beras_medium_1,14750
2024-07-17,3578,beras_medium_1,14750
2024-07-18,3578,beras_medium_1,14750
2024-07-19,3578,beras_medium_1,14750
2024-07-22,3578,beras_medium_1,14750
2024-07-23,3578,beras_medium_1,14750
2024-07-24,3578,beras_medium_1,14750
2024-07-25,3578,beras_medium_1,14750
2024-07-26,3578,beras_medium_1,14750
2024-07-29,3578,beras_medium_1,14750
2024-07-30,3578,beras_medium_1,14750
2024-07-31,3578,beras_medium_1,14750
2024-08-01,3578,beras_medium_1,14750
2024-08-02,3578,beras_medium_1,14750
2024-08-05,3578,beras_medium_1,14750
2024-08-06,3578,beras_medium_1,14750
2024-08-07,3578,beras_medium_1,14750
2024-08-08,3578,beras_medium_1,14750
2024-08-09,3578,beras_medium_1,14750
2024-08-12,3578,beras_medium_1,14750
2024-08-13,3578,beras_medium_1,14750
2024-08-14,3578,beras_medium_1,14750
2024-08-15,3578,beras_medium_1,14750
2024-08-16,3578,beras_medium_1,14750
2024-08-19,3578,beras_medium_1,14750
2024-08-20,3578,beras_medium_1,14750
2024-08-21,3578,beras_medium_1,14750
2024-08-22,3578,beras_medium_1,14750
2024-08-23,3578,beras_medium_1,14750
2024-08-26,3578,beras_medium_1,14750
2024-08-27,3578,beras_medium_1,14750
2024-08-28,3578,beras_medium_1,14750
2024-08-29,3578,beras_medium_1,14750
2024-08-30,3578,beras_medium_1,14750
2024-09-02,3578,beras_medium_1,14750
2024-09-03,3578,beras_medium_1,14750
2024-09-04,3578,beras_medium_1,14750
2024-09-05,3578,beras_medium_1,14750
2024-09-06,3578,beras_medium_1,14750
2024-09-09,3578,beras_medium_1,14750
2024-09-10,3578,beras_medium_1,14750
2024-09-11,3578,beras_medium_1,14750
2024-09-12,3578,beras_medium_1,14750
2024-09-13,3578,beras_medium_1,14750
2024-09-17,3578,beras_medium_1,14750
2024-09-18,3578,beras_medium_1,14750
2024-09-19,3578,beras_medium_1,14750
2024-09-20,3578,beras_medium_1,14750
2024-09-23,3578,beras_medium_1,14750
2024-09-24,3578,beras_medium_1,14750
2024-09-25,3578,beras_medium_1,14750
2024-09-26,3578,beras_medium_1,14750
2024-09-27,3578,beras_medium_1,14750
2024-09-30,3578,beras_medium_1,14750
2024-10-01,3578,beras_medium_1,14750
2024-10-02,3578,beras_medium_1,14750
2024-10-03,3578,beras_medium_1,14750
2024-10-04,3578,beras_medium_1,14750
2024-10-07,3578,beras_medium_1,14750
2024-10-08,3578,beras_medium_1,14750
2024-10-09,3578,beras_medium_1,14750
2024-10-10,3578,beras_medium_1,14750
2024-10-11,3578,beras_medium_1,14750
2024-10-14,3578,beras_medium_1,14750
2024-10-15,3578,beras_medium_1,14750
2024-10-16,3578,beras_medium_1,14750
2024-10-17,3578,beras_medium_1,14750
2024-10-18,3578,beras_medium_1,14750
2024-10-21,3578,beras_medium_1,14750
2024-10-22,3578,beras_medium_1,14750
2024-10-23,3578,beras_medium_1,14750
2024-10-24,3578,beras_medium_1,14750
2024-10-25,3578,beras_medium_1,14750
2024-10-28,3578,beras_medium_1,14750
2024-10-29,3578,beras_medium_1,14750
2024-10-30,3578,beras_medium_1,14750
2024-10-31,3578,beras_medium_1,14750
2024-11-01,3578,beras_medium_1,14750
2024-11-04,3578,beras_medium_1,14750
2024-11-05,3578,beras_medium_1,14750
2024-11-06,3578,beras_medium_1,14750
2024-11-07,3578,beras_medium_1,14750
2024-11-08,3578,beras_medium_1,14750
2024-11-11,3578,beras_medium_1,14750
2024-11-12,3578,beras_medium_1,14750
2024-11-13,3578,beras_medium_1,14750
2024-11-14,3578,beras_medium_1,14750
2024-11-15,3578,beras_medium_1,14750
2024-11-18,3578,beras_medium_1,14750
2024-11-19,3578,beras_medium_1,14750
2024-11-20,3578,beras_medium_1,14750
2024-11-21,3578,beras_medium_1,14750
2024-11-22,3578,beras_medium_1,14750
2024-11-25,3578,beras_medium_1,14750
2024-11-26,3578,beras_medium_1,14750
2024-11-27,3578,beras_medium_1,14750
2024-11-28,3578,beras_medium_1,14750
2024-11-29,3578,beras_medium_1,14750
2024-12-02,3578,beras_medium_1,14750
2024-12-03,3578,beras_medium_1,14750
2024-12-04,3578,beras_medium_1,14750
2024-12-05,3578,beras_medium_1,14750
2024-12-06,3578,beras_medium_1,14750
2024-12-09,3578,beras_medium_1,14750
2024-12-10,3578,beras_medium_1,14750
2024-12-11,3578,beras_medium_1,14750
2024-12-12,3578,beras_medium_1,14750
2024-12-13,3578,beras_medium_1,14750
2024-12-16,3578,beras_medium_1,14750
2024-12-17,3578,beras_medium_1,14750
2024-12-18,3578,beras_medium_1,14750
2024-12-19,3578,beras_medium_1,14750
2024-12-20,3578,beras_medium_1,14750
2024-12-23,3578,beras_medium_1,14750
2024-12-24,3578,beras_medium_1,14750
2024-12-25,3578,beras_medium_1,14750
2024-12-26,3578,beras_medium_1,14750
2024-12-27,3578,beras_medium_1,14750
2024-12-30,3578,beras_medium_1,14750
2024-12-31,3578,beras_medium_1,14750
2025-01-02,3578,beras_medium_1,14750
2025-01-03,3578,beras_medium_1,14750
2025-01-06,3578,beras_medium_1,14750
2025-01-07,3578,beras_medium_1,14750
2025-01-08,3578,beras_medium_1,14750
2025-01-09,3578,beras_medium_1,14750
2025-01-10,3578,beras_medium_1,14750
2025-01-13,3578,beras_medium_1,14750
2025-01-14,3578,beras_medium_1,14750
2025-01-15,3578,beras_medium_1,14750
2025-01-16,3578,beras_medium_1,14750
2025-01-17,3578,beras_medium_1,14750
2025-01-20,3578,beras_medium_1,14750
2025-01-21,3578,beras_medium_1,14750
2025-01-22,3578,beras_medium_1,14750
2025-01-23,3578,beras_medium_1,14750
2025-01-24,3578,beras_medium_1,14750
2025-01-27,3578,beras_medium_1,14750
2025-01-28,3578,beras_medium_1,14750
2025-01-29,3578,beras_medium_1,14750
2025-01-30,3578,beras_medium_1,14750
2025-01-31,3578,beras_medium_1,14750
2025-02-03,3578,beras_medium_1,14750
2025-02-04,3578,beras_medium_1,14750
2025-02-05,3578,beras_medium_1,14750
2025-02-06,3578,beras_medium_1,14750
2025-02-07,3578,beras_medium_1,14750
2025-02-10,3578,beras_medium_1,14750
2025-02-11,3578,beras_medium_1,14750
2025-02-12,3578,beras_medium_1,14750
2025-02-13,3578,beras_medium_1,14750
2025-02-14,3578,beras_medium_1,14750
2025-02-17,3578,beras_medium_1,14750
2025-02-18,3578,beras_medium_1,14750
2025-02-19,3578,beras_medium_1,14750
2025-02-20,3578,beras_medium_1,14750
2025-02-21,3578,beras_medium_1,14750
2025-02-24,3578,beras_medium_1,14750
2025-02-25,3578,beras_medium_1,14750
2025-02-26,3578,beras_medium_1,14750
2025-02-27,3578,beras_medium_1,14750
2025-02-28,3578,beras_medium_1,14750
2025-03-03,3578,beras_medium_1,14750
2025-03-04,3578,beras_medium_1,14750
2025-03-05,3578,beras_medium_1,14750
2025-03-06,3578,beras_medium_1,14750
2025-03-07,3578,beras_medium_1,14750
2025-03-10,3578,beras_medium_1,14750
2025-03-11,3578,beras_medium_1,14750
2025-03-12,3578,beras_medium_1,14750
2025-03-13,3578,beras_medium_1,14750
2025-03-14,3578,beras_medium_1,14750
2025-03-17,3578,beras_medium_1,14750
2025-03-18,3578,beras_medium_1,14750
2025-03-19,3578,beras_medium_1,14750
2025-03-20,3578,beras_medium_1,14750
2025-03-21,3578,beras_medium_1,14750
2025-03-24,3578,beras_medium_1,14750
2025-03-25,3578,beras_medium_1,14750
2025-03-26,3578,beras_medium_1,14750
2025-03-27,3578,beras_medium_1,14750
2025-03-28,3578,beras_medium_1,14750
2025-03-31,3578,beras_medium_1,14750
2025-04-01,3578,beras_medium_1,14750
2025-04-02,3578,beras_medium_1,14750
2025-04-03,3578,beras_medium_1,14750
2025-04-04,3578,beras_medium_1,14750
2025-04-07,3578,beras_medium_1,14750
2025-04-08,3578,beras_medium_1,14750
2025-04-09,3578,beras_medium_1,14750
2025-04-10,3578,beras_medium_1,14750
2025-04-11,3578,beras_medium_1,14750
2025-04-14,3578,beras_medium_1,14750
2025-04-15,3578,beras_medium_1,14750
2025-04-16,3578,beras_medium_1,14750
2025-04-17,3578,beras_medium_1,14750
2025-04-18,3578,beras_medium_1,14750
2025-04-21,3578,beras_medium_1,14750
2025-04-22,3578,beras_medium_1,14750
2025-04-23,3578,beras_medium_1,14750
2025-04-24,3578,beras_medium_1,14750
2025-04-25,3578,beras_medium_1,14750
2025-04-28,3578,beras_medium_1,14750
2025-04-29,3578,beras_medium_1,14750
2025-04-30,3578,beras_medium_1,14750
2025-05-01,3578,beras_medium_1,14750
2025-05-02,3578,beras_medium_1,14750
2025-05-05,3578,beras_medium_1,14750
2025-05-06,3578,beras_medium_1,14750
2025-05-07,3578,beras_medium_1,14750
2025-05-08,3578,beras_medium_1,14750
2025-05-09,3578,beras_medium_1,14750
2025-05-12,3578,beras_medium_1,14750
2025-05-13,3578,beras_medium_1,14750
2025-05-14,3578,beras_medium_1,14750
2025-05-15,3578,beras_medium_1,14750
2025-05-16,3578,beras_medium_1,14750
2025-05-19,3578,beras_medium_1,14750
2025-05-20,3578,beras_medium_1,14750
2025-05-21,3578,beras_medium_1,14750
2025-05-22,3578,beras_medium_1,14750
2025-05-23,3578,beras_medium_1,14750
2025-05-26,3578,beras_medium_1,14750
2025-05-27,3578,beras_medium_1,14750
2025-05-28,3578,beras_medium_1,14750
2025-05-29,3578,beras_medium_1,14750
2025-05-30,3578,beras_medium_1,14750
2025-06-02,3578,beras_medium_1,14750
2025-06-03,3578,beras_medium_1,14750
2025-06-04,3578,beras_medium_1,14750
2025-06-05,3578,beras_medium_1,14750
2025-06-06,3578,beras_medium_1,14750
2025-06-09,3578,beras_medium_1,14750
2025-06-10,3578,beras_medium_1,14750
2025-06-11,3578,beras_medium_1,14750
2025-06-12,3578,beras_medium_1,14750
2025-06-13,3578,beras_medium_1,14750
2025-06-16,3578,beras_medium_1,14750
2025-06-17,3578,beras_medium_1,14750
2025-06-18,3578,beras_medium_1,14750
2025-06-19,3578,beras_medium_1,14750
2025-06-20,3578,beras_medium_1,14750
2025-06-23,3578,beras_medium_1,14750
2025-06-24,3578,beras_medium_1,14750
2025-06-25,3578,beras_medium_1,14750
2025-06-26,3578,beras_medium_1,14750
2025-06-27,3578,beras_medium_1,14750
2025-06-30,3578,beras_medium_1,14750
2025-07-01,3578,beras_medium_1,14750
2025-07-02,3578,beras_medium_1,14750
2025-07-03,3578,beras_medium_1,14750
2025-07-04,3578,beras_medium_1,14750
2025-07-07,3578,beras_medium_1,14750
2025-07-08,3578,beras_medium_1,14750
2025-07-09,3578,beras_medium_1,14750
2025-07-10,3578,beras_medium_1,14750
2025-07-11,3578,beras_medium_1,14750
2025-07-14,3578,beras_medium_1,14750
2025-07-15,3578,beras_medium_1,14750
2025-07-16,3578,beras_medium_1,14750
2025-07-17,3578,beras_medium_1,14750
2025-07-18,3578,beras_medium_1,14750
2025-07-21,3578,beras_medium_1,14750
2025-07-22,3578,beras_medium_1,14750
2025-07-23,3578,beras_medium_1,14750
2025-07-24,3578,beras_medium_1,14750
2025-07-25,3578,beras_medium_1,14750
2025-07-28,3578,beras_medium_1,14750
2025-07-29,3578,beras_medium_1,14750
2025-07-30,3578,beras_medium_1,14750
2025-07-31,3578,beras_medium_1,14750
2025-08-01,3578,beras_medium_1,14750
2025-08-04,3578,beras_medium_1,15000
2025-08-05,3578,beras_medium_1,15000
2025-08-06,3578,beras_medium_1,15000
2025-08-07,3578,beras_medium_1,15000
2025-08-08,3578,beras_medium_1,15000
2025-08-11,3578,beras_medium_1,15400
2025-08-12,3578,beras_medium_1,15400
2025-08-13,3578,beras_medium_1,15400
2025-08-14,3578,beras_medium_1,15400
2025-08-15,3578,beras_medium_1,15400
2025-08-18,3578,beras_medium_1,15400
2025-08-19,3578,beras_medium_1,15400
2025-08-20,3578,beras_medium_1,15400
2025-08-21,3578,beras_medium_1,15400
2025-08-22,3578,beras_medium_1,15400
2025-08-25,3578,beras_medium_1,15400
2025-08-26,3578,beras_medium_1,15400
2025-08-27,3578,beras_medium_1,15400
2025-08-28,3578,beras_medium_1,15400
2025-08-29,3578,beras_medium_1,15400
2025-09-01,3578,beras_medium_1,15400
2025-09-02,3578,beras_medium_1,15400
2025-09-03,3578,beras_medium_1,15400
2025-09-04,3578,beras_medium_1,15400
2025-09-05,3578,beras_medium_1,15400
2025-09-08,3578,beras_medium_1,15400
2025-09-09,3578,beras_medium_1,15400
2025-09-10,3578,beras_medium_1,15400
2025-09-11,3578,beras_medium_1,15400
2025-09-12,3578,beras_medium_1,15400
2025-09-15,3578,beras_medium_1,15400
2025-09-16,3578,beras_medium_1,15400
2025-09-17,3578,beras_medium_1,15400
2025-09-18,3578,beras_medium_1,15400
2025-09-19,3578,beras_medium_1,15400
2025-09-22,3578,beras_medium_1,15400
2025-09-23,3578,beras_medium_1,15400
2025-09-24,3578,beras_medium_1,15400
2025-09-25,3578,beras_medium_1,15400
2025-09-26,3578,beras_medium_1,15400
2025-09-29,3578,beras_medium_1,15400
2025-09-30,3578,beras_medium_1,15400
2025-10-01,3578,beras_medium_1,15400
2025-10-02,3578,beras_medium_1,15400
2025-10-03,3578,beras_medium_1,15400
2025-10-06,3578,beras_medium_1,15400
2025-10-07,3578,beras_medium_1,15400
2025-10-08,3578,beras_medium_1,15400
2025-10-09,3578,beras_medium_1,15400
2025-10-10,3578,beras_medium_1,15400
2025-10-13,3578,beras_medium_1,15400
2025-10-14,3578,beras_medium_1,15400
2025-10-15,3578,beras_medium_1,15400
2025-10-16,3578,beras_medium_1,15400
2025-10-17,3578,beras_medium_1,15400
2025-10-20,3578,beras_medium_1,15400
2025-10-21,3578,beras_medium_1,15400
2025-10-22,3578,beras_medium_1,15400
2025-10-23,3578,beras_medium_1,15400
2025-10-24,3578,beras_medium_1,15400
2025-10-27,3578,beras_medium_1,15400
2025-10-28,3578,beras_medium_1,15400
2025-10-29,3578,beras_medium_1,15400
2025-10-30,3578,beras_medium_1,15400
2025-10-31,3578,beras_medium_1,15400
2025-11-03,3578,beras_medium_1,15400
2025-11-04,3578,beras_medium_1,15400
2025-11-05,3578,beras_medium_1,15400
2025-11-06,3578,beras_medium_1,15400
2025-11-07,3578,beras_medium_1,15400
2025-11-10,3578,beras_medium_1,15400
2025-11-11,3578,beras_medium_1,15400
2025-11-12,3578,beras_medium_1,15400
2025-11-13,3578,beras_medium_1,15400
2025-11-14,3578,beras_medium_1,15400
2025-11-17,3578,beras_medium_1,15400
2025-11-18,3578,beras_medium_1,15400
2025-11-19,3578,beras_medium_1,15400
2025-11-20,3578,beras_medium_1,15400
2025-11-21,3578,beras_medium_1,15400
2025-11-24,3578,beras_medium_1,15400
2025-11-25,3578,beras_medium_1,15400
2025-11-26,3578,beras_medium_1,15650
2025-11-27,3578,beras_medium_1,15650
2025-11-28,3578,beras_medium_1,15650
2025-12-01,3578,beras_medium_1,15650
2025-12-02,3578,beras_medium_1,15650
2025-12-03,3578,beras_medium_1,15650
2025-12-04,3578,beras_medium_1,15650
2025-12-05,3578,beras_medium_1,15650
2025-12-08,3578,beras_medium_1,15650
2025-12-09,3578,beras_medium_1,15650
2025-12-10,3578,beras_medium_1,15650
2025-12-11,3578,beras_medium_1,15650
2025-12-12,3578,beras_medium_1,15650
2025-12-15,3578,beras_medium_1,15650
2025-12-16,3578,beras_medium_1,15650
2025-12-17,3578,beras_medium_1,15650
2025-12-18,3578,beras_medium_1,15650
2025-12-19,3578,beras_medium_1,15650
2025-12-22,3578,beras_medium_1,15650
2025-12-23,3578,beras_medium_1,15650
2025-12-24,3578,beras_medium_1,15650
2025-12-25,3578,beras_medium_1,15650
2025-12-26,3578,beras_medium_1,15650
2025-12-29,3578,beras_medium_1,15650
2025-12-30,3578,beras_medium_1,15650
2025-12-31,3578,beras_medium_1,15650
