date,city_id,commodity_code,price_per_kg
2021-01-04,3509,telur_ayam,22350
2021-01-05,3509,telur_ayam,22400
2021-01-06,3509,telur_ayam,22750
2021-01-07,3509,telur_ayam,22850
2021-01-08,3509,telur_ayam,22650
2021-01-11,3509,telur_ayam,22400
2021-01-12,3509,telur_ayam,21900
2021-01-13,3509,telur_ayam,21250
2021-01-14,3509,telur_ayam,21250
2021-01-15,3509,telur_ayam,21250
2021-01-18,3509,telur_ayam,21000
2021-01-19,3509,telur_ayam,21000
2021-01-20,3509,telur_ayam,20500
2021-01-21,3509,telur_ayam,20500
2021-01-22,3509,telur_ayam,20500
2021-01-25,3509,telur_ayam,20000
2021-01-26,3509,telur_ayam,20000
2021-01-27,3509,telur_ayam,20100
2021-01-28,3509,telur_ayam,20000
2021-01-29,3509,telur_ayam,20000
2021-02-01,3509,telur_ayam,20000
2021-02-02,3509,telur_ayam,20150
2021-02-03,3509,telur_ayam,20150
2021-02-04,3509,telur_ayam,21150
2021-02-05,3509,telur_ayam,21150
2021-02-08,3509,telur_ayam,22500
2021-02-09,3509,telur_ayam,21500
2021-02-10,3509,telur_ayam,22400
2021-02-11,3509,telur_ayam,22400
2021-02-15,3509,telur_ayam,22850
2021-02-16,3509,telur_ayam,22750
2021-02-17,3509,telur_ayam,23000
2021-02-18,3509,telur_ayam,23000
2021-02-19,3509,telur_ayam,22750
2021-02-22,3509,telur_ayam,23000
2021-02-23,3509,telur_ayam,23000
2021-02-24,3509,telur_ayam,22750
2021-02-25,3509,telur_ayam,22750
2021-02-26,3509,telur_ayam,22250
2021-03-01,3509,telur_ayam,22100
2021-03-02,3509,telur_ayam,22100
2021-03-03,3509,telur_ayam,22100
2021-03-04,3509,telur_ayam,22000
2021-03-05,3509,telur_ayam,22750
2021-03-08,3509,telur_ayam,22350
2021-03-09,3509,telur_ayam,22150
2021-03-10,3509,telur_ayam,22100
2021-03-12,3509,telur_ayam,21900
2021-03-15,3509,telur_ayam,21850
2021-03-16,3509,telur_ayam,21600
2021-03-17,3509,telur_ayam,21150
2021-03-18,3509,telur_ayam,21150
2021-03-19,3509,telur_ayam,21100
2021-03-22,3509,telur_ayam,21100
2021-03-23,3509,telur_ayam,20650
2021-03-24,3509,telur_ayam,20650
2021-03-25,3509,telur_ayam,20650
2021-03-26,3509,telur_ayam,20650
2021-03-29,3509,telur_ayam,20500
2021-03-30,3509,telur_ayam,20500
2021-03-31,3509,telur_ayam,20850
2021-04-01,3509,telur_ayam,20850
2021-04-05,3509,telur_ayam,20900
2021-04-06,3509,telur_ayam,21250
2021-04-07,3509,telur_ayam,22350
2021-04-08,3509,telur_ayam,23100
2021-04-09,3509,telur_ayam,23250
2021-04-12,3509,telur_ayam,24150
2021-04-13,3509,telur_ayam,24000
2021-04-14,3509,telur_ayam,23600
2021-04-15,3509,telur_ayam,23500
2021-04-16,3509,telur_ayam,23150
2021-04-19,3509,telur_ayam,23400
2021-04-20,3509,telur_ayam,23350
2021-04-21,3509,telur_ayam,23250
2021-04-22,3509,telur_ayam,23000
2021-04-23,3509,telur_ayam,22900
2021-04-26,3509,telur_ayam,21500
2021-04-27,3509,telur_ayam,21600
2021-04-28,3509,telur_ayam,21750
2021-04-29,3509,telur_ayam,22000
2021-04-30,3509,telur_ayam,21650
2021-05-03,3509,telur_ayam,21750
2021-05-04,3509,telur_ayam,22400
2021-05-05,3509,telur_ayam,22400
2021-05-06,3509,telur_ayam,22250
2021-05-07,3509,telur_ayam,22000
2021-05-10,3509,telur_ayam,21600
2021-05-11,3509,telur_ayam,21600
2021-05-17,3509,telur_ayam,21650
2021-05-18,3509,telur_ayam,21650
2021-05-19,3509,telur_ayam,21650
2021-05-20,3509,telur_ayam,22000
2021-05-21,3509,telur_ayam,22000
2021-05-24,3509,telur_ayam,21900
2021-05-25,3509,telur_ayam,21900
2021-05-27,3509,telur_ayam,21850
2021-05-28,3509,telur_ayam,22100
2021-05-31,3509,telur_ayam,22750
2021-06-02,3509,telur_ayam,22900
2021-06-03,3509,telur_ayam,23150
2021-06-04,3509,telur_ayam,23100
2021-06-07,3509,telur_ayam,22600
2021-06-08,3509,telur_ayam,22600
2021-06-09,3509,telur_ayam,22650
2021-06-10,3509,telur_ayam,22600
2021-06-11,3509,telur_ayam,22650
2021-06-14,3509,telur_ayam,22350
2021-06-15,3509,telur_ayam,22250
2021-06-16,3509,telur_ayam,22250
2021-06-17,3509,telur_ayam,22250
2021-06-18,3509,telur_ayam,21900
2021-06-21,3509,telur_ayam,21400
2021-06-22,3509,telur_ayam,21000
2021-06-23,3509,telur_ayam,21100
2021-06-24,3509,telur_ayam,21000
2021-06-25,3509,telur_ayam,20850
2021-06-28,3509,telur_ayam,21250
2021-06-29,3509,telur_ayam,21150
2021-06-30,3509,telur_ayam,21150
2021-07-01,3509,telur_ayam,21150
2021-07-02,3509,telur_ayam,21000
2021-07-05,3509,telur_ayam,20250
2021-07-06,3509,telur_ayam,20150
2021-07-07,3509,telur_ayam,20250
2021-07-08,3509,telur_ayam,20250
2021-07-09,3509,telur_ayam,20100
2021-07-12,3509,telur_ayam,21350
2021-07-13,3509,telur_ayam,22600
2021-07-14,3509,telur_ayam,23500
2021-07-15,3509,telur_ayam,23350
2021-07-16,3509,telur_ayam,23350
2021-07-19,3509,telur_ayam,23000
2021-07-21,3509,telur_ayam,23100
2021-07-22,3509,telur_ayam,22900
2021-07-23,3509,telur_ayam,22500
2021-07-26,3509,telur_ayam,23400
2021-07-27,3509,telur_ayam,23400
2021-07-28,3509,telur_ayam,23150
2021-07-29,3509,telur_ayam,23150
2021-07-30,3509,telur_ayam,23150
2021-08-02,3509,telur_ayam,23100
2021-08-03,3509,telur_ayam,22650
2021-08-04,3509,telur_ayam,22600
2021-08-05,3509,telur_ayam,22400
2021-08-06,3509,telur_ayam,22000
2021-08-09,3509,telur_ayam,21500
2021-08-10,3509,telur_ayam,21500
2021-08-12,3509,telur_ayam,21750
2021-08-13,3509,telur_ayam,21750
2021-08-16,3509,telur_ayam,21000
2021-08-18,3509,telur_ayam,21000
2021-08-19,3509,telur_ayam,20900
2021-08-20,3509,telur_ayam,20900
2021-08-23,3509,telur_ayam,20000
2021-08-24,3509,telur_ayam,20000
2021-08-25,3509,telur_ayam,20000
2021-08-26,3509,telur_ayam,20000
2021-08-27,3509,telur_ayam,20000
2021-08-30,3509,telur_ayam,20000
2021-08-31,3509,telur_ayam,20000
2021-09-01,3509,telur_ayam,19500
2021-09-02,3509,telur_ayam,20400
2021-09-03,3509,telur_ayam,19000
2021-09-06,3509,telur_ayam,18750
2021-09-07,3509,telur_ayam,18750
2021-09-08,3509,telur_ayam,18750
2021-09-09,3509,telur_ayam,18500
2021-09-10,3509,telur_ayam,18400
2021-09-13,3509,telur_ayam,17750
2021-09-14,3509,telur_ayam,17750
2021-09-15,3509,telur_ayam,17400
2021-09-16,3509,telur_ayam,17250
2021-09-17,3509,telur_ayam,17250
2021-09-20,3509,telur_ayam,17350
2021-09-21,3509,telur_ayam,17350
2021-09-22,3509,telur_ayam,17100
2021-09-23,3509,telur_ayam,17100
2021-09-24,3509,telur_ayam,17150
2021-09-27,3509,telur_ayam,17000
2021-09-28,3509,telur_ayam,18150
2021-09-29,3509,telur_ayam,18150
2021-09-30,3509,telur_ayam,19000
2021-10-01,3509,telur_ayam,18600
2021-10-04,3509,telur_ayam,17900
2021-10-05,3509,telur_ayam,17400
2021-10-06,3509,telur_ayam,17750
2021-10-07,3509,telur_ayam,17250
2021-10-08,3509,telur_ayam,16850
2021-10-11,3509,telur_ayam,17350
2021-10-12,3509,telur_ayam,17900
2021-10-13,3509,telur_ayam,18100
2021-10-14,3509,telur_ayam,18000
2021-10-15,3509,telur_ayam,17350
2021-10-18,3509,telur_ayam,17350
2021-10-19,3509,telur_ayam,17250
2021-10-21,3509,telur_ayam,16250
2021-10-22,3509,telur_ayam,16250
2021-10-25,3509,telur_ayam,18000
2021-10-26,3509,telur_ayam,18100
2021-10-27,3509,telur_ayam,18400
2021-10-28,3509,telur_ayam,18500
2021-10-29,3509,telur_ayam,18500
2021-11-01,3509,telur_ayam,18500
2021-11-02,3509,telur_ayam,18400
2021-11-03,3509,telur_ayam,19100
2021-11-04,3509,telur_ayam,19900
2021-11-05,3509,telur_ayam,20250
2021-11-08,3509,telur_ayam,22650
2021-11-09,3509,telur_ayam,23350
2021-11-10,3509,telur_ayam,23850
2021-11-11,3509,telur_ayam,23850
2021-11-12,3509,telur_ayam,23600
2021-11-15,3509,telur_ayam,23000
2021-11-16,3509,telur_ayam,22400
2021-11-17,3509,telur_ayam,22250
2021-11-18,3509,telur_ayam,22500
2021-11-19,3509,telur_ayam,21600
2021-11-22,3509,telur_ayam,20650
2021-11-23,3509,telur_ayam,21000
2021-11-24,3509,telur_ayam,21150
2021-11-25,3509,telur_ayam,21150
2021-11-26,3509,telur_ayam,21350
2021-11-29,3509,telur_ayam,21150
2021-11-30,3509,telur_ayam,20850
2021-12-01,3509,telur_ayam,20350
2021-12-02,3509,telur_ayam,20000
2021-12-03,3509,telur_ayam,19650
2021-12-06,3509,telur_ayam,19650
2021-12-07,3509,telur_ayam,19650
2021-12-08,3509,telur_ayam,19500
2021-12-09,3509,telur_ayam,19400
2021-12-10,3509,telur_ayam,20150
2021-12-13,3509,telur_ayam,22350
2021-12-14,3509,telur_ayam,23900
2021-12-15,3509,telur_ayam,25750
2021-12-16,3509,telur_ayam,26350
2021-12-17,3509,telur_ayam,26150
2021-12-20,3509,telur_ayam,24350
2021-12-21,3509,telur_ayam,24850
2021-12-22,3509,telur_ayam,24900
2021-12-23,3509,telur_ayam,26650
2021-12-24,3509,telur_ayam,27250
2021-12-27,3509,telur_ayam,27400
2021-12-28,3509,telur_ayam,27000
2021-12-29,3509,telur_ayam,26750
2021-12-30,3509,telur_ayam,25750
2021-12-31,3509,telur_ayam,25750
2022-01-03,3509,telur_ayam,23500
2022-01-04,3509,telur_ayam,23000
2022-01-05,3509,telur_ayam,22850
2022-01-06,3509,telur_ayam,23500
2022-01-07,3509,telur_ayam,22500
2022-01-10,3509,telur_ayam,21600
2022-01-11,3509,telur_ayam,21350
2022-01-12,3509,telur_ayam,21250
2022-01-13,3509,telur_ayam,21100
2022-01-14,3509,telur_ayam,20750
2022-01-17,3509,telur_ayam,20400
2022-01-18,3509,telur_ayam,20400
2022-01-19,3509,telur_ayam,20400
2022-01-20,3509,telur_ayam,19850
2022-01-21,3509,telur_ayam,19350
2022-01-24,3509,telur_ayam,19000
2022-01-25,3509,telur_ayam,19000
2022-01-26,3509,telur_ayam,18900
2022-01-27,3509,telur_ayam,18600
2022-01-28,3509,telur_ayam,18600
2022-01-31,3509,telur_ayam,18650
2022-02-01,3509,telur_ayam,18250
2022-02-02,3509,telur_ayam,18650
2022-02-03,3509,telur_ayam,18650
2022-02-04,3509,telur_ayam,18500
2022-02-07,3509,telur_ayam,18500
2022-02-08,3509,telur_ayam,18250
2022-02-09,3509,telur_ayam,18250
2022-02-10,3509,telur_ayam,18500
2022-02-11,3509,telur_ayam,18600
2022-02-14,3509,telur_ayam,18250
2022-02-15,3509,telur_ayam,18250
2022-02-16,3509,telur_ayam,18250
2022-02-17,3509,telur_ayam,18400
2022-02-18,3509,telur_ayam,19350
2022-02-21,3509,telur_ayam,20650
2022-02-22,3509,telur_ayam,20650
2022-02-23,3509,telur_ayam,20650
2022-02-24,3509,telur_ayam,20650
2022-02-25,3509,telur_ayam,20650
2022-03-01,3509,telur_ayam,20600
2022-03-02,3509,telur_ayam,20500
2022-03-04,3509,telur_ayam,21150
2022-03-07,3509,telur_ayam,23100
2022-03-08,3509,telur_ayam,23100
2022-03-09,3509,telur_ayam,22900
2022-03-10,3509,telur_ayam,23000
2022-03-11,3509,telur_ayam,22750
2022-03-14,3509,telur_ayam,22850
2022-03-15,3509,telur_ayam,22850
2022-03-16,3509,telur_ayam,22850
2022-03-17,3509,telur_ayam,22900
2022-03-18,3509,telur_ayam,22850
2022-03-21,3509,telur_ayam,23100
2022-03-22,3509,telur_ayam,23150
2022-03-23,3509,telur_ayam,23250
2022-03-24,3509,telur_ayam,23500
2022-03-25,3509,telur_ayam,23500
2022-03-28,3509,telur_ayam,23650
2022-03-29,3509,telur_ayam,23650
2022-03-30,3509,telur_ayam,24100
2022-03-31,3509,telur_ayam,24100
2022-04-01,3509,telur_ayam,24100
2022-04-04,3509,telur_ayam,24000
2022-04-05,3509,telur_ayam,24000
2022-04-06,3509,telur_ayam,23600
2022-04-07,3509,telur_ayam,23500
2022-04-08,3509,telur_ayam,23500
2022-04-11,3509,telur_ayam,22650
2022-04-12,3509,telur_ayam,22500
2022-04-13,3509,telur_ayam,22500
2022-04-14,3509,telur_ayam,22400
2022-04-18,3509,telur_ayam,23100
2022-04-19,3509,telur_ayam,23100
2022-04-20,3509,telur_ayam,23100
2022-04-21,3509,telur_ayam,23100
2022-04-22,3509,telur_ayam,23100
2022-04-25,3509,telur_ayam,24350
2022-04-26,3509,telur_ayam,24900
2022-04-27,3509,telur_ayam,25600
2022-04-28,3509,telur_ayam,26000
2022-05-09,3509,telur_ayam,25000
2022-05-10,3509,telur_ayam,25000
2022-05-11,3509,telur_ayam,25000
2022-05-12,3509,telur_ayam,25000
2022-05-13,3509,telur_ayam,25000
2022-05-17,3509,telur_ayam,24750
2022-05-18,3509,telur_ayam,25000
2022-05-19,3509,telur_ayam,25350
2022-05-20,3509,telur_ayam,25900
2022-05-23,3509,telur_ayam,25600
2022-05-24,3509,telur_ayam,25650
2022-05-25,3509,telur_ayam,25650
2022-05-27,3509,telur_ayam,25600
2022-05-30,3509,telur_ayam,25650
2022-05-31,3509,telur_ayam,25650
2022-06-02,3509,telur_ayam,26400
2022-06-03,3509,telur_ayam,27000
2022-06-06,3509,telur_ayam,27150
2022-06-07,3509,telur_ayam,27150
2022-06-08,3509,telur_ayam,27000
2022-06-09,3509,telur_ayam,26900
2022-06-10,3509,telur_ayam,26350
2022-06-13,3509,telur_ayam,26150
2022-06-14,3509,telur_ayam,26250
2022-06-15,3509,telur_ayam,26250
2022-06-16,3509,telur_ayam,26150
2022-06-17,3509,telur_ayam,26150
2022-06-20,3509,telur_ayam,26000
2022-06-21,3509,telur_ayam,26000
2022-06-22,3509,telur_ayam,26000
2022-06-23,3509,telur_ayam,25900
2022-06-24,3509,telur_ayam,25900
2022-06-27,3509,telur_ayam,25850
2022-06-28,3509,telur_ayam,25750
2022-06-29,3509,telur_ayam,25750
2022-06-30,3509,telur_ayam,25500
2022-07-01,3509,telur_ayam,25500
2022-07-04,3509,telur_ayam,26100
2022-07-05,3509,telur_ayam,26000
2022-07-06,3509,telur_ayam,26400
2022-07-07,3509,telur_ayam,26400
2022-07-08,3509,telur_ayam,26600
2022-07-11,3509,telur_ayam,27600
2022-07-12,3509,telur_ayam,27400
2022-07-13,3509,telur_ayam,27500
2022-07-14,3509,telur_ayam,27650
2022-07-15,3509,telur_ayam,27650
2022-07-18,3509,telur_ayam,27900
2022-07-19,3509,telur_ayam,27850
2022-07-20,3509,telur_ayam,27650
2022-07-21,3509,telur_ayam,27400
2022-07-22,3509,telur_ayam,27400
2022-07-25,3509,telur_ayam,27150
2022-07-26,3509,telur_ayam,27100
2022-07-27,3509,telur_ayam,26900
2022-07-28,3509,telur_ayam,26750
2022-07-29,3509,telur_ayam,26250
2022-08-01,3509,telur_ayam,26000
2022-08-02,3509,telur_ayam,25350
2022-08-03,3509,telur_ayam,26000
2022-08-04,3509,telur_ayam,25750
2022-08-05,3509,telur_ayam,25750
2022-08-08,3509,telur_ayam,25500
2022-08-09,3509,telur_ayam,25250
2022-08-10,3509,telur_ayam,25250
2022-08-11,3509,telur_ayam,25250
2022-08-12,3509,telur_ayam,28250
2022-08-15,3509,telur_ayam,29000
2022-08-16,3509,telur_ayam,28850
2022-08-18,3509,telur_ayam,28650
2022-08-19,3509,telur_ayam,28400
2022-08-22,3509,telur_ayam,28350
2022-08-23,3509,telur_ayam,28250
2022-08-24,3509,telur_ayam,29000
2022-08-25,3509,telur_ayam,29000
2022-08-26,3509,telur_ayam,29150
2022-08-29,3509,telur_ayam,28500
2022-08-30,3509,telur_ayam,28250
2022-08-31,3509,telur_ayam,27600
2022-09-01,3509,telur_ayam,27600
2022-09-02,3509,telur_ayam,27400
2022-09-05,3509,telur_ayam,26250
2022-09-06,3509,telur_ayam,26150
2022-09-07,3509,telur_ayam,26250
2022-09-08,3509,telur_ayam,26250
2022-09-09,3509,telur_ayam,26900
2022-09-12,3509,telur_ayam,26100
2022-09-13,3509,telur_ayam,25850
2022-09-14,3509,telur_ayam,25850
2022-09-15,3509,telur_ayam,25850
2022-09-16,3509,telur_ayam,25500
2022-09-19,3509,telur_ayam,24650
2022-09-20,3509,telur_ayam,24650
2022-09-21,3509,telur_ayam,24000
2022-09-22,3509,telur_ayam,24000
2022-09-23,3509,telur_ayam,24000
2022-09-26,3509,telur_ayam,22850
2022-09-27,3509,telur_ayam,22350
2022-09-28,3509,telur_ayam,22000
2022-09-29,3509,telur_ayam,22150
2022-09-30,3509,telur_ayam,21900
2022-10-03,3509,telur_ayam,23000
2022-10-04,3509,telur_ayam,23000
2022-10-05,3509,telur_ayam,23250
2022-10-06,3509,telur_ayam,23150
2022-10-07,3509,telur_ayam,23150
2022-10-10,3509,telur_ayam,24000
2022-10-11,3509,telur_ayam,24500
2022-10-12,3509,telur_ayam,24650
2022-10-13,3509,telur_ayam,24750
2022-10-14,3509,telur_ayam,24150
2022-10-17,3509,telur_ayam,24250
2022-10-18,3509,telur_ayam,24400
2022-10-19,3509,telur_ayam,24400
2022-10-20,3509,telur_ayam,24400
2022-10-21,3509,telur_ayam,25000
2022-10-24,3509,telur_ayam,25250
2022-10-25,3509,telur_ayam,25100
2022-10-26,3509,telur_ayam,24600
2022-10-27,3509,telur_ayam,24600
2022-10-28,3509,telur_ayam,24650
2022-10-31,3509,telur_ayam,24850
2022-11-01,3509,telur_ayam,24900
2022-11-02,3509,telur_ayam,25100
2022-11-03,3509,telur_ayam,25250
2022-11-04,3509,telur_ayam,25250
2022-11-07,3509,telur_ayam,25350
2022-11-08,3509,telur_ayam,26000
2022-11-09,3509,telur_ayam,26000
2022-11-10,3509,telur_ayam,26000
2022-11-11,3509,telur_ayam,26750
2022-11-14,3509,telur_ayam,26650
2022-11-15,3509,telur_ayam,26750
2022-11-16,3509,telur_ayam,26750
2022-11-17,3509,telur_ayam,26750
2022-11-18,3509,telur_ayam,26750
2022-11-21,3509,telur_ayam,26150
2022-11-22,3509,telur_ayam,26750
2022-11-23,3509,telur_ayam,26850
2022-11-24,3509,telur_ayam,27350
2022-11-25,3509,telur_ayam,28150
2022-11-28,3509,telur_ayam,28850
2022-11-29,3509,telur_ayam,28850
2022-11-30,3509,telur_ayam,28750
2022-12-01,3509,telur_ayam,28400
2022-12-02,3509,telur_ayam,28150
2022-12-05,3509,telur_ayam,29000
2022-12-06,3509,telur_ayam,28900
2022-12-07,3509,telur_ayam,28900
2022-12-08,3509,telur_ayam,28900
2022-12-09,3509,telur_ayam,28650
2022-12-12,3509,telur_ayam,28750
2022-12-13,3509,telur_ayam,28600
2022-12-14,3509,telur_ayam,28500
2022-12-15,3509,telur_ayam,28350
2022-12-16,3509,telur_ayam,28350
2022-12-19,3509,telur_ayam,27850
2022-12-20,3509,telur_ayam,27500
2022-12-21,3509,telur_ayam,27500
2022-12-22,3509,telur_ayam,27350
2022-12-23,3509,telur_ayam,27250
2022-12-26,3509,telur_ayam,27150
2022-12-27,3509,telur_ayam,27250
2022-12-28,3509,telur_ayam,27000
2022-12-29,3509,telur_ayam,26650
2022-12-30,3509,telur_ayam,26150
2023-01-02,3509,telur_ayam,26100
2023-01-03,3509,telur_ayam,26100
2023-01-04,3509,telur_ayam,26100
2023-01-05,3509,telur_ayam,26250
2023-01-06,3509,telur_ayam,26250
2023-01-09,3509,telur_ayam,26150
2023-01-10,3509,telur_ayam,26150
2023-01-11,3509,telur_ayam,26150
2023-01-12,3509,telur_ayam,26150
2023-01-13,3509,telur_ayam,26150
2023-01-16,3509,telur_ayam,26150
2023-01-17,3509,telur_ayam,26150
2023-01-18,3509,telur_ayam,26150
2023-01-19,3509,telur_ayam,26150
2023-01-20,3509,telur_ayam,26150
2023-01-23,3509,telur_ayam,26150
2023-01-24,3509,telur_ayam,26100
2023-01-25,3509,telur_ayam,26100
2023-01-26,3509,telur_ayam,25900
2023-01-27,3509,telur_ayam,25900
2023-01-30,3509,telur_ayam,25600
2023-01-31,3509,telur_ayam,25150
2023-02-01,3509,telur_ayam,25250
2023-02-02,3509,telur_ayam,25250
2023-02-03,3509,telur_ayam,25250
2023-02-06,3509,telur_ayam,25250
2023-02-07,3509,telur_ayam,25650
2023-02-08,3509,telur_ayam,25650
2023-02-09,3509,telur_ayam,25750
2023-02-10,3509,telur_ayam,26000
2023-02-13,3509,telur_ayam,26000
2023-02-14,3509,telur_ayam,26000
2023-02-15,3509,telur_ayam,25750
2023-02-16,3509,telur_ayam,25750
2023-02-17,3509,telur_ayam,25750
2023-02-20,3509,telur_ayam,25350
2023-02-21,3509,telur_ayam,25250
2023-02-22,3509,telur_ayam,25250
2023-02-23,3509,telur_ayam,25250
2023-02-24,3509,telur_ayam,25250
2023-02-27,3509,telur_ayam,24900
2023-02-28,3509,telur_ayam,24900
2023-03-01,3509,telur_ayam,24850
2023-03-02,3509,telur_ayam,24750
2023-03-03,3509,telur_ayam,24750
2023-03-06,3509,telur_ayam,25650
2023-03-07,3509,telur_ayam,26500
2023-03-08,3509,telur_ayam,26600
2023-03-09,3509,telur_ayam,27100
2023-03-10,3509,telur_ayam,27600
2023-03-13,3509,telur_ayam,27600
2023-03-14,3509,telur_ayam,27500
2023-03-15,3509,telur_ayam,27750
2023-03-16,3509,telur_ayam,29100
2023-03-17,3509,telur_ayam,29750
2023-03-20,3509,telur_ayam,29650
2023-03-21,3509,telur_ayam,29650
2023-03-24,3509,telur_ayam,29650
2023-03-27,3509,telur_ayam,28350
2023-03-28,3509,telur_ayam,28350
2023-03-29,3509,telur_ayam,28350
2023-03-30,3509,telur_ayam,28100
2023-03-31,3509,telur_ayam,28100
2023-04-03,3509,telur_ayam,26600
2023-04-04,3509,telur_ayam,26500
2023-04-05,3509,telur_ayam,26750
2023-04-06,3509,telur_ayam,26750
2023-04-07,3509,telur_ayam,26750
2023-04-10,3509,telur_ayam,26750
2023-04-11,3509,telur_ayam,26750
2023-04-12,3509,telur_ayam,26750
2023-04-13,3509,telur_ayam,26750
2023-04-14,3509,telur_ayam,26850
2023-04-17,3509,telur_ayam,26150
2023-04-18,3509,telur_ayam,26150
2023-04-19,3509,telur_ayam,26150
2023-04-20,3509,telur_ayam,26150
2023-04-21,3509,telur_ayam,26150
2023-04-24,3509,telur_ayam,26150
2023-04-25,3509,telur_ayam,26150
2023-04-26,3509,telur_ayam,28500
2023-04-27,3509,telur_ayam,28500
2023-04-28,3509,telur_ayam,26650
2023-05-01,3509,telur_ayam,26650
2023-05-02,3509,telur_ayam,26250
2023-05-03,3509,telur_ayam,26750
2023-05-04,3509,telur_ayam,27850
2023-05-05,3509,telur_ayam,27900
2023-05-08,3509,telur_ayam,28600
2023-05-09,3509,telur_ayam,28350
2023-05-10,3509,telur_ayam,28250
2023-05-11,3509,telur_ayam,28850
2023-05-12,3509,telur_ayam,29000
2023-05-15,3509,telur_ayam,30150
2023-05-16,3509,telur_ayam,30150
2023-05-17,3509,telur_ayam,30000
2023-05-18,3509,telur_ayam,30000
2023-05-19,3509,telur_ayam,29850
2023-05-22,3509,telur_ayam,29850
2023-05-23,3509,telur_ayam,29850
2023-05-24,3509,telur_ayam,29850
2023-05-25,3509,telur_ayam,29850
2023-05-26,3509,telur_ayam,29850
2023-05-29,3509,telur_ayam,29850
2023-05-30,3509,telur_ayam,28850
2023-05-31,3509,telur_ayam,28850
2023-06-01,3509,telur_ayam,28850
2023-06-02,3509,telur_ayam,28850
2023-06-05,3509,telur_ayam,28600
2023-06-06,3509,telur_ayam,28750
2023-06-07,3509,telur_ayam,28750
2023-06-08,3509,telur_ayam,28750
2023-06-09,3509,telur_ayam,28750
2023-06-12,3509,telur_ayam,28750
2023-06-13,3509,telur_ayam,28750
2023-06-14,3509,telur_ayam,28750
2023-06-15,3509,telur_ayam,28850
2023-06-16,3509,telur_ayam,28850
2023-06-19,3509,telur_ayam,28850
2023-06-20,3509,telur_ayam,28850
2023-06-21,3509,telur_ayam,28500
2023-06-22,3509,telur_ayam,28500
2023-06-23,3509,telur_ayam,28500
2023-06-26,3509,telur_ayam,29400
2023-06-27,3509,telur_ayam,29500
2023-06-28,3509,telur_ayam,29500
2023-06-29,3509,telur_ayam,29500
2023-06-30,3509,telur_ayam,29500
2023-07-03,3509,telur_ayam,29850
2023-07-04,3509,telur_ayam,31100
2023-07-05,3509,telur_ayam,31000
2023-07-06,3509,telur_ayam,31000
2023-07-07,3509,telur_ayam,31000
2023-07-10,3509,telur_ayam,30750
2023-07-11,3509,telur_ayam,30650
2023-07-12,3509,telur_ayam,30650
2023-07-13,3509,telur_ayam,30650
2023-07-14,3509,telur_ayam,30650
2023-07-17,3509,telur_ayam,30250
2023-07-18,3509,telur_ayam,30100
2023-07-19,3509,telur_ayam,30100
2023-07-20,3509,telur_ayam,30150
2023-07-21,3509,telur_ayam,30150
2023-07-24,3509,telur_ayam,30150
2023-07-25,3509,telur_ayam,30150
2023-07-26,3509,telur_ayam,30150
2023-07-27,3509,telur_ayam,30150
2023-07-28,3509,telur_ayam,29900
2023-07-31,3509,telur_ayam,29400
2023-08-01,3509,telur_ayam,29250
2023-08-02,3509,telur_ayam,29350
2023-08-03,3509,telur_ayam,29350
2023-08-04,3509,telur_ayam,29350
2023-08-07,3509,telur_ayam,29000
2023-08-08,3509,telur_ayam,29000
2023-08-09,3509,telur_ayam,29000
2023-08-10,3509,telur_ayam,28900
2023-08-11,3509,telur_ayam,29000
2023-08-14,3509,telur_ayam,28650
2023-08-15,3509,telur_ayam,28000
2023-08-16,3509,telur_ayam,28000
2023-08-17,3509,telur_ayam,28000
2023-08-18,3509,telur_ayam,28000
2023-08-21,3509,telur_ayam,26500
2023-08-22,3509,telur_ayam,26500
2023-08-23,3509,telur_ayam,26500
2023-08-24,3509,telur_ayam,26000
2023-08-25,3509,telur_ayam,26000
2023-08-28,3509,telur_ayam,26000
2023-08-29,3509,telur_ayam,26000
2023-08-30,3509,telur_ayam,24900
2023-08-31,3509,telur_ayam,24100
2023-09-01,3509,telur_ayam,24100
2023-09-04,3509,telur_ayam,25600
2023-09-05,3509,telur_ayam,26250
2023-09-06,3509,telur_ayam,26500
2023-09-07,3509,telur_ayam,26600
2023-09-08,3509,telur_ayam,25500
2023-09-11,3509,telur_ayam,24850
2023-09-12,3509,telur_ayam,24850
2023-09-13,3509,telur_ayam,24850
2023-09-14,3509,telur_ayam,24850
2023-09-15,3509,telur_ayam,24850
2023-09-18,3509,telur_ayam,24850
2023-09-19,3509,telur_ayam,24850
2023-09-20,3509,telur_ayam,24850
2023-09-21,3509,telur_ayam,25150
2023-09-22,3509,telur_ayam,25900
2023-09-25,3509,telur_ayam,25100
2023-09-26,3509,telur_ayam,24900
2023-09-27,3509,telur_ayam,24750
2023-09-28,3509,telur_ayam,24750
2023-09-29,3509,telur_ayam,24650
2023-10-02,3509,telur_ayam,24650
2023-10-03,3509,telur_ayam,24650
2023-10-04,3509,telur_ayam,24650
2023-10-05,3509,telur_ayam,24650
2023-10-06,3509,telur_ayam,24650
2023-10-09,3509,telur_ayam,24600
2023-10-10,3509,telur_ayam,24600
2023-10-11,3509,telur_ayam,24600
2023-10-12,3509,telur_ayam,24250
2023-10-13,3509,telur_ayam,24000
2023-10-16,3509,telur_ayam,23900
2023-10-17,3509,telur_ayam,23900
2023-10-18,3509,telur_ayam,24350
2023-10-19,3509,telur_ayam,24350
2023-10-20,3509,telur_ayam,24350
2023-10-23,3509,telur_ayam,24150
2023-10-24,3509,telur_ayam,24150
2023-10-25,3509,telur_ayam,24100
2023-10-26,3509,telur_ayam,24100
2023-10-27,3509,telur_ayam,24350
2023-10-30,3509,telur_ayam,24350
2023-10-31,3509,telur_ayam,24350
2023-11-01,3509,telur_ayam,24350
2023-11-02,3509,telur_ayam,24350
2023-11-03,3509,telur_ayam,24150
2023-11-06,3509,telur_ayam,24900
2023-11-07,3509,telur_ayam,26250
2023-11-08,3509,telur_ayam,26250
2023-11-09,3509,telur_ayam,26400
2023-11-10,3509,telur_ayam,26150
2023-11-13,3509,telur_ayam,26000
2023-11-14,3509,telur_ayam,25850
2023-11-15,3509,telur_ayam,26150
2023-11-16,3509,telur_ayam,25900
2023-11-17,3509,telur_ayam,25900
2023-11-20,3509,telur_ayam,25850
2023-11-21,3509,telur_ayam,25500
2023-11-22,3509,telur_ayam,25400
2023-11-23,3509,telur_ayam,25350
2023-11-24,3509,telur_ayam,25000
2023-11-27,3509,telur_ayam,25000
2023-11-28,3509,telur_ayam,25000
2023-11-29,3509,telur_ayam,25000
2023-11-30,3509,telur_ayam,25000
2023-12-01,3509,telur_ayam,25000
2023-12-04,3509,telur_ayam,25150
2023-12-05,3509,telur_ayam,25150
2023-12-06,3509,telur_ayam,25150
2023-12-07,3509,telur_ayam,25250
2023-12-08,3509,telur_ayam,25750
2023-12-11,3509,telur_ayam,25850
2023-12-12,3509,telur_ayam,25850
2023-12-13,3509,telur_ayam,25850
2023-12-14,3509,telur_ayam,25850
2023-12-15,3509,telur_ayam,25850
2023-12-18,3509,telur_ayam,25850
2023-12-19,3509,telur_ayam,25900
2023-12-20,3509,telur_ayam,25900
2023-12-21,3509,telur_ayam,25900
2023-12-22,3509,telur_ayam,25900
2023-12-27,3509,telur_ayam,25900
2023-12-28,3509,telur_ayam,25900
2023-12-29,3509,telur_ayam,25900
2024-01-01,3509,telur_ayam,25900
2024-01-02,3509,telur_ayam,25850
2024-01-03,3509,telur_ayam,25900
2024-01-04,3509,telur_ayam,25150
2024-01-05,3509,telur_ayam,25150
2024-01-08,3509,telur_ayam,25000
2024-01-09,3509,telur_ayam,25000
2024-01-10,3509,telur_ayam,25000
2024-01-11,3509,telur_ayam,24350
2024-01-12,3509,telur_ayam,24350
2024-01-15,3509,telur_ayam,24100
2024-01-16,3509,telur_ayam,24100
2024-01-17,3509,telur_ayam,24150
2024-01-18,3509,telur_ayam,24150
2024-01-19,3509,telur_ayam,24150
2024-01-22,3509,telur_ayam,24500
2024-01-23,3509,telur_ayam,24500
2024-01-24,3509,telur_ayam,24500
2024-01-25,3509,telur_ayam,24500
2024-01-26,3509,telur_ayam,25100
2024-01-29,3509,telur_ayam,24850
2024-01-30,3509,telur_ayam,24850
2024-01-31,3509,telur_ayam,24900
2024-02-01,3509,telur_ayam,24900
2024-02-02,3509,telur_ayam,24850
2024-02-05,3509,telur_ayam,25150
2024-02-06,3509,telur_ayam,25150
2024-02-07,3509,telur_ayam,25350
2024-02-08,3509,telur_ayam,25350
2024-02-09,3509,telur_ayam,25350
2024-02-12,3509,telur_ayam,26250
2024-02-13,3509,telur_ayam,26250
2024-02-14,3509,telur_ayam,26250
2024-02-15,3509,telur_ayam,27600
2024-02-16,3509,telur_ayam,27600
2024-02-19,3509,telur_ayam,28100
2024-02-20,3509,telur_ayam,28100
2024-02-21,3509,telur_ayam,28100
2024-02-22,3509,telur_ayam,28100
2024-02-23,3509,telur_ayam,29000
2024-02-26,3509,telur_ayam,28100
2024-02-27,3509,telur_ayam,30250
2024-02-28,3509,telur_ayam,30400
2024-02-29,3509,telur_ayam,30600
2024-03-01,3509,telur_ayam,30650
2024-03-04,3509,telur_ayam,30650
2024-03-05,3509,telur_ayam,30650
2024-03-06,3509,telur_ayam,30850
2024-03-07,3509,telur_ayam,30850
2024-03-08,3509,telur_ayam,30900
2024-03-11,3509,telur_ayam,30900
2024-03-12,3509,telur_ayam,30900
2024-03-13,3509,telur_ayam,31350
2024-03-14,3509,telur_ayam,31350
2024-03-15,3509,telur_ayam,31000
2024-03-18,3509,telur_ayam,31000
2024-03-19,3509,telur_ayam,31000
2024-03-20,3509,telur_ayam,32000
2024-03-21,3509,telur_ayam,32000
2024-03-22,3509,telur_ayam,32150
2024-03-25,3509,telur_ayam,30650
2024-03-26,3509,telur_ayam,30650
2024-03-27,3509,telur_ayam,30250
2024-03-28,3509,telur_ayam,28900
2024-03-29,3509,telur_ayam,28900
2024-04-01,3509,telur_ayam,28400
2024-04-02,3509,telur_ayam,28000
2024-04-03,3509,telur_ayam,28000
2024-04-04,3509,telur_ayam,27400
2024-04-05,3509,telur_ayam,27150
2024-04-08,3509,telur_ayam,27150
2024-04-09,3509,telur_ayam,27150
2024-04-10,3509,telur_ayam,27150
2024-04-11,3509,telur_ayam,27150
2024-04-12,3509,telur_ayam,27150
2024-04-15,3509,telur_ayam,27150
2024-04-16,3509,telur_ayam,27000
2024-04-17,3509,telur_ayam,26900
2024-04-18,3509,telur_ayam,27000
2024-04-19,3509,telur_ayam,26900
2024-04-22,3509,telur_ayam,26850
2024-04-23,3509,telur_ayam,26850
2024-04-24,3509,telur_ayam,27500
2024-04-25,3509,telur_ayam,27500
2024-04-26,3509,telur_ayam,27500
2024-04-29,3509,telur_ayam,27000
2024-04-30,3509,telur_ayam,27000
2024-05-01,3509,telur_ayam,27000
2024-05-02,3509,telur_ayam,28100
2024-05-03,3509,telur_ayam,28000
2024-05-06,3509,telur_ayam,27650
2024-05-07,3509,telur_ayam,27600
2024-05-08,3509,telur_ayam,28350
2024-05-09,3509,telur_ayam,28350
2024-05-10,3509,telur_ayam,28350
2024-05-13,3509,telur_ayam,27650
2024-05-14,3509,telur_ayam,27350
2024-05-15,3509,telur_ayam,28100
2024-05-16,3509,telur_ayam,27850
2024-05-17,3509,telur_ayam,28150
2024-05-20,3509,telur_ayam,28150
2024-05-21,3509,telur_ayam,28000
2024-05-22,3509,telur_ayam,28000
2024-05-23,3509,telur_ayam,28000
2024-05-24,3509,telur_ayam,28000
2024-05-27,3509,telur_ayam,28100
2024-05-28,3509,telur_ayam,27900
2024-05-29,3509,telur_ayam,27850
2024-05-30,3509,telur_ayam,27350
2024-05-31,3509,telur_ayam,27000
2024-06-03,3509,telur_ayam,25900
2024-06-04,3509,telur_ayam,25850
2024-06-05,3509,telur_ayam,25850
2024-06-06,3509,telur_ayam,26150
2024-06-07,3509,telur_ayam,26500
2024-06-10,3509,telur_ayam,26600
2024-06-11,3509,telur_ayam,26150
2024-06-12,3509,telur_ayam,26750
2024-06-13,3509,telur_ayam,26850
2024-06-14,3509,telur_ayam,26900
2024-06-17,3509,telur_ayam,26900
2024-06-18,3509,telur_ayam,26900
2024-06-19,3509,telur_ayam,26850
2024-06-20,3509,telur_ayam,26850
2024-06-21,3509,telur_ayam,26850
2024-06-24,3509,telur_ayam,27000
2024-06-26,3509,telur_ayam,26750
2024-06-28,3509,telur_ayam,26750
2024-07-01,3509,telur_ayam,26350
2024-07-02,3509,telur_ayam,26500
2024-07-03,3509,telur_ayam,26850
2024-07-04,3509,telur_ayam,27000
2024-07-05,3509,telur_ayam,27000
2024-07-08,3509,telur_ayam,25250
2024-07-09,3509,telur_ayam,25600
2024-07-10,3509,telur_ayam,25350
2024-07-11,3509,telur_ayam,25850
2024-07-12,3509,telur_ayam,25750
2024-07-15,3509,telur_ayam,26750
2024-07-16,3509,telur_ayam,26600
2024-07-17,3509,telur_ayam,26150
2024-07-18,3509,telur_ayam,26250
2024-07-19,3509,telur_ayam,25750
2024-07-22,3509,telur_ayam,25650
2024-07-23,3509,telur_ayam,25850
2024-07-24,3509,telur_ayam,26350
2024-07-25,3509,telur_ayam,26500
2024-07-26,3509,telur_ayam,25650
2024-07-29,3509,telur_ayam,26000
2024-07-30,3509,telur_ayam,25350
2024-07-31,3509,telur_ayam,25750
2024-08-01,3509,telur_ayam,25750
2024-08-02,3509,telur_ayam,25500
2024-08-05,3509,telur_ayam,25000
2024-08-06,3509,telur_ayam,25000
2024-08-07,3509,telur_ayam,25350
2024-08-09,3509,telur_ayam,25400
2024-08-12,3509,telur_ayam,25100
2024-08-13,3509,telur_ayam,25350
2024-08-14,3509,telur_ayam,25500
2024-08-15,3509,telur_ayam,25500
2024-08-16,3509,telur_ayam,25500
2024-08-19,3509,telur_ayam,25100
2024-08-21,3509,telur_ayam,25600
2024-08-22,3509,telur_ayam,25500
2024-08-23,3509,telur_ayam,25000
2024-08-27,3509,telur_ayam,24850
2024-08-28,3509,telur_ayam,25150
2024-08-29,3509,telur_ayam,24900
2024-08-30,3509,telur_ayam,24850
2024-09-02,3509,telur_ayam,24500
2024-09-03,3509,telur_ayam,24400
2024-09-04,3509,telur_ayam,23850
2024-09-05,3509,telur_ayam,23750
2024-09-06,3509,telur_ayam,24400
2024-09-09,3509,telur_ayam,25100
2024-09-10,3509,telur_ayam,25500
2024-09-11,3509,telur_ayam,25100
2024-09-12,3509,telur_ayam,25650
2024-09-13,3509,telur_ayam,26000
2024-09-16,3509,telur_ayam,26000
2024-09-17,3509,telur_ayam,25600
2024-09-18,3509,telur_ayam,25850
2024-09-19,3509,telur_ayam,25600
2024-09-20,3509,telur_ayam,25500
2024-09-23,3509,telur_ayam,25600
2024-09-24,3509,telur_ayam,25400
2024-09-25,3509,telur_ayam,25250
2024-09-26,3509,telur_ayam,25100
2024-09-27,3509,telur_ayam,25350
2024-09-30,3509,telur_ayam,25750
2024-10-01,3509,telur_ayam,25250
2024-10-02,3509,telur_ayam,26000
2024-10-03,3509,telur_ayam,25750
2024-10-04,3509,telur_ayam,25750
2024-10-07,3509,telur_ayam,25250
2024-10-08,3509,telur_ayam,25600
2024-10-09,3509,telur_ayam,25400
2024-10-10,3509,telur_ayam,25350
2024-10-11,3509,telur_ayam,25000
2024-10-14,3509,telur_ayam,25600
2024-10-15,3509,telur_ayam,25600
2024-10-16,3509,telur_ayam,25100
2024-10-17,3509,telur_ayam,25100
2024-10-18,3509,telur_ayam,25100
2024-10-21,3509,telur_ayam,25400
2024-10-22,3509,telur_ayam,25400
2024-10-23,3509,telur_ayam,25350
2024-10-24,3509,telur_ayam,25350
2024-10-25,3509,telur_ayam,25400
2024-10-28,3509,telur_ayam,25150
2024-10-29,3509,telur_ayam,25150
2024-10-30,3509,telur_ayam,25150
2024-10-31,3509,telur_ayam,25150
2024-11-01,3509,telur_ayam,25400
2024-11-04,3509,telur_ayam,25400
2024-11-05,3509,telur_ayam,25500
2024-11-06,3509,telur_ayam,25350
2024-11-07,3509,telur_ayam,25350
2024-11-08,3509,telur_ayam,25150
2024-11-11,3509,telur_ayam,25150
2024-11-12,3509,telur_ayam,24850
2024-11-14,3509,telur_ayam,24750
2024-11-18,3509,telur_ayam,24900
2024-11-20,3509,telur_ayam,24900
2024-11-21,3509,telur_ayam,24900
2024-11-22,3509,telur_ayam,25000
2024-11-25,3509,telur_ayam,24650
2024-11-26,3509,telur_ayam,24900
2024-11-27,3509,telur_ayam,24750
2024-11-28,3509,telur_ayam,24850
2024-11-29,3509,telur_ayam,24600
2024-12-02,3509,telur_ayam,24400
2024-12-03,3509,telur_ayam,24500
2024-12-04,3509,telur_ayam,24350
2024-12-05,3509,telur_ayam,24400
2024-12-06,3509,telur_ayam,24400
2024-12-09,3509,telur_ayam,26150
2024-12-10,3509,telur_ayam,26650
2024-12-11,3509,telur_ayam,26650
2024-12-12,3509,telur_ayam,27000
2024-12-13,3509,telur_ayam,27500
2024-12-16,3509,telur_ayam,28000
2024-12-17,3509,telur_ayam,28350
2024-12-18,3509,telur_ayam,28400
2024-12-19,3509,telur_ayam,28500
2024-12-20,3509,telur_ayam,29100
2024-12-23,3509,telur_ayam,29400
2024-12-24,3509,telur_ayam,29000
2024-12-25,3509,telur_ayam,29000
2024-12-26,3509,telur_ayam,29000
2024-12-27,3509,telur_ayam,29150
2024-12-30,3509,telur_ayam,28850
2024-12-31,3509,telur_ayam,28850
2025-01-01,3509,telur_ayam,28850
2025-01-02,3509,telur_ayam,28650
2025-01-03,3509,telur_ayam,28650
2025-01-06,3509,telur_ayam,28250
2025-01-07,3509,telur_ayam,27750
2025-01-08,3509,telur_ayam,28000
2025-01-10,3509,telur_ayam,27400
2025-01-13,3509,telur_ayam,27350
2025-01-14,3509,telur_ayam,26750
2025-01-15,3509,telur_ayam,26350
2025-01-17,3509,telur_ayam,26000
2025-01-20,3509,telur_ayam,25850
2025-01-21,3509,telur_ayam,25000
2025-01-22,3509,telur_ayam,24750
2025-01-23,3509,telur_ayam,24850
2025-01-24,3509,telur_ayam,24500
2025-01-27,3509,telur_ayam,24500
2025-01-28,3509,telur_ayam,24500
2025-01-29,3509,telur_ayam,24500
2025-01-30,3509,telur_ayam,25850
2025-01-31,3509,telur_ayam,26000
2025-02-03,3509,telur_ayam,25650
2025-02-04,3509,telur_ayam,25850
2025-02-05,3509,telur_ayam,25850
2025-02-06,3509,telur_ayam,25850
2025-02-07,3509,telur_ayam,25850
2025-02-10,3509,telur_ayam,26000
2025-02-11,3509,telur_ayam,26000
2025-02-12,3509,telur_ayam,26000
2025-02-13,3509,telur_ayam,25900
2025-02-14,3509,telur_ayam,25750
2025-02-17,3509,telur_ayam,25900
2025-02-18,3509,telur_ayam,26100
2025-02-19,3509,telur_ayam,26250
2025-02-20,3509,telur_ayam,27600
2025-02-21,3509,telur_ayam,27850
2025-02-24,3509,telur_ayam,28900
2025-02-25,3509,telur_ayam,28750
2025-02-26,3509,telur_ayam,28750
2025-02-27,3509,telur_ayam,27250
2025-02-28,3509,telur_ayam,29000
2025-03-03,3509,telur_ayam,29850
2025-03-04,3509,telur_ayam,28850
2025-03-05,3509,telur_ayam,28500
2025-03-06,3509,telur_ayam,28500
2025-03-07,3509,telur_ayam,28000
2025-03-10,3509,telur_ayam,28000
2025-03-11,3509,telur_ayam,27000
2025-03-12,3509,telur_ayam,27000
2025-03-13,3509,telur_ayam,27000
2025-03-14,3509,telur_ayam,27000
2025-03-17,3509,telur_ayam,26750
2025-03-18,3509,telur_ayam,26350
2025-03-19,3509,telur_ayam,26000
2025-03-20,3509,telur_ayam,26000
2025-03-21,3509,telur_ayam,25350
2025-03-24,3509,telur_ayam,25650
2025-03-25,3509,telur_ayam,25850
2025-03-26,3509,telur_ayam,26000
2025-03-27,3509,telur_ayam,26000
2025-03-28,3509,telur_ayam,26000
2025-03-31,3509,telur_ayam,26000
2025-04-01,3509,telur_ayam,26000
2025-04-02,3509,telur_ayam,26000
2025-04-03,3509,telur_ayam,26000
2025-04-04,3509,telur_ayam,26000
2025-04-07,3509,telur_ayam,26000
2025-04-08,3509,telur_ayam,25150
2025-04-09,3509,telur_ayam,24850
2025-04-10,3509,telur_ayam,24850
2025-04-11,3509,telur_ayam,25000
2025-04-14,3509,telur_ayam,24150
2025-04-15,3509,telur_ayam,24150
2025-04-16,3509,telur_ayam,24350
2025-04-17,3509,telur_ayam,24350
2025-04-18,3509,telur_ayam,24350
2025-04-21,3509,telur_ayam,24000
2025-04-22,3509,telur_ayam,23850
2025-04-23,3509,telur_ayam,23850
2025-04-24,3509,telur_ayam,24100
2025-04-25,3509,telur_ayam,24250
2025-04-28,3509,telur_ayam,25650
2025-04-29,3509,telur_ayam,25900
2025-04-30,3509,telur_ayam,25900
2025-05-01,3509,telur_ayam,25900
2025-05-02,3509,telur_ayam,26000
2025-05-05,3509,telur_ayam,25350
2025-05-06,3509,telur_ayam,25650
2025-05-07,3509,telur_ayam,25100
2025-05-08,3509,telur_ayam,24600
2025-05-09,3509,telur_ayam,24600
2025-05-12,3509,telur_ayam,24600
2025-05-13,3509,telur_ayam,24600
2025-05-14,3509,telur_ayam,25000
2025-05-15,3509,telur_ayam,25000
2025-05-16,3509,telur_ayam,25000
2025-05-19,3509,telur_ayam,25100
2025-05-20,3509,telur_ayam,25150
2025-05-21,3509,telur_ayam,25400
2025-05-22,3509,telur_ayam,25350
2025-05-23,3509,telur_ayam,25350
2025-05-26,3509,telur_ayam,25250
2025-05-27,3509,telur_ayam,25100
2025-05-28,3509,telur_ayam,24900
2025-05-29,3509,telur_ayam,24900
2025-05-30,3509,telur_ayam,24900
2025-06-02,3509,telur_ayam,25900
2025-06-03,3509,telur_ayam,25900
2025-06-04,3509,telur_ayam,26850
2025-06-05,3509,telur_ayam,27000
2025-06-06,3509,telur_ayam,27000
2025-06-09,3509,telur_ayam,27000
2025-06-10,3509,telur_ayam,26750
2025-06-11,3509,telur_ayam,26350
2025-06-12,3509,telur_ayam,26500
2025-06-13,3509,telur_ayam,26850
2025-06-16,3509,telur_ayam,26750
2025-06-17,3509,telur_ayam,26750
2025-06-18,3509,telur_ayam,26850
2025-06-19,3509,telur_ayam,26750
2025-06-20,3509,telur_ayam,26750
2025-06-23,3509,telur_ayam,26750
2025-06-24,3509,telur_ayam,26650
2025-06-25,3509,telur_ayam,26650
2025-06-26,3509,telur_ayam,26650
2025-06-27,3509,telur_ayam,26650
2025-06-30,3509,telur_ayam,26850
2025-07-01,3509,telur_ayam,26850
2025-07-02,3509,telur_ayam,26850
2025-07-03,3509,telur_ayam,26850
2025-07-04,3509,telur_ayam,26850
2025-07-07,3509,telur_ayam,26850
2025-07-08,3509,telur_ayam,27150
2025-07-09,3509,telur_ayam,27000
2025-07-10,3509,telur_ayam,26850
2025-07-11,3509,telur_ayam,26850
2025-07-14,3509,telur_ayam,26850
2025-07-15,3509,telur_ayam,26850
2025-07-16,3509,telur_ayam,26900
2025-07-17,3509,telur_ayam,26900
2025-07-18,3509,telur_ayam,26900
2025-07-21,3509,telur_ayam,26900
2025-07-22,3509,telur_ayam,27400
2025-07-23,3509,telur_ayam,27500
2025-07-24,3509,telur_ayam,27350
2025-07-25,3509,telur_ayam,27350
2025-07-28,3509,telur_ayam,27400
2025-07-29,3509,telur_ayam,27500
2025-07-30,3509,telur_ayam,27150
2025-07-31,3509,telur_ayam,27000
2025-08-01,3509,telur_ayam,27000
2025-08-04,3509,telur_ayam,26750
2025-08-05,3509,telur_ayam,26750
2025-08-06,3509,telur_ayam,26650
2025-08-07,3509,telur_ayam,26750
2025-08-08,3509,telur_ayam,26850
2025-08-11,3509,telur_ayam,27100
2025-08-12,3509,telur_ayam,26850
2025-08-13,3509,telur_ayam,26750
2025-08-14,3509,telur_ayam,26600
2025-08-15,3509,telur_ayam,26650
2025-08-18,3509,telur_ayam,26650
2025-08-19,3509,telur_ayam,26100
2025-08-20,3509,telur_ayam,26000
2025-08-21,3509,telur_ayam,26000
2025-08-22,3509,telur_ayam,26000
2025-08-25,3509,telur_ayam,25650
2025-08-26,3509,telur_ayam,25850
2025-08-27,3509,telur_ayam,25850
2025-08-28,3509,telur_ayam,25900
2025-08-29,3509,telur_ayam,26000
2025-09-01,3509,telur_ayam,25900
2025-09-02,3509,telur_ayam,25900
2025-09-03,3509,telur_ayam,25900
2025-09-04,3509,telur_ayam,26000
2025-09-05,3509,telur_ayam,26000
2025-09-08,3509,telur_ayam,26000
2025-09-09,3509,telur_ayam,26000
2025-09-10,3509,telur_ayam,27350
2025-09-11,3509,telur_ayam,27350
2025-09-12,3509,telur_ayam,27650
2025-09-15,3509,telur_ayam,27850
2025-09-16,3509,telur_ayam,27850
2025-09-17,3509,telur_ayam,27850
2025-09-18,3509,telur_ayam,27850
2025-09-19,3509,telur_ayam,27850
2025-09-22,3509,telur_ayam,27500
2025-09-23,3509,telur_ayam,27400
2025-09-24,3509,telur_ayam,27500
2025-09-25,3509,telur_ayam,27400
2025-09-26,3509,telur_ayam,27500
2025-09-29,3509,telur_ayam,27750
2025-09-30,3509,telur_ayam,27600
2025-10-01,3509,telur_ayam,27650
2025-10-02,3509,telur_ayam,27900
2025-10-03,3509,telur_ayam,28600
2025-10-06,3509,telur_ayam,28750
2025-10-07,3509,telur_ayam,28750
2025-10-08,3509,telur_ayam,28750
2025-10-09,3509,telur_ayam,29400
2025-10-10,3509,telur_ayam,29500
2025-10-13,3509,telur_ayam,29600
2025-10-14,3509,telur_ayam,29600
2025-10-15,3509,telur_ayam,29500
2025-10-16,3509,telur_ayam,29600
2025-10-17,3509,telur_ayam,29750
2025-10-20,3509,telur_ayam,29850
2025-10-21,3509,telur_ayam,29650
2025-10-22,3509,telur_ayam,29150
2025-10-23,3509,telur_ayam,29150
2025-10-24,3509,telur_ayam,28750
2025-10-27,3509,telur_ayam,28500
2025-10-28,3509,telur_ayam,28400
2025-10-29,3509,telur_ayam,28350
2025-10-30,3509,telur_ayam,27900
2025-10-31,3509,telur_ayam,27750
2025-11-03,3509,telur_ayam,27900
2025-11-04,3509,telur_ayam,27900
2025-11-05,3509,telur_ayam,27900
2025-11-06,3509,telur_ayam,27850
2025-11-07,3509,telur_ayam,27600
2025-11-10,3509,telur_ayam,27500
2025-11-11,3509,telur_ayam,27500
2025-11-12,3509,telur_ayam,27500
2025-11-13,3509,telur_ayam,27650
2025-11-14,3509,telur_ayam,27600
2025-11-17,3509,telur_ayam,27600
2025-11-18,3509,telur_ayam,27600
2025-11-19,3509,telur_ayam,27500
2025-11-20,3509,telur_ayam,27500
2025-11-21,3509,telur_ayam,27400
2025-11-24,3509,telur_ayam,27350
2025-11-25,3509,telur_ayam,27350
2025-11-26,3509,telur_ayam,27350
2025-11-27,3509,telur_ayam,27400
2025-11-28,3509,telur_ayam,27600
2025-12-01,3509,telur_ayam,27600
2025-12-02,3509,telur_ayam,27500
2025-12-03,3509,telur_ayam,27400
2025-12-04,3509,telur_ayam,27350
2025-12-05,3509,telur_ayam,27850
2025-12-08,3509,telur_ayam,28150
2025-12-09,3509,telur_ayam,28750
2025-12-10,3509,telur_ayam,29500
2025-12-11,3509,telur_ayam,29500
2025-12-12,3509,telur_ayam,29500
2025-12-15,3509,telur_ayam,30000
2025-12-16,3509,telur_ayam,30000
2025-12-17,3509,telur_ayam,30000
2025-12-18,3509,telur_ayam,30000
2025-12-19,3509,telur_ayam,30000
2025-12-22,3509,telur_ayam,30000
2025-12-23,3509,telur_ayam,29600
2025-12-24,3509,telur_ayam,28650
2025-12-25,3509,telur_ayam,28650
2025-12-26,3509,telur_ayam,28600
2025-12-29,3509,telur_ayam,28600
2025-12-30,3509,telur_ayam,28350
2025-12-31,3509,telur_ayam,28250
2021-01-04,3510,telur_ayam,22150
2021-01-05,3510,telur_ayam,22150
2021-01-06,3510,telur_ayam,22150
2021-01-07,3510,telur_ayam,22500
2021-01-08,3510,telur_ayam,22500
2021-01-11,3510,telur_ayam,22650
2021-01-12,3510,telur_ayam,22500
2021-01-13,3510,telur_ayam,22150
2021-01-14,3510,telur_ayam,22150
2021-01-15,3510,telur_ayam,22150
2021-01-18,3510,telur_ayam,21400
2021-01-19,3510,telur_ayam,21250
2021-01-20,3510,telur_ayam,20900
2021-01-21,3510,telur_ayam,20900
2021-01-22,3510,telur_ayam,20400
2021-01-25,3510,telur_ayam,20000
2021-01-26,3510,telur_ayam,20000
2021-01-27,3510,telur_ayam,20250
2021-01-28,3510,telur_ayam,20250
2021-01-29,3510,telur_ayam,20500
2021-02-01,3510,telur_ayam,20750
2021-02-02,3510,telur_ayam,20750
2021-02-03,3510,telur_ayam,20900
2021-02-04,3510,telur_ayam,21150
2021-02-05,3510,telur_ayam,21150
2021-02-08,3510,telur_ayam,22650
2021-02-09,3510,telur_ayam,21750
2021-02-10,3510,telur_ayam,21750
2021-02-11,3510,telur_ayam,21250
2021-02-15,3510,telur_ayam,23250
2021-02-16,3510,telur_ayam,23250
2021-02-17,3510,telur_ayam,23250
2021-02-18,3510,telur_ayam,23250
2021-02-19,3510,telur_ayam,22750
2021-02-22,3510,telur_ayam,22500
2021-02-23,3510,telur_ayam,22500
2021-02-24,3510,telur_ayam,22500
2021-02-25,3510,telur_ayam,22500
2021-02-26,3510,telur_ayam,22250
2021-03-01,3510,telur_ayam,22250
2021-03-02,3510,telur_ayam,22150
2021-03-03,3510,telur_ayam,22150
2021-03-04,3510,telur_ayam,22250
2021-03-05,3510,telur_ayam,22250
2021-03-08,3510,telur_ayam,23000
2021-03-09,3510,telur_ayam,22500
2021-03-10,3510,telur_ayam,22500
2021-03-12,3510,telur_ayam,22400
2021-03-15,3510,telur_ayam,22150
2021-03-16,3510,telur_ayam,21900
2021-03-17,3510,telur_ayam,22000
2021-03-18,3510,telur_ayam,21650
2021-03-19,3510,telur_ayam,21400
2021-03-22,3510,telur_ayam,21250
2021-03-23,3510,telur_ayam,20900
2021-03-24,3510,telur_ayam,20750
2021-03-25,3510,telur_ayam,20500
2021-03-26,3510,telur_ayam,20500
2021-03-29,3510,telur_ayam,20500
2021-03-30,3510,telur_ayam,20500
2021-03-31,3510,telur_ayam,20650
2021-04-01,3510,telur_ayam,20750
2021-04-05,3510,telur_ayam,21900
2021-04-06,3510,telur_ayam,22150
2021-04-07,3510,telur_ayam,22150
2021-04-08,3510,telur_ayam,23150
2021-04-09,3510,telur_ayam,23150
2021-04-12,3510,telur_ayam,25250
2021-04-13,3510,telur_ayam,25000
2021-04-14,3510,telur_ayam,23650
2021-04-15,3510,telur_ayam,23650
2021-04-16,3510,telur_ayam,23500
2021-04-19,3510,telur_ayam,23650
2021-04-20,3510,telur_ayam,23900
2021-04-21,3510,telur_ayam,23150
2021-04-22,3510,telur_ayam,23150
2021-04-23,3510,telur_ayam,22900
2021-04-26,3510,telur_ayam,21650
2021-04-27,3510,telur_ayam,21900
2021-04-28,3510,telur_ayam,21900
2021-04-29,3510,telur_ayam,22150
2021-04-30,3510,telur_ayam,22150
2021-05-03,3510,telur_ayam,22150
2021-05-04,3510,telur_ayam,22250
2021-05-05,3510,telur_ayam,22400
2021-05-06,3510,telur_ayam,22400
2021-05-07,3510,telur_ayam,22400
2021-05-10,3510,telur_ayam,22150
2021-05-11,3510,telur_ayam,22150
2021-05-17,3510,telur_ayam,22150
2021-05-18,3510,telur_ayam,22150
2021-05-19,3510,telur_ayam,22150
2021-05-20,3510,telur_ayam,22150
2021-05-21,3510,telur_ayam,22150
2021-05-24,3510,telur_ayam,22150
2021-05-25,3510,telur_ayam,22150
2021-05-27,3510,telur_ayam,22150
2021-05-28,3510,telur_ayam,22150
2021-05-31,3510,telur_ayam,22150
2021-06-02,3510,telur_ayam,23150
2021-06-03,3510,telur_ayam,23150
2021-06-04,3510,telur_ayam,23250
2021-06-07,3510,telur_ayam,23150
2021-06-08,3510,telur_ayam,23150
2021-06-09,3510,telur_ayam,23150
2021-06-10,3510,telur_ayam,23000
2021-06-11,3510,telur_ayam,22750
2021-06-14,3510,telur_ayam,22650
2021-06-15,3510,telur_ayam,22500
2021-06-16,3510,telur_ayam,22250
2021-06-17,3510,telur_ayam,22250
2021-06-18,3510,telur_ayam,22250
2021-06-21,3510,telur_ayam,21650
2021-06-22,3510,telur_ayam,21150
2021-06-23,3510,telur_ayam,21150
2021-06-24,3510,telur_ayam,21150
2021-06-25,3510,telur_ayam,21150
2021-06-28,3510,telur_ayam,21400
2021-06-29,3510,telur_ayam,21400
2021-06-30,3510,telur_ayam,21250
2021-07-01,3510,telur_ayam,21250
2021-07-02,3510,telur_ayam,21650
2021-07-05,3510,telur_ayam,21000
2021-07-06,3510,telur_ayam,20500
2021-07-07,3510,telur_ayam,20500
2021-07-08,3510,telur_ayam,20500
2021-07-09,3510,telur_ayam,20500
2021-07-12,3510,telur_ayam,21250
2021-07-13,3510,telur_ayam,21650
2021-07-14,3510,telur_ayam,21750
2021-07-15,3510,telur_ayam,21750
2021-07-16,3510,telur_ayam,21750
2021-07-19,3510,telur_ayam,22650
2021-07-21,3510,telur_ayam,23400
2021-07-22,3510,telur_ayam,23400
2021-07-23,3510,telur_ayam,22500
2021-07-26,3510,telur_ayam,23000
2021-07-27,3510,telur_ayam,23000
2021-07-28,3510,telur_ayam,23150
2021-07-29,3510,telur_ayam,23150
2021-07-30,3510,telur_ayam,23150
2021-08-02,3510,telur_ayam,23150
2021-08-03,3510,telur_ayam,23150
2021-08-04,3510,telur_ayam,22900
2021-08-05,3510,telur_ayam,23250
2021-08-06,3510,telur_ayam,22900
2021-08-09,3510,telur_ayam,22250
2021-08-10,3510,telur_ayam,22000
2021-08-12,3510,telur_ayam,22000
2021-08-13,3510,telur_ayam,22000
2021-08-16,3510,telur_ayam,20750
2021-08-18,3510,telur_ayam,20750
2021-08-19,3510,telur_ayam,21000
2021-08-20,3510,telur_ayam,21000
2021-08-23,3510,telur_ayam,20000
2021-08-24,3510,telur_ayam,20000
2021-08-25,3510,telur_ayam,20000
2021-08-26,3510,telur_ayam,19900
2021-08-27,3510,telur_ayam,19750
2021-08-30,3510,telur_ayam,19750
2021-08-31,3510,telur_ayam,19750
2021-09-01,3510,telur_ayam,19750
2021-09-02,3510,telur_ayam,19750
2021-09-03,3510,telur_ayam,19650
2021-09-06,3510,telur_ayam,18900
2021-09-07,3510,telur_ayam,18900
2021-09-08,3510,telur_ayam,18900
2021-09-09,3510,telur_ayam,18750
2021-09-10,3510,telur_ayam,18750
2021-09-13,3510,telur_ayam,18000
2021-09-14,3510,telur_ayam,18000
2021-09-15,3510,telur_ayam,17750
2021-09-16,3510,telur_ayam,17750
2021-09-17,3510,telur_ayam,17750
2021-09-20,3510,telur_ayam,17750
2021-09-21,3510,telur_ayam,17400
2021-09-22,3510,telur_ayam,17400
2021-09-23,3510,telur_ayam,18000
2021-09-24,3510,telur_ayam,18000
2021-09-27,3510,telur_ayam,17400
2021-09-28,3510,telur_ayam,18150
2021-09-29,3510,telur_ayam,18500
2021-09-30,3510,telur_ayam,18650
2021-10-01,3510,telur_ayam,18650
2021-10-04,3510,telur_ayam,18650
2021-10-05,3510,telur_ayam,18650
2021-10-06,3510,telur_ayam,18650
2021-10-07,3510,telur_ayam,18000
2021-10-08,3510,telur_ayam,17650
2021-10-11,3510,telur_ayam,17650
2021-10-12,3510,telur_ayam,18000
2021-10-13,3510,telur_ayam,18000
2021-10-14,3510,telur_ayam,17900
2021-10-15,3510,telur_ayam,17400
2021-10-18,3510,telur_ayam,17750
2021-10-19,3510,telur_ayam,17750
2021-10-21,3510,telur_ayam,16900
2021-10-22,3510,telur_ayam,16900
2021-10-25,3510,telur_ayam,17000
2021-10-26,3510,telur_ayam,18250
2021-10-27,3510,telur_ayam,18250
2021-10-28,3510,telur_ayam,18900
2021-10-29,3510,telur_ayam,18900
2021-11-01,3510,telur_ayam,19000
2021-11-02,3510,telur_ayam,19000
2021-11-03,3510,telur_ayam,18750
2021-11-04,3510,telur_ayam,18750
2021-11-05,3510,telur_ayam,19400
2021-11-08,3510,telur_ayam,22750
2021-11-09,3510,telur_ayam,23650
2021-11-10,3510,telur_ayam,23750
2021-11-11,3510,telur_ayam,23650
2021-11-12,3510,telur_ayam,23250
2021-11-15,3510,telur_ayam,22750
2021-11-16,3510,telur_ayam,22400
2021-11-17,3510,telur_ayam,22250
2021-11-18,3510,telur_ayam,22650
2021-11-19,3510,telur_ayam,22250
2021-11-22,3510,telur_ayam,22150
2021-11-23,3510,telur_ayam,22000
2021-11-24,3510,telur_ayam,22000
2021-11-25,3510,telur_ayam,22000
2021-11-26,3510,telur_ayam,21650
2021-11-29,3510,telur_ayam,20900
2021-11-30,3510,telur_ayam,20650
2021-12-01,3510,telur_ayam,20400
2021-12-02,3510,telur_ayam,20250
2021-12-03,3510,telur_ayam,20150
2021-12-06,3510,telur_ayam,20150
2021-12-07,3510,telur_ayam,20150
2021-12-08,3510,telur_ayam,20000
2021-12-09,3510,telur_ayam,20000
2021-12-10,3510,telur_ayam,20150
2021-12-13,3510,telur_ayam,22150
2021-12-14,3510,telur_ayam,23500
2021-12-15,3510,telur_ayam,24250
2021-12-16,3510,telur_ayam,26250
2021-12-17,3510,telur_ayam,26250
2021-12-20,3510,telur_ayam,25000
2021-12-21,3510,telur_ayam,25000
2021-12-22,3510,telur_ayam,25000
2021-12-23,3510,telur_ayam,26250
2021-12-24,3510,telur_ayam,27000
2021-12-27,3510,telur_ayam,30000
2021-12-28,3510,telur_ayam,27750
2021-12-29,3510,telur_ayam,27750
2021-12-30,3510,telur_ayam,24500
2021-12-31,3510,telur_ayam,24500
2022-01-03,3510,telur_ayam,24900
2022-01-04,3510,telur_ayam,23650
2022-01-05,3510,telur_ayam,23400
2022-01-06,3510,telur_ayam,24000
2022-01-07,3510,telur_ayam,23900
2022-01-10,3510,telur_ayam,21900
2022-01-11,3510,telur_ayam,22650
2022-01-12,3510,telur_ayam,22150
2022-01-13,3510,telur_ayam,21650
2022-01-14,3510,telur_ayam,21000
2022-01-17,3510,telur_ayam,21000
2022-01-18,3510,telur_ayam,20900
2022-01-19,3510,telur_ayam,20900
2022-01-20,3510,telur_ayam,19750
2022-01-21,3510,telur_ayam,19400
2022-01-24,3510,telur_ayam,19400
2022-01-25,3510,telur_ayam,19000
2022-01-26,3510,telur_ayam,19000
2022-01-27,3510,telur_ayam,18650
2022-01-28,3510,telur_ayam,18650
2022-01-31,3510,telur_ayam,18750
2022-02-02,3510,telur_ayam,18750
2022-02-03,3510,telur_ayam,18750
2022-02-04,3510,telur_ayam,18750
2022-02-07,3510,telur_ayam,19000
2022-02-08,3510,telur_ayam,18750
2022-02-09,3510,telur_ayam,18650
2022-02-10,3510,telur_ayam,19000
2022-02-11,3510,telur_ayam,19000
2022-02-14,3510,telur_ayam,19000
2022-02-15,3510,telur_ayam,19000
2022-02-16,3510,telur_ayam,19000
2022-02-17,3510,telur_ayam,19000
2022-02-18,3510,telur_ayam,19000
2022-02-21,3510,telur_ayam,20250
2022-02-22,3510,telur_ayam,20250
2022-02-23,3510,telur_ayam,20250
2022-02-24,3510,telur_ayam,20900
2022-02-25,3510,telur_ayam,21000
2022-03-01,3510,telur_ayam,20650
2022-03-02,3510,telur_ayam,20500
2022-03-04,3510,telur_ayam,21250
2022-03-07,3510,telur_ayam,23000
2022-03-08,3510,telur_ayam,23000
2022-03-09,3510,telur_ayam,23000
2022-03-10,3510,telur_ayam,23400
2022-03-11,3510,telur_ayam,23400
2022-03-14,3510,telur_ayam,23400
2022-03-15,3510,telur_ayam,23400
2022-03-16,3510,telur_ayam,23400
2022-03-17,3510,telur_ayam,22650
2022-03-18,3510,telur_ayam,22400
2022-03-21,3510,telur_ayam,24000
2022-03-22,3510,telur_ayam,24000
2022-03-23,3510,telur_ayam,24000
2022-03-24,3510,telur_ayam,24000
2022-03-25,3510,telur_ayam,24000
2022-03-28,3510,telur_ayam,24000
2022-03-29,3510,telur_ayam,24000
2022-03-30,3510,telur_ayam,25400
2022-03-31,3510,telur_ayam,25400
2022-04-01,3510,telur_ayam,25000
2022-04-04,3510,telur_ayam,24900
2022-04-05,3510,telur_ayam,23900
2022-04-06,3510,telur_ayam,23650
2022-04-07,3510,telur_ayam,23650
2022-04-08,3510,telur_ayam,23650
2022-04-11,3510,telur_ayam,22750
2022-04-12,3510,telur_ayam,23500
2022-04-13,3510,telur_ayam,23500
2022-04-14,3510,telur_ayam,23400
2022-04-18,3510,telur_ayam,23400
2022-04-19,3510,telur_ayam,23400
2022-04-20,3510,telur_ayam,23400
2022-04-21,3510,telur_ayam,23400
2022-04-22,3510,telur_ayam,23400
2022-04-25,3510,telur_ayam,24250
2022-04-26,3510,telur_ayam,26000
2022-04-27,3510,telur_ayam,26000
2022-04-28,3510,telur_ayam,26000
2022-05-09,3510,telur_ayam,25000
2022-05-10,3510,telur_ayam,25000
2022-05-11,3510,telur_ayam,25000
2022-05-12,3510,telur_ayam,25000
2022-05-13,3510,telur_ayam,25000
2022-05-17,3510,telur_ayam,25000
2022-05-18,3510,telur_ayam,25000
2022-05-19,3510,telur_ayam,25900
2022-05-20,3510,telur_ayam,26000
2022-05-23,3510,telur_ayam,26000
2022-05-24,3510,telur_ayam,26000
2022-05-25,3510,telur_ayam,26000
2022-05-27,3510,telur_ayam,26000
2022-05-30,3510,telur_ayam,26000
2022-05-31,3510,telur_ayam,26000
2022-06-02,3510,telur_ayam,27000
2022-06-03,3510,telur_ayam,27000
2022-06-06,3510,telur_ayam,27500
2022-06-07,3510,telur_ayam,27500
2022-06-08,3510,telur_ayam,27500
2022-06-09,3510,telur_ayam,26900
2022-06-10,3510,telur_ayam,26650
2022-06-13,3510,telur_ayam,26400
2022-06-14,3510,telur_ayam,26250
2022-06-15,3510,telur_ayam,26250
2022-06-16,3510,telur_ayam,26250
2022-06-17,3510,telur_ayam,26250
2022-06-20,3510,telur_ayam,26400
2022-06-21,3510,telur_ayam,26400
2022-06-22,3510,telur_ayam,26400
2022-06-23,3510,telur_ayam,26400
2022-06-24,3510,telur_ayam,26400
2022-06-27,3510,telur_ayam,26400
2022-06-28,3510,telur_ayam,26000
2022-06-29,3510,telur_ayam,26000
2022-06-30,3510,telur_ayam,26000
2022-07-01,3510,telur_ayam,25900
2022-07-04,3510,telur_ayam,26150
2022-07-05,3510,telur_ayam,27000
2022-07-06,3510,telur_ayam,27000
2022-07-07,3510,telur_ayam,27000
2022-07-08,3510,telur_ayam,27000
2022-07-11,3510,telur_ayam,27650
2022-07-12,3510,telur_ayam,27650
2022-07-13,3510,telur_ayam,27650
2022-07-14,3510,telur_ayam,27650
2022-07-15,3510,telur_ayam,27500
2022-07-18,3510,telur_ayam,28150
2022-07-19,3510,telur_ayam,28150
2022-07-20,3510,telur_ayam,28150
2022-07-21,3510,telur_ayam,28150
2022-07-22,3510,telur_ayam,28000
2022-07-25,3510,telur_ayam,27150
2022-07-26,3510,telur_ayam,27150
2022-07-27,3510,telur_ayam,27150
2022-07-28,3510,telur_ayam,26150
2022-07-29,3510,telur_ayam,26150
2022-08-01,3510,telur_ayam,26000
2022-08-02,3510,telur_ayam,25750
2022-08-03,3510,telur_ayam,25750
2022-08-04,3510,telur_ayam,26250
2022-08-05,3510,telur_ayam,26250
2022-08-08,3510,telur_ayam,26000
2022-08-09,3510,telur_ayam,25650
2022-08-10,3510,telur_ayam,27150
2022-08-11,3510,telur_ayam,27150
2022-08-12,3510,telur_ayam,27900
2022-08-15,3510,telur_ayam,29250
2022-08-16,3510,telur_ayam,29250
2022-08-18,3510,telur_ayam,29000
2022-08-19,3510,telur_ayam,28400
2022-08-22,3510,telur_ayam,28900
2022-08-23,3510,telur_ayam,28500
2022-08-24,3510,telur_ayam,28500
2022-08-25,3510,telur_ayam,29000
2022-08-26,3510,telur_ayam,29650
2022-08-29,3510,telur_ayam,29400
2022-08-30,3510,telur_ayam,29000
2022-08-31,3510,telur_ayam,28500
2022-09-01,3510,telur_ayam,28000
2022-09-02,3510,telur_ayam,28000
2022-09-05,3510,telur_ayam,26900
2022-09-06,3510,telur_ayam,26900
2022-09-07,3510,telur_ayam,26400
2022-09-08,3510,telur_ayam,26250
2022-09-09,3510,telur_ayam,27150
2022-09-12,3510,telur_ayam,27150
2022-09-13,3510,telur_ayam,27150
2022-09-14,3510,telur_ayam,27150
2022-09-15,3510,telur_ayam,27150
2022-09-16,3510,telur_ayam,26150
2022-09-19,3510,telur_ayam,26150
2022-09-20,3510,telur_ayam,26150
2022-09-21,3510,telur_ayam,25500
2022-09-22,3510,telur_ayam,25250
2022-09-23,3510,telur_ayam,25250
2022-09-26,3510,telur_ayam,23400
2022-09-27,3510,telur_ayam,23000
2022-09-28,3510,telur_ayam,22900
2022-09-29,3510,telur_ayam,23000
2022-09-30,3510,telur_ayam,23000
2022-10-03,3510,telur_ayam,25250
2022-10-04,3510,telur_ayam,25250
2022-10-05,3510,telur_ayam,25250
2022-10-06,3510,telur_ayam,24500
2022-10-07,3510,telur_ayam,24500
2022-10-10,3510,telur_ayam,25900
2022-10-11,3510,telur_ayam,26250
2022-10-12,3510,telur_ayam,26250
2022-10-13,3510,telur_ayam,26250
2022-10-14,3510,telur_ayam,25000
2022-10-17,3510,telur_ayam,25000
2022-10-18,3510,telur_ayam,25000
2022-10-19,3510,telur_ayam,25000
2022-10-20,3510,telur_ayam,25000
2022-10-21,3510,telur_ayam,25400
2022-10-24,3510,telur_ayam,25400
2022-10-25,3510,telur_ayam,25400
2022-10-26,3510,telur_ayam,25500
2022-10-27,3510,telur_ayam,25500
2022-10-28,3510,telur_ayam,25500
2022-10-31,3510,telur_ayam,25500
2022-11-01,3510,telur_ayam,25650
2022-11-02,3510,telur_ayam,25400
2022-11-03,3510,telur_ayam,25400
2022-11-04,3510,telur_ayam,25400
2022-11-07,3510,telur_ayam,25250
2022-11-08,3510,telur_ayam,25400
2022-11-09,3510,telur_ayam,25400
2022-11-10,3510,telur_ayam,26150
2022-11-11,3510,telur_ayam,26500
2022-11-14,3510,telur_ayam,27250
2022-11-15,3510,telur_ayam,27250
2022-11-16,3510,telur_ayam,27250
2022-11-17,3510,telur_ayam,27150
2022-11-18,3510,telur_ayam,27150
2022-11-21,3510,telur_ayam,26250
2022-11-22,3510,telur_ayam,26500
2022-11-23,3510,telur_ayam,27150
2022-11-24,3510,telur_ayam,27500
2022-11-25,3510,telur_ayam,28150
2022-11-28,3510,telur_ayam,28250
2022-11-29,3510,telur_ayam,28400
2022-11-30,3510,telur_ayam,28400
2022-12-01,3510,telur_ayam,28250
2022-12-02,3510,telur_ayam,28250
2022-12-05,3510,telur_ayam,28250
2022-12-06,3510,telur_ayam,28250
2022-12-07,3510,telur_ayam,28250
2022-12-08,3510,telur_ayam,28500
2022-12-09,3510,telur_ayam,28500
2022-12-12,3510,telur_ayam,28650
2022-12-13,3510,telur_ayam,28750
2022-12-14,3510,telur_ayam,29000
2022-12-15,3510,telur_ayam,28900
2022-12-16,3510,telur_ayam,28900
2022-12-19,3510,telur_ayam,28250
2022-12-20,3510,telur_ayam,28250
2022-12-21,3510,telur_ayam,27400
2022-12-22,3510,telur_ayam,27150
2022-12-23,3510,telur_ayam,27150
2022-12-26,3510,telur_ayam,27150
2022-12-27,3510,telur_ayam,27150
2022-12-28,3510,telur_ayam,27150
2022-12-29,3510,telur_ayam,27150
2022-12-30,3510,telur_ayam,27150
2023-01-02,3510,telur_ayam,26150
2023-01-03,3510,telur_ayam,26150
2023-01-04,3510,telur_ayam,26150
2023-01-05,3510,telur_ayam,26150
2023-01-06,3510,telur_ayam,26150
2023-01-09,3510,telur_ayam,26150
2023-01-10,3510,telur_ayam,26150
2023-01-11,3510,telur_ayam,26150
2023-01-12,3510,telur_ayam,26150
2023-01-13,3510,telur_ayam,26150
2023-01-16,3510,telur_ayam,26150
2023-01-17,3510,telur_ayam,26150
2023-01-18,3510,telur_ayam,26150
2023-01-19,3510,telur_ayam,26400
2023-01-20,3510,telur_ayam,26400
2023-01-23,3510,telur_ayam,26400
2023-01-24,3510,telur_ayam,26400
2023-01-25,3510,telur_ayam,26400
2023-01-26,3510,telur_ayam,26400
2023-01-27,3510,telur_ayam,25750
2023-01-30,3510,telur_ayam,25750
2023-01-31,3510,telur_ayam,25400
2023-02-01,3510,telur_ayam,25400
2023-02-02,3510,telur_ayam,25400
2023-02-03,3510,telur_ayam,25250
2023-02-06,3510,telur_ayam,25150
2023-02-07,3510,telur_ayam,26150
2023-02-08,3510,telur_ayam,26150
2023-02-09,3510,telur_ayam,26250
2023-02-10,3510,telur_ayam,26500
2023-02-13,3510,telur_ayam,26150
2023-02-14,3510,telur_ayam,26150
2023-02-15,3510,telur_ayam,26150
2023-02-16,3510,telur_ayam,26150
2023-02-17,3510,telur_ayam,26150
2023-02-20,3510,telur_ayam,25750
2023-02-21,3510,telur_ayam,25150
2023-02-22,3510,telur_ayam,25150
2023-02-23,3510,telur_ayam,25150
2023-02-24,3510,telur_ayam,25150
2023-02-27,3510,telur_ayam,25150
2023-02-28,3510,telur_ayam,25150
2023-03-01,3510,telur_ayam,25150
2023-03-02,3510,telur_ayam,25150
2023-03-03,3510,telur_ayam,25150
2023-03-06,3510,telur_ayam,25650
2023-03-07,3510,telur_ayam,26150
2023-03-08,3510,telur_ayam,26150
2023-03-09,3510,telur_ayam,28500
2023-03-10,3510,telur_ayam,28500
2023-03-13,3510,telur_ayam,28500
2023-03-14,3510,telur_ayam,28500
2023-03-15,3510,telur_ayam,28500
2023-03-16,3510,telur_ayam,28500
2023-03-17,3510,telur_ayam,28500
2023-03-20,3510,telur_ayam,30250
2023-03-21,3510,telur_ayam,30250
2023-03-24,3510,telur_ayam,30250
2023-03-27,3510,telur_ayam,28900
2023-03-28,3510,telur_ayam,28650
2023-03-29,3510,telur_ayam,28500
2023-03-30,3510,telur_ayam,28250
2023-03-31,3510,telur_ayam,29150
2023-04-03,3510,telur_ayam,27900
2023-04-04,3510,telur_ayam,27400
2023-04-05,3510,telur_ayam,27400
2023-04-06,3510,telur_ayam,27400
2023-04-07,3510,telur_ayam,27400
2023-04-10,3510,telur_ayam,27150
2023-04-11,3510,telur_ayam,27150
2023-04-12,3510,telur_ayam,27150
2023-04-13,3510,telur_ayam,28150
2023-04-14,3510,telur_ayam,28150
2023-04-17,3510,telur_ayam,27150
2023-04-18,3510,telur_ayam,26900
2023-04-19,3510,telur_ayam,26900
2023-04-20,3510,telur_ayam,26900
2023-04-21,3510,telur_ayam,26900
2023-04-24,3510,telur_ayam,26900
2023-04-25,3510,telur_ayam,26900
2023-04-26,3510,telur_ayam,28500
2023-04-27,3510,telur_ayam,28500
2023-04-28,3510,telur_ayam,27500
2023-05-01,3510,telur_ayam,27500
2023-05-02,3510,telur_ayam,27150
2023-05-03,3510,telur_ayam,27400
2023-05-04,3510,telur_ayam,27900
2023-05-05,3510,telur_ayam,27900
2023-05-08,3510,telur_ayam,28650
2023-05-09,3510,telur_ayam,28650
2023-05-10,3510,telur_ayam,28650
2023-05-11,3510,telur_ayam,29000
2023-05-12,3510,telur_ayam,30250
2023-05-15,3510,telur_ayam,30250
2023-05-16,3510,telur_ayam,30250
2023-05-17,3510,telur_ayam,30250
2023-05-18,3510,telur_ayam,30250
2023-05-19,3510,telur_ayam,30250
2023-05-22,3510,telur_ayam,30250
2023-05-23,3510,telur_ayam,30250
2023-05-24,3510,telur_ayam,30250
2023-05-25,3510,telur_ayam,30250
2023-05-26,3510,telur_ayam,30250
2023-05-29,3510,telur_ayam,30250
2023-05-30,3510,telur_ayam,29650
2023-05-31,3510,telur_ayam,29500
2023-06-01,3510,telur_ayam,29500
2023-06-02,3510,telur_ayam,29500
2023-06-05,3510,telur_ayam,29150
2023-06-06,3510,telur_ayam,29150
2023-06-07,3510,telur_ayam,29150
2023-06-08,3510,telur_ayam,29150
2023-06-09,3510,telur_ayam,29150
2023-06-12,3510,telur_ayam,29650
2023-06-13,3510,telur_ayam,29900
2023-06-14,3510,telur_ayam,29900
2023-06-15,3510,telur_ayam,29900
2023-06-16,3510,telur_ayam,29900
2023-06-19,3510,telur_ayam,30000
2023-06-20,3510,telur_ayam,30000
2023-06-21,3510,telur_ayam,30000
2023-06-22,3510,telur_ayam,30000
2023-06-23,3510,telur_ayam,30000
2023-06-26,3510,telur_ayam,30000
2023-06-27,3510,telur_ayam,30000
2023-06-28,3510,telur_ayam,30000
2023-06-29,3510,telur_ayam,30000
2023-06-30,3510,telur_ayam,30000
2023-07-03,3510,telur_ayam,30000
2023-07-04,3510,telur_ayam,30900
2023-07-05,3510,telur_ayam,30900
2023-07-06,3510,telur_ayam,31250
2023-07-07,3510,telur_ayam,31250
2023-07-10,3510,telur_ayam,31150
2023-07-11,3510,telur_ayam,31000
2023-07-12,3510,telur_ayam,31000
2023-07-13,3510,telur_ayam,31000
2023-07-14,3510,telur_ayam,31000
2023-07-17,3510,telur_ayam,31000
2023-07-18,3510,telur_ayam,31000
2023-07-19,3510,telur_ayam,31000
2023-07-20,3510,telur_ayam,31000
2023-07-21,3510,telur_ayam,31000
2023-07-24,3510,telur_ayam,30900
2023-07-25,3510,telur_ayam,30650
2023-07-26,3510,telur_ayam,30500
2023-07-27,3510,telur_ayam,30500
2023-07-28,3510,telur_ayam,30150
2023-07-31,3510,telur_ayam,30150
2023-08-01,3510,telur_ayam,30150
2023-08-02,3510,telur_ayam,29400
2023-08-03,3510,telur_ayam,29400
2023-08-04,3510,telur_ayam,29150
2023-08-07,3510,telur_ayam,29150
2023-08-08,3510,telur_ayam,29150
2023-08-09,3510,telur_ayam,29150
2023-08-10,3510,telur_ayam,30000
2023-08-11,3510,telur_ayam,30000
2023-08-14,3510,telur_ayam,29250
2023-08-15,3510,telur_ayam,29150
2023-08-16,3510,telur_ayam,29150
2023-08-17,3510,telur_ayam,29150
2023-08-18,3510,telur_ayam,29150
2023-08-21,3510,telur_ayam,27900
2023-08-22,3510,telur_ayam,27900
2023-08-23,3510,telur_ayam,27450
2023-08-24,3510,telur_ayam,26400
2023-08-25,3510,telur_ayam,26400
2023-08-28,3510,telur_ayam,25400
2023-08-29,3510,telur_ayam,25400
2023-08-30,3510,telur_ayam,25250
2023-08-31,3510,telur_ayam,25000
2023-09-01,3510,telur_ayam,25000
2023-09-04,3510,telur_ayam,26250
2023-09-05,3510,telur_ayam,26400
2023-09-06,3510,telur_ayam,26650
2023-09-07,3510,telur_ayam,27000
2023-09-08,3510,telur_ayam,26250
2023-09-11,3510,telur_ayam,26400
2023-09-12,3510,telur_ayam,26250
2023-09-13,3510,telur_ayam,26250
2023-09-14,3510,telur_ayam,26250
2023-09-15,3510,telur_ayam,26250
2023-09-18,3510,telur_ayam,26150
2023-09-19,3510,telur_ayam,26150
2023-09-20,3510,telur_ayam,26150
2023-09-21,3510,telur_ayam,27500
2023-09-22,3510,telur_ayam,27500
2023-09-25,3510,telur_ayam,26400
2023-09-26,3510,telur_ayam,25500
2023-09-27,3510,telur_ayam,26000
2023-09-28,3510,telur_ayam,26000
2023-09-29,3510,telur_ayam,26000
2023-10-02,3510,telur_ayam,26000
2023-10-03,3510,telur_ayam,26000
2023-10-04,3510,telur_ayam,26400
2023-10-05,3510,telur_ayam,26400
2023-10-06,3510,telur_ayam,26400
2023-10-09,3510,telur_ayam,25900
2023-10-10,3510,telur_ayam,25400
2023-10-11,3510,telur_ayam,25400
2023-10-12,3510,telur_ayam,25400
2023-10-13,3510,telur_ayam,25400
2023-10-16,3510,telur_ayam,24250
2023-10-17,3510,telur_ayam,24250
2023-10-18,3510,telur_ayam,25400
2023-10-19,3510,telur_ayam,25400
2023-10-20,3510,telur_ayam,25400
2023-10-23,3510,telur_ayam,24650
2023-10-24,3510,telur_ayam,24400
2023-10-25,3510,telur_ayam,24400
2023-10-26,3510,telur_ayam,24650
2023-10-27,3510,telur_ayam,24650
2023-10-30,3510,telur_ayam,24650
2023-10-31,3510,telur_ayam,24650
2023-11-01,3510,telur_ayam,24650
2023-11-02,3510,telur_ayam,24650
2023-11-03,3510,telur_ayam,24650
2023-11-06,3510,telur_ayam,26000
2023-11-07,3510,telur_ayam,26750
2023-11-08,3510,telur_ayam,26750
2023-11-09,3510,telur_ayam,26750
2023-11-10,3510,telur_ayam,26500
2023-11-13,3510,telur_ayam,26400
2023-11-14,3510,telur_ayam,26150
2023-11-15,3510,telur_ayam,26250
2023-11-16,3510,telur_ayam,26250
2023-11-17,3510,telur_ayam,26250
2023-11-20,3510,telur_ayam,26400
2023-11-21,3510,telur_ayam,26150
2023-11-22,3510,telur_ayam,26150
2023-11-23,3510,telur_ayam,26400
2023-11-24,3510,telur_ayam,26650
2023-11-27,3510,telur_ayam,26400
2023-11-28,3510,telur_ayam,26150
2023-11-29,3510,telur_ayam,26150
2023-11-30,3510,telur_ayam,26150
2023-12-01,3510,telur_ayam,26150
2023-12-04,3510,telur_ayam,26150
2023-12-05,3510,telur_ayam,26150
2023-12-06,3510,telur_ayam,26150
2023-12-07,3510,telur_ayam,26150
2023-12-08,3510,telur_ayam,26400
2023-12-11,3510,telur_ayam,26400
2023-12-12,3510,telur_ayam,26400
2023-12-13,3510,telur_ayam,26400
2023-12-14,3510,telur_ayam,26400
2023-12-15,3510,telur_ayam,26400
2023-12-18,3510,telur_ayam,26400
2023-12-19,3510,telur_ayam,26250
2023-12-20,3510,telur_ayam,26250
2023-12-21,3510,telur_ayam,26250
2023-12-22,3510,telur_ayam,26250
2023-12-27,3510,telur_ayam,26250
2023-12-28,3510,telur_ayam,26250
2023-12-29,3510,telur_ayam,26250
2024-01-01,3510,telur_ayam,26250
2024-01-02,3510,telur_ayam,26250
2024-01-03,3510,telur_ayam,26250
2024-01-04,3510,telur_ayam,26250
2024-01-05,3510,telur_ayam,26250
2024-01-08,3510,telur_ayam,25500
2024-01-09,3510,telur_ayam,25250
2024-01-10,3510,telur_ayam,25250
2024-01-11,3510,telur_ayam,25250
2024-01-12,3510,telur_ayam,25250
2024-01-15,3510,telur_ayam,25000
2024-01-16,3510,telur_ayam,25000
2024-01-17,3510,telur_ayam,25000
2024-01-18,3510,telur_ayam,25000
2024-01-19,3510,telur_ayam,25000
2024-01-22,3510,telur_ayam,26500
2024-01-23,3510,telur_ayam,26500
2024-01-24,3510,telur_ayam,26500
2024-01-25,3510,telur_ayam,25500
2024-01-26,3510,telur_ayam,25500
2024-01-29,3510,telur_ayam,25400
2024-01-30,3510,telur_ayam,25000
2024-01-31,3510,telur_ayam,25000
2024-02-01,3510,telur_ayam,24750
2024-02-02,3510,telur_ayam,24750
2024-02-05,3510,telur_ayam,27000
2024-02-06,3510,telur_ayam,27000
2024-02-07,3510,telur_ayam,27000
2024-02-08,3510,telur_ayam,27000
2024-02-09,3510,telur_ayam,27000
2024-02-12,3510,telur_ayam,27000
2024-02-13,3510,telur_ayam,27000
2024-02-14,3510,telur_ayam,27000
2024-02-15,3510,telur_ayam,27400
2024-02-16,3510,telur_ayam,27400
2024-02-19,3510,telur_ayam,28250
2024-02-20,3510,telur_ayam,28250
2024-02-21,3510,telur_ayam,28500
2024-02-22,3510,telur_ayam,28500
2024-02-23,3510,telur_ayam,28500
2024-02-26,3510,telur_ayam,31400
2024-02-27,3510,telur_ayam,31400
2024-02-28,3510,telur_ayam,31250
2024-02-29,3510,telur_ayam,31500
2024-03-01,3510,telur_ayam,31500
2024-03-04,3510,telur_ayam,31500
2024-03-05,3510,telur_ayam,31500
2024-03-06,3510,telur_ayam,31400
2024-03-07,3510,telur_ayam,31000
2024-03-08,3510,telur_ayam,31000
2024-03-11,3510,telur_ayam,31000
2024-03-12,3510,telur_ayam,31000
2024-03-13,3510,telur_ayam,31000
2024-03-14,3510,telur_ayam,31000
2024-03-15,3510,telur_ayam,31000
2024-03-18,3510,telur_ayam,31000
2024-03-19,3510,telur_ayam,31000
2024-03-20,3510,telur_ayam,31750
2024-03-21,3510,telur_ayam,32000
2024-03-22,3510,telur_ayam,32000
2024-03-25,3510,telur_ayam,32000
2024-03-26,3510,telur_ayam,32000
2024-03-27,3510,telur_ayam,32000
2024-03-28,3510,telur_ayam,31250
2024-03-29,3510,telur_ayam,31250
2024-04-01,3510,telur_ayam,31250
2024-04-02,3510,telur_ayam,29500
2024-04-03,3510,telur_ayam,29500
2024-04-04,3510,telur_ayam,29250
2024-04-05,3510,telur_ayam,28150
2024-04-08,3510,telur_ayam,28150
2024-04-09,3510,telur_ayam,28150
2024-04-10,3510,telur_ayam,28150
2024-04-11,3510,telur_ayam,28150
2024-04-12,3510,telur_ayam,28150
2024-04-15,3510,telur_ayam,28150
2024-04-16,3510,telur_ayam,27750
2024-04-17,3510,telur_ayam,27250
2024-04-18,3510,telur_ayam,27000
2024-04-19,3510,telur_ayam,27000
2024-04-22,3510,telur_ayam,26900
2024-04-23,3510,telur_ayam,27650
2024-04-24,3510,telur_ayam,28150
2024-04-25,3510,telur_ayam,28150
2024-04-26,3510,telur_ayam,28150
2024-04-29,3510,telur_ayam,27650
2024-04-30,3510,telur_ayam,27650
2024-05-01,3510,telur_ayam,27650
2024-05-02,3510,telur_ayam,28150
2024-05-03,3510,telur_ayam,28150
2024-05-06,3510,telur_ayam,27650
2024-05-07,3510,telur_ayam,27650
2024-05-08,3510,telur_ayam,28150
2024-05-09,3510,telur_ayam,28150
2024-05-10,3510,telur_ayam,28150
2024-05-13,3510,telur_ayam,28150
2024-05-14,3510,telur_ayam,28000
2024-05-15,3510,telur_ayam,28000
2024-05-16,3510,telur_ayam,28650
2024-05-17,3510,telur_ayam,28650
2024-05-20,3510,telur_ayam,28650
2024-05-21,3510,telur_ayam,28250
2024-05-22,3510,telur_ayam,28250
2024-05-23,3510,telur_ayam,28250
2024-05-24,3510,telur_ayam,28250
2024-05-27,3510,telur_ayam,28500
2024-05-28,3510,telur_ayam,28500
2024-05-29,3510,telur_ayam,28400
2024-05-30,3510,telur_ayam,28250
2024-05-31,3510,telur_ayam,28250
2024-06-03,3510,telur_ayam,27650
2024-06-05,3510,telur_ayam,26750
2024-06-06,3510,telur_ayam,26750
2024-06-07,3510,telur_ayam,26650
2024-06-10,3510,telur_ayam,27500
2024-06-11,3510,telur_ayam,26900
2024-06-12,3510,telur_ayam,27400
2024-06-13,3510,telur_ayam,27400
2024-06-14,3510,telur_ayam,27500
2024-06-17,3510,telur_ayam,27500
2024-06-18,3510,telur_ayam,27500
2024-06-19,3510,telur_ayam,27150
2024-06-20,3510,telur_ayam,27150
2024-06-21,3510,telur_ayam,27150
2024-06-24,3510,telur_ayam,27400
2024-06-25,3510,telur_ayam,27000
2024-06-26,3510,telur_ayam,27400
2024-06-28,3510,telur_ayam,27750
2024-07-01,3510,telur_ayam,27400
2024-07-02,3510,telur_ayam,27400
2024-07-03,3510,telur_ayam,27250
2024-07-04,3510,telur_ayam,27250
2024-07-05,3510,telur_ayam,27250
2024-07-08,3510,telur_ayam,27000
2024-07-09,3510,telur_ayam,26900
2024-07-10,3510,telur_ayam,26900
2024-07-11,3510,telur_ayam,26900
2024-07-12,3510,telur_ayam,26900
2024-07-15,3510,telur_ayam,26900
2024-07-16,3510,telur_ayam,26900
2024-07-17,3510,telur_ayam,27000
2024-07-18,3510,telur_ayam,27000
2024-07-19,3510,telur_ayam,27000
2024-07-22,3510,telur_ayam,27000
2024-07-23,3510,telur_ayam,27000
2024-07-24,3510,telur_ayam,27000
2024-07-25,3510,telur_ayam,27000
2024-07-26,3510,telur_ayam,26500
2024-07-29,3510,telur_ayam,26500
2024-07-30,3510,telur_ayam,26250
2024-07-31,3510,telur_ayam,26150
2024-08-01,3510,telur_ayam,26250
2024-08-02,3510,telur_ayam,25900
2024-08-05,3510,telur_ayam,26250
2024-08-06,3510,telur_ayam,26250
2024-08-07,3510,telur_ayam,26250
2024-08-09,3510,telur_ayam,26150
2024-08-12,3510,telur_ayam,26150
2024-08-13,3510,telur_ayam,25900
2024-08-14,3510,telur_ayam,25900
2024-08-15,3510,telur_ayam,25900
2024-08-16,3510,telur_ayam,25900
2024-08-19,3510,telur_ayam,26400
2024-08-21,3510,telur_ayam,26400
2024-08-22,3510,telur_ayam,26000
2024-08-23,3510,telur_ayam,25900
2024-08-27,3510,telur_ayam,25500
2024-08-28,3510,telur_ayam,25500
2024-08-29,3510,telur_ayam,25650
2024-08-30,3510,telur_ayam,25150
2024-09-02,3510,telur_ayam,25150
2024-09-03,3510,telur_ayam,24400
2024-09-04,3510,telur_ayam,24000
2024-09-05,3510,telur_ayam,24000
2024-09-06,3510,telur_ayam,24000
2024-09-09,3510,telur_ayam,26250
2024-09-10,3510,telur_ayam,26250
2024-09-11,3510,telur_ayam,26250
2024-09-12,3510,telur_ayam,26250
2024-09-13,3510,telur_ayam,26250
2024-09-16,3510,telur_ayam,26250
2024-09-17,3510,telur_ayam,26400
2024-09-18,3510,telur_ayam,26150
2024-09-19,3510,telur_ayam,26150
2024-09-20,3510,telur_ayam,26150
2024-09-23,3510,telur_ayam,26500
2024-09-24,3510,telur_ayam,26500
2024-09-25,3510,telur_ayam,26150
2024-09-26,3510,telur_ayam,26150
2024-09-27,3510,telur_ayam,26000
2024-09-30,3510,telur_ayam,26150
2024-10-01,3510,telur_ayam,26150
2024-10-02,3510,telur_ayam,26150
2024-10-03,3510,telur_ayam,26150
2024-10-04,3510,telur_ayam,26150
2024-10-07,3510,telur_ayam,26000
2024-10-08,3510,telur_ayam,26000
2024-10-09,3510,telur_ayam,26000
2024-10-10,3510,telur_ayam,25650
2024-10-11,3510,telur_ayam,25500
2024-10-14,3510,telur_ayam,26250
2024-10-15,3510,telur_ayam,26250
2024-10-16,3510,telur_ayam,26150
2024-10-17,3510,telur_ayam,25900
2024-10-18,3510,telur_ayam,25750
2024-10-21,3510,telur_ayam,26000
2024-10-22,3510,telur_ayam,25400
2024-10-23,3510,telur_ayam,25250
2024-10-24,3510,telur_ayam,25250
2024-10-25,3510,telur_ayam,25250
2024-10-28,3510,telur_ayam,25150
2024-10-29,3510,telur_ayam,25150
2024-10-30,3510,telur_ayam,25150
2024-10-31,3510,telur_ayam,25150
2024-11-01,3510,telur_ayam,25650
2024-11-04,3510,telur_ayam,26150
2024-11-05,3510,telur_ayam,26150
2024-11-07,3510,telur_ayam,26150
2024-11-08,3510,telur_ayam,25150
2024-11-11,3510,telur_ayam,25150
2024-11-12,3510,telur_ayam,25150
2024-11-14,3510,telur_ayam,25150
2024-11-18,3510,telur_ayam,25150
2024-11-20,3510,telur_ayam,25150
2024-11-21,3510,telur_ayam,25000
2024-11-22,3510,telur_ayam,25000
2024-11-25,3510,telur_ayam,25000
2024-11-26,3510,telur_ayam,25400
2024-11-27,3510,telur_ayam,25400
2024-11-28,3510,telur_ayam,25250
2024-11-29,3510,telur_ayam,24900
2024-12-02,3510,telur_ayam,24650
2024-12-03,3510,telur_ayam,24650
2024-12-04,3510,telur_ayam,24150
2024-12-05,3510,telur_ayam,24150
2024-12-06,3510,telur_ayam,24150
2024-12-09,3510,telur_ayam,25900
2024-12-10,3510,telur_ayam,26250
2024-12-11,3510,telur_ayam,26500
2024-12-12,3510,telur_ayam,26650
2024-12-13,3510,telur_ayam,26650
2024-12-16,3510,telur_ayam,27900
2024-12-17,3510,telur_ayam,27900
2024-12-18,3510,telur_ayam,28400
2024-12-19,3510,telur_ayam,28400
2024-12-20,3510,telur_ayam,28750
2024-12-23,3510,telur_ayam,29250
2024-12-24,3510,telur_ayam,29650
2024-12-25,3510,telur_ayam,29650
2024-12-26,3510,telur_ayam,29650
2024-12-27,3510,telur_ayam,29750
2024-12-30,3510,telur_ayam,29750
2024-12-31,3510,telur_ayam,29250
2025-01-01,3510,telur_ayam,29250
2025-01-02,3510,telur_ayam,28500
2025-01-03,3510,telur_ayam,28400
2025-01-06,3510,telur_ayam,27650
2025-01-07,3510,telur_ayam,27250
2025-01-08,3510,telur_ayam,27650
2025-01-10,3510,telur_ayam,27900
2025-01-13,3510,telur_ayam,27400
2025-01-14,3510,telur_ayam,27400
2025-01-15,3510,telur_ayam,26500
2025-01-17,3510,telur_ayam,26500
2025-01-20,3510,telur_ayam,26500
2025-01-21,3510,telur_ayam,26500
2025-01-22,3510,telur_ayam,25750
2025-01-23,3510,telur_ayam,25750
2025-01-24,3510,telur_ayam,25750
2025-01-27,3510,telur_ayam,25750
2025-01-28,3510,telur_ayam,25750
2025-01-29,3510,telur_ayam,25750
2025-01-30,3510,telur_ayam,26400
2025-01-31,3510,telur_ayam,26400
2025-02-03,3510,telur_ayam,26400
2025-02-04,3510,telur_ayam,26400
2025-02-05,3510,telur_ayam,26400
2025-02-06,3510,telur_ayam,26150
2025-02-07,3510,telur_ayam,26250
2025-02-10,3510,telur_ayam,26500
2025-02-11,3510,telur_ayam,26500
2025-02-12,3510,telur_ayam,26500
2025-02-13,3510,telur_ayam,26500
2025-02-14,3510,telur_ayam,26500
2025-02-17,3510,telur_ayam,26500
2025-02-18,3510,telur_ayam,26500
2025-02-19,3510,telur_ayam,26500
2025-02-20,3510,telur_ayam,26500
2025-02-21,3510,telur_ayam,27150
2025-02-24,3510,telur_ayam,28500
2025-02-25,3510,telur_ayam,28750
2025-02-26,3510,telur_ayam,28750
2025-02-27,3510,telur_ayam,29250
2025-02-28,3510,telur_ayam,29250
2025-03-03,3510,telur_ayam,29250
2025-03-04,3510,telur_ayam,29250
2025-03-05,3510,telur_ayam,29150
2025-03-06,3510,telur_ayam,28750
2025-03-07,3510,telur_ayam,28250
2025-03-10,3510,telur_ayam,28000
2025-03-11,3510,telur_ayam,28000
2025-03-12,3510,telur_ayam,28000
2025-03-13,3510,telur_ayam,28000
2025-03-14,3510,telur_ayam,27650
2025-03-17,3510,telur_ayam,26650
2025-03-18,3510,telur_ayam,26400
2025-03-19,3510,telur_ayam,26250
2025-03-20,3510,telur_ayam,26150
2025-03-21,3510,telur_ayam,25750
2025-03-24,3510,telur_ayam,25150
2025-03-25,3510,telur_ayam,25150
2025-03-26,3510,telur_ayam,25150
2025-03-27,3510,telur_ayam,25150
2025-03-28,3510,telur_ayam,25150
2025-03-31,3510,telur_ayam,25150
2025-04-01,3510,telur_ayam,25150
2025-04-02,3510,telur_ayam,25150
2025-04-03,3510,telur_ayam,25150
2025-04-04,3510,telur_ayam,25150
2025-04-07,3510,telur_ayam,25150
2025-04-08,3510,telur_ayam,25250
2025-04-09,3510,telur_ayam,26750
2025-04-10,3510,telur_ayam,26500
2025-04-11,3510,telur_ayam,25650
2025-04-14,3510,telur_ayam,25650
2025-04-15,3510,telur_ayam,25500
2025-04-16,3510,telur_ayam,25250
2025-04-17,3510,telur_ayam,24750
2025-04-18,3510,telur_ayam,24750
2025-04-21,3510,telur_ayam,24750
2025-04-22,3510,telur_ayam,24250
2025-04-23,3510,telur_ayam,24000
2025-04-24,3510,telur_ayam,24400
2025-04-25,3510,telur_ayam,24400
2025-04-28,3510,telur_ayam,26500
2025-04-29,3510,telur_ayam,26750
2025-04-30,3510,telur_ayam,26750
2025-05-01,3510,telur_ayam,26750
2025-05-02,3510,telur_ayam,26900
2025-05-05,3510,telur_ayam,26000
2025-05-06,3510,telur_ayam,26000
2025-05-07,3510,telur_ayam,25750
2025-05-08,3510,telur_ayam,25150
2025-05-09,3510,telur_ayam,25150
2025-05-12,3510,telur_ayam,25150
2025-05-13,3510,telur_ayam,25150
2025-05-14,3510,telur_ayam,26000
2025-05-15,3510,telur_ayam,26250
2025-05-16,3510,telur_ayam,26250
2025-05-19,3510,telur_ayam,26000
2025-05-20,3510,telur_ayam,26000
2025-05-21,3510,telur_ayam,25500
2025-05-22,3510,telur_ayam,25500
2025-05-23,3510,telur_ayam,25500
2025-05-26,3510,telur_ayam,25750
2025-05-27,3510,telur_ayam,25250
2025-05-28,3510,telur_ayam,25250
2025-05-29,3510,telur_ayam,25250
2025-05-30,3510,telur_ayam,25250
2025-06-02,3510,telur_ayam,26150
2025-06-03,3510,telur_ayam,26150
2025-06-04,3510,telur_ayam,26400
2025-06-05,3510,telur_ayam,27250
2025-06-06,3510,telur_ayam,27250
2025-06-09,3510,telur_ayam,27250
2025-06-10,3510,telur_ayam,26650
2025-06-11,3510,telur_ayam,26150
2025-06-12,3510,telur_ayam,26150
2025-06-13,3510,telur_ayam,26500
2025-06-16,3510,telur_ayam,26650
2025-06-17,3510,telur_ayam,26650
2025-06-18,3510,telur_ayam,26650
2025-06-19,3510,telur_ayam,26650
2025-06-20,3510,telur_ayam,27150
2025-06-23,3510,telur_ayam,27250
2025-06-24,3510,telur_ayam,27250
2025-06-25,3510,telur_ayam,27250
2025-06-26,3510,telur_ayam,26900
2025-06-27,3510,telur_ayam,26900
2025-06-30,3510,telur_ayam,26750
2025-07-01,3510,telur_ayam,26750
2025-07-02,3510,telur_ayam,26650
2025-07-03,3510,telur_ayam,26500
2025-07-04,3510,telur_ayam,26500
2025-07-07,3510,telur_ayam,27650
2025-07-08,3510,telur_ayam,27150
2025-07-09,3510,telur_ayam,27150
2025-07-10,3510,telur_ayam,26900
2025-07-11,3510,telur_ayam,26750
2025-07-14,3510,telur_ayam,26750
2025-07-15,3510,telur_ayam,26650
2025-07-16,3510,telur_ayam,27150
2025-07-17,3510,telur_ayam,27000
2025-07-18,3510,telur_ayam,27000
2025-07-21,3510,telur_ayam,27000
2025-07-22,3510,telur_ayam,26900
2025-07-23,3510,telur_ayam,27250
2025-07-24,3510,telur_ayam,27250
2025-07-25,3510,telur_ayam,27250
2025-07-28,3510,telur_ayam,27250
2025-07-29,3510,telur_ayam,27650
2025-07-30,3510,telur_ayam,27650
2025-07-31,3510,telur_ayam,27650
2025-08-01,3510,telur_ayam,27250
2025-08-04,3510,telur_ayam,27500
2025-08-05,3510,telur_ayam,27500
2025-08-06,3510,telur_ayam,27150
2025-08-07,3510,telur_ayam,27150
2025-08-08,3510,telur_ayam,27250
2025-08-11,3510,telur_ayam,27750
2025-08-12,3510,telur_ayam,27750
2025-08-13,3510,telur_ayam,27500
2025-08-14,3510,telur_ayam,27500
2025-08-15,3510,telur_ayam,27400
2025-08-18,3510,telur_ayam,27400
2025-08-19,3510,telur_ayam,26900
2025-08-20,3510,telur_ayam,26900
2025-08-21,3510,telur_ayam,26750
2025-08-22,3510,telur_ayam,26650
2025-08-25,3510,telur_ayam,25750
2025-08-26,3510,telur_ayam,26000
2025-08-27,3510,telur_ayam,26000
2025-08-28,3510,telur_ayam,26150
2025-08-29,3510,telur_ayam,26250
2025-09-01,3510,telur_ayam,26250
2025-09-02,3510,telur_ayam,26250
2025-09-03,3510,telur_ayam,26250
2025-09-04,3510,telur_ayam,26250
2025-09-05,3510,telur_ayam,26250
2025-09-08,3510,telur_ayam,26250
2025-09-09,3510,telur_ayam,26250
2025-09-10,3510,telur_ayam,26250
2025-09-11,3510,telur_ayam,26250
2025-09-12,3510,telur_ayam,27400
2025-09-15,3510,telur_ayam,28400
2025-09-16,3510,telur_ayam,28150
2025-09-17,3510,telur_ayam,28150
2025-09-18,3510,telur_ayam,28150
2025-09-19,3510,telur_ayam,28150
2025-09-22,3510,telur_ayam,27750
2025-09-23,3510,telur_ayam,27750
2025-09-24,3510,telur_ayam,28150
2025-09-25,3510,telur_ayam,28150
2025-09-26,3510,telur_ayam,27900
2025-09-29,3510,telur_ayam,28000
2025-09-30,3510,telur_ayam,27650
2025-10-01,3510,telur_ayam,27650
2025-10-02,3510,telur_ayam,28150
2025-10-03,3510,telur_ayam,29150
2025-10-06,3510,telur_ayam,28650
2025-10-07,3510,telur_ayam,29500
2025-10-08,3510,telur_ayam,29500
2025-10-09,3510,telur_ayam,29900
2025-10-10,3510,telur_ayam,29900
2025-10-13,3510,telur_ayam,29900
2025-10-14,3510,telur_ayam,30150
2025-10-15,3510,telur_ayam,30150
2025-10-16,3510,telur_ayam,30150
2025-10-17,3510,telur_ayam,30150
2025-10-20,3510,telur_ayam,30150
2025-10-21,3510,telur_ayam,30150
2025-10-22,3510,telur_ayam,29900
2025-10-23,3510,telur_ayam,29900
2025-10-24,3510,telur_ayam,29650
2025-10-27,3510,telur_ayam,29400
2025-10-28,3510,telur_ayam,29400
2025-10-29,3510,telur_ayam,29150
2025-10-30,3510,telur_ayam,27900
2025-10-31,3510,telur_ayam,27900
2025-11-03,3510,telur_ayam,27900
2025-11-04,3510,telur_ayam,27900
2025-11-05,3510,telur_ayam,27750
2025-11-06,3510,telur_ayam,27750
2025-11-07,3510,telur_ayam,27500
2025-11-10,3510,telur_ayam,27650
2025-11-11,3510,telur_ayam,27650
2025-11-12,3510,telur_ayam,27650
2025-11-13,3510,telur_ayam,27750
2025-11-14,3510,telur_ayam,27750
2025-11-17,3510,telur_ayam,28500
2025-11-18,3510,telur_ayam,28500
2025-11-19,3510,telur_ayam,28500
2025-11-20,3510,telur_ayam,28500
2025-11-21,3510,telur_ayam,28500
2025-11-24,3510,telur_ayam,28500
2025-11-25,3510,telur_ayam,27900
2025-11-26,3510,telur_ayam,27900
2025-11-27,3510,telur_ayam,27900
2025-11-28,3510,telur_ayam,27900
2025-12-01,3510,telur_ayam,27900
2025-12-02,3510,telur_ayam,27400
2025-12-03,3510,telur_ayam,27400
2025-12-04,3510,telur_ayam,27400
2025-12-05,3510,telur_ayam,27400
2025-12-08,3510,telur_ayam,27400
2025-12-09,3510,telur_ayam,28500
2025-12-10,3510,telur_ayam,29750
2025-12-11,3510,telur_ayam,30000
2025-12-12,3510,telur_ayam,30000
2025-12-15,3510,telur_ayam,30000
2025-12-16,3510,telur_ayam,30150
2025-12-17,3510,telur_ayam,30250
2025-12-18,3510,telur_ayam,30250
2025-12-19,3510,telur_ayam,30250
2025-12-22,3510,telur_ayam,30250
2025-12-23,3510,telur_ayam,30250
2025-12-24,3510,telur_ayam,29650
2025-12-25,3510,telur_ayam,29650
2025-12-26,3510,telur_ayam,29650
2025-12-29,3510,telur_ayam,29400
2025-12-30,3510,telur_ayam,28900
2025-12-31,3510,telur_ayam,28900
2021-01-04,3529,telur_ayam,26250
2021-01-05,3529,telur_ayam,26250
2021-01-06,3529,telur_ayam,26250
2021-01-07,3529,telur_ayam,26250
2021-01-08,3529,telur_ayam,26500
2021-01-11,3529,telur_ayam,26500
2021-01-12,3529,telur_ayam,26250
2021-01-13,3529,telur_ayam,26250
2021-01-14,3529,telur_ayam,26250
2021-01-15,3529,telur_ayam,26250
2021-01-18,3529,telur_ayam,21750
2021-01-19,3529,telur_ayam,21750
2021-01-20,3529,telur_ayam,21750
2021-01-21,3529,telur_ayam,21750
2021-01-22,3529,telur_ayam,22500
2021-01-25,3529,telur_ayam,24250
2021-01-26,3529,telur_ayam,22500
2021-01-27,3529,telur_ayam,22500
2021-01-28,3529,telur_ayam,22000
2021-01-29,3529,telur_ayam,22000
2021-02-01,3529,telur_ayam,22000
2021-02-02,3529,telur_ayam,22000
2021-02-03,3529,telur_ayam,22000
2021-02-04,3529,telur_ayam,22250
2021-02-05,3529,telur_ayam,23750
2021-02-08,3529,telur_ayam,24000
2021-02-09,3529,telur_ayam,24000
2021-02-10,3529,telur_ayam,24000
2021-02-11,3529,telur_ayam,24500
2021-02-15,3529,telur_ayam,24500
2021-02-16,3529,telur_ayam,24000
2021-02-17,3529,telur_ayam,24000
2021-02-18,3529,telur_ayam,24000
2021-02-19,3529,telur_ayam,24000
2021-02-22,3529,telur_ayam,23500
2021-02-23,3529,telur_ayam,23500
2021-02-24,3529,telur_ayam,24000
2021-02-25,3529,telur_ayam,24000
2021-02-26,3529,telur_ayam,24000
2021-03-01,3529,telur_ayam,22750
2021-03-02,3529,telur_ayam,22750
2021-03-03,3529,telur_ayam,22750
2021-03-04,3529,telur_ayam,23000
2021-03-05,3529,telur_ayam,23000
2021-03-08,3529,telur_ayam,24000
2021-03-09,3529,telur_ayam,24250
2021-03-10,3529,telur_ayam,24250
2021-03-12,3529,telur_ayam,24250
2021-03-15,3529,telur_ayam,24250
2021-03-16,3529,telur_ayam,24250
2021-03-17,3529,telur_ayam,23250
2021-03-18,3529,telur_ayam,23250
2021-03-19,3529,telur_ayam,24000
2021-03-22,3529,telur_ayam,23000
2021-03-23,3529,telur_ayam,23000
2021-03-24,3529,telur_ayam,22500
2021-03-25,3529,telur_ayam,22250
2021-03-26,3529,telur_ayam,22250
2021-03-29,3529,telur_ayam,22000
2021-03-30,3529,telur_ayam,22000
2021-03-31,3529,telur_ayam,22000
2021-04-01,3529,telur_ayam,22000
2021-04-05,3529,telur_ayam,22000
2021-04-06,3529,telur_ayam,22000
2021-04-07,3529,telur_ayam,22000
2021-04-08,3529,telur_ayam,22000
2021-04-09,3529,telur_ayam,22000
2021-04-12,3529,telur_ayam,23750
2021-04-13,3529,telur_ayam,24750
2021-04-14,3529,telur_ayam,24750
2021-04-15,3529,telur_ayam,24750
2021-04-16,3529,telur_ayam,24750
2021-04-19,3529,telur_ayam,24500
2021-04-20,3529,telur_ayam,24500
2021-04-21,3529,telur_ayam,24500
2021-04-22,3529,telur_ayam,24500
2021-04-23,3529,telur_ayam,24500
2021-04-26,3529,telur_ayam,24500
2021-04-27,3529,telur_ayam,24500
2021-04-28,3529,telur_ayam,23750
2021-04-29,3529,telur_ayam,23750
2021-04-30,3529,telur_ayam,23750
2021-05-03,3529,telur_ayam,23750
2021-05-04,3529,telur_ayam,23750
2021-05-05,3529,telur_ayam,23500
2021-05-06,3529,telur_ayam,23750
2021-05-07,3529,telur_ayam,23750
2021-05-10,3529,telur_ayam,23750
2021-05-11,3529,telur_ayam,23750
2021-05-17,3529,telur_ayam,23750
2021-05-18,3529,telur_ayam,23500
2021-05-19,3529,telur_ayam,23000
2021-05-20,3529,telur_ayam,23000
2021-05-21,3529,telur_ayam,23000
2021-05-24,3529,telur_ayam,23750
2021-05-25,3529,telur_ayam,23750
2021-05-27,3529,telur_ayam,23750
2021-05-28,3529,telur_ayam,23750
2021-05-31,3529,telur_ayam,23750
2021-06-02,3529,telur_ayam,23750
2021-06-03,3529,telur_ayam,23750
2021-06-04,3529,telur_ayam,23750
2021-06-07,3529,telur_ayam,23750
2021-06-08,3529,telur_ayam,23750
2021-06-09,3529,telur_ayam,23750
2021-06-10,3529,telur_ayam,23750
2021-06-11,3529,telur_ayam,23750
2021-06-14,3529,telur_ayam,24500
2021-06-15,3529,telur_ayam,24500
2021-06-16,3529,telur_ayam,24500
2021-06-17,3529,telur_ayam,24500
2021-06-18,3529,telur_ayam,24500
2021-06-21,3529,telur_ayam,24250
2021-06-22,3529,telur_ayam,24250
2021-06-23,3529,telur_ayam,24500
2021-06-24,3529,telur_ayam,24500
2021-06-25,3529,telur_ayam,24500
2021-06-28,3529,telur_ayam,24500
2021-06-29,3529,telur_ayam,24000
2021-06-30,3529,telur_ayam,24000
2021-07-01,3529,telur_ayam,24000
2021-07-02,3529,telur_ayam,24000
2021-07-05,3529,telur_ayam,23500
2021-07-06,3529,telur_ayam,23500
2021-07-07,3529,telur_ayam,23500
2021-07-08,3529,telur_ayam,23500
2021-07-09,3529,telur_ayam,23500
2021-07-12,3529,telur_ayam,24000
2021-07-13,3529,telur_ayam,24000
2021-07-14,3529,telur_ayam,24000
2021-07-15,3529,telur_ayam,24000
2021-07-16,3529,telur_ayam,24000
2021-07-19,3529,telur_ayam,25000
2021-07-21,3529,telur_ayam,24500
2021-07-22,3529,telur_ayam,24500
2021-07-23,3529,telur_ayam,24500
2021-07-26,3529,telur_ayam,25000
2021-07-27,3529,telur_ayam,25000
2021-07-28,3529,telur_ayam,25000
2021-07-29,3529,telur_ayam,25000
2021-07-30,3529,telur_ayam,25000
2021-08-02,3529,telur_ayam,24750
2021-08-03,3529,telur_ayam,24750
2021-08-04,3529,telur_ayam,24750
2021-08-05,3529,telur_ayam,24750
2021-08-06,3529,telur_ayam,24750
2021-08-09,3529,telur_ayam,23000
2021-08-10,3529,telur_ayam,23000
2021-08-12,3529,telur_ayam,23000
2021-08-13,3529,telur_ayam,23000
2021-08-16,3529,telur_ayam,23750
2021-08-18,3529,telur_ayam,23750
2021-08-19,3529,telur_ayam,23750
2021-08-20,3529,telur_ayam,23750
2021-08-23,3529,telur_ayam,23750
2021-08-24,3529,telur_ayam,23000
2021-08-25,3529,telur_ayam,22750
2021-08-26,3529,telur_ayam,21500
2021-08-27,3529,telur_ayam,21500
2021-08-30,3529,telur_ayam,21500
2021-08-31,3529,telur_ayam,21500
2021-09-01,3529,telur_ayam,21500
2021-09-02,3529,telur_ayam,22000
2021-09-03,3529,telur_ayam,22000
2021-09-06,3529,telur_ayam,22000
2021-09-07,3529,telur_ayam,22000
2021-09-08,3529,telur_ayam,21750
2021-09-09,3529,telur_ayam,21750
2021-09-10,3529,telur_ayam,21750
2021-09-13,3529,telur_ayam,21000
2021-09-14,3529,telur_ayam,21000
2021-09-15,3529,telur_ayam,20000
2021-09-16,3529,telur_ayam,19000
2021-09-17,3529,telur_ayam,18500
2021-09-20,3529,telur_ayam,19500
2021-09-21,3529,telur_ayam,19500
2021-09-22,3529,telur_ayam,19500
2021-09-23,3529,telur_ayam,17750
2021-09-24,3529,telur_ayam,17750
2021-09-27,3529,telur_ayam,19500
2021-09-28,3529,telur_ayam,19500
2021-09-29,3529,telur_ayam,19750
2021-09-30,3529,telur_ayam,19750
2021-10-01,3529,telur_ayam,19750
2021-10-04,3529,telur_ayam,19750
2021-10-05,3529,telur_ayam,19750
2021-10-06,3529,telur_ayam,19750
2021-10-07,3529,telur_ayam,19750
2021-10-08,3529,telur_ayam,19750
2021-10-11,3529,telur_ayam,19750
2021-10-12,3529,telur_ayam,20000
2021-10-13,3529,telur_ayam,20000
2021-10-14,3529,telur_ayam,20000
2021-10-15,3529,telur_ayam,20000
2021-10-18,3529,telur_ayam,20000
2021-10-19,3529,telur_ayam,20000
2021-10-21,3529,telur_ayam,20000
2021-10-22,3529,telur_ayam,19750
2021-10-25,3529,telur_ayam,19750
2021-10-26,3529,telur_ayam,19750
2021-10-27,3529,telur_ayam,19750
2021-10-28,3529,telur_ayam,19750
2021-10-29,3529,telur_ayam,19750
2021-11-01,3529,telur_ayam,19500
2021-11-02,3529,telur_ayam,19500
2021-11-03,3529,telur_ayam,20000
2021-11-04,3529,telur_ayam,20000
2021-11-05,3529,telur_ayam,21000
2021-11-08,3529,telur_ayam,22250
2021-11-09,3529,telur_ayam,23500
2021-11-10,3529,telur_ayam,24000
2021-11-11,3529,telur_ayam,24500
2021-11-12,3529,telur_ayam,24500
2021-11-15,3529,telur_ayam,24500
2021-11-16,3529,telur_ayam,24500
2021-11-17,3529,telur_ayam,24500
2021-11-18,3529,telur_ayam,24500
2021-11-19,3529,telur_ayam,24500
2021-11-22,3529,telur_ayam,23750
2021-11-23,3529,telur_ayam,22500
2021-11-24,3529,telur_ayam,22500
2021-11-25,3529,telur_ayam,22500
2021-11-26,3529,telur_ayam,22000
2021-11-29,3529,telur_ayam,22000
2021-11-30,3529,telur_ayam,22000
2021-12-01,3529,telur_ayam,22000
2021-12-02,3529,telur_ayam,22000
2021-12-03,3529,telur_ayam,21750
2021-12-06,3529,telur_ayam,21500
2021-12-07,3529,telur_ayam,21500
2021-12-08,3529,telur_ayam,21500
2021-12-09,3529,telur_ayam,21500
2021-12-10,3529,telur_ayam,21500
2021-12-13,3529,telur_ayam,22000
2021-12-14,3529,telur_ayam,22000
2021-12-15,3529,telur_ayam,25250
2021-12-16,3529,telur_ayam,25250
2021-12-17,3529,telur_ayam,24000
2021-12-20,3529,telur_ayam,24750
2021-12-21,3529,telur_ayam,25750
2021-12-22,3529,telur_ayam,25750
2021-12-23,3529,telur_ayam,26750
2021-12-24,3529,telur_ayam,27000
2021-12-27,3529,telur_ayam,27000
2021-12-28,3529,telur_ayam,27000
2021-12-29,3529,telur_ayam,26500
2021-12-30,3529,telur_ayam,26500
2021-12-31,3529,telur_ayam,24500
2022-01-03,3529,telur_ayam,25000
2022-01-04,3529,telur_ayam,25000
2022-01-05,3529,telur_ayam,25000
2022-01-06,3529,telur_ayam,24750
2022-01-07,3529,telur_ayam,24750
2022-01-10,3529,telur_ayam,24500
2022-01-11,3529,telur_ayam,24500
2022-01-12,3529,telur_ayam,23500
2022-01-13,3529,telur_ayam,23500
2022-01-14,3529,telur_ayam,23500
2022-01-17,3529,telur_ayam,22000
2022-01-18,3529,telur_ayam,22000
2022-01-19,3529,telur_ayam,21500
2022-01-20,3529,telur_ayam,21500
2022-01-21,3529,telur_ayam,21250
2022-01-24,3529,telur_ayam,20500
2022-01-25,3529,telur_ayam,20250
2022-01-26,3529,telur_ayam,20000
2022-01-27,3529,telur_ayam,20000
2022-01-28,3529,telur_ayam,19750
2022-01-31,3529,telur_ayam,20250
2022-02-02,3529,telur_ayam,19750
2022-02-03,3529,telur_ayam,19750
2022-02-04,3529,telur_ayam,19500
2022-02-07,3529,telur_ayam,19500
2022-02-08,3529,telur_ayam,19250
2022-02-09,3529,telur_ayam,19250
2022-02-10,3529,telur_ayam,19250
2022-02-11,3529,telur_ayam,19250
2022-02-14,3529,telur_ayam,19250
2022-02-15,3529,telur_ayam,19250
2022-02-16,3529,telur_ayam,19250
2022-02-17,3529,telur_ayam,19250
2022-02-18,3529,telur_ayam,19750
2022-02-21,3529,telur_ayam,21750
2022-02-22,3529,telur_ayam,21750
2022-02-23,3529,telur_ayam,21500
2022-02-24,3529,telur_ayam,21500
2022-02-25,3529,telur_ayam,21500
2022-03-01,3529,telur_ayam,21500
2022-03-02,3529,telur_ayam,21500
2022-03-04,3529,telur_ayam,22500
2022-03-07,3529,telur_ayam,23000
2022-03-08,3529,telur_ayam,24000
2022-03-09,3529,telur_ayam,24750
2022-03-10,3529,telur_ayam,24750
2022-03-11,3529,telur_ayam,24750
2022-03-14,3529,telur_ayam,25000
2022-03-15,3529,telur_ayam,25000
2022-03-16,3529,telur_ayam,25000
2022-03-17,3529,telur_ayam,25000
2022-03-18,3529,telur_ayam,24250
2022-03-21,3529,telur_ayam,24250
2022-03-22,3529,telur_ayam,24500
2022-03-23,3529,telur_ayam,24500
2022-03-24,3529,telur_ayam,24250
2022-03-25,3529,telur_ayam,24250
2022-03-28,3529,telur_ayam,25250
2022-03-29,3529,telur_ayam,25500
2022-03-30,3529,telur_ayam,25500
2022-03-31,3529,telur_ayam,25500
2022-04-01,3529,telur_ayam,25500
2022-04-04,3529,telur_ayam,24750
2022-04-05,3529,telur_ayam,25000
2022-04-06,3529,telur_ayam,25000
2022-04-07,3529,telur_ayam,25000
2022-04-08,3529,telur_ayam,24750
2022-04-11,3529,telur_ayam,24750
2022-04-12,3529,telur_ayam,24750
2022-04-13,3529,telur_ayam,24750
2022-04-14,3529,telur_ayam,24750
2022-04-18,3529,telur_ayam,24250
2022-04-19,3529,telur_ayam,23750
2022-04-20,3529,telur_ayam,23750
2022-04-21,3529,telur_ayam,23750
2022-04-22,3529,telur_ayam,23750
2022-04-25,3529,telur_ayam,23750
2022-04-26,3529,telur_ayam,24750
2022-04-27,3529,telur_ayam,25000
2022-04-28,3529,telur_ayam,25000
2022-05-09,3529,telur_ayam,26000
2022-05-10,3529,telur_ayam,26000
2022-05-11,3529,telur_ayam,26500
2022-05-12,3529,telur_ayam,26500
2022-05-13,3529,telur_ayam,26500
2022-05-17,3529,telur_ayam,26500
2022-05-18,3529,telur_ayam,26500
2022-05-19,3529,telur_ayam,26500
2022-05-20,3529,telur_ayam,26250
2022-05-23,3529,telur_ayam,26250
2022-05-24,3529,telur_ayam,26250
2022-05-25,3529,telur_ayam,26500
2022-05-27,3529,telur_ayam,26750
2022-05-30,3529,telur_ayam,27500
2022-05-31,3529,telur_ayam,27500
2022-06-02,3529,telur_ayam,27500
2022-06-03,3529,telur_ayam,27500
2022-06-06,3529,telur_ayam,27500
2022-06-07,3529,telur_ayam,28000
2022-06-08,3529,telur_ayam,28000
2022-06-09,3529,telur_ayam,28000
2022-06-10,3529,telur_ayam,27750
2022-06-13,3529,telur_ayam,27750
2022-06-14,3529,telur_ayam,27750
2022-06-15,3529,telur_ayam,27750
2022-06-16,3529,telur_ayam,27750
2022-06-17,3529,telur_ayam,27750
2022-06-20,3529,telur_ayam,27750
2022-06-21,3529,telur_ayam,27750
2022-06-22,3529,telur_ayam,27750
2022-06-23,3529,telur_ayam,28000
2022-06-24,3529,telur_ayam,28500
2022-06-27,3529,telur_ayam,28500
2022-06-28,3529,telur_ayam,28500
2022-06-29,3529,telur_ayam,28500
2022-06-30,3529,telur_ayam,28500
2022-07-01,3529,telur_ayam,28500
2022-07-04,3529,telur_ayam,28500
2022-07-05,3529,telur_ayam,28250
2022-07-06,3529,telur_ayam,28250
2022-07-07,3529,telur_ayam,28500
2022-07-08,3529,telur_ayam,28500
2022-07-11,3529,telur_ayam,28500
2022-07-12,3529,telur_ayam,28500
2022-07-13,3529,telur_ayam,28500
2022-07-14,3529,telur_ayam,28500
2022-07-15,3529,telur_ayam,29500
2022-07-18,3529,telur_ayam,29500
2022-07-19,3529,telur_ayam,29500
2022-07-20,3529,telur_ayam,29500
2022-07-21,3529,telur_ayam,29000
2022-07-22,3529,telur_ayam,29000
2022-07-25,3529,telur_ayam,28000
2022-07-26,3529,telur_ayam,28000
2022-07-27,3529,telur_ayam,28000
2022-07-28,3529,telur_ayam,28000
2022-07-29,3529,telur_ayam,28000
2022-08-01,3529,telur_ayam,27750
2022-08-02,3529,telur_ayam,27500
2022-08-03,3529,telur_ayam,27750
2022-08-04,3529,telur_ayam,27750
2022-08-05,3529,telur_ayam,27750
2022-08-08,3529,telur_ayam,27750
2022-08-09,3529,telur_ayam,27500
2022-08-10,3529,telur_ayam,27750
2022-08-11,3529,telur_ayam,27750
2022-08-12,3529,telur_ayam,27750
2022-08-15,3529,telur_ayam,30000
2022-08-16,3529,telur_ayam,30000
2022-08-18,3529,telur_ayam,30000
2022-08-19,3529,telur_ayam,30000
2022-08-22,3529,telur_ayam,30000
2022-08-23,3529,telur_ayam,30000
2022-08-24,3529,telur_ayam,29750
2022-08-25,3529,telur_ayam,29750
2022-08-26,3529,telur_ayam,29750
2022-08-29,3529,telur_ayam,30000
2022-08-30,3529,telur_ayam,30000
2022-08-31,3529,telur_ayam,30000
2022-09-01,3529,telur_ayam,30000
2022-09-02,3529,telur_ayam,30000
2022-09-05,3529,telur_ayam,30000
2022-09-06,3529,telur_ayam,30000
2022-09-07,3529,telur_ayam,30000
2022-09-08,3529,telur_ayam,30000
2022-09-09,3529,telur_ayam,29250
2022-09-12,3529,telur_ayam,29250
2022-09-13,3529,telur_ayam,29250
2022-09-14,3529,telur_ayam,29250
2022-09-15,3529,telur_ayam,29250
2022-09-16,3529,telur_ayam,28250
2022-09-19,3529,telur_ayam,28250
2022-09-20,3529,telur_ayam,28000
2022-09-21,3529,telur_ayam,27500
2022-09-22,3529,telur_ayam,27250
2022-09-23,3529,telur_ayam,27250
2022-09-26,3529,telur_ayam,27000
2022-09-27,3529,telur_ayam,26250
2022-09-28,3529,telur_ayam,26250
2022-09-29,3529,telur_ayam,25500
2022-09-30,3529,telur_ayam,25500
2022-10-03,3529,telur_ayam,24750
2022-10-04,3529,telur_ayam,25000
2022-10-05,3529,telur_ayam,25000
2022-10-06,3529,telur_ayam,25250
2022-10-07,3529,telur_ayam,25250
2022-10-10,3529,telur_ayam,27500
2022-10-11,3529,telur_ayam,27000
2022-10-12,3529,telur_ayam,26500
2022-10-13,3529,telur_ayam,26500
2022-10-14,3529,telur_ayam,26000
2022-10-17,3529,telur_ayam,26250
2022-10-18,3529,telur_ayam,26250
2022-10-19,3529,telur_ayam,26250
2022-10-20,3529,telur_ayam,26250
2022-10-21,3529,telur_ayam,26250
2022-10-24,3529,telur_ayam,26250
2022-10-25,3529,telur_ayam,26500
2022-10-26,3529,telur_ayam,27000
2022-10-27,3529,telur_ayam,27000
2022-10-28,3529,telur_ayam,27000
2022-10-31,3529,telur_ayam,27000
2022-11-01,3529,telur_ayam,27000
2022-11-02,3529,telur_ayam,27000
2022-11-03,3529,telur_ayam,27000
2022-11-04,3529,telur_ayam,27000
2022-11-07,3529,telur_ayam,27000
2022-11-08,3529,telur_ayam,26750
2022-11-09,3529,telur_ayam,26750
2022-11-10,3529,telur_ayam,27000
2022-11-11,3529,telur_ayam,27000
2022-11-14,3529,telur_ayam,27000
2022-11-15,3529,telur_ayam,27000
2022-11-16,3529,telur_ayam,27000
2022-11-17,3529,telur_ayam,27000
2022-11-18,3529,telur_ayam,27000
2022-11-21,3529,telur_ayam,27000
2022-11-22,3529,telur_ayam,27000
2022-11-23,3529,telur_ayam,28000
2022-11-24,3529,telur_ayam,28000
2022-11-25,3529,telur_ayam,28000
2022-11-28,3529,telur_ayam,30000
2022-11-29,3529,telur_ayam,30000
2022-11-30,3529,telur_ayam,30000
2022-12-01,3529,telur_ayam,30000
2022-12-02,3529,telur_ayam,30000
2022-12-05,3529,telur_ayam,29750
2022-12-06,3529,telur_ayam,29750
2022-12-07,3529,telur_ayam,30000
2022-12-08,3529,telur_ayam,30000
2022-12-09,3529,telur_ayam,30000
2022-12-12,3529,telur_ayam,30000
2022-12-13,3529,telur_ayam,30000
2022-12-14,3529,telur_ayam,30000
2022-12-15,3529,telur_ayam,30000
2022-12-16,3529,telur_ayam,30000
2022-12-19,3529,telur_ayam,30000
2022-12-20,3529,telur_ayam,30000
2022-12-21,3529,telur_ayam,30000
2022-12-22,3529,telur_ayam,30000
2022-12-23,3529,telur_ayam,30000
2022-12-26,3529,telur_ayam,29750
2022-12-27,3529,telur_ayam,29750
2022-12-28,3529,telur_ayam,29750
2022-12-29,3529,telur_ayam,29750
2022-12-30,3529,telur_ayam,29750
2023-01-02,3529,telur_ayam,29750
2023-01-03,3529,telur_ayam,29750
2023-01-04,3529,telur_ayam,29750
2023-01-05,3529,telur_ayam,29750
2023-01-06,3529,telur_ayam,28750
2023-01-09,3529,telur_ayam,29000
2023-01-10,3529,telur_ayam,28000
2023-01-11,3529,telur_ayam,28000
2023-01-12,3529,telur_ayam,28000
2023-01-13,3529,telur_ayam,28000
2023-01-16,3529,telur_ayam,28000
2023-01-17,3529,telur_ayam,28000
2023-01-18,3529,telur_ayam,28000
2023-01-19,3529,telur_ayam,28000
2023-01-20,3529,telur_ayam,27000
2023-01-23,3529,telur_ayam,27000
2023-01-24,3529,telur_ayam,27000
2023-01-25,3529,telur_ayam,27000
2023-01-26,3529,telur_ayam,27000
2023-01-27,3529,telur_ayam,27000
2023-01-30,3529,telur_ayam,27000
2023-01-31,3529,telur_ayam,27000
2023-02-01,3529,telur_ayam,27000
2023-02-02,3529,telur_ayam,27000
2023-02-03,3529,telur_ayam,27000
2023-02-06,3529,telur_ayam,26250
2023-02-07,3529,telur_ayam,26000
2023-02-08,3529,telur_ayam,26000
2023-02-09,3529,telur_ayam,27000
2023-02-10,3529,telur_ayam,27000
2023-02-13,3529,telur_ayam,27000
2023-02-14,3529,telur_ayam,27000
2023-02-15,3529,telur_ayam,27000
2023-02-16,3529,telur_ayam,27000
2023-02-17,3529,telur_ayam,27000
2023-02-20,3529,telur_ayam,27000
2023-02-21,3529,telur_ayam,27000
2023-02-22,3529,telur_ayam,27000
2023-02-23,3529,telur_ayam,27000
2023-02-24,3529,telur_ayam,27000
2023-02-27,3529,telur_ayam,26750
2023-02-28,3529,telur_ayam,26750
2023-03-01,3529,telur_ayam,26750
2023-03-02,3529,telur_ayam,26750
2023-03-03,3529,telur_ayam,27000
2023-03-06,3529,telur_ayam,27500
2023-03-07,3529,telur_ayam,27500
2023-03-08,3529,telur_ayam,27000
2023-03-09,3529,telur_ayam,27000
2023-03-10,3529,telur_ayam,27000
2023-03-13,3529,telur_ayam,28000
2023-03-14,3529,telur_ayam,28000
2023-03-15,3529,telur_ayam,30750
2023-03-16,3529,telur_ayam,31250
2023-03-17,3529,telur_ayam,32000
2023-03-20,3529,telur_ayam,31750
2023-03-21,3529,telur_ayam,31000
2023-03-22,3529,telur_ayam,31000
2023-03-23,3529,telur_ayam,31000
2023-03-24,3529,telur_ayam,30000
2023-03-27,3529,telur_ayam,30000
2023-03-28,3529,telur_ayam,30000
2023-03-29,3529,telur_ayam,30000
2023-03-30,3529,telur_ayam,30000
2023-03-31,3529,telur_ayam,29750
2023-04-03,3529,telur_ayam,28750
2023-04-04,3529,telur_ayam,28750
2023-04-05,3529,telur_ayam,28500
2023-04-06,3529,telur_ayam,28500
2023-04-07,3529,telur_ayam,28500
2023-04-10,3529,telur_ayam,28000
2023-04-11,3529,telur_ayam,28000
2023-04-12,3529,telur_ayam,28000
2023-04-13,3529,telur_ayam,28000
2023-04-14,3529,telur_ayam,28000
2023-04-17,3529,telur_ayam,28000
2023-04-18,3529,telur_ayam,28000
2023-04-26,3529,telur_ayam,28000
2023-04-27,3529,telur_ayam,27750
2023-04-28,3529,telur_ayam,27750
2023-05-02,3529,telur_ayam,27750
2023-05-03,3529,telur_ayam,28000
2023-05-04,3529,telur_ayam,27500
2023-05-05,3529,telur_ayam,28000
2023-05-08,3529,telur_ayam,28000
2023-05-09,3529,telur_ayam,28000
2023-05-10,3529,telur_ayam,28000
2023-05-11,3529,telur_ayam,28000
2023-05-12,3529,telur_ayam,28000
2023-05-15,3529,telur_ayam,31000
2023-05-16,3529,telur_ayam,32000
2023-05-17,3529,telur_ayam,32000
2023-05-18,3529,telur_ayam,32000
2023-05-19,3529,telur_ayam,32000
2023-05-22,3529,telur_ayam,32000
2023-05-23,3529,telur_ayam,32000
2023-05-24,3529,telur_ayam,32000
2023-05-25,3529,telur_ayam,32000
2023-05-26,3529,telur_ayam,32000
2023-05-29,3529,telur_ayam,32000
2023-05-30,3529,telur_ayam,30500
2023-05-31,3529,telur_ayam,30000
2023-06-01,3529,telur_ayam,30000
2023-06-02,3529,telur_ayam,30000
2023-06-05,3529,telur_ayam,30000
2023-06-06,3529,telur_ayam,30000
2023-06-07,3529,telur_ayam,30000
2023-06-08,3529,telur_ayam,30000
2023-06-09,3529,telur_ayam,30000
2023-06-12,3529,telur_ayam,30000
2023-06-13,3529,telur_ayam,30000
2023-06-14,3529,telur_ayam,30000
2023-06-15,3529,telur_ayam,30000
2023-06-16,3529,telur_ayam,30000
2023-06-19,3529,telur_ayam,29750
2023-06-20,3529,telur_ayam,29750
2023-06-21,3529,telur_ayam,29750
2023-06-22,3529,telur_ayam,30000
2023-06-23,3529,telur_ayam,30000
2023-06-26,3529,telur_ayam,30000
2023-06-27,3529,telur_ayam,30000
2023-06-28,3529,telur_ayam,30000
2023-06-29,3529,telur_ayam,30000
2023-06-30,3529,telur_ayam,30000
2023-07-03,3529,telur_ayam,31500
2023-07-04,3529,telur_ayam,30500
2023-07-05,3529,telur_ayam,30750
2023-07-06,3529,telur_ayam,30750
2023-07-07,3529,telur_ayam,30500
2023-07-10,3529,telur_ayam,31750
2023-07-11,3529,telur_ayam,31750
2023-07-12,3529,telur_ayam,31750
2023-07-13,3529,telur_ayam,31750
2023-07-14,3529,telur_ayam,31750
2023-07-17,3529,telur_ayam,31750
2023-07-18,3529,telur_ayam,31750
2023-07-19,3529,telur_ayam,31750
2023-07-20,3529,telur_ayam,31750
2023-07-21,3529,telur_ayam,31750
2023-07-24,3529,telur_ayam,32000
2023-07-25,3529,telur_ayam,32000
2023-07-26,3529,telur_ayam,32000
2023-07-27,3529,telur_ayam,32000
2023-07-28,3529,telur_ayam,32000
2023-07-31,3529,telur_ayam,32000
2023-08-01,3529,telur_ayam,32000
2023-08-02,3529,telur_ayam,32000
2023-08-03,3529,telur_ayam,32000
2023-08-04,3529,telur_ayam,32000
2023-08-07,3529,telur_ayam,29750
2023-08-08,3529,telur_ayam,29750
2023-08-09,3529,telur_ayam,29750
2023-08-10,3529,telur_ayam,29750
2023-08-11,3529,telur_ayam,29750
2023-08-14,3529,telur_ayam,29750
2023-08-15,3529,telur_ayam,29500
2023-08-16,3529,telur_ayam,29500
2023-08-17,3529,telur_ayam,29500
2023-08-18,3529,telur_ayam,29500
2023-08-21,3529,telur_ayam,29500
2023-08-22,3529,telur_ayam,29500
2023-08-23,3529,telur_ayam,29500
2023-08-24,3529,telur_ayam,29500
2023-08-25,3529,telur_ayam,28750
2023-08-28,3529,telur_ayam,28500
2023-08-29,3529,telur_ayam,28500
2023-08-30,3529,telur_ayam,27500
2023-08-31,3529,telur_ayam,27500
2023-09-01,3529,telur_ayam,27500
2023-09-04,3529,telur_ayam,26750
2023-09-05,3529,telur_ayam,27000
2023-09-06,3529,telur_ayam,26750
2023-09-07,3529,telur_ayam,26750
2023-09-08,3529,telur_ayam,26750
2023-09-11,3529,telur_ayam,26750
2023-09-12,3529,telur_ayam,26750
2023-09-13,3529,telur_ayam,26500
2023-09-14,3529,telur_ayam,26750
2023-09-15,3529,telur_ayam,26750
2023-09-18,3529,telur_ayam,26750
2023-09-19,3529,telur_ayam,25750
2023-09-20,3529,telur_ayam,26500
2023-09-21,3529,telur_ayam,26500
2023-09-22,3529,telur_ayam,26500
2023-09-25,3529,telur_ayam,26500
2023-09-26,3529,telur_ayam,26500
2023-09-27,3529,telur_ayam,26500
2023-09-28,3529,telur_ayam,26500
2023-09-29,3529,telur_ayam,26500
2023-10-02,3529,telur_ayam,26000
2023-10-03,3529,telur_ayam,26000
2023-10-04,3529,telur_ayam,26000
2023-10-05,3529,telur_ayam,26000
2023-10-06,3529,telur_ayam,25750
2023-10-09,3529,telur_ayam,25500
2023-10-10,3529,telur_ayam,25500
2023-10-11,3529,telur_ayam,25250
2023-10-12,3529,telur_ayam,25250
2023-10-13,3529,telur_ayam,25250
2023-10-16,3529,telur_ayam,25250
2023-10-17,3529,telur_ayam,25250
2023-10-18,3529,telur_ayam,25250
2023-10-19,3529,telur_ayam,25250
2023-10-20,3529,telur_ayam,25250
2023-10-23,3529,telur_ayam,25250
2023-10-24,3529,telur_ayam,25250
2023-10-25,3529,telur_ayam,25250
2023-10-26,3529,telur_ayam,25250
2023-10-27,3529,telur_ayam,25000
2023-10-30,3529,telur_ayam,25000
2023-10-31,3529,telur_ayam,25000
2023-11-01,3529,telur_ayam,25000
2023-11-02,3529,telur_ayam,25000
2023-11-03,3529,telur_ayam,25000
2023-11-06,3529,telur_ayam,26000
2023-11-07,3529,telur_ayam,26000
2023-11-08,3529,telur_ayam,26000
2023-11-09,3529,telur_ayam,26000
2023-11-10,3529,telur_ayam,26000
2023-11-13,3529,telur_ayam,26000
2023-11-14,3529,telur_ayam,26000
2023-11-15,3529,telur_ayam,26000
2023-11-16,3529,telur_ayam,26000
2023-11-17,3529,telur_ayam,26000
2023-11-20,3529,telur_ayam,26000
2023-11-21,3529,telur_ayam,26000
2023-11-22,3529,telur_ayam,26000
2023-11-23,3529,telur_ayam,26000
2023-11-24,3529,telur_ayam,26000
2023-11-27,3529,telur_ayam,26000
2023-11-28,3529,telur_ayam,26000
2023-11-29,3529,telur_ayam,26000
2023-11-30,3529,telur_ayam,26000
2023-12-01,3529,telur_ayam,26000
2023-12-04,3529,telur_ayam,26000
2023-12-05,3529,telur_ayam,26000
2023-12-06,3529,telur_ayam,26000
2023-12-07,3529,telur_ayam,26000
2023-12-08,3529,telur_ayam,26000
2023-12-11,3529,telur_ayam,26000
2023-12-12,3529,telur_ayam,26000
2023-12-13,3529,telur_ayam,26000
2023-12-14,3529,telur_ayam,26000
2023-12-15,3529,telur_ayam,26000
2023-12-18,3529,telur_ayam,26000
2023-12-19,3529,telur_ayam,26000
2023-12-20,3529,telur_ayam,26000
2023-12-21,3529,telur_ayam,26000
2023-12-22,3529,telur_ayam,26000
2023-12-27,3529,telur_ayam,26000
2023-12-28,3529,telur_ayam,26000
2023-12-29,3529,telur_ayam,26000
2024-01-01,3529,telur_ayam,26000
2024-01-02,3529,telur_ayam,26000
2024-01-03,3529,telur_ayam,26000
2024-01-04,3529,telur_ayam,26000
2024-01-05,3529,telur_ayam,26000
2024-01-08,3529,telur_ayam,26000
2024-01-09,3529,telur_ayam,26000
2024-01-10,3529,telur_ayam,26000
2024-01-11,3529,telur_ayam,26000
2024-01-12,3529,telur_ayam,26000
2024-01-15,3529,telur_ayam,26000
2024-01-16,3529,telur_ayam,26000
2024-01-17,3529,telur_ayam,25750
2024-01-18,3529,telur_ayam,25750
2024-01-19,3529,telur_ayam,25750
2024-01-22,3529,telur_ayam,25750
2024-01-23,3529,telur_ayam,25750
2024-01-24,3529,telur_ayam,25750
2024-01-25,3529,telur_ayam,25750
2024-01-26,3529,telur_ayam,25750
2024-01-29,3529,telur_ayam,25750
2024-01-30,3529,telur_ayam,25750
2024-01-31,3529,telur_ayam,25750
2024-02-01,3529,telur_ayam,25750
2024-02-02,3529,telur_ayam,25750
2024-02-05,3529,telur_ayam,25750
2024-02-06,3529,telur_ayam,25750
2024-02-07,3529,telur_ayam,26750
2024-02-08,3529,telur_ayam,26750
2024-02-09,3529,telur_ayam,26750
2024-02-12,3529,telur_ayam,27000
2024-02-13,3529,telur_ayam,27000
2024-02-14,3529,telur_ayam,27000
2024-02-15,3529,telur_ayam,27500
2024-02-16,3529,telur_ayam,27500
2024-02-19,3529,telur_ayam,29750
2024-02-20,3529,telur_ayam,29750
2024-02-21,3529,telur_ayam,29750
2024-02-22,3529,telur_ayam,30000
2024-02-23,3529,telur_ayam,30000
2024-02-26,3529,telur_ayam,32000
2024-02-27,3529,telur_ayam,32000
2024-02-28,3529,telur_ayam,32750
2024-02-29,3529,telur_ayam,33750
2024-03-01,3529,telur_ayam,33500
2024-03-04,3529,telur_ayam,33250
2024-03-05,3529,telur_ayam,33000
2024-03-06,3529,telur_ayam,33000
2024-03-07,3529,telur_ayam,33000
2024-03-08,3529,telur_ayam,33000
2024-03-11,3529,telur_ayam,33000
2024-03-12,3529,telur_ayam,33000
2024-03-13,3529,telur_ayam,32750
2024-03-14,3529,telur_ayam,32750
2024-03-15,3529,telur_ayam,32750
2024-03-18,3529,telur_ayam,32500
2024-03-19,3529,telur_ayam,32500
2024-03-20,3529,telur_ayam,32500
2024-03-21,3529,telur_ayam,32250
2024-03-22,3529,telur_ayam,32000
2024-03-25,3529,telur_ayam,30500
2024-03-26,3529,telur_ayam,30000
2024-03-27,3529,telur_ayam,30000
2024-03-28,3529,telur_ayam,30000
2024-03-29,3529,telur_ayam,30000
2024-04-01,3529,telur_ayam,29500
2024-04-02,3529,telur_ayam,29500
2024-04-03,3529,telur_ayam,29000
2024-04-04,3529,telur_ayam,29000
2024-04-05,3529,telur_ayam,29000
2024-04-08,3529,telur_ayam,29000
2024-04-09,3529,telur_ayam,29000
2024-04-10,3529,telur_ayam,29000
2024-04-11,3529,telur_ayam,29000
2024-04-12,3529,telur_ayam,29000
2024-04-15,3529,telur_ayam,29000
2024-04-16,3529,telur_ayam,28750
2024-04-17,3529,telur_ayam,28750
2024-04-18,3529,telur_ayam,28750
2024-04-19,3529,telur_ayam,28000
2024-04-22,3529,telur_ayam,27750
2024-04-23,3529,telur_ayam,27500
2024-04-24,3529,telur_ayam,27750
2024-04-25,3529,telur_ayam,27750
2024-04-26,3529,telur_ayam,27750
2024-04-29,3529,telur_ayam,27500
2024-04-30,3529,telur_ayam,27750
2024-05-01,3529,telur_ayam,27750
2024-05-02,3529,telur_ayam,27750
2024-05-03,3529,telur_ayam,27750
2024-05-06,3529,telur_ayam,28750
2024-05-07,3529,telur_ayam,29250
2024-05-08,3529,telur_ayam,30000
2024-05-09,3529,telur_ayam,30000
2024-05-10,3529,telur_ayam,30000
2024-05-13,3529,telur_ayam,30000
2024-05-14,3529,telur_ayam,30000
2024-05-15,3529,telur_ayam,30000
2024-05-16,3529,telur_ayam,30000
2024-05-17,3529,telur_ayam,29250
2024-05-20,3529,telur_ayam,29750
2024-05-21,3529,telur_ayam,32250
2024-05-22,3529,telur_ayam,32250
2024-05-23,3529,telur_ayam,32250
2024-05-24,3529,telur_ayam,32250
2024-05-27,3529,telur_ayam,29750
2024-05-28,3529,telur_ayam,29750
2024-05-29,3529,telur_ayam,29250
2024-05-30,3529,telur_ayam,29000
2024-05-31,3529,telur_ayam,29250
2024-06-03,3529,telur_ayam,29000
2024-06-04,3529,telur_ayam,29000
2024-06-05,3529,telur_ayam,29000
2024-06-06,3529,telur_ayam,29000
2024-06-07,3529,telur_ayam,28750
2024-06-10,3529,telur_ayam,28750
2024-06-11,3529,telur_ayam,28750
2024-06-12,3529,telur_ayam,28750
2024-06-13,3529,telur_ayam,28750
2024-06-14,3529,telur_ayam,28750
2024-06-17,3529,telur_ayam,28750
2024-06-18,3529,telur_ayam,28750
2024-06-19,3529,telur_ayam,28250
2024-06-20,3529,telur_ayam,29250
2024-06-21,3529,telur_ayam,29500
2024-06-24,3529,telur_ayam,29500
2024-06-25,3529,telur_ayam,29500
2024-06-26,3529,telur_ayam,28500
2024-06-27,3529,telur_ayam,28500
2024-06-28,3529,telur_ayam,28250
2024-07-01,3529,telur_ayam,28250
2024-07-02,3529,telur_ayam,27750
2024-07-03,3529,telur_ayam,27750
2024-07-04,3529,telur_ayam,27750
2024-07-08,3529,telur_ayam,27750
2024-07-09,3529,telur_ayam,27750
2024-07-10,3529,telur_ayam,27750
2024-07-11,3529,telur_ayam,27750
2024-07-12,3529,telur_ayam,28000
2024-07-15,3529,telur_ayam,28000
2024-07-16,3529,telur_ayam,28000
2024-07-17,3529,telur_ayam,28000
2024-07-18,3529,telur_ayam,28000
2024-07-19,3529,telur_ayam,28000
2024-07-22,3529,telur_ayam,28000
2024-07-23,3529,telur_ayam,28000
2024-07-24,3529,telur_ayam,28000
2024-07-25,3529,telur_ayam,28000
2024-07-26,3529,telur_ayam,28000
2024-07-29,3529,telur_ayam,28000
2024-07-30,3529,telur_ayam,28000
2024-07-31,3529,telur_ayam,28000
2024-08-01,3529,telur_ayam,28000
2024-08-02,3529,telur_ayam,28000
2024-08-05,3529,telur_ayam,28000
2024-08-06,3529,telur_ayam,28000
2024-08-07,3529,telur_ayam,27750
2024-08-08,3529,telur_ayam,27750
2024-08-09,3529,telur_ayam,27750
2024-08-12,3529,telur_ayam,27750
2024-08-13,3529,telur_ayam,27750
2024-08-14,3529,telur_ayam,27750
2024-08-15,3529,telur_ayam,27000
2024-08-16,3529,telur_ayam,27000
2024-08-19,3529,telur_ayam,27000
2024-08-20,3529,telur_ayam,27000
2024-08-21,3529,telur_ayam,26750
2024-08-22,3529,telur_ayam,26500
2024-08-23,3529,telur_ayam,26500
2024-08-26,3529,telur_ayam,26500
2024-08-27,3529,telur_ayam,26500
2024-08-28,3529,telur_ayam,26500
2024-08-29,3529,telur_ayam,26500
2024-08-30,3529,telur_ayam,26500
2024-09-02,3529,telur_ayam,26500
2024-09-03,3529,telur_ayam,26500
2024-09-04,3529,telur_ayam,26500
2024-09-05,3529,telur_ayam,26500
2024-09-06,3529,telur_ayam,26500
2024-09-09,3529,telur_ayam,26500
2024-09-10,3529,telur_ayam,26500
2024-09-11,3529,telur_ayam,26500
2024-09-12,3529,telur_ayam,26500
2024-09-13,3529,telur_ayam,26500
2024-09-17,3529,telur_ayam,26500
2024-09-18,3529,telur_ayam,26500
2024-09-19,3529,telur_ayam,26500
2024-09-20,3529,telur_ayam,26500
2024-09-23,3529,telur_ayam,26500
2024-09-24,3529,telur_ayam,26500
2024-09-25,3529,telur_ayam,26500
2024-09-26,3529,telur_ayam,26500
2024-09-27,3529,telur_ayam,26500
2024-09-30,3529,telur_ayam,26500
2024-10-01,3529,telur_ayam,26500
2024-10-02,3529,telur_ayam,26500
2024-10-03,3529,telur_ayam,26500
2024-10-04,3529,telur_ayam,26500
2024-10-07,3529,telur_ayam,26500
2024-10-08,3529,telur_ayam,26500
2024-10-09,3529,telur_ayam,26500
2024-10-10,3529,telur_ayam,26500
2024-10-11,3529,telur_ayam,26500
2024-10-14,3529,telur_ayam,26500
2024-10-15,3529,telur_ayam,26500
2024-10-16,3529,telur_ayam,26500
2024-10-17,3529,telur_ayam,26500
2024-10-18,3529,telur_ayam,26500
2024-10-21,3529,telur_ayam,26500
2024-10-22,3529,telur_ayam,26500
2024-10-23,3529,telur_ayam,26500
2024-10-24,3529,telur_ayam,26500
2024-10-25,3529,telur_ayam,26500
2024-10-28,3529,telur_ayam,26500
2024-10-29,3529,telur_ayam,26500
2024-10-30,3529,telur_ayam,26500
2024-10-31,3529,telur_ayam,26500
2024-11-01,3529,telur_ayam,26500
2024-11-04,3529,telur_ayam,26500
2024-11-05,3529,telur_ayam,26500
2024-11-06,3529,telur_ayam,26500
2024-11-07,3529,telur_ayam,26500
2024-11-08,3529,telur_ayam,26500
2024-11-11,3529,telur_ayam,26500
2024-11-12,3529,telur_ayam,26500
2024-11-13,3529,telur_ayam,26500
2024-11-14,3529,telur_ayam,26500
2024-11-15,3529,telur_ayam,26500
2024-11-18,3529,telur_ayam,26500
2024-11-19,3529,telur_ayam,26500
2024-11-20,3529,telur_ayam,26500
2024-11-21,3529,telur_ayam,26500
2024-11-22,3529,telur_ayam,26500
2024-11-25,3529,telur_ayam,26500
2024-11-26,3529,telur_ayam,26500
2024-11-27,3529,telur_ayam,26500
2024-11-28,3529,telur_ayam,26500
2024-11-29,3529,telur_ayam,26500
2024-12-02,3529,telur_ayam,26500
2024-12-03,3529,telur_ayam,26500
2024-12-04,3529,telur_ayam,26500
2024-12-05,3529,telur_ayam,26500
2024-12-06,3529,telur_ayam,26000
2024-12-09,3529,telur_ayam,27750
2024-12-10,3529,telur_ayam,28000
2024-12-11,3529,telur_ayam,29500
2024-12-12,3529,telur_ayam,29500
2024-12-13,3529,telur_ayam,29500
2024-12-16,3529,telur_ayam,29500
2024-12-17,3529,telur_ayam,31000
2024-12-18,3529,telur_ayam,31000
2024-12-19,3529,telur_ayam,31500
2024-12-20,3529,telur_ayam,31500
2024-12-23,3529,telur_ayam,31000
2024-12-24,3529,telur_ayam,30500
2024-12-25,3529,telur_ayam,30500
2024-12-26,3529,telur_ayam,30500
2024-12-27,3529,telur_ayam,30500
2024-12-30,3529,telur_ayam,30500
2024-12-31,3529,telur_ayam,30500
2025-01-02,3529,telur_ayam,30500
2025-01-03,3529,telur_ayam,30500
2025-01-06,3529,telur_ayam,30000
2025-01-07,3529,telur_ayam,30000
2025-01-08,3529,telur_ayam,30000
2025-01-09,3529,telur_ayam,30000
2025-01-10,3529,telur_ayam,29750
2025-01-13,3529,telur_ayam,29750
2025-01-14,3529,telur_ayam,29750
2025-01-15,3529,telur_ayam,29750
2025-01-16,3529,telur_ayam,29750
2025-01-17,3529,telur_ayam,28750
2025-01-20,3529,telur_ayam,28750
2025-01-21,3529,telur_ayam,28250
2025-01-22,3529,telur_ayam,28250
2025-01-23,3529,telur_ayam,27250
2025-01-24,3529,telur_ayam,26750
2025-01-27,3529,telur_ayam,26750
2025-01-28,3529,telur_ayam,26750
2025-01-29,3529,telur_ayam,26750
2025-01-30,3529,telur_ayam,26750
2025-01-31,3529,telur_ayam,26750
2025-02-03,3529,telur_ayam,26750
2025-02-04,3529,telur_ayam,26750
2025-02-05,3529,telur_ayam,26750
2025-02-06,3529,telur_ayam,27750
2025-02-07,3529,telur_ayam,27750
2025-02-10,3529,telur_ayam,27750
2025-02-11,3529,telur_ayam,27750
2025-02-12,3529,telur_ayam,27750
2025-02-13,3529,telur_ayam,27750
2025-02-14,3529,telur_ayam,27750
2025-02-17,3529,telur_ayam,27750
2025-02-18,3529,telur_ayam,27750
2025-02-19,3529,telur_ayam,27750
2025-02-20,3529,telur_ayam,28000
2025-02-21,3529,telur_ayam,28000
2025-02-24,3529,telur_ayam,29750
2025-02-25,3529,telur_ayam,30000
2025-02-26,3529,telur_ayam,30000
2025-02-27,3529,telur_ayam,30000
2025-02-28,3529,telur_ayam,30000
2025-03-03,3529,telur_ayam,30000
2025-03-04,3529,telur_ayam,30000
2025-03-05,3529,telur_ayam,30000
2025-03-06,3529,telur_ayam,30000
2025-03-07,3529,telur_ayam,30000
2025-03-10,3529,telur_ayam,29500
2025-03-11,3529,telur_ayam,29500
2025-03-12,3529,telur_ayam,29500
2025-03-13,3529,telur_ayam,29500
2025-03-14,3529,telur_ayam,29500
2025-03-17,3529,telur_ayam,29500
2025-03-18,3529,telur_ayam,29500
2025-03-19,3529,telur_ayam,29500
2025-03-20,3529,telur_ayam,29500
2025-03-21,3529,telur_ayam,29500
2025-03-24,3529,telur_ayam,29500
2025-03-25,3529,telur_ayam,28750
2025-03-26,3529,telur_ayam,28750
2025-03-27,3529,telur_ayam,28750
2025-03-28,3529,telur_ayam,28750
2025-03-31,3529,telur_ayam,28750
2025-04-01,3529,telur_ayam,28750
2025-04-02,3529,telur_ayam,28750
2025-04-03,3529,telur_ayam,28750
2025-04-04,3529,telur_ayam,28750
2025-04-07,3529,telur_ayam,28750
2025-04-08,3529,telur_ayam,28750
2025-04-09,3529,telur_ayam,29000
2025-04-10,3529,telur_ayam,29000
2025-04-11,3529,telur_ayam,29000
2025-04-14,3529,telur_ayam,29000
2025-04-15,3529,telur_ayam,29000
2025-04-16,3529,telur_ayam,29000
2025-04-17,3529,telur_ayam,29000
2025-04-18,3529,telur_ayam,29000
2025-04-21,3529,telur_ayam,26500
2025-04-22,3529,telur_ayam,26250
2025-04-23,3529,telur_ayam,26250
2025-04-24,3529,telur_ayam,26250
2025-04-25,3529,telur_ayam,26250
2025-04-28,3529,telur_ayam,26000
2025-04-29,3529,telur_ayam,26250
2025-04-30,3529,telur_ayam,26250
2025-05-01,3529,telur_ayam,26250
2025-05-02,3529,telur_ayam,26250
2025-05-05,3529,telur_ayam,26500
2025-05-06,3529,telur_ayam,26500
2025-05-07,3529,telur_ayam,26500
2025-05-08,3529,telur_ayam,26500
2025-05-09,3529,telur_ayam,27250
2025-05-12,3529,telur_ayam,27250
2025-05-13,3529,telur_ayam,27250
2025-05-14,3529,telur_ayam,27250
2025-05-15,3529,telur_ayam,27250
2025-05-16,3529,telur_ayam,27250
2025-05-19,3529,telur_ayam,27250
2025-05-20,3529,telur_ayam,27250
2025-05-21,3529,telur_ayam,27250
2025-05-22,3529,telur_ayam,27250
2025-05-23,3529,telur_ayam,27000
2025-05-26,3529,telur_ayam,27000
2025-05-27,3529,telur_ayam,27000
2025-05-28,3529,telur_ayam,27000
2025-05-29,3529,telur_ayam,27000
2025-05-30,3529,telur_ayam,27000
2025-06-02,3529,telur_ayam,27000
2025-06-03,3529,telur_ayam,27000
2025-06-04,3529,telur_ayam,27000
2025-06-05,3529,telur_ayam,27750
2025-06-06,3529,telur_ayam,27750
2025-06-09,3529,telur_ayam,27750
2025-06-10,3529,telur_ayam,27750
2025-06-11,3529,telur_ayam,27750
2025-06-12,3529,telur_ayam,27750
2025-06-13,3529,telur_ayam,27750
2025-06-16,3529,telur_ayam,27750
2025-06-17,3529,telur_ayam,27750
2025-06-18,3529,telur_ayam,27750
2025-06-19,3529,telur_ayam,27750
2025-06-20,3529,telur_ayam,27750
2025-06-23,3529,telur_ayam,27750
2025-06-24,3529,telur_ayam,27750
2025-06-25,3529,telur_ayam,27750
2025-06-26,3529,telur_ayam,27750
2025-06-27,3529,telur_ayam,27750
2025-06-30,3529,telur_ayam,27750
2025-07-01,3529,telur_ayam,27750
2025-07-02,3529,telur_ayam,27750
2025-07-03,3529,telur_ayam,27750
2025-07-04,3529,telur_ayam,27750
2025-07-07,3529,telur_ayam,29500
2025-07-08,3529,telur_ayam,29500
2025-07-09,3529,telur_ayam,29500
2025-07-10,3529,telur_ayam,29500
2025-07-11,3529,telur_ayam,29500
2025-07-14,3529,telur_ayam,29500
2025-07-15,3529,telur_ayam,29500
2025-07-16,3529,telur_ayam,29500
2025-07-17,3529,telur_ayam,29500
2025-07-18,3529,telur_ayam,29500
2025-07-21,3529,telur_ayam,29250
2025-07-22,3529,telur_ayam,29250
2025-07-23,3529,telur_ayam,29500
2025-07-24,3529,telur_ayam,30000
2025-07-25,3529,telur_ayam,30000
2025-07-28,3529,telur_ayam,30000
2025-07-29,3529,telur_ayam,30000
2025-07-30,3529,telur_ayam,30000
2025-07-31,3529,telur_ayam,30000
2025-08-01,3529,telur_ayam,30000
2025-08-04,3529,telur_ayam,30000
2025-08-05,3529,telur_ayam,30000
2025-08-06,3529,telur_ayam,30000
2025-08-07,3529,telur_ayam,29250
2025-08-08,3529,telur_ayam,29250
2025-08-11,3529,telur_ayam,29250
2025-08-12,3529,telur_ayam,29250
2025-08-13,3529,telur_ayam,29250
2025-08-14,3529,telur_ayam,29250
2025-08-15,3529,telur_ayam,29250
2025-08-18,3529,telur_ayam,29250
2025-08-19,3529,telur_ayam,29000
2025-08-20,3529,telur_ayam,29000
2025-08-21,3529,telur_ayam,29000
2025-08-22,3529,telur_ayam,29000
2025-08-25,3529,telur_ayam,29000
2025-08-26,3529,telur_ayam,28750
2025-08-27,3529,telur_ayam,27750
2025-08-28,3529,telur_ayam,27750
2025-08-29,3529,telur_ayam,27750
2025-09-01,3529,telur_ayam,27500
2025-09-02,3529,telur_ayam,27500
2025-09-03,3529,telur_ayam,27500
2025-09-04,3529,telur_ayam,27500
2025-09-05,3529,telur_ayam,27500
2025-09-08,3529,telur_ayam,27500
2025-09-09,3529,telur_ayam,27500
2025-09-10,3529,telur_ayam,27500
2025-09-11,3529,telur_ayam,27500
2025-09-12,3529,telur_ayam,28500
2025-09-15,3529,telur_ayam,29500
2025-09-16,3529,telur_ayam,29500
2025-09-17,3529,telur_ayam,30000
2025-09-18,3529,telur_ayam,30000
2025-09-19,3529,telur_ayam,30000
2025-09-22,3529,telur_ayam,30000
2025-09-23,3529,telur_ayam,30000
2025-09-24,3529,telur_ayam,30000
2025-09-25,3529,telur_ayam,30000
2025-09-26,3529,telur_ayam,30000
2025-09-29,3529,telur_ayam,30000
2025-09-30,3529,telur_ayam,29500
2025-10-01,3529,telur_ayam,29500
2025-10-02,3529,telur_ayam,29500
2025-10-03,3529,telur_ayam,29500
2025-10-06,3529,telur_ayam,29500
2025-10-07,3529,telur_ayam,30000
2025-10-08,3529,telur_ayam,30000
2025-10-09,3529,telur_ayam,30000
2025-10-10,3529,telur_ayam,30000
2025-10-13,3529,telur_ayam,30000
2025-10-14,3529,telur_ayam,30000
2025-10-15,3529,telur_ayam,30000
2025-10-16,3529,telur_ayam,30000
2025-10-17,3529,telur_ayam,30000
2025-10-20,3529,telur_ayam,30000
2025-10-21,3529,telur_ayam,30000
2025-10-22,3529,telur_ayam,31750
2025-10-23,3529,telur_ayam,31750
2025-10-24,3529,telur_ayam,31750
2025-10-27,3529,telur_ayam,30000
2025-10-28,3529,telur_ayam,30000
2025-10-29,3529,telur_ayam,30000
2025-10-30,3529,telur_ayam,30000
2025-10-31,3529,telur_ayam,30000
2025-11-03,3529,telur_ayam,30000
2025-11-04,3529,telur_ayam,30000
2025-11-05,3529,telur_ayam,30000
2025-11-06,3529,telur_ayam,30000
2025-11-07,3529,telur_ayam,30000
2025-11-10,3529,telur_ayam,30000
2025-11-11,3529,telur_ayam,30000
2025-11-12,3529,telur_ayam,30000
2025-11-13,3529,telur_ayam,30000
2025-11-14,3529,telur_ayam,30000
2025-11-17,3529,telur_ayam,29750
2025-11-18,3529,telur_ayam,29500
2025-11-19,3529,telur_ayam,29500
2025-11-20,3529,telur_ayam,29500
2025-11-21,3529,telur_ayam,29500
2025-11-24,3529,telur_ayam,29500
2025-11-25,3529,telur_ayam,29500
2025-11-26,3529,telur_ayam,29500
2025-11-27,3529,telur_ayam,29500
2025-11-28,3529,telur_ayam,29500
2025-12-01,3529,telur_ayam,29500
2025-12-02,3529,telur_ayam,29500
2025-12-03,3529,telur_ayam,29500
2025-12-04,3529,telur_ayam,29500
2025-12-05,3529,telur_ayam,28750
2025-12-08,3529,telur_ayam,28750
2025-12-09,3529,telur_ayam,31500
2025-12-10,3529,telur_ayam,31500
2025-12-11,3529,telur_ayam,31750
2025-12-12,3529,telur_ayam,31750
2025-12-15,3529,telur_ayam,31750
2025-12-16,3529,telur_ayam,31750
2025-12-17,3529,telur_ayam,31750
2025-12-18,3529,telur_ayam,31750
2025-12-19,3529,telur_ayam,31750
2025-12-22,3529,telur_ayam,31750
2025-12-23,3529,telur_ayam,31750
2025-12-24,3529,telur_ayam,31750
2025-12-25,3529,telur_ayam,31750
2025-12-26,3529,telur_ayam,31750
2025-12-29,3529,telur_ayam,30000
2025-12-30,3529,telur_ayam,30000
2025-12-31,3529,telur_ayam,30000
2021-01-04,3571,telur_ayam,22500
2021-01-05,3571,telur_ayam,22500
2021-01-06,3571,telur_ayam,22500
2021-01-07,3571,telur_ayam,22400
2021-01-08,3571,telur_ayam,22400
2021-01-11,3571,telur_ayam,21750
2021-01-12,3571,telur_ayam,21750
2021-01-13,3571,telur_ayam,21150
2021-01-14,3571,telur_ayam,21150
2021-01-15,3571,telur_ayam,20750
2021-01-18,3571,telur_ayam,20900
2021-01-19,3571,telur_ayam,20900
2021-01-20,3571,telur_ayam,20400
2021-01-21,3571,telur_ayam,20000
2021-01-22,3571,telur_ayam,20000
2021-01-25,3571,telur_ayam,19900
2021-01-26,3571,telur_ayam,19900
2021-01-27,3571,telur_ayam,19650
2021-01-28,3571,telur_ayam,19650
2021-01-29,3571,telur_ayam,19400
2021-02-01,3571,telur_ayam,19650
2021-02-02,3571,telur_ayam,19650
2021-02-03,3571,telur_ayam,20150
2021-02-04,3571,telur_ayam,20650
2021-02-05,3571,telur_ayam,21900
2021-02-08,3571,telur_ayam,22650
2021-02-09,3571,telur_ayam,22500
2021-02-10,3571,telur_ayam,22400
2021-02-11,3571,telur_ayam,22500
2021-02-15,3571,telur_ayam,22650
2021-02-16,3571,telur_ayam,23150
2021-02-17,3571,telur_ayam,23150
2021-02-18,3571,telur_ayam,23150
2021-02-19,3571,telur_ayam,23150
2021-02-22,3571,telur_ayam,22900
2021-02-23,3571,telur_ayam,22250
2021-02-24,3571,telur_ayam,22150
2021-02-25,3571,telur_ayam,22000
2021-02-26,3571,telur_ayam,22000
2021-03-01,3571,telur_ayam,21650
2021-03-02,3571,telur_ayam,21650
2021-03-03,3571,telur_ayam,21900
2021-03-04,3571,telur_ayam,21900
2021-03-05,3571,telur_ayam,21650
2021-03-08,3571,telur_ayam,21650
2021-03-09,3571,telur_ayam,21650
2021-03-10,3571,telur_ayam,21500
2021-03-12,3571,telur_ayam,21400
2021-03-15,3571,telur_ayam,21250
2021-03-16,3571,telur_ayam,21250
2021-03-17,3571,telur_ayam,21250
2021-03-18,3571,telur_ayam,20900
2021-03-19,3571,telur_ayam,20750
2021-03-22,3571,telur_ayam,20750
2021-03-23,3571,telur_ayam,20650
2021-03-24,3571,telur_ayam,20650
2021-03-25,3571,telur_ayam,20400
2021-03-26,3571,telur_ayam,19750
2021-03-29,3571,telur_ayam,19150
2021-03-30,3571,telur_ayam,19400
2021-03-31,3571,telur_ayam,19750
2021-04-01,3571,telur_ayam,19750
2021-04-05,3571,telur_ayam,20650
2021-04-06,3571,telur_ayam,20650
2021-04-07,3571,telur_ayam,21750
2021-04-08,3571,telur_ayam,22000
2021-04-09,3571,telur_ayam,22000
2021-04-12,3571,telur_ayam,23250
2021-04-13,3571,telur_ayam,23400
2021-04-14,3571,telur_ayam,23400
2021-04-15,3571,telur_ayam,23400
2021-04-16,3571,telur_ayam,23400
2021-04-19,3571,telur_ayam,23400
2021-04-20,3571,telur_ayam,23400
2021-04-21,3571,telur_ayam,23400
2021-04-22,3571,telur_ayam,23400
2021-04-23,3571,telur_ayam,23000
2021-04-26,3571,telur_ayam,21750
2021-04-27,3571,telur_ayam,21900
2021-04-28,3571,telur_ayam,20900
2021-04-29,3571,telur_ayam,20900
2021-04-30,3571,telur_ayam,20900
2021-05-03,3571,telur_ayam,20900
2021-05-04,3571,telur_ayam,20900
2021-05-05,3571,telur_ayam,20900
2021-05-06,3571,telur_ayam,20500
2021-05-07,3571,telur_ayam,20500
2021-05-10,3571,telur_ayam,20250
2021-05-11,3571,telur_ayam,20250
2021-05-17,3571,telur_ayam,20900
2021-05-18,3571,telur_ayam,21000
2021-05-19,3571,telur_ayam,21500
2021-05-20,3571,telur_ayam,21500
2021-05-21,3571,telur_ayam,21750
2021-05-24,3571,telur_ayam,21400
2021-05-25,3571,telur_ayam,21400
2021-05-27,3571,telur_ayam,21650
2021-05-28,3571,telur_ayam,22500
2021-05-31,3571,telur_ayam,23150
2021-06-02,3571,telur_ayam,23150
2021-06-03,3571,telur_ayam,23400
2021-06-04,3571,telur_ayam,23400
2021-06-07,3571,telur_ayam,23500
2021-06-08,3571,telur_ayam,23400
2021-06-09,3571,telur_ayam,23400
2021-06-10,3571,telur_ayam,23400
2021-06-11,3571,telur_ayam,23000
2021-06-14,3571,telur_ayam,22500
2021-06-15,3571,telur_ayam,22500
2021-06-16,3571,telur_ayam,22500
2021-06-17,3571,telur_ayam,22400
2021-06-18,3571,telur_ayam,22000
2021-06-21,3571,telur_ayam,21750
2021-06-22,3571,telur_ayam,21750
2021-06-23,3571,telur_ayam,21250
2021-06-24,3571,telur_ayam,21150
2021-06-25,3571,telur_ayam,21000
2021-06-28,3571,telur_ayam,21250
2021-06-29,3571,telur_ayam,21250
2021-06-30,3571,telur_ayam,21750
2021-07-01,3571,telur_ayam,21750
2021-07-02,3571,telur_ayam,21750
2021-07-05,3571,telur_ayam,21250
2021-07-06,3571,telur_ayam,20900
2021-07-07,3571,telur_ayam,20900
2021-07-08,3571,telur_ayam,20900
2021-07-09,3571,telur_ayam,20650
2021-07-12,3571,telur_ayam,20150
2021-07-13,3571,telur_ayam,20150
2021-07-14,3571,telur_ayam,19900
2021-07-15,3571,telur_ayam,20250
2021-07-16,3571,telur_ayam,20500
2021-07-19,3571,telur_ayam,22650
2021-07-21,3571,telur_ayam,22650
2021-07-22,3571,telur_ayam,22650
2021-07-23,3571,telur_ayam,22650
2021-07-26,3571,telur_ayam,23250
2021-07-27,3571,telur_ayam,23500
2021-07-28,3571,telur_ayam,23650
2021-07-29,3571,telur_ayam,23400
2021-07-30,3571,telur_ayam,23400
2021-08-02,3571,telur_ayam,23400
2021-08-03,3571,telur_ayam,23250
2021-08-04,3571,telur_ayam,23250
2021-08-05,3571,telur_ayam,23250
2021-08-06,3571,telur_ayam,22650
2021-08-09,3571,telur_ayam,22250
2021-08-10,3571,telur_ayam,21900
2021-08-12,3571,telur_ayam,21650
2021-08-13,3571,telur_ayam,21500
2021-08-16,3571,telur_ayam,21500
2021-08-18,3571,telur_ayam,21400
2021-08-19,3571,telur_ayam,21150
2021-08-20,3571,telur_ayam,21000
2021-08-23,3571,telur_ayam,19650
2021-08-24,3571,telur_ayam,19750
2021-08-25,3571,telur_ayam,19900
2021-08-26,3571,telur_ayam,19900
2021-08-27,3571,telur_ayam,19900
2021-08-30,3571,telur_ayam,18750
2021-08-31,3571,telur_ayam,18750
2021-09-01,3571,telur_ayam,18900
2021-09-02,3571,telur_ayam,18900
2021-09-03,3571,telur_ayam,18750
2021-09-06,3571,telur_ayam,18250
2021-09-07,3571,telur_ayam,18250
2021-09-08,3571,telur_ayam,18400
2021-09-09,3571,telur_ayam,18400
2021-09-10,3571,telur_ayam,18500
2021-09-13,3571,telur_ayam,17750
2021-09-14,3571,telur_ayam,17650
2021-09-15,3571,telur_ayam,17650
2021-09-16,3571,telur_ayam,17750
2021-09-17,3571,telur_ayam,17750
2021-09-20,3571,telur_ayam,17400
2021-09-21,3571,telur_ayam,17250
2021-09-22,3571,telur_ayam,17150
2021-09-23,3571,telur_ayam,17000
2021-09-24,3571,telur_ayam,17000
2021-09-27,3571,telur_ayam,17250
2021-09-28,3571,telur_ayam,17500
2021-09-29,3571,telur_ayam,17000
2021-09-30,3571,telur_ayam,18250
2021-10-01,3571,telur_ayam,18250
2021-10-04,3571,telur_ayam,17750
2021-10-05,3571,telur_ayam,17750
2021-10-06,3571,telur_ayam,17650
2021-10-07,3571,telur_ayam,17500
2021-10-08,3571,telur_ayam,16900
2021-10-11,3571,telur_ayam,16500
2021-10-12,3571,telur_ayam,16400
2021-10-13,3571,telur_ayam,16500
2021-10-14,3571,telur_ayam,17000
2021-10-15,3571,telur_ayam,17150
2021-10-18,3571,telur_ayam,16650
2021-10-19,3571,telur_ayam,16650
2021-10-21,3571,telur_ayam,16400
2021-10-22,3571,telur_ayam,16400
2021-10-25,3571,telur_ayam,16500
2021-10-26,3571,telur_ayam,17150
2021-10-27,3571,telur_ayam,17150
2021-10-28,3571,telur_ayam,17500
2021-10-29,3571,telur_ayam,17500
2021-11-01,3571,telur_ayam,18000
2021-11-02,3571,telur_ayam,18000
2021-11-03,3571,telur_ayam,18650
2021-11-04,3571,telur_ayam,19000
2021-11-05,3571,telur_ayam,19000
2021-11-08,3571,telur_ayam,22150
2021-11-09,3571,telur_ayam,22500
2021-11-10,3571,telur_ayam,23250
2021-11-11,3571,telur_ayam,23400
2021-11-12,3571,telur_ayam,23000
2021-11-15,3571,telur_ayam,22750
2021-11-16,3571,telur_ayam,22500
2021-11-17,3571,telur_ayam,22250
2021-11-18,3571,telur_ayam,22150
2021-11-19,3571,telur_ayam,22000
2021-11-22,3571,telur_ayam,21500
2021-11-23,3571,telur_ayam,21500
2021-11-24,3571,telur_ayam,21150
2021-11-25,3571,telur_ayam,21250
2021-11-26,3571,telur_ayam,21500
2021-11-29,3571,telur_ayam,21150
2021-11-30,3571,telur_ayam,20750
2021-12-01,3571,telur_ayam,20750
2021-12-02,3571,telur_ayam,20400
2021-12-03,3571,telur_ayam,20500
2021-12-06,3571,telur_ayam,19750
2021-12-07,3571,telur_ayam,19750
2021-12-08,3571,telur_ayam,20000
2021-12-09,3571,telur_ayam,19650
2021-12-10,3571,telur_ayam,19750
2021-12-13,3571,telur_ayam,21750
2021-12-14,3571,telur_ayam,23750
2021-12-15,3571,telur_ayam,24150
2021-12-16,3571,telur_ayam,24150
2021-12-17,3571,telur_ayam,24150
2021-12-20,3571,telur_ayam,24650
2021-12-21,3571,telur_ayam,24650
2021-12-22,3571,telur_ayam,24900
2021-12-23,3571,telur_ayam,27400
2021-12-24,3571,telur_ayam,28750
2021-12-27,3571,telur_ayam,30150
2021-12-28,3571,telur_ayam,29900
2021-12-29,3571,telur_ayam,28500
2021-12-30,3571,telur_ayam,27750
2021-12-31,3571,telur_ayam,27900
2022-01-03,3571,telur_ayam,27000
2022-01-04,3571,telur_ayam,25900
2022-01-05,3571,telur_ayam,25000
2022-01-06,3571,telur_ayam,25000
2022-01-07,3571,telur_ayam,24400
2022-01-10,3571,telur_ayam,22650
2022-01-11,3571,telur_ayam,21500
2022-01-12,3571,telur_ayam,21250
2022-01-13,3571,telur_ayam,20900
2022-01-14,3571,telur_ayam,20500
2022-01-17,3571,telur_ayam,20250
2022-01-18,3571,telur_ayam,20150
2022-01-19,3571,telur_ayam,19900
2022-01-20,3571,telur_ayam,19900
2022-01-21,3571,telur_ayam,20150
2022-01-24,3571,telur_ayam,19900
2022-01-25,3571,telur_ayam,19750
2022-01-26,3571,telur_ayam,19500
2022-01-27,3571,telur_ayam,18400
2022-01-28,3571,telur_ayam,18400
2022-01-31,3571,telur_ayam,18400
2022-02-02,3571,telur_ayam,18650
2022-02-03,3571,telur_ayam,18900
2022-02-04,3571,telur_ayam,18750
2022-02-07,3571,telur_ayam,18500
2022-02-08,3571,telur_ayam,18650
2022-02-09,3571,telur_ayam,18400
2022-02-10,3571,telur_ayam,18400
2022-02-11,3571,telur_ayam,18400
2022-02-14,3571,telur_ayam,18250
2022-02-15,3571,telur_ayam,18150
2022-02-16,3571,telur_ayam,18250
2022-02-17,3571,telur_ayam,19250
2022-02-18,3571,telur_ayam,19400
2022-02-21,3571,telur_ayam,20500
2022-02-22,3571,telur_ayam,20250
2022-02-23,3571,telur_ayam,20250
2022-02-24,3571,telur_ayam,20250
2022-02-25,3571,telur_ayam,20250
2022-03-01,3571,telur_ayam,20650
2022-03-02,3571,telur_ayam,20650
2022-03-04,3571,telur_ayam,21500
2022-03-07,3571,telur_ayam,23150
2022-03-08,3571,telur_ayam,23250
2022-03-09,3571,telur_ayam,24000
2022-03-10,3571,telur_ayam,23900
2022-03-11,3571,telur_ayam,23650
2022-03-14,3571,telur_ayam,22500
2022-03-15,3571,telur_ayam,22900
2022-03-16,3571,telur_ayam,22900
2022-03-17,3571,telur_ayam,22900
2022-03-18,3571,telur_ayam,22400
2022-03-21,3571,telur_ayam,23000
2022-03-22,3571,telur_ayam,23000
2022-03-23,3571,telur_ayam,23000
2022-03-24,3571,telur_ayam,23500
2022-03-25,3571,telur_ayam,23500
2022-03-28,3571,telur_ayam,23750
2022-03-29,3571,telur_ayam,23900
2022-03-30,3571,telur_ayam,23650
2022-03-31,3571,telur_ayam,23750
2022-04-01,3571,telur_ayam,23400
2022-04-04,3571,telur_ayam,23400
2022-04-05,3571,telur_ayam,23150
2022-04-06,3571,telur_ayam,23250
2022-04-07,3571,telur_ayam,23250
2022-04-08,3571,telur_ayam,23500
2022-04-11,3571,telur_ayam,23000
2022-04-12,3571,telur_ayam,22650
2022-04-13,3571,telur_ayam,22500
2022-04-14,3571,telur_ayam,22500
2022-04-18,3571,telur_ayam,22500
2022-04-19,3571,telur_ayam,22900
2022-04-20,3571,telur_ayam,23900
2022-04-21,3571,telur_ayam,23900
2022-04-22,3571,telur_ayam,24250
2022-04-25,3571,telur_ayam,25150
2022-04-26,3571,telur_ayam,25400
2022-04-27,3571,telur_ayam,26500
2022-04-28,3571,telur_ayam,26400
2022-05-09,3571,telur_ayam,25650
2022-05-10,3571,telur_ayam,24250
2022-05-11,3571,telur_ayam,25250
2022-05-12,3571,telur_ayam,24250
2022-05-13,3571,telur_ayam,24150
2022-05-17,3571,telur_ayam,25250
2022-05-18,3571,telur_ayam,25500
2022-05-19,3571,telur_ayam,26150
2022-05-20,3571,telur_ayam,26250
2022-05-23,3571,telur_ayam,25900
2022-05-24,3571,telur_ayam,25900
2022-05-25,3571,telur_ayam,25900
2022-05-27,3571,telur_ayam,26250
2022-05-30,3571,telur_ayam,26500
2022-05-31,3571,telur_ayam,26750
2022-06-02,3571,telur_ayam,26900
2022-06-03,3571,telur_ayam,26900
2022-06-06,3571,telur_ayam,27250
2022-06-07,3571,telur_ayam,27750
2022-06-08,3571,telur_ayam,27750
2022-06-09,3571,telur_ayam,27750
2022-06-10,3571,telur_ayam,27650
2022-06-13,3571,telur_ayam,27150
2022-06-14,3571,telur_ayam,27150
2022-06-15,3571,telur_ayam,26900
2022-06-16,3571,telur_ayam,26900
2022-06-17,3571,telur_ayam,26900
2022-06-20,3571,telur_ayam,26150
2022-06-21,3571,telur_ayam,26150
2022-06-22,3571,telur_ayam,26250
2022-06-23,3571,telur_ayam,26400
2022-06-24,3571,telur_ayam,26400
2022-06-27,3571,telur_ayam,25900
2022-06-28,3571,telur_ayam,25900
2022-06-29,3571,telur_ayam,25900
2022-06-30,3571,telur_ayam,25900
2022-07-01,3571,telur_ayam,25750
2022-07-04,3571,telur_ayam,25900
2022-07-05,3571,telur_ayam,26000
2022-07-06,3571,telur_ayam,26400
2022-07-07,3571,telur_ayam,26750
2022-07-08,3571,telur_ayam,27000
2022-07-11,3571,telur_ayam,27000
2022-07-12,3571,telur_ayam,27000
2022-07-13,3571,telur_ayam,27150
2022-07-14,3571,telur_ayam,27000
2022-07-15,3571,telur_ayam,27000
2022-07-18,3571,telur_ayam,27000
2022-07-19,3571,telur_ayam,27500
2022-07-20,3571,telur_ayam,27500
2022-07-21,3571,telur_ayam,27400
2022-07-22,3571,telur_ayam,27250
2022-07-25,3571,telur_ayam,27500
2022-07-26,3571,telur_ayam,27400
2022-07-27,3571,telur_ayam,27500
2022-07-28,3571,telur_ayam,27400
2022-07-29,3571,telur_ayam,27000
2022-08-01,3571,telur_ayam,26500
2022-08-02,3571,telur_ayam,26150
2022-08-03,3571,telur_ayam,26250
2022-08-04,3571,telur_ayam,26250
2022-08-05,3571,telur_ayam,26150
2022-08-08,3571,telur_ayam,25900
2022-08-09,3571,telur_ayam,26000
2022-08-10,3571,telur_ayam,26650
2022-08-11,3571,telur_ayam,28250
2022-08-12,3571,telur_ayam,29000
2022-08-15,3571,telur_ayam,29650
2022-08-16,3571,telur_ayam,29650
2022-08-18,3571,telur_ayam,29650
2022-08-19,3571,telur_ayam,29650
2022-08-22,3571,telur_ayam,29000
2022-08-23,3571,telur_ayam,29400
2022-08-24,3571,telur_ayam,29500
2022-08-25,3571,telur_ayam,29500
2022-08-26,3571,telur_ayam,29400
2022-08-29,3571,telur_ayam,28750
2022-08-30,3571,telur_ayam,28400
2022-08-31,3571,telur_ayam,28000
2022-09-01,3571,telur_ayam,28000
2022-09-02,3571,telur_ayam,27900
2022-09-05,3571,telur_ayam,26900
2022-09-06,3571,telur_ayam,27000
2022-09-07,3571,telur_ayam,27000
2022-09-08,3571,telur_ayam,26900
2022-09-09,3571,telur_ayam,26500
2022-09-12,3571,telur_ayam,26500
2022-09-13,3571,telur_ayam,26400
2022-09-14,3571,telur_ayam,26400
2022-09-15,3571,telur_ayam,26150
2022-09-16,3571,telur_ayam,26150
2022-09-19,3571,telur_ayam,25150
2022-09-20,3571,telur_ayam,25150
2022-09-21,3571,telur_ayam,24650
2022-09-22,3571,telur_ayam,24400
2022-09-23,3571,telur_ayam,24000
2022-09-26,3571,telur_ayam,22750
2022-09-27,3571,telur_ayam,22750
2022-09-28,3571,telur_ayam,22650
2022-09-29,3571,telur_ayam,22150
2022-09-30,3571,telur_ayam,22250
2022-10-03,3571,telur_ayam,22500
2022-10-04,3571,telur_ayam,22250
2022-10-05,3571,telur_ayam,22250
2022-10-06,3571,telur_ayam,22650
2022-10-07,3571,telur_ayam,22750
2022-10-10,3571,telur_ayam,24400
2022-10-11,3571,telur_ayam,24500
2022-10-12,3571,telur_ayam,24150
2022-10-13,3571,telur_ayam,24150
2022-10-14,3571,telur_ayam,24650
2022-10-17,3571,telur_ayam,25400
2022-10-18,3571,telur_ayam,25400
2022-10-19,3571,telur_ayam,25250
2022-10-20,3571,telur_ayam,25250
2022-10-21,3571,telur_ayam,25000
2022-10-24,3571,telur_ayam,25250
2022-10-25,3571,telur_ayam,25250
2022-10-26,3571,telur_ayam,25250
2022-10-27,3571,telur_ayam,25250
2022-10-28,3571,telur_ayam,25400
2022-10-31,3571,telur_ayam,25650
2022-11-01,3571,telur_ayam,25250
2022-11-02,3571,telur_ayam,25150
2022-11-03,3571,telur_ayam,25150
2022-11-04,3571,telur_ayam,25150
2022-11-07,3571,telur_ayam,25150
2022-11-08,3571,telur_ayam,25750
2022-11-09,3571,telur_ayam,25750
2022-11-10,3571,telur_ayam,26000
2022-11-11,3571,telur_ayam,26250
2022-11-14,3571,telur_ayam,26400
2022-11-15,3571,telur_ayam,26400
2022-11-16,3571,telur_ayam,26500
2022-11-17,3571,telur_ayam,26500
2022-11-18,3571,telur_ayam,26750
2022-11-21,3571,telur_ayam,26750
2022-11-22,3571,telur_ayam,27500
2022-11-23,3571,telur_ayam,27750
2022-11-24,3571,telur_ayam,28750
2022-11-25,3571,telur_ayam,28500
2022-11-28,3571,telur_ayam,29500
2022-11-29,3571,telur_ayam,29250
2022-11-30,3571,telur_ayam,29250
2022-12-01,3571,telur_ayam,29400
2022-12-02,3571,telur_ayam,30000
2022-12-05,3571,telur_ayam,30150
2022-12-06,3571,telur_ayam,29900
2022-12-07,3571,telur_ayam,29900
2022-12-08,3571,telur_ayam,29900
2022-12-09,3571,telur_ayam,29750
2022-12-12,3571,telur_ayam,29500
2022-12-13,3571,telur_ayam,29400
2022-12-14,3571,telur_ayam,28750
2022-12-15,3571,telur_ayam,28500
2022-12-16,3571,telur_ayam,28500
2022-12-19,3571,telur_ayam,27750
2022-12-20,3571,telur_ayam,27750
2022-12-21,3571,telur_ayam,27900
2022-12-22,3571,telur_ayam,27150
2022-12-23,3571,telur_ayam,28150
2022-12-26,3571,telur_ayam,27500
2022-12-27,3571,telur_ayam,27400
2022-12-28,3571,telur_ayam,27400
2022-12-29,3571,telur_ayam,27400
2022-12-30,3571,telur_ayam,27250
2023-01-02,3571,telur_ayam,26750
2023-01-03,3571,telur_ayam,26750
2023-01-04,3571,telur_ayam,26750
2023-01-05,3571,telur_ayam,26900
2023-01-06,3571,telur_ayam,26900
2023-01-09,3571,telur_ayam,26250
2023-01-10,3571,telur_ayam,26150
2023-01-11,3571,telur_ayam,26250
2023-01-12,3571,telur_ayam,26150
2023-01-13,3571,telur_ayam,26150
2023-01-16,3571,telur_ayam,26000
2023-01-17,3571,telur_ayam,25900
2023-01-18,3571,telur_ayam,25900
2023-01-19,3571,telur_ayam,25900
2023-01-20,3571,telur_ayam,25750
2023-01-23,3571,telur_ayam,25750
2023-01-24,3571,telur_ayam,25900
2023-01-25,3571,telur_ayam,25900
2023-01-26,3571,telur_ayam,25900
2023-01-27,3571,telur_ayam,26000
2023-01-30,3571,telur_ayam,25900
2023-01-31,3571,telur_ayam,25900
2023-02-01,3571,telur_ayam,25900
2023-02-02,3571,telur_ayam,25650
2023-02-03,3571,telur_ayam,25650
2023-02-06,3571,telur_ayam,25650
2023-02-07,3571,telur_ayam,25750
2023-02-08,3571,telur_ayam,25900
2023-02-09,3571,telur_ayam,25900
2023-02-10,3571,telur_ayam,25900
2023-02-13,3571,telur_ayam,26000
2023-02-14,3571,telur_ayam,25900
2023-02-15,3571,telur_ayam,25750
2023-02-16,3571,telur_ayam,25750
2023-02-17,3571,telur_ayam,25650
2023-02-20,3571,telur_ayam,25650
2023-02-21,3571,telur_ayam,25650
2023-02-22,3571,telur_ayam,25750
2023-02-23,3571,telur_ayam,25750
2023-02-24,3571,telur_ayam,25150
2023-02-27,3571,telur_ayam,25150
2023-02-28,3571,telur_ayam,25000
2023-03-01,3571,telur_ayam,25000
2023-03-02,3571,telur_ayam,25000
2023-03-03,3571,telur_ayam,24900
2023-03-06,3571,telur_ayam,25150
2023-03-07,3571,telur_ayam,25750
2023-03-08,3571,telur_ayam,26000
2023-03-09,3571,telur_ayam,26000
2023-03-10,3571,telur_ayam,26500
2023-03-13,3571,telur_ayam,26900
2023-03-14,3571,telur_ayam,27750
2023-03-15,3571,telur_ayam,28500
2023-03-16,3571,telur_ayam,28750
2023-03-17,3571,telur_ayam,29500
2023-03-20,3571,telur_ayam,29250
2023-03-21,3571,telur_ayam,29500
2023-03-22,3571,telur_ayam,29500
2023-03-23,3571,telur_ayam,29500
2023-03-24,3571,telur_ayam,29250
2023-03-27,3571,telur_ayam,28650
2023-03-28,3571,telur_ayam,28500
2023-03-29,3571,telur_ayam,28500
2023-03-30,3571,telur_ayam,28400
2023-03-31,3571,telur_ayam,28250
2023-04-03,3571,telur_ayam,27900
2023-04-04,3571,telur_ayam,27000
2023-04-05,3571,telur_ayam,27000
2023-04-06,3571,telur_ayam,26650
2023-04-07,3571,telur_ayam,26650
2023-04-10,3571,telur_ayam,26000
2023-04-11,3571,telur_ayam,25750
2023-04-12,3571,telur_ayam,25900
2023-04-13,3571,telur_ayam,25900
2023-04-14,3571,telur_ayam,25900
2023-04-17,3571,telur_ayam,25150
2023-04-18,3571,telur_ayam,25900
2023-04-19,3571,telur_ayam,25900
2023-04-20,3571,telur_ayam,25900
2023-04-21,3571,telur_ayam,25900
2023-04-24,3571,telur_ayam,25900
2023-04-25,3571,telur_ayam,25900
2023-04-26,3571,telur_ayam,26400
2023-04-27,3571,telur_ayam,26000
2023-04-28,3571,telur_ayam,25900
2023-05-01,3571,telur_ayam,25900
2023-05-02,3571,telur_ayam,26250
2023-05-03,3571,telur_ayam,26750
2023-05-04,3571,telur_ayam,28150
2023-05-05,3571,telur_ayam,28750
2023-05-08,3571,telur_ayam,28400
2023-05-09,3571,telur_ayam,28500
2023-05-10,3571,telur_ayam,28650
2023-05-11,3571,telur_ayam,28900
2023-05-12,3571,telur_ayam,29650
2023-05-15,3571,telur_ayam,31400
2023-05-16,3571,telur_ayam,31400
2023-05-17,3571,telur_ayam,31150
2023-05-18,3571,telur_ayam,31150
2023-05-19,3571,telur_ayam,30750
2023-05-22,3571,telur_ayam,31000
2023-05-23,3571,telur_ayam,30750
2023-05-24,3571,telur_ayam,30750
2023-05-25,3571,telur_ayam,30750
2023-05-26,3571,telur_ayam,30500
2023-05-29,3571,telur_ayam,30500
2023-05-30,3571,telur_ayam,30400
2023-05-31,3571,telur_ayam,30400
2023-06-01,3571,telur_ayam,30400
2023-06-02,3571,telur_ayam,30400
2023-06-05,3571,telur_ayam,29400
2023-06-06,3571,telur_ayam,29400
2023-06-07,3571,telur_ayam,29250
2023-06-08,3571,telur_ayam,29650
2023-06-09,3571,telur_ayam,29650
2023-06-12,3571,telur_ayam,29400
2023-06-13,3571,telur_ayam,29150
2023-06-14,3571,telur_ayam,29150
2023-06-15,3571,telur_ayam,29250
2023-06-16,3571,telur_ayam,29250
2023-06-19,3571,telur_ayam,28900
2023-06-20,3571,telur_ayam,28900
2023-06-21,3571,telur_ayam,29000
2023-06-22,3571,telur_ayam,29150
2023-06-23,3571,telur_ayam,29150
2023-06-26,3571,telur_ayam,29750
2023-06-27,3571,telur_ayam,29650
2023-06-28,3571,telur_ayam,29650
2023-06-29,3571,telur_ayam,29650
2023-06-30,3571,telur_ayam,29650
2023-07-03,3571,telur_ayam,29500
2023-07-04,3571,telur_ayam,30250
2023-07-05,3571,telur_ayam,30250
2023-07-06,3571,telur_ayam,30250
2023-07-07,3571,telur_ayam,30150
2023-07-10,3571,telur_ayam,30250
2023-07-11,3571,telur_ayam,30250
2023-07-12,3571,telur_ayam,30150
2023-07-13,3571,telur_ayam,30000
2023-07-14,3571,telur_ayam,30250
2023-07-17,3571,telur_ayam,30500
2023-07-18,3571,telur_ayam,30400
2023-07-19,3571,telur_ayam,30400
2023-07-20,3571,telur_ayam,30400
2023-07-21,3571,telur_ayam,30650
2023-07-24,3571,telur_ayam,30650
2023-07-25,3571,telur_ayam,30650
2023-07-26,3571,telur_ayam,30650
2023-07-27,3571,telur_ayam,30650
2023-07-28,3571,telur_ayam,30650
2023-07-31,3571,telur_ayam,30500
2023-08-01,3571,telur_ayam,30500
2023-08-02,3571,telur_ayam,30650
2023-08-03,3571,telur_ayam,29900
2023-08-04,3571,telur_ayam,29900
2023-08-07,3571,telur_ayam,29900
2023-08-08,3571,telur_ayam,29900
2023-08-09,3571,telur_ayam,29750
2023-08-10,3571,telur_ayam,29250
2023-08-11,3571,telur_ayam,28900
2023-08-14,3571,telur_ayam,28650
2023-08-15,3571,telur_ayam,28500
2023-08-16,3571,telur_ayam,28400
2023-08-17,3571,telur_ayam,28400
2023-08-18,3571,telur_ayam,28400
2023-08-21,3571,telur_ayam,27000
2023-08-22,3571,telur_ayam,26750
2023-08-23,3571,telur_ayam,27000
2023-08-24,3571,telur_ayam,26750
2023-08-25,3571,telur_ayam,26500
2023-08-28,3571,telur_ayam,26250
2023-08-29,3571,telur_ayam,25750
2023-08-30,3571,telur_ayam,25000
2023-08-31,3571,telur_ayam,24750
2023-09-01,3571,telur_ayam,24150
2023-09-04,3571,telur_ayam,24900
2023-09-05,3571,telur_ayam,25500
2023-09-06,3571,telur_ayam,26000
2023-09-07,3571,telur_ayam,26000
2023-09-08,3571,telur_ayam,26400
2023-09-11,3571,telur_ayam,26150
2023-09-12,3571,telur_ayam,25900
2023-09-13,3571,telur_ayam,25750
2023-09-14,3571,telur_ayam,25750
2023-09-15,3571,telur_ayam,25400
2023-09-18,3571,telur_ayam,25000
2023-09-19,3571,telur_ayam,25000
2023-09-20,3571,telur_ayam,25000
2023-09-21,3571,telur_ayam,25000
2023-09-22,3571,telur_ayam,25000
2023-09-25,3571,telur_ayam,25000
2023-09-26,3571,telur_ayam,24000
2023-09-27,3571,telur_ayam,24000
2023-09-28,3571,telur_ayam,24000
2023-09-29,3571,telur_ayam,24000
2023-10-02,3571,telur_ayam,24650
2023-10-03,3571,telur_ayam,24900
2023-10-04,3571,telur_ayam,24750
2023-10-05,3571,telur_ayam,24750
2023-10-06,3571,telur_ayam,25000
2023-10-09,3571,telur_ayam,25000
2023-10-10,3571,telur_ayam,24750
2023-10-11,3571,telur_ayam,24750
2023-10-12,3571,telur_ayam,24750
2023-10-13,3571,telur_ayam,24750
2023-10-16,3571,telur_ayam,24500
2023-10-17,3571,telur_ayam,24750
2023-10-18,3571,telur_ayam,24750
2023-10-19,3571,telur_ayam,24500
2023-10-20,3571,telur_ayam,24750
2023-10-23,3571,telur_ayam,24750
2023-10-24,3571,telur_ayam,24500
2023-10-25,3571,telur_ayam,24500
2023-10-26,3571,telur_ayam,24500
2023-10-27,3571,telur_ayam,24500
2023-10-30,3571,telur_ayam,24400
2023-10-31,3571,telur_ayam,24250
2023-11-01,3571,telur_ayam,24150
2023-11-02,3571,telur_ayam,24150
2023-11-03,3571,telur_ayam,24250
2023-11-06,3571,telur_ayam,25650
2023-11-07,3571,telur_ayam,26150
2023-11-08,3571,telur_ayam,26500
2023-11-09,3571,telur_ayam,26500
2023-11-10,3571,telur_ayam,26650
2023-11-13,3571,telur_ayam,26650
2023-11-14,3571,telur_ayam,26650
2023-11-15,3571,telur_ayam,26650
2023-11-16,3571,telur_ayam,26650
2023-11-17,3571,telur_ayam,26750
2023-11-20,3571,telur_ayam,26750
2023-11-21,3571,telur_ayam,26750
2023-11-22,3571,telur_ayam,26750
2023-11-23,3571,telur_ayam,26750
2023-11-24,3571,telur_ayam,26750
2023-11-27,3571,telur_ayam,26750
2023-11-28,3571,telur_ayam,26500
2023-11-29,3571,telur_ayam,26150
2023-11-30,3571,telur_ayam,26150
2023-12-01,3571,telur_ayam,26500
2023-12-04,3571,telur_ayam,26500
2023-12-05,3571,telur_ayam,26500
2023-12-06,3571,telur_ayam,26400
2023-12-07,3571,telur_ayam,26400
2023-12-08,3571,telur_ayam,26400
2023-12-11,3571,telur_ayam,26400
2023-12-12,3571,telur_ayam,26400
2023-12-13,3571,telur_ayam,26250
2023-12-14,3571,telur_ayam,26250
2023-12-15,3571,telur_ayam,26250
2023-12-18,3571,telur_ayam,25900
2023-12-19,3571,telur_ayam,25900
2023-12-20,3571,telur_ayam,25900
2023-12-21,3571,telur_ayam,25900
2023-12-22,3571,telur_ayam,25500
2023-12-25,3571,telur_ayam,25500
2023-12-26,3571,telur_ayam,25500
2023-12-27,3571,telur_ayam,25500
2023-12-28,3571,telur_ayam,25400
2023-12-29,3571,telur_ayam,25400
2024-01-01,3571,telur_ayam,25400
2024-01-02,3571,telur_ayam,25400
2024-01-03,3571,telur_ayam,25250
2024-01-04,3571,telur_ayam,25150
2024-01-05,3571,telur_ayam,25000
2024-01-08,3571,telur_ayam,24750
2024-01-09,3571,telur_ayam,24750
2024-01-10,3571,telur_ayam,24400
2024-01-11,3571,telur_ayam,24400
2024-01-12,3571,telur_ayam,24400
2024-01-15,3571,telur_ayam,24400
2024-01-16,3571,telur_ayam,24250
2024-01-17,3571,telur_ayam,25000
2024-01-18,3571,telur_ayam,25250
2024-01-19,3571,telur_ayam,25900
2024-01-22,3571,telur_ayam,25750
2024-01-23,3571,telur_ayam,25900
2024-01-24,3571,telur_ayam,26150
2024-01-25,3571,telur_ayam,26000
2024-01-26,3571,telur_ayam,25900
2024-01-29,3571,telur_ayam,25650
2024-01-30,3571,telur_ayam,25500
2024-01-31,3571,telur_ayam,25500
2024-02-01,3571,telur_ayam,25500
2024-02-02,3571,telur_ayam,25500
2024-02-05,3571,telur_ayam,25650
2024-02-06,3571,telur_ayam,25900
2024-02-07,3571,telur_ayam,26400
2024-02-08,3571,telur_ayam,26400
2024-02-09,3571,telur_ayam,26400
2024-02-12,3571,telur_ayam,26750
2024-02-13,3571,telur_ayam,27250
2024-02-14,3571,telur_ayam,27250
2024-02-15,3571,telur_ayam,27400
2024-02-16,3571,telur_ayam,27750
2024-02-19,3571,telur_ayam,27900
2024-02-20,3571,telur_ayam,27900
2024-02-21,3571,telur_ayam,28150
2024-02-22,3571,telur_ayam,28250
2024-02-23,3571,telur_ayam,28750
2024-02-26,3571,telur_ayam,30150
2024-02-27,3571,telur_ayam,30150
2024-02-28,3571,telur_ayam,30250
2024-02-29,3571,telur_ayam,30250
2024-03-01,3571,telur_ayam,29900
2024-03-04,3571,telur_ayam,30000
2024-03-05,3571,telur_ayam,30000
2024-03-06,3571,telur_ayam,30000
2024-03-07,3571,telur_ayam,29900
2024-03-08,3571,telur_ayam,30000
2024-03-11,3571,telur_ayam,30000
2024-03-12,3571,telur_ayam,30000
2024-03-13,3571,telur_ayam,30400
2024-03-14,3571,telur_ayam,30650
2024-03-15,3571,telur_ayam,30750
2024-03-18,3571,telur_ayam,30900
2024-03-19,3571,telur_ayam,30500
2024-03-20,3571,telur_ayam,30500
2024-03-21,3571,telur_ayam,30400
2024-03-22,3571,telur_ayam,30000
2024-03-25,3571,telur_ayam,28900
2024-03-26,3571,telur_ayam,28250
2024-03-27,3571,telur_ayam,27650
2024-03-28,3571,telur_ayam,27500
2024-03-29,3571,telur_ayam,27500
2024-04-01,3571,telur_ayam,26500
2024-04-02,3571,telur_ayam,26400
2024-04-03,3571,telur_ayam,26250
2024-04-04,3571,telur_ayam,25750
2024-04-05,3571,telur_ayam,25500
2024-04-08,3571,telur_ayam,25500
2024-04-09,3571,telur_ayam,25500
2024-04-10,3571,telur_ayam,25500
2024-04-11,3571,telur_ayam,25500
2024-04-12,3571,telur_ayam,25500
2024-04-15,3571,telur_ayam,25500
2024-04-16,3571,telur_ayam,25500
2024-04-17,3571,telur_ayam,26150
2024-04-18,3571,telur_ayam,26400
2024-04-19,3571,telur_ayam,26500
2024-04-22,3571,telur_ayam,26500
2024-04-23,3571,telur_ayam,26750
2024-04-24,3571,telur_ayam,26750
2024-04-25,3571,telur_ayam,26650
2024-04-26,3571,telur_ayam,26650
2024-04-29,3571,telur_ayam,27000
2024-04-30,3571,telur_ayam,27900
2024-05-01,3571,telur_ayam,27900
2024-05-02,3571,telur_ayam,28650
2024-05-03,3571,telur_ayam,28750
2024-05-06,3571,telur_ayam,28750
2024-05-07,3571,telur_ayam,28650
2024-05-08,3571,telur_ayam,28650
2024-05-09,3571,telur_ayam,28650
2024-05-10,3571,telur_ayam,28650
2024-05-13,3571,telur_ayam,28400
2024-05-14,3571,telur_ayam,28400
2024-05-15,3571,telur_ayam,28400
2024-05-16,3571,telur_ayam,28400
2024-05-17,3571,telur_ayam,28400
2024-05-20,3571,telur_ayam,28400
2024-05-21,3571,telur_ayam,28400
2024-05-22,3571,telur_ayam,28250
2024-05-23,3571,telur_ayam,28250
2024-05-24,3571,telur_ayam,28250
2024-05-27,3571,telur_ayam,28000
2024-05-28,3571,telur_ayam,28000
2024-05-29,3571,telur_ayam,27750
2024-05-30,3571,telur_ayam,27250
2024-05-31,3571,telur_ayam,27250
2024-06-03,3571,telur_ayam,27250
2024-06-04,3571,telur_ayam,27000
2024-06-05,3571,telur_ayam,27150
2024-06-06,3571,telur_ayam,27150
2024-06-07,3571,telur_ayam,26900
2024-06-10,3571,telur_ayam,26400
2024-06-11,3571,telur_ayam,26500
2024-06-12,3571,telur_ayam,26650
2024-06-13,3571,telur_ayam,26650
2024-06-14,3571,telur_ayam,26650
2024-06-17,3571,telur_ayam,26650
2024-06-18,3571,telur_ayam,26650
2024-06-19,3571,telur_ayam,26500
2024-06-20,3571,telur_ayam,26250
2024-06-21,3571,telur_ayam,26250
2024-06-24,3571,telur_ayam,26150
2024-06-25,3571,telur_ayam,26250
2024-06-26,3571,telur_ayam,26500
2024-06-27,3571,telur_ayam,26500
2024-06-28,3571,telur_ayam,26400
2024-07-01,3571,telur_ayam,26400
2024-07-02,3571,telur_ayam,26150
2024-07-03,3571,telur_ayam,26150
2024-07-04,3571,telur_ayam,25900
2024-07-05,3571,telur_ayam,25750
2024-07-08,3571,telur_ayam,25650
2024-07-09,3571,telur_ayam,25650
2024-07-10,3571,telur_ayam,25900
2024-07-11,3571,telur_ayam,25900
2024-07-12,3571,telur_ayam,25900
2024-07-15,3571,telur_ayam,25900
2024-07-16,3571,telur_ayam,26150
2024-07-17,3571,telur_ayam,26150
2024-07-18,3571,telur_ayam,26500
2024-07-19,3571,telur_ayam,26500
2024-07-22,3571,telur_ayam,26400
2024-07-23,3571,telur_ayam,26250
2024-07-24,3571,telur_ayam,26500
2024-07-25,3571,telur_ayam,26500
2024-07-26,3571,telur_ayam,26250
2024-07-29,3571,telur_ayam,26150
2024-07-30,3571,telur_ayam,26250
2024-07-31,3571,telur_ayam,26250
2024-08-01,3571,telur_ayam,26250
2024-08-02,3571,telur_ayam,26500
2024-08-05,3571,telur_ayam,26250
2024-08-06,3571,telur_ayam,26150
2024-08-07,3571,telur_ayam,26000
2024-08-08,3571,telur_ayam,25900
2024-08-09,3571,telur_ayam,25900
2024-08-12,3571,telur_ayam,25900
2024-08-13,3571,telur_ayam,25400
2024-08-14,3571,telur_ayam,25400
2024-08-15,3571,telur_ayam,25000
2024-08-16,3571,telur_ayam,24900
2024-08-19,3571,telur_ayam,24750
2024-08-20,3571,telur_ayam,24650
2024-08-21,3571,telur_ayam,24500
2024-08-22,3571,telur_ayam,24500
2024-08-23,3571,telur_ayam,24500
2024-08-26,3571,telur_ayam,24500
2024-08-27,3571,telur_ayam,24500
2024-08-28,3571,telur_ayam,24400
2024-08-29,3571,telur_ayam,24400
2024-08-30,3571,telur_ayam,24400
2024-09-02,3571,telur_ayam,24650
2024-09-03,3571,telur_ayam,24250
2024-09-04,3571,telur_ayam,24250
2024-09-05,3571,telur_ayam,24000
2024-09-06,3571,telur_ayam,23900
2024-09-09,3571,telur_ayam,24650
2024-09-10,3571,telur_ayam,24500
2024-09-11,3571,telur_ayam,24650
2024-09-12,3571,telur_ayam,24650
2024-09-13,3571,telur_ayam,24750
2024-09-16,3571,telur_ayam,24750
2024-09-17,3571,telur_ayam,24750
2024-09-18,3571,telur_ayam,24750
2024-09-19,3571,telur_ayam,24750
2024-09-20,3571,telur_ayam,24750
2024-09-23,3571,telur_ayam,25400
2024-09-24,3571,telur_ayam,25500
2024-09-25,3571,telur_ayam,25500
2024-09-26,3571,telur_ayam,25500
2024-09-27,3571,telur_ayam,25750
2024-09-30,3571,telur_ayam,25500
2024-10-01,3571,telur_ayam,25500
2024-10-02,3571,telur_ayam,25500
2024-10-03,3571,telur_ayam,25400
2024-10-04,3571,telur_ayam,25400
2024-10-07,3571,telur_ayam,25400
2024-10-08,3571,telur_ayam,25250
2024-10-09,3571,telur_ayam,25250
2024-10-10,3571,telur_ayam,25250
2024-10-11,3571,telur_ayam,25250
2024-10-14,3571,telur_ayam,25250
2024-10-15,3571,telur_ayam,25250
2024-10-16,3571,telur_ayam,25250
2024-10-17,3571,telur_ayam,25250
2024-10-18,3571,telur_ayam,25400
2024-10-21,3571,telur_ayam,25250
2024-10-22,3571,telur_ayam,25250
2024-10-23,3571,telur_ayam,25250
2024-10-24,3571,telur_ayam,25250
2024-10-25,3571,telur_ayam,25250
2024-10-28,3571,telur_ayam,25400
2024-10-29,3571,telur_ayam,25400
2024-10-30,3571,telur_ayam,25400
2024-10-31,3571,telur_ayam,25400
2024-11-01,3571,telur_ayam,25250
2024-11-04,3571,telur_ayam,25250
2024-11-05,3571,telur_ayam,25250
2024-11-06,3571,telur_ayam,25250
2024-11-07,3571,telur_ayam,25150
2024-11-08,3571,telur_ayam,25150
2024-11-11,3571,telur_ayam,25150
2024-11-12,3571,telur_ayam,25150
2024-11-13,3571,telur_ayam,25400
2024-11-14,3571,telur_ayam,25400
2024-11-15,3571,telur_ayam,25400
2024-11-18,3571,telur_ayam,25400
2024-11-19,3571,telur_ayam,25400
2024-11-20,3571,telur_ayam,25400
2024-11-21,3571,telur_ayam,25250
2024-11-22,3571,telur_ayam,25250
2024-11-25,3571,telur_ayam,25150
2024-11-26,3571,telur_ayam,25150
2024-11-27,3571,telur_ayam,25150
2024-11-28,3571,telur_ayam,25150
2024-11-29,3571,telur_ayam,25150
2024-12-02,3571,telur_ayam,25150
2024-12-03,3571,telur_ayam,25150
2024-12-04,3571,telur_ayam,24900
2024-12-05,3571,telur_ayam,24900
2024-12-06,3571,telur_ayam,24900
2024-12-09,3571,telur_ayam,27250
2024-12-10,3571,telur_ayam,28150
2024-12-11,3571,telur_ayam,29150
2024-12-12,3571,telur_ayam,29250
2024-12-13,3571,telur_ayam,29250
2024-12-16,3571,telur_ayam,29500
2024-12-17,3571,telur_ayam,29500
2024-12-18,3571,telur_ayam,29500
2024-12-19,3571,telur_ayam,29500
2024-12-20,3571,telur_ayam,29500
2024-12-23,3571,telur_ayam,29500
2024-12-24,3571,telur_ayam,29500
2024-12-25,3571,telur_ayam,29500
2024-12-26,3571,telur_ayam,29500
2024-12-27,3571,telur_ayam,29500
2024-12-30,3571,telur_ayam,29400
2024-12-31,3571,telur_ayam,29400
2025-01-01,3571,telur_ayam,29400
2025-01-02,3571,telur_ayam,29400
2025-01-03,3571,telur_ayam,29150
2025-01-06,3571,telur_ayam,29150
2025-01-07,3571,telur_ayam,29000
2025-01-08,3571,telur_ayam,28500
2025-01-09,3571,telur_ayam,27500
2025-01-10,3571,telur_ayam,27000
2025-01-13,3571,telur_ayam,26500
2025-01-14,3571,telur_ayam,26750
2025-01-15,3571,telur_ayam,26750
2025-01-16,3571,telur_ayam,26250
2025-01-17,3571,telur_ayam,26250
2025-01-20,3571,telur_ayam,25900
2025-01-21,3571,telur_ayam,25400
2025-01-22,3571,telur_ayam,25000
2025-01-23,3571,telur_ayam,25000
2025-01-24,3571,telur_ayam,24650
2025-01-27,3571,telur_ayam,24650
2025-01-28,3571,telur_ayam,24650
2025-01-29,3571,telur_ayam,24650
2025-01-30,3571,telur_ayam,24750
2025-01-31,3571,telur_ayam,25500
2025-02-03,3571,telur_ayam,25900
2025-02-04,3571,telur_ayam,26000
2025-02-05,3571,telur_ayam,26000
2025-02-06,3571,telur_ayam,26000
2025-02-07,3571,telur_ayam,26250
2025-02-10,3571,telur_ayam,26400
2025-02-11,3571,telur_ayam,26400
2025-02-12,3571,telur_ayam,26650
2025-02-13,3571,telur_ayam,26650
2025-02-14,3571,telur_ayam,26650
2025-02-17,3571,telur_ayam,26650
2025-02-18,3571,telur_ayam,27150
2025-02-19,3571,telur_ayam,27400
2025-02-20,3571,telur_ayam,28000
2025-02-21,3571,telur_ayam,28150
2025-02-24,3571,telur_ayam,28500
2025-02-25,3571,telur_ayam,28500
2025-02-26,3571,telur_ayam,28400
2025-02-27,3571,telur_ayam,28150
2025-02-28,3571,telur_ayam,28150
2025-03-03,3571,telur_ayam,28150
2025-03-04,3571,telur_ayam,27750
2025-03-05,3571,telur_ayam,27750
2025-03-06,3571,telur_ayam,28150
2025-03-07,3571,telur_ayam,28150
2025-03-10,3571,telur_ayam,28150
2025-03-11,3571,telur_ayam,27750
2025-03-12,3571,telur_ayam,27500
2025-03-13,3571,telur_ayam,27150
2025-03-14,3571,telur_ayam,26900
2025-03-17,3571,telur_ayam,26400
2025-03-18,3571,telur_ayam,26400
2025-03-19,3571,telur_ayam,26150
2025-03-20,3571,telur_ayam,25500
2025-03-21,3571,telur_ayam,25250
2025-03-24,3571,telur_ayam,24750
2025-03-25,3571,telur_ayam,25000
2025-03-26,3571,telur_ayam,25000
2025-03-27,3571,telur_ayam,25000
2025-03-28,3571,telur_ayam,25000
2025-03-31,3571,telur_ayam,25000
2025-04-01,3571,telur_ayam,25000
2025-04-02,3571,telur_ayam,25000
2025-04-03,3571,telur_ayam,25000
2025-04-04,3571,telur_ayam,25000
2025-04-07,3571,telur_ayam,25000
2025-04-08,3571,telur_ayam,25400
2025-04-09,3571,telur_ayam,25650
2025-04-10,3571,telur_ayam,25650
2025-04-11,3571,telur_ayam,24900
2025-04-14,3571,telur_ayam,25000
2025-04-15,3571,telur_ayam,24900
2025-04-16,3571,telur_ayam,25000
2025-04-17,3571,telur_ayam,25000
2025-04-18,3571,telur_ayam,25000
2025-04-21,3571,telur_ayam,24250
2025-04-22,3571,telur_ayam,24250
2025-04-23,3571,telur_ayam,24250
2025-04-24,3571,telur_ayam,24500
2025-04-25,3571,telur_ayam,24500
2025-04-28,3571,telur_ayam,27000
2025-04-29,3571,telur_ayam,26900
2025-04-30,3571,telur_ayam,27000
2025-05-01,3571,telur_ayam,27000
2025-05-02,3571,telur_ayam,26750
2025-05-05,3571,telur_ayam,26250
2025-05-06,3571,telur_ayam,26000
2025-05-07,3571,telur_ayam,26000
2025-05-08,3571,telur_ayam,25900
2025-05-09,3571,telur_ayam,25900
2025-05-12,3571,telur_ayam,25900
2025-05-13,3571,telur_ayam,25900
2025-05-14,3571,telur_ayam,25650
2025-05-15,3571,telur_ayam,25900
2025-05-16,3571,telur_ayam,25900
2025-05-19,3571,telur_ayam,26000
2025-05-20,3571,telur_ayam,26000
2025-05-21,3571,telur_ayam,26000
2025-05-22,3571,telur_ayam,26000
2025-05-23,3571,telur_ayam,26000
2025-05-26,3571,telur_ayam,26000
2025-05-27,3571,telur_ayam,26000
2025-05-28,3571,telur_ayam,26000
2025-05-29,3571,telur_ayam,26000
2025-05-30,3571,telur_ayam,26000
2025-06-02,3571,telur_ayam,26400
2025-06-03,3571,telur_ayam,26500
2025-06-04,3571,telur_ayam,26500
2025-06-05,3571,telur_ayam,26500
2025-06-06,3571,telur_ayam,26500
2025-06-09,3571,telur_ayam,26500
2025-06-10,3571,telur_ayam,26250
2025-06-11,3571,telur_ayam,26250
2025-06-12,3571,telur_ayam,26250
2025-06-13,3571,telur_ayam,26400
2025-06-16,3571,telur_ayam,26650
2025-06-17,3571,telur_ayam,26750
2025-06-18,3571,telur_ayam,26750
2025-06-19,3571,telur_ayam,26500
2025-06-20,3571,telur_ayam,26500
2025-06-23,3571,telur_ayam,26400
2025-06-24,3571,telur_ayam,26250
2025-06-25,3571,telur_ayam,26250
2025-06-26,3571,telur_ayam,26250
2025-06-27,3571,telur_ayam,26250
2025-06-30,3571,telur_ayam,26250
2025-07-01,3571,telur_ayam,26250
2025-07-02,3571,telur_ayam,26250
2025-07-03,3571,telur_ayam,26250
2025-07-04,3571,telur_ayam,26500
2025-07-07,3571,telur_ayam,27000
2025-07-08,3571,telur_ayam,27000
2025-07-09,3571,telur_ayam,27000
2025-07-10,3571,telur_ayam,26750
2025-07-11,3571,telur_ayam,27000
2025-07-14,3571,telur_ayam,27150
2025-07-15,3571,telur_ayam,27000
2025-07-16,3571,telur_ayam,27400
2025-07-17,3571,telur_ayam,27400
2025-07-18,3571,telur_ayam,27400
2025-07-21,3571,telur_ayam,27400
2025-07-22,3571,telur_ayam,27400
2025-07-23,3571,telur_ayam,27400
2025-07-24,3571,telur_ayam,27400
2025-07-25,3571,telur_ayam,27150
2025-07-28,3571,telur_ayam,27150
2025-07-29,3571,telur_ayam,27150
2025-07-30,3571,telur_ayam,27400
2025-07-31,3571,telur_ayam,27250
2025-08-01,3571,telur_ayam,27400
2025-08-04,3571,telur_ayam,27400
2025-08-05,3571,telur_ayam,27150
2025-08-06,3571,telur_ayam,27150
2025-08-07,3571,telur_ayam,27000
2025-08-08,3571,telur_ayam,27000
2025-08-11,3571,telur_ayam,27000
2025-08-12,3571,telur_ayam,26750
2025-08-13,3571,telur_ayam,26650
2025-08-14,3571,telur_ayam,26400
2025-08-15,3571,telur_ayam,26400
2025-08-18,3571,telur_ayam,26400
2025-08-19,3571,telur_ayam,26250
2025-08-20,3571,telur_ayam,26400
2025-08-21,3571,telur_ayam,26150
2025-08-22,3571,telur_ayam,26150
2025-08-25,3571,telur_ayam,25900
2025-08-26,3571,telur_ayam,25500
2025-08-27,3571,telur_ayam,25400
2025-08-28,3571,telur_ayam,25250
2025-08-29,3571,telur_ayam,25250
2025-09-01,3571,telur_ayam,25250
2025-09-02,3571,telur_ayam,25250
2025-09-03,3571,telur_ayam,25250
2025-09-04,3571,telur_ayam,25250
2025-09-05,3571,telur_ayam,25250
2025-09-08,3571,telur_ayam,26250
2025-09-09,3571,telur_ayam,27150
2025-09-10,3571,telur_ayam,27000
2025-09-11,3571,telur_ayam,27150
2025-09-12,3571,telur_ayam,27150
2025-09-15,3571,telur_ayam,27500
2025-09-16,3571,telur_ayam,27500
2025-09-17,3571,telur_ayam,27500
2025-09-18,3571,telur_ayam,27500
2025-09-19,3571,telur_ayam,27650
2025-09-22,3571,telur_ayam,27650
2025-09-23,3571,telur_ayam,27500
2025-09-24,3571,telur_ayam,27500
2025-09-25,3571,telur_ayam,27500
2025-09-26,3571,telur_ayam,27500
2025-09-29,3571,telur_ayam,27500
2025-09-30,3571,telur_ayam,27750
2025-10-01,3571,telur_ayam,27750
2025-10-02,3571,telur_ayam,27750
2025-10-03,3571,telur_ayam,27750
2025-10-06,3571,telur_ayam,28150
2025-10-07,3571,telur_ayam,28400
2025-10-08,3571,telur_ayam,29150
2025-10-09,3571,telur_ayam,29150
2025-10-10,3571,telur_ayam,29250
2025-10-13,3571,telur_ayam,29400
2025-10-14,3571,telur_ayam,29400
2025-10-15,3571,telur_ayam,29400
2025-10-16,3571,telur_ayam,29650
2025-10-17,3571,telur_ayam,29650
2025-10-20,3571,telur_ayam,29650
2025-10-21,3571,telur_ayam,29650
2025-10-22,3571,telur_ayam,29500
2025-10-23,3571,telur_ayam,29500
2025-10-24,3571,telur_ayam,29500
2025-10-27,3571,telur_ayam,28900
2025-10-28,3571,telur_ayam,28750
2025-10-29,3571,telur_ayam,28750
2025-10-30,3571,telur_ayam,28750
2025-10-31,3571,telur_ayam,28250
2025-11-03,3571,telur_ayam,28150
2025-11-04,3571,telur_ayam,28000
2025-11-05,3571,telur_ayam,28150
2025-11-06,3571,telur_ayam,28150
2025-11-07,3571,telur_ayam,28000
2025-11-10,3571,telur_ayam,28150
2025-11-11,3571,telur_ayam,27900
2025-11-12,3571,telur_ayam,28000
2025-11-13,3571,telur_ayam,27900
2025-11-14,3571,telur_ayam,27650
2025-11-17,3571,telur_ayam,27900
2025-11-18,3571,telur_ayam,28000
2025-11-19,3571,telur_ayam,28250
2025-11-20,3571,telur_ayam,28250
2025-11-21,3571,telur_ayam,28250
2025-11-24,3571,telur_ayam,28000
2025-11-25,3571,telur_ayam,28000
2025-11-26,3571,telur_ayam,28250
2025-11-27,3571,telur_ayam,28250
2025-11-28,3571,telur_ayam,28400
2025-12-01,3571,telur_ayam,27900
2025-12-02,3571,telur_ayam,27750
2025-12-03,3571,telur_ayam,27750
2025-12-04,3571,telur_ayam,27750
2025-12-05,3571,telur_ayam,27750
2025-12-08,3571,telur_ayam,28500
2025-12-09,3571,telur_ayam,29000
2025-12-10,3571,telur_ayam,29000
2025-12-11,3571,telur_ayam,29500
2025-12-12,3571,telur_ayam,29650
2025-12-15,3571,telur_ayam,29750
2025-12-16,3571,telur_ayam,29650
2025-12-17,3571,telur_ayam,29650
2025-12-18,3571,telur_ayam,29750
2025-12-19,3571,telur_ayam,29500
2025-12-22,3571,telur_ayam,29250
2025-12-23,3571,telur_ayam,28900
2025-12-24,3571,telur_ayam,28900
2025-12-25,3571,telur_ayam,28900
2025-12-26,3571,telur_ayam,28900
2025-12-29,3571,telur_ayam,28500
2025-12-30,3571,telur_ayam,28400
2025-12-31,3571,telur_ayam,28250
2021-01-04,3573,telur_ayam,23250
2021-01-05,3573,telur_ayam,23500
2021-01-06,3573,telur_ayam,23250
2021-01-07,3573,telur_ayam,22900
2021-01-08,3573,telur_ayam,22900
2021-01-11,3573,telur_ayam,22000
2021-01-12,3573,telur_ayam,21750
2021-01-13,3573,telur_ayam,21000
2021-01-14,3573,telur_ayam,21500
2021-01-15,3573,telur_ayam,21250
2021-01-18,3573,telur_ayam,21250
2021-01-19,3573,telur_ayam,20750
2021-01-20,3573,telur_ayam,20750
2021-01-21,3573,telur_ayam,21000
2021-01-22,3573,telur_ayam,21000
2021-01-25,3573,telur_ayam,20250
2021-01-26,3573,telur_ayam,20000
2021-01-27,3573,telur_ayam,20000
2021-01-28,3573,telur_ayam,19900
2021-01-29,3573,telur_ayam,19900
2021-02-01,3573,telur_ayam,20000
2021-02-02,3573,telur_ayam,20250
2021-02-03,3573,telur_ayam,21000
2021-02-04,3573,telur_ayam,21150
2021-02-05,3573,telur_ayam,22250
2021-02-08,3573,telur_ayam,23150
2021-02-09,3573,telur_ayam,23150
2021-02-10,3573,telur_ayam,22650
2021-02-11,3573,telur_ayam,23000
2021-02-15,3573,telur_ayam,24000
2021-02-16,3573,telur_ayam,24000
2021-02-17,3573,telur_ayam,24000
2021-02-18,3573,telur_ayam,23500
2021-02-19,3573,telur_ayam,23400
2021-02-22,3573,telur_ayam,22500
2021-02-23,3573,telur_ayam,22900
2021-02-24,3573,telur_ayam,22900
2021-02-25,3573,telur_ayam,22900
2021-02-26,3573,telur_ayam,22500
2021-03-01,3573,telur_ayam,22500
2021-03-02,3573,telur_ayam,22000
2021-03-03,3573,telur_ayam,23150
2021-03-04,3573,telur_ayam,23250
2021-03-05,3573,telur_ayam,23500
2021-03-08,3573,telur_ayam,23000
2021-03-09,3573,telur_ayam,22500
2021-03-10,3573,telur_ayam,22500
2021-03-12,3573,telur_ayam,22500
2021-03-15,3573,telur_ayam,22000
2021-03-16,3573,telur_ayam,21500
2021-03-17,3573,telur_ayam,21500
2021-03-18,3573,telur_ayam,21900
2021-03-19,3573,telur_ayam,21500
2021-03-22,3573,telur_ayam,21500
2021-03-23,3573,telur_ayam,21250
2021-03-24,3573,telur_ayam,20500
2021-03-25,3573,telur_ayam,20500
2021-03-26,3573,telur_ayam,20500
2021-03-29,3573,telur_ayam,20250
2021-03-30,3573,telur_ayam,19750
2021-03-31,3573,telur_ayam,20000
2021-04-01,3573,telur_ayam,20750
2021-04-05,3573,telur_ayam,21000
2021-04-06,3573,telur_ayam,22250
2021-04-07,3573,telur_ayam,23500
2021-04-08,3573,telur_ayam,23900
2021-04-09,3573,telur_ayam,23900
2021-04-12,3573,telur_ayam,24250
2021-04-13,3573,telur_ayam,24250
2021-04-14,3573,telur_ayam,24250
2021-04-15,3573,telur_ayam,24400
2021-04-16,3573,telur_ayam,24000
2021-04-19,3573,telur_ayam,24000
2021-04-20,3573,telur_ayam,24000
2021-04-21,3573,telur_ayam,23500
2021-04-22,3573,telur_ayam,23500
2021-04-23,3573,telur_ayam,22250
2021-04-26,3573,telur_ayam,22000
2021-04-27,3573,telur_ayam,22150
2021-04-28,3573,telur_ayam,22150
2021-04-29,3573,telur_ayam,21500
2021-04-30,3573,telur_ayam,21250
2021-05-03,3573,telur_ayam,21500
2021-05-04,3573,telur_ayam,21500
2021-05-05,3573,telur_ayam,21500
2021-05-06,3573,telur_ayam,20750
2021-05-07,3573,telur_ayam,20500
2021-05-10,3573,telur_ayam,21250
2021-05-11,3573,telur_ayam,21000
2021-05-17,3573,telur_ayam,21500
2021-05-18,3573,telur_ayam,21900
2021-05-19,3573,telur_ayam,22400
2021-05-20,3573,telur_ayam,22400
2021-05-21,3573,telur_ayam,22400
2021-05-24,3573,telur_ayam,22250
2021-05-25,3573,telur_ayam,22250
2021-05-27,3573,telur_ayam,22000
2021-05-28,3573,telur_ayam,22900
2021-05-31,3573,telur_ayam,23900
2021-06-02,3573,telur_ayam,23900
2021-06-03,3573,telur_ayam,23900
2021-06-04,3573,telur_ayam,23900
2021-06-07,3573,telur_ayam,23900
2021-06-08,3573,telur_ayam,23900
2021-06-09,3573,telur_ayam,23900
2021-06-10,3573,telur_ayam,23900
2021-06-11,3573,telur_ayam,23500
2021-06-14,3573,telur_ayam,23000
2021-06-15,3573,telur_ayam,23000
2021-06-16,3573,telur_ayam,23150
2021-06-17,3573,telur_ayam,22750
2021-06-18,3573,telur_ayam,22400
2021-06-21,3573,telur_ayam,22150
2021-06-22,3573,telur_ayam,21750
2021-06-23,3573,telur_ayam,21750
2021-06-24,3573,telur_ayam,21500
2021-06-25,3573,telur_ayam,21500
2021-06-28,3573,telur_ayam,21500
2021-06-29,3573,telur_ayam,21500
2021-06-30,3573,telur_ayam,21500
2021-07-01,3573,telur_ayam,21500
2021-07-02,3573,telur_ayam,21500
2021-07-05,3573,telur_ayam,21000
2021-07-06,3573,telur_ayam,20000
2021-07-07,3573,telur_ayam,20000
2021-07-08,3573,telur_ayam,20150
2021-07-09,3573,telur_ayam,19900
2021-07-12,3573,telur_ayam,21150
2021-07-13,3573,telur_ayam,21150
2021-07-14,3573,telur_ayam,21150
2021-07-15,3573,telur_ayam,21900
2021-07-16,3573,telur_ayam,22000
2021-07-19,3573,telur_ayam,23250
2021-07-21,3573,telur_ayam,23000
2021-07-22,3573,telur_ayam,23000
2021-07-23,3573,telur_ayam,23000
2021-07-26,3573,telur_ayam,23500
2021-07-27,3573,telur_ayam,23500
2021-07-28,3573,telur_ayam,23000
2021-07-29,3573,telur_ayam,23000
2021-07-30,3573,telur_ayam,23000
2021-08-02,3573,telur_ayam,23000
2021-08-03,3573,telur_ayam,23000
2021-08-04,3573,telur_ayam,23000
2021-08-05,3573,telur_ayam,23000
2021-08-06,3573,telur_ayam,22500
2021-08-09,3573,telur_ayam,21750
2021-08-10,3573,telur_ayam,21750
2021-08-12,3573,telur_ayam,22000
2021-08-13,3573,telur_ayam,22000
2021-08-16,3573,telur_ayam,21750
2021-08-18,3573,telur_ayam,21000
2021-08-19,3573,telur_ayam,20500
2021-08-20,3573,telur_ayam,20500
2021-08-23,3573,telur_ayam,20000
2021-08-24,3573,telur_ayam,19900
2021-08-25,3573,telur_ayam,19750
2021-08-26,3573,telur_ayam,19750
2021-08-27,3573,telur_ayam,20000
2021-08-30,3573,telur_ayam,18900
2021-08-31,3573,telur_ayam,19500
2021-09-01,3573,telur_ayam,19000
2021-09-02,3573,telur_ayam,19000
2021-09-03,3573,telur_ayam,18500
2021-09-06,3573,telur_ayam,18250
2021-09-07,3573,telur_ayam,18750
2021-09-08,3573,telur_ayam,18750
2021-09-09,3573,telur_ayam,18500
2021-09-10,3573,telur_ayam,18500
2021-09-13,3573,telur_ayam,17900
2021-09-14,3573,telur_ayam,17900
2021-09-15,3573,telur_ayam,17500
2021-09-16,3573,telur_ayam,17500
2021-09-17,3573,telur_ayam,17750
2021-09-20,3573,telur_ayam,17750
2021-09-21,3573,telur_ayam,17500
2021-09-22,3573,telur_ayam,17500
2021-09-23,3573,telur_ayam,17500
2021-09-24,3573,telur_ayam,17500
2021-09-27,3573,telur_ayam,18500
2021-09-28,3573,telur_ayam,18650
2021-09-29,3573,telur_ayam,18750
2021-09-30,3573,telur_ayam,18500
2021-10-01,3573,telur_ayam,18500
2021-10-04,3573,telur_ayam,18000
2021-10-05,3573,telur_ayam,17750
2021-10-06,3573,telur_ayam,17750
2021-10-07,3573,telur_ayam,17750
2021-10-08,3573,telur_ayam,17000
2021-10-11,3573,telur_ayam,17000
2021-10-12,3573,telur_ayam,17250
2021-10-13,3573,telur_ayam,17750
2021-10-14,3573,telur_ayam,17750
2021-10-15,3573,telur_ayam,17650
2021-10-18,3573,telur_ayam,17650
2021-10-19,3573,telur_ayam,17150
2021-10-21,3573,telur_ayam,17000
2021-10-22,3573,telur_ayam,17000
2021-10-25,3573,telur_ayam,18650
2021-10-26,3573,telur_ayam,18900
2021-10-27,3573,telur_ayam,19500
2021-10-28,3573,telur_ayam,19250
2021-10-29,3573,telur_ayam,19000
2021-11-01,3573,telur_ayam,19500
2021-11-02,3573,telur_ayam,19750
2021-11-03,3573,telur_ayam,20000
2021-11-04,3573,telur_ayam,20500
2021-11-05,3573,telur_ayam,20500
2021-11-08,3573,telur_ayam,23500
2021-11-09,3573,telur_ayam,24000
2021-11-10,3573,telur_ayam,24250
2021-11-11,3573,telur_ayam,23900
2021-11-12,3573,telur_ayam,23750
2021-11-15,3573,telur_ayam,23500
2021-11-16,3573,telur_ayam,22750
2021-11-17,3573,telur_ayam,22750
2021-11-18,3573,telur_ayam,22750
2021-11-19,3573,telur_ayam,22500
2021-11-22,3573,telur_ayam,21750
2021-11-23,3573,telur_ayam,21750
2021-11-24,3573,telur_ayam,21750
2021-11-25,3573,telur_ayam,21500
2021-11-26,3573,telur_ayam,20500
2021-11-29,3573,telur_ayam,20500
2021-11-30,3573,telur_ayam,21000
2021-12-01,3573,telur_ayam,21000
2021-12-02,3573,telur_ayam,20000
2021-12-03,3573,telur_ayam,20000
2021-12-06,3573,telur_ayam,20000
2021-12-07,3573,telur_ayam,20000
2021-12-08,3573,telur_ayam,20000
2021-12-09,3573,telur_ayam,20000
2021-12-10,3573,telur_ayam,20250
2021-12-13,3573,telur_ayam,24000
2021-12-14,3573,telur_ayam,24750
2021-12-15,3573,telur_ayam,25500
2021-12-16,3573,telur_ayam,25400
2021-12-17,3573,telur_ayam,25400
2021-12-20,3573,telur_ayam,25000
2021-12-21,3573,telur_ayam,25000
2021-12-22,3573,telur_ayam,25250
2021-12-23,3573,telur_ayam,28150
2021-12-24,3573,telur_ayam,30000
2021-12-27,3573,telur_ayam,29250
2021-12-28,3573,telur_ayam,28500
2021-12-29,3573,telur_ayam,28250
2021-12-30,3573,telur_ayam,28000
2021-12-31,3573,telur_ayam,26250
2022-01-03,3573,telur_ayam,25000
2022-01-04,3573,telur_ayam,25500
2022-01-05,3573,telur_ayam,24000
2022-01-06,3573,telur_ayam,24500
2022-01-07,3573,telur_ayam,24250
2022-01-10,3573,telur_ayam,23250
2022-01-11,3573,telur_ayam,22750
2022-01-12,3573,telur_ayam,22150
2022-01-13,3573,telur_ayam,21500
2022-01-14,3573,telur_ayam,21500
2022-01-17,3573,telur_ayam,21400
2022-01-18,3573,telur_ayam,20900
2022-01-19,3573,telur_ayam,20900
2022-01-20,3573,telur_ayam,20400
2022-01-21,3573,telur_ayam,20750
2022-01-24,3573,telur_ayam,20750
2022-01-25,3573,telur_ayam,20750
2022-01-26,3573,telur_ayam,19500
2022-01-27,3573,telur_ayam,19500
2022-01-28,3573,telur_ayam,19500
2022-01-31,3573,telur_ayam,18900
2022-02-02,3573,telur_ayam,18750
2022-02-03,3573,telur_ayam,19000
2022-02-04,3573,telur_ayam,18750
2022-02-07,3573,telur_ayam,19000
2022-02-08,3573,telur_ayam,18500
2022-02-09,3573,telur_ayam,18500
2022-02-10,3573,telur_ayam,18250
2022-02-11,3573,telur_ayam,18500
2022-02-14,3573,telur_ayam,18500
2022-02-15,3573,telur_ayam,18500
2022-02-16,3573,telur_ayam,19000
2022-02-17,3573,telur_ayam,19000
2022-02-18,3573,telur_ayam,19750
2022-02-21,3573,telur_ayam,21000
2022-02-22,3573,telur_ayam,21000
2022-02-23,3573,telur_ayam,20500
2022-02-24,3573,telur_ayam,20500
2022-02-25,3573,telur_ayam,20500
2022-03-01,3573,telur_ayam,21000
2022-03-02,3573,telur_ayam,21000
2022-03-04,3573,telur_ayam,21500
2022-03-07,3573,telur_ayam,24000
2022-03-08,3573,telur_ayam,24000
2022-03-09,3573,telur_ayam,24000
2022-03-10,3573,telur_ayam,24000
2022-03-11,3573,telur_ayam,23500
2022-03-14,3573,telur_ayam,23500
2022-03-15,3573,telur_ayam,23500
2022-03-16,3573,telur_ayam,23000
2022-03-17,3573,telur_ayam,22500
2022-03-18,3573,telur_ayam,22500
2022-03-21,3573,telur_ayam,23000
2022-03-22,3573,telur_ayam,23000
2022-03-23,3573,telur_ayam,23000
2022-03-24,3573,telur_ayam,23000
2022-03-25,3573,telur_ayam,23000
2022-03-28,3573,telur_ayam,24250
2022-03-29,3573,telur_ayam,24500
2022-03-30,3573,telur_ayam,24500
2022-03-31,3573,telur_ayam,24500
2022-04-01,3573,telur_ayam,24500
2022-04-04,3573,telur_ayam,23500
2022-04-05,3573,telur_ayam,23500
2022-04-06,3573,telur_ayam,23500
2022-04-07,3573,telur_ayam,23650
2022-04-08,3573,telur_ayam,23650
2022-04-11,3573,telur_ayam,23500
2022-04-12,3573,telur_ayam,23500
2022-04-13,3573,telur_ayam,23000
2022-04-14,3573,telur_ayam,23000
2022-04-18,3573,telur_ayam,22750
2022-04-19,3573,telur_ayam,23250
2022-04-20,3573,telur_ayam,24750
2022-04-21,3573,telur_ayam,25000
2022-04-22,3573,telur_ayam,26000
2022-04-25,3573,telur_ayam,25000
2022-04-26,3573,telur_ayam,25000
2022-04-27,3573,telur_ayam,26000
2022-04-28,3573,telur_ayam,26500
2022-05-09,3573,telur_ayam,25000
2022-05-10,3573,telur_ayam,25000
2022-05-11,3573,telur_ayam,25000
2022-05-12,3573,telur_ayam,25000
2022-05-13,3573,telur_ayam,25000
2022-05-17,3573,telur_ayam,25000
2022-05-18,3573,telur_ayam,26500
2022-05-19,3573,telur_ayam,27000
2022-05-20,3573,telur_ayam,27000
2022-05-23,3573,telur_ayam,26750
2022-05-24,3573,telur_ayam,26500
2022-05-25,3573,telur_ayam,27000
2022-05-27,3573,telur_ayam,27000
2022-05-30,3573,telur_ayam,27000
2022-05-31,3573,telur_ayam,27000
2022-06-02,3573,telur_ayam,27250
2022-06-03,3573,telur_ayam,27750
2022-06-06,3573,telur_ayam,27900
2022-06-07,3573,telur_ayam,27900
2022-06-08,3573,telur_ayam,27900
2022-06-09,3573,telur_ayam,27500
2022-06-10,3573,telur_ayam,27500
2022-06-13,3573,telur_ayam,27500
2022-06-14,3573,telur_ayam,27500
2022-06-15,3573,telur_ayam,27500
2022-06-16,3573,telur_ayam,27500
2022-06-17,3573,telur_ayam,27000
2022-06-20,3573,telur_ayam,26900
2022-06-21,3573,telur_ayam,27000
2022-06-22,3573,telur_ayam,26500
2022-06-23,3573,telur_ayam,26500
2022-06-24,3573,telur_ayam,26500
2022-06-27,3573,telur_ayam,26500
2022-06-28,3573,telur_ayam,26500
2022-06-29,3573,telur_ayam,26500
2022-06-30,3573,telur_ayam,26500
2022-07-01,3573,telur_ayam,26150
2022-07-04,3573,telur_ayam,25500
2022-07-05,3573,telur_ayam,25500
2022-07-06,3573,telur_ayam,26000
2022-07-07,3573,telur_ayam,26000
2022-07-08,3573,telur_ayam,26750
2022-07-11,3573,telur_ayam,27000
2022-07-12,3573,telur_ayam,27000
2022-07-13,3573,telur_ayam,27000
2022-07-14,3573,telur_ayam,27250
2022-07-15,3573,telur_ayam,27500
2022-07-18,3573,telur_ayam,27500
2022-07-19,3573,telur_ayam,27500
2022-07-20,3573,telur_ayam,27500
2022-07-21,3573,telur_ayam,27500
2022-07-22,3573,telur_ayam,27500
2022-07-25,3573,telur_ayam,26750
2022-07-26,3573,telur_ayam,26650
2022-07-27,3573,telur_ayam,26650
2022-07-28,3573,telur_ayam,27150
2022-07-29,3573,telur_ayam,26900
2022-08-01,3573,telur_ayam,27000
2022-08-02,3573,telur_ayam,26000
2022-08-03,3573,telur_ayam,26000
2022-08-04,3573,telur_ayam,26000
2022-08-05,3573,telur_ayam,26000
2022-08-08,3573,telur_ayam,25750
2022-08-09,3573,telur_ayam,25750
2022-08-10,3573,telur_ayam,27000
2022-08-11,3573,telur_ayam,27900
2022-08-12,3573,telur_ayam,29750
2022-08-15,3573,telur_ayam,29500
2022-08-16,3573,telur_ayam,29000
2022-08-18,3573,telur_ayam,29500
2022-08-19,3573,telur_ayam,29500
2022-08-22,3573,telur_ayam,29500
2022-08-23,3573,telur_ayam,29750
2022-08-24,3573,telur_ayam,30500
2022-08-25,3573,telur_ayam,30500
2022-08-26,3573,telur_ayam,30500
2022-08-29,3573,telur_ayam,28150
2022-08-30,3573,telur_ayam,28000
2022-08-31,3573,telur_ayam,28000
2022-09-01,3573,telur_ayam,28000
2022-09-02,3573,telur_ayam,28000
2022-09-05,3573,telur_ayam,26750
2022-09-06,3573,telur_ayam,26500
2022-09-07,3573,telur_ayam,26900
2022-09-08,3573,telur_ayam,27000
2022-09-09,3573,telur_ayam,27000
2022-09-12,3573,telur_ayam,26500
2022-09-13,3573,telur_ayam,26500
2022-09-14,3573,telur_ayam,26500
2022-09-15,3573,telur_ayam,26500
2022-09-16,3573,telur_ayam,25250
2022-09-19,3573,telur_ayam,24500
2022-09-20,3573,telur_ayam,24500
2022-09-21,3573,telur_ayam,24500
2022-09-22,3573,telur_ayam,24500
2022-09-23,3573,telur_ayam,24500
2022-09-26,3573,telur_ayam,23000
2022-09-27,3573,telur_ayam,23000
2022-09-28,3573,telur_ayam,22250
2022-09-29,3573,telur_ayam,21750
2022-09-30,3573,telur_ayam,21900
2022-10-03,3573,telur_ayam,22000
2022-10-04,3573,telur_ayam,22000
2022-10-05,3573,telur_ayam,22000
2022-10-06,3573,telur_ayam,22000
2022-10-07,3573,telur_ayam,23000
2022-10-10,3573,telur_ayam,25500
2022-10-11,3573,telur_ayam,25500
2022-10-12,3573,telur_ayam,25000
2022-10-13,3573,telur_ayam,25000
2022-10-14,3573,telur_ayam,25000
2022-10-17,3573,telur_ayam,25500
2022-10-18,3573,telur_ayam,25500
2022-10-19,3573,telur_ayam,25500
2022-10-20,3573,telur_ayam,25500
2022-10-21,3573,telur_ayam,26000
2022-10-24,3573,telur_ayam,25500
2022-10-25,3573,telur_ayam,25500
2022-10-26,3573,telur_ayam,25500
2022-10-27,3573,telur_ayam,25500
2022-10-28,3573,telur_ayam,25500
2022-10-31,3573,telur_ayam,25500
2022-11-01,3573,telur_ayam,25500
2022-11-02,3573,telur_ayam,25500
2022-11-03,3573,telur_ayam,25500
2022-11-04,3573,telur_ayam,25500
2022-11-07,3573,telur_ayam,25500
2022-11-08,3573,telur_ayam,26000
2022-11-09,3573,telur_ayam,26000
2022-11-10,3573,telur_ayam,26000
2022-11-11,3573,telur_ayam,26750
2022-11-14,3573,telur_ayam,27000
2022-11-15,3573,telur_ayam,27250
2022-11-16,3573,telur_ayam,27250
2022-11-17,3573,telur_ayam,27000
2022-11-18,3573,telur_ayam,27000
2022-11-21,3573,telur_ayam,27000
2022-11-22,3573,telur_ayam,27500
2022-11-23,3573,telur_ayam,27750
2022-11-24,3573,telur_ayam,28400
2022-11-25,3573,telur_ayam,29500
2022-11-28,3573,telur_ayam,29500
2022-11-29,3573,telur_ayam,29500
2022-11-30,3573,telur_ayam,28750
2022-12-01,3573,telur_ayam,29000
2022-12-02,3573,telur_ayam,29500
2022-12-05,3573,telur_ayam,29750
2022-12-06,3573,telur_ayam,29750
2022-12-07,3573,telur_ayam,29750
2022-12-08,3573,telur_ayam,29750
2022-12-09,3573,telur_ayam,29500
2022-12-12,3573,telur_ayam,29500
2022-12-13,3573,telur_ayam,29500
2022-12-14,3573,telur_ayam,28750
2022-12-15,3573,telur_ayam,28500
2022-12-16,3573,telur_ayam,28000
2022-12-19,3573,telur_ayam,28250
2022-12-20,3573,telur_ayam,28000
2022-12-21,3573,telur_ayam,27500
2022-12-22,3573,telur_ayam,27500
2022-12-23,3573,telur_ayam,27750
2022-12-26,3573,telur_ayam,27500
2022-12-27,3573,telur_ayam,27500
2022-12-28,3573,telur_ayam,27500
2022-12-29,3573,telur_ayam,27500
2022-12-30,3573,telur_ayam,27500
2023-01-02,3573,telur_ayam,26500
2023-01-03,3573,telur_ayam,26500
2023-01-04,3573,telur_ayam,26750
2023-01-05,3573,telur_ayam,26750
2023-01-06,3573,telur_ayam,26750
2023-01-09,3573,telur_ayam,26250
2023-01-10,3573,telur_ayam,26750
2023-01-11,3573,telur_ayam,26750
2023-01-12,3573,telur_ayam,26250
2023-01-13,3573,telur_ayam,26250
2023-01-16,3573,telur_ayam,26250
2023-01-17,3573,telur_ayam,26750
2023-01-18,3573,telur_ayam,26750
2023-01-19,3573,telur_ayam,26500
2023-01-20,3573,telur_ayam,26500
2023-01-23,3573,telur_ayam,26500
2023-01-24,3573,telur_ayam,26500
2023-01-25,3573,telur_ayam,26500
2023-01-26,3573,telur_ayam,26500
2023-01-27,3573,telur_ayam,26500
2023-01-30,3573,telur_ayam,26000
2023-01-31,3573,telur_ayam,26000
2023-02-01,3573,telur_ayam,26000
2023-02-02,3573,telur_ayam,25750
2023-02-03,3573,telur_ayam,25500
2023-02-06,3573,telur_ayam,26000
2023-02-07,3573,telur_ayam,26150
2023-02-08,3573,telur_ayam,26650
2023-02-09,3573,telur_ayam,26500
2023-02-10,3573,telur_ayam,26500
2023-02-13,3573,telur_ayam,26500
2023-02-14,3573,telur_ayam,26500
2023-02-15,3573,telur_ayam,25750
2023-02-16,3573,telur_ayam,25750
2023-02-17,3573,telur_ayam,25500
2023-02-20,3573,telur_ayam,25750
2023-02-21,3573,telur_ayam,25750
2023-02-22,3573,telur_ayam,25750
2023-02-23,3573,telur_ayam,25750
2023-02-24,3573,telur_ayam,25750
2023-02-27,3573,telur_ayam,25750
2023-02-28,3573,telur_ayam,25750
2023-03-01,3573,telur_ayam,25650
2023-03-02,3573,telur_ayam,25500
2023-03-03,3573,telur_ayam,25500
2023-03-06,3573,telur_ayam,26000
2023-03-07,3573,telur_ayam,26000
2023-03-08,3573,telur_ayam,27000
2023-03-09,3573,telur_ayam,27500
2023-03-10,3573,telur_ayam,27500
2023-03-13,3573,telur_ayam,27500
2023-03-14,3573,telur_ayam,28000
2023-03-15,3573,telur_ayam,28500
2023-03-16,3573,telur_ayam,29000
2023-03-17,3573,telur_ayam,29000
2023-03-20,3573,telur_ayam,29000
2023-03-21,3573,telur_ayam,29500
2023-03-22,3573,telur_ayam,29500
2023-03-23,3573,telur_ayam,29500
2023-03-24,3573,telur_ayam,29150
2023-03-27,3573,telur_ayam,28900
2023-03-28,3573,telur_ayam,28650
2023-03-29,3573,telur_ayam,28650
2023-03-30,3573,telur_ayam,28400
2023-03-31,3573,telur_ayam,28400
2023-04-03,3573,telur_ayam,26500
2023-04-04,3573,telur_ayam,26500
2023-04-05,3573,telur_ayam,27000
2023-04-06,3573,telur_ayam,27000
2023-04-10,3573,telur_ayam,26000
2023-04-11,3573,telur_ayam,26000
2023-04-12,3573,telur_ayam,26000
2023-04-13,3573,telur_ayam,25500
2023-04-14,3573,telur_ayam,25500
2023-04-17,3573,telur_ayam,25500
2023-04-18,3573,telur_ayam,26250
2023-04-19,3573,telur_ayam,26250
2023-04-20,3573,telur_ayam,26250
2023-04-21,3573,telur_ayam,26250
2023-04-24,3573,telur_ayam,26250
2023-04-25,3573,telur_ayam,26250
2023-04-26,3573,telur_ayam,26500
2023-04-27,3573,telur_ayam,26500
2023-04-28,3573,telur_ayam,26500
2023-05-01,3573,telur_ayam,26500
2023-05-02,3573,telur_ayam,26250
2023-05-03,3573,telur_ayam,27000
2023-05-04,3573,telur_ayam,27750
2023-05-05,3573,telur_ayam,28500
2023-05-08,3573,telur_ayam,28500
2023-05-09,3573,telur_ayam,28500
2023-05-10,3573,telur_ayam,28500
2023-05-11,3573,telur_ayam,29000
2023-05-12,3573,telur_ayam,30000
2023-05-15,3573,telur_ayam,30500
2023-05-16,3573,telur_ayam,30000
2023-05-17,3573,telur_ayam,30000
2023-05-18,3573,telur_ayam,30000
2023-05-19,3573,telur_ayam,30500
2023-05-22,3573,telur_ayam,30500
2023-05-23,3573,telur_ayam,30750
2023-05-24,3573,telur_ayam,30750
2023-05-25,3573,telur_ayam,30750
2023-05-26,3573,telur_ayam,31000
2023-05-29,3573,telur_ayam,30500
2023-05-30,3573,telur_ayam,30000
2023-05-31,3573,telur_ayam,30000
2023-06-01,3573,telur_ayam,30000
2023-06-02,3573,telur_ayam,30000
2023-06-05,3573,telur_ayam,29500
2023-06-06,3573,telur_ayam,29650
2023-06-07,3573,telur_ayam,29650
2023-06-08,3573,telur_ayam,29500
2023-06-09,3573,telur_ayam,29500
2023-06-12,3573,telur_ayam,29500
2023-06-13,3573,telur_ayam,29500
2023-06-14,3573,telur_ayam,29500
2023-06-15,3573,telur_ayam,29150
2023-06-16,3573,telur_ayam,29150
2023-06-19,3573,telur_ayam,28650
2023-06-20,3573,telur_ayam,28650
2023-06-21,3573,telur_ayam,28650
2023-06-22,3573,telur_ayam,29500
2023-06-23,3573,telur_ayam,29500
2023-06-26,3573,telur_ayam,30000
2023-06-27,3573,telur_ayam,29500
2023-06-28,3573,telur_ayam,29500
2023-06-29,3573,telur_ayam,29500
2023-06-30,3573,telur_ayam,29500
2023-07-03,3573,telur_ayam,29900
2023-07-04,3573,telur_ayam,30500
2023-07-05,3573,telur_ayam,30500
2023-07-06,3573,telur_ayam,30500
2023-07-07,3573,telur_ayam,30500
2023-07-10,3573,telur_ayam,30500
2023-07-11,3573,telur_ayam,30500
2023-07-12,3573,telur_ayam,30500
2023-07-13,3573,telur_ayam,30400
2023-07-14,3573,telur_ayam,30400
2023-07-17,3573,telur_ayam,30400
2023-07-18,3573,telur_ayam,30400
2023-07-19,3573,telur_ayam,30400
2023-07-20,3573,telur_ayam,30400
2023-07-21,3573,telur_ayam,30400
2023-07-24,3573,telur_ayam,30500
2023-07-25,3573,telur_ayam,30500
2023-07-26,3573,telur_ayam,30500
2023-07-27,3573,telur_ayam,30500
2023-07-28,3573,telur_ayam,30500
2023-07-31,3573,telur_ayam,30000
2023-08-01,3573,telur_ayam,29900
2023-08-02,3573,telur_ayam,29900
2023-08-03,3573,telur_ayam,29900
2023-08-04,3573,telur_ayam,29650
2023-08-07,3573,telur_ayam,29650
2023-08-08,3573,telur_ayam,29900
2023-08-09,3573,telur_ayam,30150
2023-08-10,3573,telur_ayam,30000
2023-08-11,3573,telur_ayam,29500
2023-08-14,3573,telur_ayam,29000
2023-08-15,3573,telur_ayam,29000
2023-08-16,3573,telur_ayam,28250
2023-08-17,3573,telur_ayam,28250
2023-08-18,3573,telur_ayam,26750
2023-08-21,3573,telur_ayam,26750
2023-08-22,3573,telur_ayam,26500
2023-08-23,3573,telur_ayam,27000
2023-08-24,3573,telur_ayam,26900
2023-08-25,3573,telur_ayam,26750
2023-08-28,3573,telur_ayam,25400
2023-08-29,3573,telur_ayam,25400
2023-08-30,3573,telur_ayam,24500
2023-08-31,3573,telur_ayam,23400
2023-09-01,3573,telur_ayam,23400
2023-09-04,3573,telur_ayam,26650
2023-09-05,3573,telur_ayam,27000
2023-09-06,3573,telur_ayam,26500
2023-09-07,3573,telur_ayam,26250
2023-09-08,3573,telur_ayam,26250
2023-09-11,3573,telur_ayam,26500
2023-09-12,3573,telur_ayam,26250
2023-09-13,3573,telur_ayam,25750
2023-09-14,3573,telur_ayam,25750
2023-09-15,3573,telur_ayam,25750
2023-09-18,3573,telur_ayam,24750
2023-09-19,3573,telur_ayam,24500
2023-09-20,3573,telur_ayam,25000
2023-09-21,3573,telur_ayam,25000
2023-09-22,3573,telur_ayam,25000
2023-09-25,3573,telur_ayam,23900
2023-09-26,3573,telur_ayam,23500
2023-09-27,3573,telur_ayam,23500
2023-09-28,3573,telur_ayam,23500
2023-09-29,3573,telur_ayam,23500
2023-10-02,3573,telur_ayam,24400
2023-10-03,3573,telur_ayam,24500
2023-10-04,3573,telur_ayam,25000
2023-10-05,3573,telur_ayam,25000
2023-10-06,3573,telur_ayam,24500
2023-10-09,3573,telur_ayam,24500
2023-10-10,3573,telur_ayam,24500
2023-10-11,3573,telur_ayam,24500
2023-10-12,3573,telur_ayam,24500
2023-10-13,3573,telur_ayam,23900
2023-10-16,3573,telur_ayam,23900
2023-10-17,3573,telur_ayam,23900
2023-10-18,3573,telur_ayam,24500
2023-10-19,3573,telur_ayam,24750
2023-10-20,3573,telur_ayam,24500
2023-10-23,3573,telur_ayam,24400
2023-10-24,3573,telur_ayam,24400
2023-10-25,3573,telur_ayam,24500
2023-10-26,3573,telur_ayam,24500
2023-10-27,3573,telur_ayam,24500
2023-10-30,3573,telur_ayam,24500
2023-10-31,3573,telur_ayam,24500
2023-11-01,3573,telur_ayam,24500
2023-11-02,3573,telur_ayam,24500
2023-11-03,3573,telur_ayam,24500
2023-11-06,3573,telur_ayam,28650
2023-11-07,3573,telur_ayam,26400
2023-11-08,3573,telur_ayam,26900
2023-11-09,3573,telur_ayam,26750
2023-11-10,3573,telur_ayam,26900
2023-11-13,3573,telur_ayam,26900
2023-11-14,3573,telur_ayam,26900
2023-11-15,3573,telur_ayam,26900
2023-11-16,3573,telur_ayam,34400
2023-11-17,3573,telur_ayam,26750
2023-11-20,3573,telur_ayam,26500
2023-11-21,3573,telur_ayam,26500
2023-11-22,3573,telur_ayam,26500
2023-11-23,3573,telur_ayam,26400
2023-11-24,3573,telur_ayam,25900
2023-11-27,3573,telur_ayam,26250
2023-11-28,3573,telur_ayam,26500
2023-11-29,3573,telur_ayam,26400
2023-11-30,3573,telur_ayam,26500
2023-12-01,3573,telur_ayam,26500
2023-12-04,3573,telur_ayam,26400
2023-12-05,3573,telur_ayam,26400
2023-12-06,3573,telur_ayam,26400
2023-12-07,3573,telur_ayam,26400
2023-12-08,3573,telur_ayam,25900
2023-12-11,3573,telur_ayam,25900
2023-12-12,3573,telur_ayam,25900
2023-12-13,3573,telur_ayam,25900
2023-12-14,3573,telur_ayam,25900
2023-12-15,3573,telur_ayam,25900
2023-12-18,3573,telur_ayam,25900
2023-12-19,3573,telur_ayam,25900
2023-12-20,3573,telur_ayam,25500
2023-12-21,3573,telur_ayam,25500
2023-12-22,3573,telur_ayam,25500
2023-12-27,3573,telur_ayam,25750
2023-12-28,3573,telur_ayam,25750
2023-12-29,3573,telur_ayam,25750
2024-01-01,3573,telur_ayam,25750
2024-01-02,3573,telur_ayam,25000
2024-01-03,3573,telur_ayam,25000
2024-01-04,3573,telur_ayam,25000
2024-01-05,3573,telur_ayam,25000
2024-01-08,3573,telur_ayam,25000
2024-01-09,3573,telur_ayam,25000
2024-01-10,3573,telur_ayam,25000
2024-01-11,3573,telur_ayam,25000
2024-01-12,3573,telur_ayam,25000
2024-01-15,3573,telur_ayam,25000
2024-01-16,3573,telur_ayam,25000
2024-01-17,3573,telur_ayam,25250
2024-01-18,3573,telur_ayam,26750
2024-01-19,3573,telur_ayam,26750
2024-01-22,3573,telur_ayam,25750
2024-01-23,3573,telur_ayam,25500
2024-01-24,3573,telur_ayam,25500
2024-01-25,3573,telur_ayam,25500
2024-01-26,3573,telur_ayam,25500
2024-01-29,3573,telur_ayam,25500
2024-01-30,3573,telur_ayam,25500
2024-01-31,3573,telur_ayam,25500
2024-02-01,3573,telur_ayam,25500
2024-02-02,3573,telur_ayam,25500
2024-02-05,3573,telur_ayam,26500
2024-02-06,3573,telur_ayam,26500
2024-02-07,3573,telur_ayam,26500
2024-02-08,3573,telur_ayam,26500
2024-02-09,3573,telur_ayam,26500
2024-02-12,3573,telur_ayam,27000
2024-02-13,3573,telur_ayam,27500
2024-02-14,3573,telur_ayam,27500
2024-02-15,3573,telur_ayam,28250
2024-02-16,3573,telur_ayam,28250
2024-02-19,3573,telur_ayam,29000
2024-02-20,3573,telur_ayam,29000
2024-02-21,3573,telur_ayam,29000
2024-02-22,3573,telur_ayam,29000
2024-02-23,3573,telur_ayam,29500
2024-02-26,3573,telur_ayam,29750
2024-02-27,3573,telur_ayam,29750
2024-02-28,3573,telur_ayam,30000
2024-02-29,3573,telur_ayam,30000
2024-03-01,3573,telur_ayam,29500
2024-03-04,3573,telur_ayam,29750
2024-03-05,3573,telur_ayam,29750
2024-03-06,3573,telur_ayam,29750
2024-03-07,3573,telur_ayam,30500
2024-03-08,3573,telur_ayam,30500
2024-03-11,3573,telur_ayam,30500
2024-03-12,3573,telur_ayam,30500
2024-03-13,3573,telur_ayam,30500
2024-03-14,3573,telur_ayam,30500
2024-03-15,3573,telur_ayam,30500
2024-03-18,3573,telur_ayam,31400
2024-03-19,3573,telur_ayam,31400
2024-03-20,3573,telur_ayam,30500
2024-03-21,3573,telur_ayam,29900
2024-03-22,3573,telur_ayam,29900
2024-03-25,3573,telur_ayam,28000
2024-03-26,3573,telur_ayam,28000
2024-03-27,3573,telur_ayam,26500
2024-03-28,3573,telur_ayam,27000
2024-03-29,3573,telur_ayam,27000
2024-04-01,3573,telur_ayam,27150
2024-04-02,3573,telur_ayam,26750
2024-04-03,3573,telur_ayam,26500
2024-04-04,3573,telur_ayam,26250
2024-04-05,3573,telur_ayam,26500
2024-04-08,3573,telur_ayam,26500
2024-04-09,3573,telur_ayam,26500
2024-04-10,3573,telur_ayam,26500
2024-04-11,3573,telur_ayam,26500
2024-04-12,3573,telur_ayam,26500
2024-04-15,3573,telur_ayam,26500
2024-04-16,3573,telur_ayam,26750
2024-04-17,3573,telur_ayam,26900
2024-04-18,3573,telur_ayam,26900
2024-04-19,3573,telur_ayam,26650
2024-04-22,3573,telur_ayam,26400
2024-04-23,3573,telur_ayam,26150
2024-04-24,3573,telur_ayam,26150
2024-04-25,3573,telur_ayam,26250
2024-04-26,3573,telur_ayam,26000
2024-04-29,3573,telur_ayam,27500
2024-04-30,3573,telur_ayam,27900
2024-05-01,3573,telur_ayam,27900
2024-05-02,3573,telur_ayam,29000
2024-05-03,3573,telur_ayam,29000
2024-05-06,3573,telur_ayam,29000
2024-05-07,3573,telur_ayam,28750
2024-05-08,3573,telur_ayam,28750
2024-05-09,3573,telur_ayam,28750
2024-05-10,3573,telur_ayam,28750
2024-05-13,3573,telur_ayam,29150
2024-05-14,3573,telur_ayam,29150
2024-05-15,3573,telur_ayam,28500
2024-05-16,3573,telur_ayam,28500
2024-05-17,3573,telur_ayam,28500
2024-05-20,3573,telur_ayam,28500
2024-05-21,3573,telur_ayam,28500
2024-05-22,3573,telur_ayam,28500
2024-05-23,3573,telur_ayam,28500
2024-05-24,3573,telur_ayam,28500
2024-05-27,3573,telur_ayam,26900
2024-05-28,3573,telur_ayam,26900
2024-05-29,3573,telur_ayam,26900
2024-05-30,3573,telur_ayam,26900
2024-05-31,3573,telur_ayam,26900
2024-06-03,3573,telur_ayam,26750
2024-06-04,3573,telur_ayam,26000
2024-06-05,3573,telur_ayam,26000
2024-06-06,3573,telur_ayam,26000
2024-06-07,3573,telur_ayam,26150
2024-06-10,3573,telur_ayam,26650
2024-06-11,3573,telur_ayam,26650
2024-06-12,3573,telur_ayam,27000
2024-06-13,3573,telur_ayam,27000
2024-06-14,3573,telur_ayam,27000
2024-06-17,3573,telur_ayam,27000
2024-06-18,3573,telur_ayam,27000
2024-06-19,3573,telur_ayam,26500
2024-06-20,3573,telur_ayam,26500
2024-06-21,3573,telur_ayam,26500
2024-06-24,3573,telur_ayam,26500
2024-06-25,3573,telur_ayam,26500
2024-06-26,3573,telur_ayam,26500
2024-06-27,3573,telur_ayam,26500
2024-06-28,3573,telur_ayam,26500
2024-07-01,3573,telur_ayam,26500
2024-07-02,3573,telur_ayam,26000
2024-07-03,3573,telur_ayam,26000
2024-07-04,3573,telur_ayam,26000
2024-07-05,3573,telur_ayam,25900
2024-07-08,3573,telur_ayam,25750
2024-07-09,3573,telur_ayam,25750
2024-07-10,3573,telur_ayam,26250
2024-07-11,3573,telur_ayam,26250
2024-07-12,3573,telur_ayam,26250
2024-07-15,3573,telur_ayam,26750
2024-07-16,3573,telur_ayam,26250
2024-07-17,3573,telur_ayam,26250
2024-07-18,3573,telur_ayam,26000
2024-07-19,3573,telur_ayam,26000
2024-07-22,3573,telur_ayam,26250
2024-07-23,3573,telur_ayam,26750
2024-07-24,3573,telur_ayam,26750
2024-07-25,3573,telur_ayam,26500
2024-07-26,3573,telur_ayam,26500
2024-07-29,3573,telur_ayam,25500
2024-07-30,3573,telur_ayam,33500
2024-07-31,3573,telur_ayam,26000
2024-08-01,3573,telur_ayam,26000
2024-08-02,3573,telur_ayam,25750
2024-08-05,3573,telur_ayam,25500
2024-08-06,3573,telur_ayam,25500
2024-08-07,3573,telur_ayam,25500
2024-08-08,3573,telur_ayam,25500
2024-08-09,3573,telur_ayam,25500
2024-08-12,3573,telur_ayam,25500
2024-08-13,3573,telur_ayam,25500
2024-08-14,3573,telur_ayam,25500
2024-08-15,3573,telur_ayam,25000
2024-08-16,3573,telur_ayam,25000
2024-08-19,3573,telur_ayam,24000
2024-08-20,3573,telur_ayam,24150
2024-08-21,3573,telur_ayam,24000
2024-08-22,3573,telur_ayam,24250
2024-08-23,3573,telur_ayam,24500
2024-08-26,3573,telur_ayam,24400
2024-08-27,3573,telur_ayam,24400
2024-08-28,3573,telur_ayam,23900
2024-08-29,3573,telur_ayam,23900
2024-08-30,3573,telur_ayam,23900
2024-09-02,3573,telur_ayam,23500
2024-09-03,3573,telur_ayam,23500
2024-09-04,3573,telur_ayam,23500
2024-09-05,3573,telur_ayam,23500
2024-09-06,3573,telur_ayam,23500
2024-09-09,3573,telur_ayam,24500
2024-09-10,3573,telur_ayam,25500
2024-09-11,3573,telur_ayam,25500
2024-09-12,3573,telur_ayam,25500
2024-09-13,3573,telur_ayam,24500
2024-09-16,3573,telur_ayam,24500
2024-09-17,3573,telur_ayam,24750
2024-09-18,3573,telur_ayam,24750
2024-09-19,3573,telur_ayam,24750
2024-09-20,3573,telur_ayam,24750
2024-09-23,3573,telur_ayam,25500
2024-09-24,3573,telur_ayam,25500
2024-09-25,3573,telur_ayam,25500
2024-09-26,3573,telur_ayam,24900
2024-09-27,3573,telur_ayam,25400
2024-09-30,3573,telur_ayam,25500
2024-10-01,3573,telur_ayam,25500
2024-10-02,3573,telur_ayam,25500
2024-10-03,3573,telur_ayam,25500
2024-10-04,3573,telur_ayam,25400
2024-10-07,3573,telur_ayam,25500
2024-10-08,3573,telur_ayam,25500
2024-10-09,3573,telur_ayam,25500
2024-10-10,3573,telur_ayam,25500
2024-10-11,3573,telur_ayam,25500
2024-10-14,3573,telur_ayam,25500
2024-10-15,3573,telur_ayam,25500
2024-10-16,3573,telur_ayam,25500
2024-10-17,3573,telur_ayam,25500
2024-10-18,3573,telur_ayam,25500
2024-10-21,3573,telur_ayam,25400
2024-10-22,3573,telur_ayam,25400
2024-10-23,3573,telur_ayam,25400
2024-10-24,3573,telur_ayam,25400
2024-10-25,3573,telur_ayam,25400
2024-10-28,3573,telur_ayam,25500
2024-10-29,3573,telur_ayam,25500
2024-10-30,3573,telur_ayam,25500
2024-10-31,3573,telur_ayam,25500
2024-11-01,3573,telur_ayam,25500
2024-11-04,3573,telur_ayam,25500
2024-11-05,3573,telur_ayam,25500
2024-11-06,3573,telur_ayam,25500
2024-11-07,3573,telur_ayam,25500
2024-11-08,3573,telur_ayam,25500
2024-11-11,3573,telur_ayam,25500
2024-11-12,3573,telur_ayam,25500
2024-11-13,3573,telur_ayam,25500
2024-11-14,3573,telur_ayam,25500
2024-11-15,3573,telur_ayam,25500
2024-11-18,3573,telur_ayam,25500
2024-11-19,3573,telur_ayam,25500
2024-11-20,3573,telur_ayam,25500
2024-11-21,3573,telur_ayam,25500
2024-11-22,3573,telur_ayam,25500
2024-11-25,3573,telur_ayam,25500
2024-11-26,3573,telur_ayam,25500
2024-11-27,3573,telur_ayam,25500
2024-11-28,3573,telur_ayam,25500
2024-11-29,3573,telur_ayam,25500
2024-12-02,3573,telur_ayam,25500
2024-12-03,3573,telur_ayam,25500
2024-12-04,3573,telur_ayam,25500
2024-12-05,3573,telur_ayam,25500
2024-12-06,3573,telur_ayam,25500
2024-12-09,3573,telur_ayam,27750
2024-12-10,3573,telur_ayam,28500
2024-12-11,3573,telur_ayam,29000
2024-12-12,3573,telur_ayam,28500
2024-12-13,3573,telur_ayam,28500
2024-12-16,3573,telur_ayam,29500
2024-12-17,3573,telur_ayam,29500
2024-12-18,3573,telur_ayam,29500
2024-12-19,3573,telur_ayam,29500
2024-12-20,3573,telur_ayam,30750
2024-12-23,3573,telur_ayam,30750
2024-12-24,3573,telur_ayam,29500
2024-12-25,3573,telur_ayam,29500
2024-12-26,3573,telur_ayam,29500
2024-12-27,3573,telur_ayam,29500
2024-12-30,3573,telur_ayam,29500
2024-12-31,3573,telur_ayam,29500
2025-01-01,3573,telur_ayam,29500
2025-01-02,3573,telur_ayam,29500
2025-01-03,3573,telur_ayam,29000
2025-01-06,3573,telur_ayam,29000
2025-01-07,3573,telur_ayam,28750
2025-01-08,3573,telur_ayam,28750
2025-01-09,3573,telur_ayam,27250
2025-01-10,3573,telur_ayam,26750
2025-01-13,3573,telur_ayam,26500
2025-01-14,3573,telur_ayam,26500
2025-01-15,3573,telur_ayam,26500
2025-01-16,3573,telur_ayam,26500
2025-01-17,3573,telur_ayam,25500
2025-01-20,3573,telur_ayam,25500
2025-01-21,3573,telur_ayam,25500
2025-01-22,3573,telur_ayam,25500
2025-01-23,3573,telur_ayam,25500
2025-01-24,3573,telur_ayam,25500
2025-01-27,3573,telur_ayam,25500
2025-01-28,3573,telur_ayam,25500
2025-01-29,3573,telur_ayam,25500
2025-01-30,3573,telur_ayam,25500
2025-01-31,3573,telur_ayam,25500
2025-02-03,3573,telur_ayam,26000
2025-02-04,3573,telur_ayam,26000
2025-02-05,3573,telur_ayam,26000
2025-02-06,3573,telur_ayam,26000
2025-02-07,3573,telur_ayam,26000
2025-02-10,3573,telur_ayam,26500
2025-02-11,3573,telur_ayam,26500
2025-02-12,3573,telur_ayam,26500
2025-02-13,3573,telur_ayam,26500
2025-02-14,3573,telur_ayam,26500
2025-02-17,3573,telur_ayam,27150
2025-02-18,3573,telur_ayam,27400
2025-02-19,3573,telur_ayam,27650
2025-02-20,3573,telur_ayam,28150
2025-02-21,3573,telur_ayam,28150
2025-02-24,3573,telur_ayam,28750
2025-02-25,3573,telur_ayam,28900
2025-02-26,3573,telur_ayam,28900
2025-02-27,3573,telur_ayam,28900
2025-02-28,3573,telur_ayam,28900
2025-03-03,3573,telur_ayam,27750
2025-03-04,3573,telur_ayam,27750
2025-03-05,3573,telur_ayam,27750
2025-03-06,3573,telur_ayam,27750
2025-03-07,3573,telur_ayam,28000
2025-03-10,3573,telur_ayam,28000
2025-03-11,3573,telur_ayam,27500
2025-03-12,3573,telur_ayam,26500
2025-03-13,3573,telur_ayam,26500
2025-03-14,3573,telur_ayam,25500
2025-03-17,3573,telur_ayam,26000
2025-03-18,3573,telur_ayam,26000
2025-03-19,3573,telur_ayam,25900
2025-03-20,3573,telur_ayam,25900
2025-03-21,3573,telur_ayam,25900
2025-03-24,3573,telur_ayam,25500
2025-03-25,3573,telur_ayam,25750
2025-03-26,3573,telur_ayam,26000
2025-03-27,3573,telur_ayam,25500
2025-03-28,3573,telur_ayam,25500
2025-03-31,3573,telur_ayam,25500
2025-04-01,3573,telur_ayam,25500
2025-04-02,3573,telur_ayam,25500
2025-04-03,3573,telur_ayam,25500
2025-04-04,3573,telur_ayam,25500
2025-04-07,3573,telur_ayam,25500
2025-04-08,3573,telur_ayam,25500
2025-04-09,3573,telur_ayam,25500
2025-04-10,3573,telur_ayam,25500
2025-04-11,3573,telur_ayam,25500
2025-04-14,3573,telur_ayam,25000
2025-04-15,3573,telur_ayam,25000
2025-04-16,3573,telur_ayam,24750
2025-04-17,3573,telur_ayam,24500
2025-04-18,3573,telur_ayam,24500
2025-04-21,3573,telur_ayam,23750
2025-04-22,3573,telur_ayam,23750
2025-04-23,3573,telur_ayam,23750
2025-04-24,3573,telur_ayam,24250
2025-04-25,3573,telur_ayam,25500
2025-04-28,3573,telur_ayam,26500
2025-04-29,3573,telur_ayam,27000
2025-04-30,3573,telur_ayam,27000
2025-05-01,3573,telur_ayam,27000
2025-05-02,3573,telur_ayam,26000
2025-05-05,3573,telur_ayam,25500
2025-05-06,3573,telur_ayam,25500
2025-05-07,3573,telur_ayam,25500
2025-05-08,3573,telur_ayam,25500
2025-05-09,3573,telur_ayam,25500
2025-05-12,3573,telur_ayam,25500
2025-05-13,3573,telur_ayam,25500
2025-05-14,3573,telur_ayam,25500
2025-05-15,3573,telur_ayam,25500
2025-05-16,3573,telur_ayam,25500
2025-05-19,3573,telur_ayam,25500
2025-05-20,3573,telur_ayam,25500
2025-05-21,3573,telur_ayam,25500
2025-05-22,3573,telur_ayam,25500
2025-05-23,3573,telur_ayam,25500
2025-05-26,3573,telur_ayam,25500
2025-05-27,3573,telur_ayam,25500
2025-05-28,3573,telur_ayam,25500
2025-05-29,3573,telur_ayam,25500
2025-05-30,3573,telur_ayam,25500
2025-06-02,3573,telur_ayam,25900
2025-06-03,3573,telur_ayam,25900
2025-06-04,3573,telur_ayam,26400
2025-06-05,3573,telur_ayam,26500
2025-06-06,3573,telur_ayam,26500
2025-06-09,3573,telur_ayam,26500
2025-06-10,3573,telur_ayam,26500
2025-06-11,3573,telur_ayam,27000
2025-06-12,3573,telur_ayam,26500
2025-06-13,3573,telur_ayam,26500
2025-06-16,3573,telur_ayam,26500
2025-06-17,3573,telur_ayam,26500
2025-06-18,3573,telur_ayam,26500
2025-06-19,3573,telur_ayam,26500
2025-06-20,3573,telur_ayam,26500
2025-06-23,3573,telur_ayam,26500
2025-06-24,3573,telur_ayam,26500
2025-06-25,3573,telur_ayam,26500
2025-06-26,3573,telur_ayam,26500
2025-06-27,3573,telur_ayam,26500
2025-06-30,3573,telur_ayam,26500
2025-07-01,3573,telur_ayam,26500
2025-07-02,3573,telur_ayam,26500
2025-07-03,3573,telur_ayam,26750
2025-07-04,3573,telur_ayam,27000
2025-07-07,3573,telur_ayam,27750
2025-07-08,3573,telur_ayam,27750
2025-07-09,3573,telur_ayam,27750
2025-07-10,3573,telur_ayam,27750
2025-07-11,3573,telur_ayam,27750
2025-07-14,3573,telur_ayam,27500
2025-07-15,3573,telur_ayam,27500
2025-07-16,3573,telur_ayam,27500
2025-07-17,3573,telur_ayam,27500
2025-07-18,3573,telur_ayam,27500
2025-07-21,3573,telur_ayam,27500
2025-07-22,3573,telur_ayam,27500
2025-07-23,3573,telur_ayam,27500
2025-07-24,3573,telur_ayam,27500
2025-07-25,3573,telur_ayam,27500
2025-07-28,3573,telur_ayam,27500
2025-07-29,3573,telur_ayam,27250
2025-07-30,3573,telur_ayam,27250
2025-07-31,3573,telur_ayam,27250
2025-08-01,3573,telur_ayam,27250
2025-08-04,3573,telur_ayam,27000
2025-08-05,3573,telur_ayam,27000
2025-08-06,3573,telur_ayam,27000
2025-08-07,3573,telur_ayam,27000
2025-08-08,3573,telur_ayam,27000
2025-08-11,3573,telur_ayam,26500
2025-08-12,3573,telur_ayam,26500
2025-08-13,3573,telur_ayam,26500
2025-08-14,3573,telur_ayam,26750
2025-08-15,3573,telur_ayam,26750
2025-08-18,3573,telur_ayam,26750
2025-08-19,3573,telur_ayam,26500
2025-08-20,3573,telur_ayam,26000
2025-08-21,3573,telur_ayam,25000
2025-08-22,3573,telur_ayam,25000
2025-08-25,3573,telur_ayam,26000
2025-08-26,3573,telur_ayam,25500
2025-08-27,3573,telur_ayam,25500
2025-08-28,3573,telur_ayam,25500
2025-08-29,3573,telur_ayam,25500
2025-09-01,3573,telur_ayam,25250
2025-09-02,3573,telur_ayam,25250
2025-09-03,3573,telur_ayam,25250
2025-09-04,3573,telur_ayam,25250
2025-09-08,3573,telur_ayam,26900
2025-09-09,3573,telur_ayam,27000
2025-09-10,3573,telur_ayam,27500
2025-09-11,3573,telur_ayam,27500
2025-09-12,3573,telur_ayam,27500
2025-09-15,3573,telur_ayam,27500
2025-09-16,3573,telur_ayam,27500
2025-09-17,3573,telur_ayam,27650
2025-09-18,3573,telur_ayam,27650
2025-09-19,3573,telur_ayam,27650
2025-09-22,3573,telur_ayam,27650
2025-09-23,3573,telur_ayam,27650
2025-09-24,3573,telur_ayam,27650
2025-09-25,3573,telur_ayam,27650
2025-09-26,3573,telur_ayam,28500
2025-09-29,3573,telur_ayam,28500
2025-09-30,3573,telur_ayam,28500
2025-10-01,3573,telur_ayam,28500
2025-10-02,3573,telur_ayam,28500
2025-10-03,3573,telur_ayam,28500
2025-10-06,3573,telur_ayam,28500
2025-10-07,3573,telur_ayam,29000
2025-10-08,3573,telur_ayam,29000
2025-10-09,3573,telur_ayam,29000
2025-10-10,3573,telur_ayam,29000
2025-10-13,3573,telur_ayam,29500
2025-10-14,3573,telur_ayam,29500
2025-10-15,3573,telur_ayam,29500
2025-10-16,3573,telur_ayam,29500
2025-10-17,3573,telur_ayam,29500
2025-10-20,3573,telur_ayam,29500
2025-10-21,3573,telur_ayam,29500
2025-10-22,3573,telur_ayam,29500
2025-10-23,3573,telur_ayam,29500
2025-10-24,3573,telur_ayam,29500
2025-10-27,3573,telur_ayam,29150
2025-10-28,3573,telur_ayam,28650
2025-10-29,3573,telur_ayam,28650
2025-10-30,3573,telur_ayam,27500
2025-10-31,3573,telur_ayam,27500
2025-11-03,3573,telur_ayam,28000
2025-11-04,3573,telur_ayam,28000
2025-11-05,3573,telur_ayam,28000
2025-11-06,3573,telur_ayam,28000
2025-11-07,3573,telur_ayam,28000
2025-11-10,3573,telur_ayam,28000
2025-11-11,3573,telur_ayam,28000
2025-11-12,3573,telur_ayam,28000
2025-11-13,3573,telur_ayam,28000
2025-11-14,3573,telur_ayam,28000
2025-11-17,3573,telur_ayam,28000
2025-11-18,3573,telur_ayam,28000
2025-11-19,3573,telur_ayam,28000
2025-11-20,3573,telur_ayam,28500
2025-11-21,3573,telur_ayam,28500
2025-11-24,3573,telur_ayam,28500
2025-11-25,3573,telur_ayam,28500
2025-11-26,3573,telur_ayam,28500
2025-11-27,3573,telur_ayam,28500
2025-11-28,3573,telur_ayam,28500
2025-12-01,3573,telur_ayam,28500
2025-12-02,3573,telur_ayam,28500
2025-12-03,3573,telur_ayam,28250
2025-12-04,3573,telur_ayam,28250
2025-12-05,3573,telur_ayam,28400
2025-12-08,3573,telur_ayam,29000
2025-12-09,3573,telur_ayam,29000
2025-12-10,3573,telur_ayam,29400
2025-12-11,3573,telur_ayam,29400
2025-12-12,3573,telur_ayam,29750
2025-12-15,3573,telur_ayam,29750
2025-12-16,3573,telur_ayam,30250
2025-12-17,3573,telur_ayam,30250
2025-12-18,3573,telur_ayam,30150
2025-12-19,3573,telur_ayam,30150
2025-12-22,3573,telur_ayam,29500
2025-12-23,3573,telur_ayam,29500
2025-12-24,3573,telur_ayam,29500
2025-12-25,3573,telur_ayam,29500
2025-12-26,3573,telur_ayam,29500
2025-12-29,3573,telur_ayam,29000
2025-12-30,3573,telur_ayam,28500
2025-12-31,3573,telur_ayam,28500
2021-01-04,3574,telur_ayam,23000
2021-01-05,3574,telur_ayam,23500
2021-01-06,3574,telur_ayam,23500
2021-01-07,3574,telur_ayam,23500
2021-01-08,3574,telur_ayam,23000
2021-01-11,3574,telur_ayam,22900
2021-01-12,3574,telur_ayam,22500
2021-01-13,3574,telur_ayam,22650
2021-01-14,3574,telur_ayam,21900
2021-01-15,3574,telur_ayam,21500
2021-01-18,3574,telur_ayam,21750
2021-01-19,3574,telur_ayam,21650
2021-01-20,3574,telur_ayam,21750
2021-01-21,3574,telur_ayam,21500
2021-01-22,3574,telur_ayam,21250
2021-01-25,3574,telur_ayam,20500
2021-01-26,3574,telur_ayam,20750
2021-01-27,3574,telur_ayam,20250
2021-01-28,3574,telur_ayam,20000
2021-01-29,3574,telur_ayam,20000
2021-02-01,3574,telur_ayam,20000
2021-02-02,3574,telur_ayam,20500
2021-02-03,3574,telur_ayam,21000
2021-02-04,3574,telur_ayam,22000
2021-02-05,3574,telur_ayam,22400
2021-02-08,3574,telur_ayam,22750
2021-02-09,3574,telur_ayam,23000
2021-02-10,3574,telur_ayam,23000
2021-02-11,3574,telur_ayam,23000
2021-02-15,3574,telur_ayam,23250
2021-02-16,3574,telur_ayam,23400
2021-02-17,3574,telur_ayam,23900
2021-02-18,3574,telur_ayam,23750
2021-02-19,3574,telur_ayam,22900
2021-02-22,3574,telur_ayam,22900
2021-02-23,3574,telur_ayam,22400
2021-02-24,3574,telur_ayam,22750
2021-02-25,3574,telur_ayam,22750
2021-02-26,3574,telur_ayam,22250
2021-03-01,3574,telur_ayam,22250
2021-03-02,3574,telur_ayam,22000
2021-03-03,3574,telur_ayam,23400
2021-03-04,3574,telur_ayam,23250
2021-03-05,3574,telur_ayam,23650
2021-03-08,3574,telur_ayam,22900
2021-03-09,3574,telur_ayam,23150
2021-03-10,3574,telur_ayam,23150
2021-03-12,3574,telur_ayam,23400
2021-03-15,3574,telur_ayam,23400
2021-03-16,3574,telur_ayam,22400
2021-03-17,3574,telur_ayam,22000
2021-03-18,3574,telur_ayam,22000
2021-03-19,3574,telur_ayam,21900
2021-03-22,3574,telur_ayam,21750
2021-03-23,3574,telur_ayam,21750
2021-03-24,3574,telur_ayam,21750
2021-03-25,3574,telur_ayam,21500
2021-03-26,3574,telur_ayam,21250
2021-03-29,3574,telur_ayam,20500
2021-03-30,3574,telur_ayam,20500
2021-03-31,3574,telur_ayam,20750
2021-04-01,3574,telur_ayam,21500
2021-04-05,3574,telur_ayam,22400
2021-04-06,3574,telur_ayam,22750
2021-04-07,3574,telur_ayam,23000
2021-04-08,3574,telur_ayam,23500
2021-04-09,3574,telur_ayam,24500
2021-04-12,3574,telur_ayam,24750
2021-04-13,3574,telur_ayam,25000
2021-04-14,3574,telur_ayam,25000
2021-04-15,3574,telur_ayam,24750
2021-04-16,3574,telur_ayam,24750
2021-04-19,3574,telur_ayam,24500
2021-04-20,3574,telur_ayam,24500
2021-04-21,3574,telur_ayam,24500
2021-04-22,3574,telur_ayam,24000
2021-04-23,3574,telur_ayam,23500
2021-04-26,3574,telur_ayam,23000
2021-04-27,3574,telur_ayam,22750
2021-04-28,3574,telur_ayam,22750
2021-04-29,3574,telur_ayam,22650
2021-04-30,3574,telur_ayam,22500
2021-05-03,3574,telur_ayam,21900
2021-05-04,3574,telur_ayam,21750
2021-05-05,3574,telur_ayam,21900
2021-05-06,3574,telur_ayam,21900
2021-05-07,3574,telur_ayam,21900
2021-05-10,3574,telur_ayam,22250
2021-05-11,3574,telur_ayam,22250
2021-05-17,3574,telur_ayam,22500
2021-05-18,3574,telur_ayam,22750
2021-05-19,3574,telur_ayam,22500
2021-05-20,3574,telur_ayam,22500
2021-05-21,3574,telur_ayam,22400
2021-05-24,3574,telur_ayam,22150
2021-05-25,3574,telur_ayam,22150
2021-05-27,3574,telur_ayam,22750
2021-05-28,3574,telur_ayam,23000
2021-05-31,3574,telur_ayam,23900
2021-06-02,3574,telur_ayam,24000
2021-06-03,3574,telur_ayam,24000
2021-06-04,3574,telur_ayam,23900
2021-06-07,3574,telur_ayam,23900
2021-06-08,3574,telur_ayam,23500
2021-06-09,3574,telur_ayam,23500
2021-06-10,3574,telur_ayam,23400
2021-06-11,3574,telur_ayam,23150
2021-06-14,3574,telur_ayam,22750
2021-06-15,3574,telur_ayam,23000
2021-06-16,3574,telur_ayam,22900
2021-06-17,3574,telur_ayam,22650
2021-06-18,3574,telur_ayam,22650
2021-06-21,3574,telur_ayam,22250
2021-06-22,3574,telur_ayam,22250
2021-06-23,3574,telur_ayam,22250
2021-06-24,3574,telur_ayam,22000
2021-06-25,3574,telur_ayam,22150
2021-06-28,3574,telur_ayam,22150
2021-06-29,3574,telur_ayam,22250
2021-06-30,3574,telur_ayam,22250
2021-07-01,3574,telur_ayam,22250
2021-07-02,3574,telur_ayam,22000
2021-07-05,3574,telur_ayam,21750
2021-07-06,3574,telur_ayam,21500
2021-07-07,3574,telur_ayam,21250
2021-07-08,3574,telur_ayam,21000
2021-07-09,3574,telur_ayam,21000
2021-07-12,3574,telur_ayam,21000
2021-07-13,3574,telur_ayam,21500
2021-07-14,3574,telur_ayam,21250
2021-07-15,3574,telur_ayam,21500
2021-07-16,3574,telur_ayam,22250
2021-07-19,3574,telur_ayam,23500
2021-07-21,3574,telur_ayam,23000
2021-07-22,3574,telur_ayam,23250
2021-07-23,3574,telur_ayam,23500
2021-07-26,3574,telur_ayam,23500
2021-07-27,3574,telur_ayam,23500
2021-07-28,3574,telur_ayam,23500
2021-07-29,3574,telur_ayam,23500
2021-07-30,3574,telur_ayam,23500
2021-08-02,3574,telur_ayam,23500
2021-08-03,3574,telur_ayam,23500
2021-08-04,3574,telur_ayam,23500
2021-08-05,3574,telur_ayam,23500
2021-08-06,3574,telur_ayam,23000
2021-08-09,3574,telur_ayam,22650
2021-08-10,3574,telur_ayam,22650
2021-08-12,3574,telur_ayam,22650
2021-08-13,3574,telur_ayam,22250
2021-08-16,3574,telur_ayam,22000
2021-08-18,3574,telur_ayam,21650
2021-08-19,3574,telur_ayam,21750
2021-08-20,3574,telur_ayam,21750
2021-08-23,3574,telur_ayam,21500
2021-08-24,3574,telur_ayam,20750
2021-08-25,3574,telur_ayam,20750
2021-08-26,3574,telur_ayam,20750
2021-08-27,3574,telur_ayam,20500
2021-08-30,3574,telur_ayam,20000
2021-08-31,3574,telur_ayam,20000
2021-09-01,3574,telur_ayam,20000
2021-09-02,3574,telur_ayam,20000
2021-09-03,3574,telur_ayam,20000
2021-09-06,3574,telur_ayam,19400
2021-09-07,3574,telur_ayam,19400
2021-09-08,3574,telur_ayam,19400
2021-09-09,3574,telur_ayam,19500
2021-09-10,3574,telur_ayam,19500
2021-09-13,3574,telur_ayam,19000
2021-09-14,3574,telur_ayam,18750
2021-09-15,3574,telur_ayam,18750
2021-09-16,3574,telur_ayam,18650
2021-09-17,3574,telur_ayam,18650
2021-09-20,3574,telur_ayam,17900
2021-09-21,3574,telur_ayam,17900
2021-09-22,3574,telur_ayam,17500
2021-09-23,3574,telur_ayam,17500
2021-09-24,3574,telur_ayam,17150
2021-09-27,3574,telur_ayam,18250
2021-09-28,3574,telur_ayam,18900
2021-09-29,3574,telur_ayam,19000
2021-09-30,3574,telur_ayam,19000
2021-10-01,3574,telur_ayam,19000
2021-10-04,3574,telur_ayam,19000
2021-10-05,3574,telur_ayam,19000
2021-10-06,3574,telur_ayam,19000
2021-10-07,3574,telur_ayam,19000
2021-10-08,3574,telur_ayam,18400
2021-10-11,3574,telur_ayam,18250
2021-10-12,3574,telur_ayam,18000
2021-10-13,3574,telur_ayam,18000
2021-10-14,3574,telur_ayam,18000
2021-10-15,3574,telur_ayam,17750
2021-10-18,3574,telur_ayam,17750
2021-10-19,3574,telur_ayam,17750
2021-10-21,3574,telur_ayam,17750
2021-10-22,3574,telur_ayam,17750
2021-10-25,3574,telur_ayam,17750
2021-10-26,3574,telur_ayam,19000
2021-10-27,3574,telur_ayam,19000
2021-10-28,3574,telur_ayam,19000
2021-10-29,3574,telur_ayam,18750
2021-11-01,3574,telur_ayam,18500
2021-11-02,3574,telur_ayam,18750
2021-11-03,3574,telur_ayam,20000
2021-11-04,3574,telur_ayam,20500
2021-11-05,3574,telur_ayam,21000
2021-11-08,3574,telur_ayam,24150
2021-11-09,3574,telur_ayam,24150
2021-11-10,3574,telur_ayam,24150
2021-11-11,3574,telur_ayam,24250
2021-11-12,3574,telur_ayam,24250
2021-11-15,3574,telur_ayam,23750
2021-11-16,3574,telur_ayam,23250
2021-11-17,3574,telur_ayam,23150
2021-11-18,3574,telur_ayam,23150
2021-11-19,3574,telur_ayam,23150
2021-11-22,3574,telur_ayam,21900
2021-11-23,3574,telur_ayam,21900
2021-11-24,3574,telur_ayam,21900
2021-11-25,3574,telur_ayam,21750
2021-11-26,3574,telur_ayam,21750
2021-11-29,3574,telur_ayam,21750
2021-11-30,3574,telur_ayam,21500
2021-12-01,3574,telur_ayam,21250
2021-12-02,3574,telur_ayam,21250
2021-12-03,3574,telur_ayam,21250
2021-12-06,3574,telur_ayam,21000
2021-12-07,3574,telur_ayam,20750
2021-12-08,3574,telur_ayam,20750
2021-12-09,3574,telur_ayam,20250
2021-12-10,3574,telur_ayam,21500
2021-12-13,3574,telur_ayam,24000
2021-12-14,3574,telur_ayam,25250
2021-12-15,3574,telur_ayam,25150
2021-12-16,3574,telur_ayam,25000
2021-12-17,3574,telur_ayam,25000
2021-12-20,3574,telur_ayam,25000
2021-12-21,3574,telur_ayam,25000
2021-12-22,3574,telur_ayam,26000
2021-12-23,3574,telur_ayam,27400
2021-12-24,3574,telur_ayam,30000
2021-12-27,3574,telur_ayam,30000
2021-12-28,3574,telur_ayam,30000
2021-12-29,3574,telur_ayam,28750
2021-12-30,3574,telur_ayam,28500
2021-12-31,3574,telur_ayam,27750
2022-01-03,3574,telur_ayam,26500
2022-01-04,3574,telur_ayam,25250
2022-01-05,3574,telur_ayam,25250
2022-01-06,3574,telur_ayam,24750
2022-01-07,3574,telur_ayam,24500
2022-01-10,3574,telur_ayam,24000
2022-01-11,3574,telur_ayam,23650
2022-01-12,3574,telur_ayam,23250
2022-01-13,3574,telur_ayam,22150
2022-01-14,3574,telur_ayam,21900
2022-01-17,3574,telur_ayam,21650
2022-01-18,3574,telur_ayam,21000
2022-01-19,3574,telur_ayam,21250
2022-01-20,3574,telur_ayam,21000
2022-01-21,3574,telur_ayam,21000
2022-01-24,3574,telur_ayam,21000
2022-01-25,3574,telur_ayam,20500
2022-01-26,3574,telur_ayam,20000
2022-01-27,3574,telur_ayam,20000
2022-01-28,3574,telur_ayam,19750
2022-01-31,3574,telur_ayam,19650
2022-02-02,3574,telur_ayam,19650
2022-02-03,3574,telur_ayam,19650
2022-02-04,3574,telur_ayam,19400
2022-02-07,3574,telur_ayam,19400
2022-02-08,3574,telur_ayam,19400
2022-02-09,3574,telur_ayam,19400
2022-02-10,3574,telur_ayam,19150
2022-02-11,3574,telur_ayam,19150
2022-02-14,3574,telur_ayam,18900
2022-02-15,3574,telur_ayam,18900
2022-02-16,3574,telur_ayam,19400
2022-02-17,3574,telur_ayam,19750
2022-02-18,3574,telur_ayam,20750
2022-02-21,3574,telur_ayam,20750
2022-02-22,3574,telur_ayam,21250
2022-02-23,3574,telur_ayam,21250
2022-02-24,3574,telur_ayam,21000
2022-02-25,3574,telur_ayam,21000
2022-03-01,3574,telur_ayam,21000
2022-03-02,3574,telur_ayam,21000
2022-03-04,3574,telur_ayam,21000
2022-03-07,3574,telur_ayam,24150
2022-03-08,3574,telur_ayam,24150
2022-03-09,3574,telur_ayam,24150
2022-03-10,3574,telur_ayam,24000
2022-03-11,3574,telur_ayam,23900
2022-03-14,3574,telur_ayam,23750
2022-03-15,3574,telur_ayam,23750
2022-03-16,3574,telur_ayam,23750
2022-03-17,3574,telur_ayam,23150
2022-03-18,3574,telur_ayam,22900
2022-03-21,3574,telur_ayam,23650
2022-03-22,3574,telur_ayam,23900
2022-03-23,3574,telur_ayam,24000
2022-03-24,3574,telur_ayam,24000
2022-03-25,3574,telur_ayam,24150
2022-03-28,3574,telur_ayam,24900
2022-03-29,3574,telur_ayam,24900
2022-03-30,3574,telur_ayam,24900
2022-03-31,3574,telur_ayam,24500
2022-04-01,3574,telur_ayam,24400
2022-04-04,3574,telur_ayam,23900
2022-04-05,3574,telur_ayam,23900
2022-04-06,3574,telur_ayam,23500
2022-04-07,3574,telur_ayam,23650
2022-04-08,3574,telur_ayam,23500
2022-04-11,3574,telur_ayam,23650
2022-04-12,3574,telur_ayam,23500
2022-04-13,3574,telur_ayam,23500
2022-04-14,3574,telur_ayam,23500
2022-04-18,3574,telur_ayam,23000
2022-04-19,3574,telur_ayam,23150
2022-04-20,3574,telur_ayam,24900
2022-04-21,3574,telur_ayam,25250
2022-04-22,3574,telur_ayam,25500
2022-04-25,3574,telur_ayam,25250
2022-04-26,3574,telur_ayam,25750
2022-04-27,3574,telur_ayam,26400
2022-04-28,3574,telur_ayam,27000
2022-05-09,3574,telur_ayam,25250
2022-05-10,3574,telur_ayam,25000
2022-05-11,3574,telur_ayam,25000
2022-05-12,3574,telur_ayam,25000
2022-05-13,3574,telur_ayam,25000
2022-05-17,3574,telur_ayam,25900
2022-05-18,3574,telur_ayam,26000
2022-05-19,3574,telur_ayam,27000
2022-05-20,3574,telur_ayam,27000
2022-05-23,3574,telur_ayam,27000
2022-05-24,3574,telur_ayam,27000
2022-05-25,3574,telur_ayam,27000
2022-05-27,3574,telur_ayam,27150
2022-05-30,3574,telur_ayam,27150
2022-05-31,3574,telur_ayam,27150
2022-06-02,3574,telur_ayam,27900
2022-06-03,3574,telur_ayam,28000
2022-06-06,3574,telur_ayam,28000
2022-06-07,3574,telur_ayam,28000
2022-06-08,3574,telur_ayam,28000
2022-06-09,3574,telur_ayam,28000
2022-06-10,3574,telur_ayam,27900
2022-06-13,3574,telur_ayam,27500
2022-06-14,3574,telur_ayam,27500
2022-06-15,3574,telur_ayam,28000
2022-06-16,3574,telur_ayam,28000
2022-06-17,3574,telur_ayam,28000
2022-06-20,3574,telur_ayam,26150
2022-06-21,3574,telur_ayam,26650
2022-06-22,3574,telur_ayam,27000
2022-06-23,3574,telur_ayam,27000
2022-06-24,3574,telur_ayam,27000
2022-06-27,3574,telur_ayam,27000
2022-06-28,3574,telur_ayam,27000
2022-06-29,3574,telur_ayam,27000
2022-06-30,3574,telur_ayam,27000
2022-07-01,3574,telur_ayam,27000
2022-07-04,3574,telur_ayam,26000
2022-07-05,3574,telur_ayam,26000
2022-07-06,3574,telur_ayam,27400
2022-07-07,3574,telur_ayam,27150
2022-07-08,3574,telur_ayam,27500
2022-07-11,3574,telur_ayam,27900
2022-07-12,3574,telur_ayam,27900
2022-07-13,3574,telur_ayam,28000
2022-07-14,3574,telur_ayam,28000
2022-07-15,3574,telur_ayam,28000
2022-07-18,3574,telur_ayam,28000
2022-07-19,3574,telur_ayam,28000
2022-07-20,3574,telur_ayam,28000
2022-07-21,3574,telur_ayam,27750
2022-07-22,3574,telur_ayam,27750
2022-07-25,3574,telur_ayam,27500
2022-07-26,3574,telur_ayam,27150
2022-07-27,3574,telur_ayam,27000
2022-07-28,3574,telur_ayam,27000
2022-07-29,3574,telur_ayam,27000
2022-08-01,3574,telur_ayam,27000
2022-08-02,3574,telur_ayam,26500
2022-08-03,3574,telur_ayam,26500
2022-08-04,3574,telur_ayam,26500
2022-08-05,3574,telur_ayam,26000
2022-08-08,3574,telur_ayam,26000
2022-08-09,3574,telur_ayam,26000
2022-08-10,3574,telur_ayam,28000
2022-08-11,3574,telur_ayam,29000
2022-08-12,3574,telur_ayam,29000
2022-08-15,3574,telur_ayam,30000
2022-08-16,3574,telur_ayam,30000
2022-08-18,3574,telur_ayam,30000
2022-08-19,3574,telur_ayam,30000
2022-08-22,3574,telur_ayam,30000
2022-08-23,3574,telur_ayam,30000
2022-08-24,3574,telur_ayam,30000
2022-08-25,3574,telur_ayam,30000
2022-08-26,3574,telur_ayam,30000
2022-08-29,3574,telur_ayam,29000
2022-08-30,3574,telur_ayam,29500
2022-08-31,3574,telur_ayam,28400
2022-09-01,3574,telur_ayam,28000
2022-09-02,3574,telur_ayam,28000
2022-09-05,3574,telur_ayam,27000
2022-09-06,3574,telur_ayam,27000
2022-09-07,3574,telur_ayam,27000
2022-09-08,3574,telur_ayam,27000
2022-09-09,3574,telur_ayam,27400
2022-09-12,3574,telur_ayam,27000
2022-09-13,3574,telur_ayam,27000
2022-09-14,3574,telur_ayam,27000
2022-09-15,3574,telur_ayam,27000
2022-09-16,3574,telur_ayam,26750
2022-09-19,3574,telur_ayam,25500
2022-09-20,3574,telur_ayam,25500
2022-09-21,3574,telur_ayam,25250
2022-09-22,3574,telur_ayam,25250
2022-09-23,3574,telur_ayam,25000
2022-09-26,3574,telur_ayam,23250
2022-09-27,3574,telur_ayam,23250
2022-09-28,3574,telur_ayam,23000
2022-09-29,3574,telur_ayam,23000
2022-09-30,3574,telur_ayam,23000
2022-10-03,3574,telur_ayam,22500
2022-10-04,3574,telur_ayam,23750
2022-10-05,3574,telur_ayam,24000
2022-10-06,3574,telur_ayam,24000
2022-10-07,3574,telur_ayam,24250
2022-10-10,3574,telur_ayam,26000
2022-10-11,3574,telur_ayam,26000
2022-10-12,3574,telur_ayam,26000
2022-10-13,3574,telur_ayam,25750
2022-10-14,3574,telur_ayam,25500
2022-10-17,3574,telur_ayam,26000
2022-10-18,3574,telur_ayam,26000
2022-10-19,3574,telur_ayam,26000
2022-10-20,3574,telur_ayam,26000
2022-10-21,3574,telur_ayam,26000
2022-10-24,3574,telur_ayam,26000
2022-10-25,3574,telur_ayam,26000
2022-10-26,3574,telur_ayam,26000
2022-10-27,3574,telur_ayam,26000
2022-10-28,3574,telur_ayam,26000
2022-10-31,3574,telur_ayam,26000
2022-11-01,3574,telur_ayam,25500
2022-11-02,3574,telur_ayam,25750
2022-11-03,3574,telur_ayam,25750
2022-11-04,3574,telur_ayam,26000
2022-11-07,3574,telur_ayam,26000
2022-11-08,3574,telur_ayam,26000
2022-11-09,3574,telur_ayam,26500
2022-11-10,3574,telur_ayam,27000
2022-11-11,3574,telur_ayam,27000
2022-11-14,3574,telur_ayam,27000
2022-11-15,3574,telur_ayam,27000
2022-11-16,3574,telur_ayam,28000
2022-11-17,3574,telur_ayam,28000
2022-11-18,3574,telur_ayam,26900
2022-11-21,3574,telur_ayam,26900
2022-11-22,3574,telur_ayam,26900
2022-11-23,3574,telur_ayam,28000
2022-11-24,3574,telur_ayam,28000
2022-11-25,3574,telur_ayam,30000
2022-11-28,3574,telur_ayam,30000
2022-11-29,3574,telur_ayam,29500
2022-11-30,3574,telur_ayam,29500
2022-12-01,3574,telur_ayam,29250
2022-12-02,3574,telur_ayam,29250
2022-12-05,3574,telur_ayam,30000
2022-12-06,3574,telur_ayam,30000
2022-12-07,3574,telur_ayam,30000
2022-12-08,3574,telur_ayam,30000
2022-12-09,3574,telur_ayam,30000
2022-12-12,3574,telur_ayam,29500
2022-12-13,3574,telur_ayam,29500
2022-12-14,3574,telur_ayam,29500
2022-12-15,3574,telur_ayam,29250
2022-12-16,3574,telur_ayam,29000
2022-12-19,3574,telur_ayam,28500
2022-12-20,3574,telur_ayam,27900
2022-12-21,3574,telur_ayam,27900
2022-12-22,3574,telur_ayam,27750
2022-12-23,3574,telur_ayam,27900
2022-12-26,3574,telur_ayam,27900
2022-12-27,3574,telur_ayam,27000
2022-12-28,3574,telur_ayam,27000
2022-12-29,3574,telur_ayam,27000
2022-12-30,3574,telur_ayam,27000
2023-01-02,3574,telur_ayam,27500
2023-01-03,3574,telur_ayam,27500
2023-01-04,3574,telur_ayam,27500
2023-01-05,3574,telur_ayam,27500
2023-01-06,3574,telur_ayam,27500
2023-01-09,3574,telur_ayam,27000
2023-01-10,3574,telur_ayam,27000
2023-01-11,3574,telur_ayam,27000
2023-01-12,3574,telur_ayam,27000
2023-01-13,3574,telur_ayam,27000
2023-01-16,3574,telur_ayam,27000
2023-01-17,3574,telur_ayam,26500
2023-01-18,3574,telur_ayam,26500
2023-01-19,3574,telur_ayam,27000
2023-01-20,3574,telur_ayam,27000
2023-01-23,3574,telur_ayam,27000
2023-01-24,3574,telur_ayam,26900
2023-01-25,3574,telur_ayam,26900
2023-01-26,3574,telur_ayam,27000
2023-01-27,3574,telur_ayam,27000
2023-01-30,3574,telur_ayam,27000
2023-01-31,3574,telur_ayam,26500
2023-02-01,3574,telur_ayam,26150
2023-02-02,3574,telur_ayam,26150
2023-02-03,3574,telur_ayam,26000
2023-02-06,3574,telur_ayam,26500
2023-02-07,3574,telur_ayam,27000
2023-02-08,3574,telur_ayam,27000
2023-02-09,3574,telur_ayam,27000
2023-02-10,3574,telur_ayam,27000
2023-02-13,3574,telur_ayam,26000
2023-02-14,3574,telur_ayam,26000
2023-02-15,3574,telur_ayam,26000
2023-02-16,3574,telur_ayam,26000
2023-02-17,3574,telur_ayam,26000
2023-02-20,3574,telur_ayam,26000
2023-02-21,3574,telur_ayam,26000
2023-02-22,3574,telur_ayam,26000
2023-02-23,3574,telur_ayam,26000
2023-02-24,3574,telur_ayam,26000
2023-02-27,3574,telur_ayam,26000
2023-02-28,3574,telur_ayam,26000
2023-03-01,3574,telur_ayam,26000
2023-03-02,3574,telur_ayam,26000
2023-03-03,3574,telur_ayam,26000
2023-03-06,3574,telur_ayam,27000
2023-03-07,3574,telur_ayam,27000
2023-03-08,3574,telur_ayam,27000
2023-03-09,3574,telur_ayam,27000
2023-03-10,3574,telur_ayam,27000
2023-03-13,3574,telur_ayam,27000
2023-03-14,3574,telur_ayam,28000
2023-03-15,3574,telur_ayam,29150
2023-03-16,3574,telur_ayam,29500
2023-03-17,3574,telur_ayam,29500
2023-03-20,3574,telur_ayam,29500
2023-03-21,3574,telur_ayam,29250
2023-03-22,3574,telur_ayam,29250
2023-03-23,3574,telur_ayam,29250
2023-03-24,3574,telur_ayam,29250
2023-03-27,3574,telur_ayam,28750
2023-03-28,3574,telur_ayam,28500
2023-03-29,3574,telur_ayam,28500
2023-03-30,3574,telur_ayam,28150
2023-03-31,3574,telur_ayam,28150
2023-04-03,3574,telur_ayam,28000
2023-04-04,3574,telur_ayam,28000
2023-04-05,3574,telur_ayam,27750
2023-04-06,3574,telur_ayam,27250
2023-04-10,3574,telur_ayam,27000
2023-04-11,3574,telur_ayam,27000
2023-04-12,3574,telur_ayam,26750
2023-04-13,3574,telur_ayam,26750
2023-04-14,3574,telur_ayam,26750
2023-04-17,3574,telur_ayam,26250
2023-04-18,3574,telur_ayam,28000
2023-04-19,3574,telur_ayam,28000
2023-04-20,3574,telur_ayam,28000
2023-04-21,3574,telur_ayam,28000
2023-04-24,3574,telur_ayam,28000
2023-04-25,3574,telur_ayam,28000
2023-04-26,3574,telur_ayam,28000
2023-04-27,3574,telur_ayam,28000
2023-04-28,3574,telur_ayam,28000
2023-05-01,3574,telur_ayam,28000
2023-05-02,3574,telur_ayam,27500
2023-05-03,3574,telur_ayam,27500
2023-05-04,3574,telur_ayam,29000
2023-05-05,3574,telur_ayam,29000
2023-05-08,3574,telur_ayam,29000
2023-05-09,3574,telur_ayam,29000
2023-05-10,3574,telur_ayam,29000
2023-05-11,3574,telur_ayam,30000
2023-05-12,3574,telur_ayam,30000
2023-05-15,3574,telur_ayam,31750
2023-05-16,3574,telur_ayam,32000
2023-05-17,3574,telur_ayam,32000
2023-05-18,3574,telur_ayam,32000
2023-05-19,3574,telur_ayam,31000
2023-05-22,3574,telur_ayam,31000
2023-05-23,3574,telur_ayam,30500
2023-05-24,3574,telur_ayam,30000
2023-05-25,3574,telur_ayam,30000
2023-05-26,3574,telur_ayam,30000
2023-05-29,3574,telur_ayam,30000
2023-05-30,3574,telur_ayam,30000
2023-05-31,3574,telur_ayam,30000
2023-06-01,3574,telur_ayam,30000
2023-06-02,3574,telur_ayam,30000
2023-06-05,3574,telur_ayam,29000
2023-06-06,3574,telur_ayam,29000
2023-06-07,3574,telur_ayam,29000
2023-06-08,3574,telur_ayam,29000
2023-06-09,3574,telur_ayam,29400
2023-06-12,3574,telur_ayam,29400
2023-06-13,3574,telur_ayam,29400
2023-06-14,3574,telur_ayam,29400
2023-06-15,3574,telur_ayam,29000
2023-06-16,3574,telur_ayam,29000
2023-06-19,3574,telur_ayam,29000
2023-06-20,3574,telur_ayam,29000
2023-06-21,3574,telur_ayam,29000
2023-06-22,3574,telur_ayam,29500
2023-06-23,3574,telur_ayam,29500
2023-06-26,3574,telur_ayam,31000
2023-06-27,3574,telur_ayam,31000
2023-06-28,3574,telur_ayam,31000
2023-06-29,3574,telur_ayam,31000
2023-06-30,3574,telur_ayam,31000
2023-07-03,3574,telur_ayam,31500
2023-07-04,3574,telur_ayam,31500
2023-07-05,3574,telur_ayam,31500
2023-07-06,3574,telur_ayam,31000
2023-07-07,3574,telur_ayam,31000
2023-07-10,3574,telur_ayam,31000
2023-07-11,3574,telur_ayam,31000
2023-07-12,3574,telur_ayam,31000
2023-07-13,3574,telur_ayam,31000
2023-07-14,3574,telur_ayam,31000
2023-07-17,3574,telur_ayam,31000
2023-07-18,3574,telur_ayam,31000
2023-07-19,3574,telur_ayam,31000
2023-07-20,3574,telur_ayam,31000
2023-07-21,3574,telur_ayam,31000
2023-07-24,3574,telur_ayam,30500
2023-07-25,3574,telur_ayam,30500
2023-07-26,3574,telur_ayam,30000
2023-07-27,3574,telur_ayam,30000
2023-07-28,3574,telur_ayam,31000
2023-07-31,3574,telur_ayam,31000
2023-08-01,3574,telur_ayam,31000
2023-08-02,3574,telur_ayam,30250
2023-08-03,3574,telur_ayam,30250
2023-08-04,3574,telur_ayam,30250
2023-08-07,3574,telur_ayam,30000
2023-08-08,3574,telur_ayam,30000
2023-08-09,3574,telur_ayam,30000
2023-08-10,3574,telur_ayam,30000
2023-08-11,3574,telur_ayam,30000
2023-08-14,3574,telur_ayam,29500
2023-08-15,3574,telur_ayam,29250
2023-08-16,3574,telur_ayam,29250
2023-08-17,3574,telur_ayam,29250
2023-08-18,3574,telur_ayam,28000
2023-08-21,3574,telur_ayam,28000
2023-08-22,3574,telur_ayam,27750
2023-08-23,3574,telur_ayam,27500
2023-08-24,3574,telur_ayam,27000
2023-08-25,3574,telur_ayam,27000
2023-08-28,3574,telur_ayam,27000
2023-08-29,3574,telur_ayam,26500
2023-08-30,3574,telur_ayam,26250
2023-08-31,3574,telur_ayam,25750
2023-09-01,3574,telur_ayam,24750
2023-09-04,3574,telur_ayam,27150
2023-09-05,3574,telur_ayam,27150
2023-09-06,3574,telur_ayam,27500
2023-09-07,3574,telur_ayam,27500
2023-09-08,3574,telur_ayam,27000
2023-09-11,3574,telur_ayam,26000
2023-09-12,3574,telur_ayam,26000
2023-09-13,3574,telur_ayam,26000
2023-09-14,3574,telur_ayam,26000
2023-09-15,3574,telur_ayam,26000
2023-09-18,3574,telur_ayam,25500
2023-09-19,3574,telur_ayam,25750
2023-09-20,3574,telur_ayam,26000
2023-09-21,3574,telur_ayam,26000
2023-09-22,3574,telur_ayam,26000
2023-09-25,3574,telur_ayam,25000
2023-09-26,3574,telur_ayam,25000
2023-09-27,3574,telur_ayam,25000
2023-09-28,3574,telur_ayam,25000
2023-09-29,3574,telur_ayam,24400
2023-10-02,3574,telur_ayam,25000
2023-10-03,3574,telur_ayam,25000
2023-10-04,3574,telur_ayam,25500
2023-10-05,3574,telur_ayam,25500
2023-10-06,3574,telur_ayam,25250
2023-10-09,3574,telur_ayam,26000
2023-10-10,3574,telur_ayam,25500
2023-10-11,3574,telur_ayam,25250
2023-10-12,3574,telur_ayam,25250
2023-10-13,3574,telur_ayam,25000
2023-10-16,3574,telur_ayam,25000
2023-10-17,3574,telur_ayam,25000
2023-10-18,3574,telur_ayam,25000
2023-10-19,3574,telur_ayam,25000
2023-10-20,3574,telur_ayam,25000
2023-10-23,3574,telur_ayam,25000
2023-10-24,3574,telur_ayam,25000
2023-10-25,3574,telur_ayam,25000
2023-10-26,3574,telur_ayam,25000
2023-10-27,3574,telur_ayam,25000
2023-10-30,3574,telur_ayam,25000
2023-10-31,3574,telur_ayam,25000
2023-11-01,3574,telur_ayam,25000
2023-11-02,3574,telur_ayam,25000
2023-11-03,3574,telur_ayam,25000
2023-11-06,3574,telur_ayam,26750
2023-11-07,3574,telur_ayam,27500
2023-11-08,3574,telur_ayam,27750
2023-11-09,3574,telur_ayam,27000
2023-11-10,3574,telur_ayam,27000
2023-11-13,3574,telur_ayam,27000
2023-11-14,3574,telur_ayam,27000
2023-11-15,3574,telur_ayam,27000
2023-11-16,3574,telur_ayam,27000
2023-11-17,3574,telur_ayam,27000
2023-11-20,3574,telur_ayam,27000
2023-11-21,3574,telur_ayam,27000
2023-11-22,3574,telur_ayam,27000
2023-11-23,3574,telur_ayam,27000
2023-11-24,3574,telur_ayam,27000
2023-11-27,3574,telur_ayam,26500
2023-11-28,3574,telur_ayam,26500
2023-11-29,3574,telur_ayam,26500
2023-11-30,3574,telur_ayam,26250
2023-12-01,3574,telur_ayam,26250
2023-12-04,3574,telur_ayam,26250
2023-12-05,3574,telur_ayam,26000
2023-12-06,3574,telur_ayam,26000
2023-12-07,3574,telur_ayam,26000
2023-12-08,3574,telur_ayam,26000
2023-12-11,3574,telur_ayam,26000
2023-12-12,3574,telur_ayam,26000
2023-12-13,3574,telur_ayam,26000
2023-12-14,3574,telur_ayam,26000
2023-12-15,3574,telur_ayam,26000
2023-12-18,3574,telur_ayam,26000
2023-12-19,3574,telur_ayam,26000
2023-12-20,3574,telur_ayam,26000
2023-12-21,3574,telur_ayam,26000
2023-12-22,3574,telur_ayam,25250
2023-12-27,3574,telur_ayam,25000
2023-12-28,3574,telur_ayam,25000
2023-12-29,3574,telur_ayam,25000
2024-01-01,3574,telur_ayam,25000
2024-01-02,3574,telur_ayam,25000
2024-01-03,3574,telur_ayam,25000
2024-01-04,3574,telur_ayam,25000
2024-01-05,3574,telur_ayam,25000
2024-01-08,3574,telur_ayam,25000
2024-01-09,3574,telur_ayam,25000
2024-01-10,3574,telur_ayam,25000
2024-01-11,3574,telur_ayam,25000
2024-01-12,3574,telur_ayam,25000
2024-01-15,3574,telur_ayam,25000
2024-01-16,3574,telur_ayam,25750
2024-01-17,3574,telur_ayam,26000
2024-01-18,3574,telur_ayam,26000
2024-01-19,3574,telur_ayam,26500
2024-01-22,3574,telur_ayam,27000
2024-01-23,3574,telur_ayam,26500
2024-01-24,3574,telur_ayam,26000
2024-01-25,3574,telur_ayam,26000
2024-01-26,3574,telur_ayam,26000
2024-01-29,3574,telur_ayam,26000
2024-01-30,3574,telur_ayam,26000
2024-01-31,3574,telur_ayam,26000
2024-02-01,3574,telur_ayam,26000
2024-02-02,3574,telur_ayam,26000
2024-02-05,3574,telur_ayam,26750
2024-02-06,3574,telur_ayam,26750
2024-02-07,3574,telur_ayam,27000
2024-02-08,3574,telur_ayam,27000
2024-02-09,3574,telur_ayam,27000
2024-02-12,3574,telur_ayam,27500
2024-02-13,3574,telur_ayam,28000
2024-02-14,3574,telur_ayam,28000
2024-02-15,3574,telur_ayam,28000
2024-02-16,3574,telur_ayam,28750
2024-02-19,3574,telur_ayam,28750
2024-02-20,3574,telur_ayam,28750
2024-02-21,3574,telur_ayam,28750
2024-02-22,3574,telur_ayam,29000
2024-02-23,3574,telur_ayam,29500
2024-02-26,3574,telur_ayam,30500
2024-02-27,3574,telur_ayam,31000
2024-02-28,3574,telur_ayam,31000
2024-02-29,3574,telur_ayam,31000
2024-03-01,3574,telur_ayam,31000
2024-03-04,3574,telur_ayam,30000
2024-03-05,3574,telur_ayam,30000
2024-03-06,3574,telur_ayam,30000
2024-03-07,3574,telur_ayam,31000
2024-03-08,3574,telur_ayam,31000
2024-03-11,3574,telur_ayam,31000
2024-03-12,3574,telur_ayam,31000
2024-03-13,3574,telur_ayam,31000
2024-03-14,3574,telur_ayam,31000
2024-03-15,3574,telur_ayam,31000
2024-03-18,3574,telur_ayam,31000
2024-03-19,3574,telur_ayam,31000
2024-03-20,3574,telur_ayam,31000
2024-03-21,3574,telur_ayam,31000
2024-03-22,3574,telur_ayam,31000
2024-03-25,3574,telur_ayam,30000
2024-03-26,3574,telur_ayam,29500
2024-03-27,3574,telur_ayam,27500
2024-03-28,3574,telur_ayam,27500
2024-03-29,3574,telur_ayam,27500
2024-04-01,3574,telur_ayam,28000
2024-04-02,3574,telur_ayam,28000
2024-04-03,3574,telur_ayam,27000
2024-04-04,3574,telur_ayam,27000
2024-04-05,3574,telur_ayam,27000
2024-04-08,3574,telur_ayam,27000
2024-04-09,3574,telur_ayam,27000
2024-04-10,3574,telur_ayam,27000
2024-04-11,3574,telur_ayam,27000
2024-04-12,3574,telur_ayam,27000
2024-04-15,3574,telur_ayam,27000
2024-04-16,3574,telur_ayam,27000
2024-04-17,3574,telur_ayam,27000
2024-04-18,3574,telur_ayam,27000
2024-04-19,3574,telur_ayam,27000
2024-04-22,3574,telur_ayam,27000
2024-04-23,3574,telur_ayam,27000
2024-04-24,3574,telur_ayam,27000
2024-04-25,3574,telur_ayam,27000
2024-04-26,3574,telur_ayam,27000
2024-04-29,3574,telur_ayam,27000
2024-04-30,3574,telur_ayam,27500
2024-05-01,3574,telur_ayam,27500
2024-05-02,3574,telur_ayam,29000
2024-05-03,3574,telur_ayam,29000
2024-05-06,3574,telur_ayam,29000
2024-05-07,3574,telur_ayam,29000
2024-05-08,3574,telur_ayam,29000
2024-05-09,3574,telur_ayam,29000
2024-05-10,3574,telur_ayam,29000
2024-05-13,3574,telur_ayam,29000
2024-05-14,3574,telur_ayam,29000
2024-05-15,3574,telur_ayam,29000
2024-05-16,3574,telur_ayam,29000
2024-05-17,3574,telur_ayam,29000
2024-05-20,3574,telur_ayam,29000
2024-05-21,3574,telur_ayam,29000
2024-05-22,3574,telur_ayam,29000
2024-05-23,3574,telur_ayam,29000
2024-05-24,3574,telur_ayam,29000
2024-05-27,3574,telur_ayam,27000
2024-05-28,3574,telur_ayam,27000
2024-05-29,3574,telur_ayam,27000
2024-05-30,3574,telur_ayam,27250
2024-05-31,3574,telur_ayam,27250
2024-06-03,3574,telur_ayam,27000
2024-06-04,3574,telur_ayam,26250
2024-06-05,3574,telur_ayam,26650
2024-06-06,3574,telur_ayam,26000
2024-06-07,3574,telur_ayam,26000
2024-06-10,3574,telur_ayam,27000
2024-06-11,3574,telur_ayam,27000
2024-06-12,3574,telur_ayam,27000
2024-06-13,3574,telur_ayam,27750
2024-06-14,3574,telur_ayam,27750
2024-06-17,3574,telur_ayam,27750
2024-06-18,3574,telur_ayam,28000
2024-06-19,3574,telur_ayam,27000
2024-06-20,3574,telur_ayam,27500
2024-06-21,3574,telur_ayam,27750
2024-06-24,3574,telur_ayam,27000
2024-06-25,3574,telur_ayam,27000
2024-06-26,3574,telur_ayam,27000
2024-06-27,3574,telur_ayam,27000
2024-06-28,3574,telur_ayam,27000
2024-07-01,3574,telur_ayam,26750
2024-07-02,3574,telur_ayam,26750
2024-07-03,3574,telur_ayam,26750
2024-07-04,3574,telur_ayam,26750
2024-07-05,3574,telur_ayam,26250
2024-07-08,3574,telur_ayam,26000
2024-07-09,3574,telur_ayam,26750
2024-07-10,3574,telur_ayam,27000
2024-07-11,3574,telur_ayam,27000
2024-07-12,3574,telur_ayam,27000
2024-07-15,3574,telur_ayam,26750
2024-07-16,3574,telur_ayam,26750
2024-07-17,3574,telur_ayam,26650
2024-07-18,3574,telur_ayam,26500
2024-07-19,3574,telur_ayam,26500
2024-07-22,3574,telur_ayam,27000
2024-07-23,3574,telur_ayam,27000
2024-07-24,3574,telur_ayam,27000
2024-07-25,3574,telur_ayam,27000
2024-07-26,3574,telur_ayam,27000
2024-07-29,3574,telur_ayam,26400
2024-07-30,3574,telur_ayam,26150
2024-07-31,3574,telur_ayam,26150
2024-08-01,3574,telur_ayam,26400
2024-08-02,3574,telur_ayam,26250
2024-08-05,3574,telur_ayam,26400
2024-08-06,3574,telur_ayam,26250
2024-08-07,3574,telur_ayam,26250
2024-08-08,3574,telur_ayam,26250
2024-08-09,3574,telur_ayam,26000
2024-08-12,3574,telur_ayam,25900
2024-08-13,3574,telur_ayam,25900
2024-08-14,3574,telur_ayam,25900
2024-08-15,3574,telur_ayam,25900
2024-08-16,3574,telur_ayam,25750
2024-08-19,3574,telur_ayam,26000
2024-08-20,3574,telur_ayam,25000
2024-08-21,3574,telur_ayam,25000
2024-08-22,3574,telur_ayam,25000
2024-08-23,3574,telur_ayam,25500
2024-08-26,3574,telur_ayam,24500
2024-08-27,3574,telur_ayam,24000
2024-08-28,3574,telur_ayam,24000
2024-08-29,3574,telur_ayam,25000
2024-08-30,3574,telur_ayam,25000
2024-09-02,3574,telur_ayam,24000
2024-09-03,3574,telur_ayam,24000
2024-09-04,3574,telur_ayam,24000
2024-09-05,3574,telur_ayam,24000
2024-09-06,3574,telur_ayam,24000
2024-09-09,3574,telur_ayam,25650
2024-09-10,3574,telur_ayam,25750
2024-09-11,3574,telur_ayam,26000
2024-09-12,3574,telur_ayam,26000
2024-09-13,3574,telur_ayam,26000
2024-09-16,3574,telur_ayam,26000
2024-09-17,3574,telur_ayam,25000
2024-09-18,3574,telur_ayam,25000
2024-09-19,3574,telur_ayam,25000
2024-09-20,3574,telur_ayam,25000
2024-09-23,3574,telur_ayam,25500
2024-09-24,3574,telur_ayam,25500
2024-09-25,3574,telur_ayam,25500
2024-09-26,3574,telur_ayam,25500
2024-09-27,3574,telur_ayam,25250
2024-09-30,3574,telur_ayam,25250
2024-10-01,3574,telur_ayam,25250
2024-10-02,3574,telur_ayam,25250
2024-10-03,3574,telur_ayam,25250
2024-10-04,3574,telur_ayam,25250
2024-10-07,3574,telur_ayam,25500
2024-10-08,3574,telur_ayam,25500
2024-10-09,3574,telur_ayam,25500
2024-10-10,3574,telur_ayam,25500
2024-10-11,3574,telur_ayam,25500
2024-10-14,3574,telur_ayam,25750
2024-10-15,3574,telur_ayam,25750
2024-10-16,3574,telur_ayam,26000
2024-10-17,3574,telur_ayam,26000
2024-10-18,3574,telur_ayam,26000
2024-10-21,3574,telur_ayam,25750
2024-10-22,3574,telur_ayam,25750
2024-10-23,3574,telur_ayam,25750
2024-10-24,3574,telur_ayam,25750
2024-10-25,3574,telur_ayam,25750
2024-10-28,3574,telur_ayam,25750
2024-10-29,3574,telur_ayam,25750
2024-10-30,3574,telur_ayam,25750
2024-10-31,3574,telur_ayam,25750
2024-11-01,3574,telur_ayam,25750
2024-11-04,3574,telur_ayam,25750
2024-11-05,3574,telur_ayam,25500
2024-11-06,3574,telur_ayam,25500
2024-11-07,3574,telur_ayam,25750
2024-11-08,3574,telur_ayam,25750
2024-11-11,3574,telur_ayam,25250
2024-11-12,3574,telur_ayam,25250
2024-11-13,3574,telur_ayam,25250
2024-11-14,3574,telur_ayam,25250
2024-11-15,3574,telur_ayam,25150
2024-11-18,3574,telur_ayam,25000
2024-11-19,3574,telur_ayam,25000
2024-11-20,3574,telur_ayam,25000
2024-11-21,3574,telur_ayam,25000
2024-11-22,3574,telur_ayam,25000
2024-11-25,3574,telur_ayam,25000
2024-11-26,3574,telur_ayam,25000
2024-11-27,3574,telur_ayam,25000
2024-11-28,3574,telur_ayam,25000
2024-11-29,3574,telur_ayam,25000
2024-12-02,3574,telur_ayam,25000
2024-12-03,3574,telur_ayam,25000
2024-12-04,3574,telur_ayam,25000
2024-12-05,3574,telur_ayam,25000
2024-12-06,3574,telur_ayam,25000
2024-12-09,3574,telur_ayam,28000
2024-12-10,3574,telur_ayam,28000
2024-12-11,3574,telur_ayam,29000
2024-12-12,3574,telur_ayam,29000
2024-12-13,3574,telur_ayam,29000
2024-12-16,3574,telur_ayam,30000
2024-12-17,3574,telur_ayam,30000
2024-12-18,3574,telur_ayam,30000
2024-12-19,3574,telur_ayam,30000
2024-12-20,3574,telur_ayam,30000
2024-12-23,3574,telur_ayam,30000
2024-12-24,3574,telur_ayam,30000
2024-12-25,3574,telur_ayam,30000
2024-12-26,3574,telur_ayam,30000
2024-12-27,3574,telur_ayam,30000
2024-12-30,3574,telur_ayam,29900
2024-12-31,3574,telur_ayam,29000
2025-01-01,3574,telur_ayam,29000
2025-01-02,3574,telur_ayam,29000
2025-01-03,3574,telur_ayam,29000
2025-01-06,3574,telur_ayam,29000
2025-01-07,3574,telur_ayam,28000
2025-01-08,3574,telur_ayam,28000
2025-01-09,3574,telur_ayam,28000
2025-01-10,3574,telur_ayam,28000
2025-01-13,3574,telur_ayam,27000
2025-01-14,3574,telur_ayam,26750
2025-01-15,3574,telur_ayam,26650
2025-01-16,3574,telur_ayam,26500
2025-01-17,3574,telur_ayam,26150
2025-01-20,3574,telur_ayam,26000
2025-01-21,3574,telur_ayam,25000
2025-01-22,3574,telur_ayam,25000
2025-01-23,3574,telur_ayam,25000
2025-01-24,3574,telur_ayam,25000
2025-01-27,3574,telur_ayam,25000
2025-01-28,3574,telur_ayam,25000
2025-01-29,3574,telur_ayam,25000
2025-01-30,3574,telur_ayam,26000
2025-01-31,3574,telur_ayam,26000
2025-02-03,3574,telur_ayam,27000
2025-02-04,3574,telur_ayam,27000
2025-02-05,3574,telur_ayam,27000
2025-02-06,3574,telur_ayam,27000
2025-02-07,3574,telur_ayam,27000
2025-02-10,3574,telur_ayam,27000
2025-02-11,3574,telur_ayam,27000
2025-02-12,3574,telur_ayam,27000
2025-02-13,3574,telur_ayam,27000
2025-02-14,3574,telur_ayam,27000
2025-02-17,3574,telur_ayam,28000
2025-02-18,3574,telur_ayam,28000
2025-02-19,3574,telur_ayam,28750
2025-02-20,3574,telur_ayam,29000
2025-02-21,3574,telur_ayam,29000
2025-02-24,3574,telur_ayam,29000
2025-02-25,3574,telur_ayam,29000
2025-02-26,3574,telur_ayam,29150
2025-02-27,3574,telur_ayam,29500
2025-02-28,3574,telur_ayam,29650
2025-03-03,3574,telur_ayam,29150
2025-03-04,3574,telur_ayam,29150
2025-03-05,3574,telur_ayam,28750
2025-03-06,3574,telur_ayam,28900
2025-03-07,3574,telur_ayam,28750
2025-03-10,3574,telur_ayam,28500
2025-03-11,3574,telur_ayam,28500
2025-03-12,3574,telur_ayam,28400
2025-03-13,3574,telur_ayam,27500
2025-03-14,3574,telur_ayam,27000
2025-03-17,3574,telur_ayam,25750
2025-03-18,3574,telur_ayam,26250
2025-03-19,3574,telur_ayam,26650
2025-03-20,3574,telur_ayam,26650
2025-03-21,3574,telur_ayam,26650
2025-03-24,3574,telur_ayam,26500
2025-03-25,3574,telur_ayam,26650
2025-03-26,3574,telur_ayam,26650
2025-03-27,3574,telur_ayam,26650
2025-03-28,3574,telur_ayam,26650
2025-03-31,3574,telur_ayam,26650
2025-04-01,3574,telur_ayam,26650
2025-04-02,3574,telur_ayam,26650
2025-04-03,3574,telur_ayam,26650
2025-04-04,3574,telur_ayam,26650
2025-04-07,3574,telur_ayam,26650
2025-04-08,3574,telur_ayam,26000
2025-04-09,3574,telur_ayam,26000
2025-04-10,3574,telur_ayam,26000
2025-04-11,3574,telur_ayam,26000
2025-04-14,3574,telur_ayam,25000
2025-04-15,3574,telur_ayam,25000
2025-04-16,3574,telur_ayam,25000
2025-04-17,3574,telur_ayam,25000
2025-04-18,3574,telur_ayam,25000
2025-04-21,3574,telur_ayam,24750
2025-04-22,3574,telur_ayam,24500
2025-04-23,3574,telur_ayam,24750
2025-04-24,3574,telur_ayam,25000
2025-04-25,3574,telur_ayam,25500
2025-04-28,3574,telur_ayam,27750
2025-04-29,3574,telur_ayam,27750
2025-04-30,3574,telur_ayam,27500
2025-05-01,3574,telur_ayam,27500
2025-05-02,3574,telur_ayam,26500
2025-05-05,3574,telur_ayam,26000
2025-05-06,3574,telur_ayam,26000
2025-05-07,3574,telur_ayam,26000
2025-05-08,3574,telur_ayam,26000
2025-05-09,3574,telur_ayam,26000
2025-05-12,3574,telur_ayam,26000
2025-05-13,3574,telur_ayam,26000
2025-05-14,3574,telur_ayam,25750
2025-05-15,3574,telur_ayam,25750
2025-05-16,3574,telur_ayam,26000
2025-05-19,3574,telur_ayam,26000
2025-05-20,3574,telur_ayam,26000
2025-05-21,3574,telur_ayam,26000
2025-05-22,3574,telur_ayam,26000
2025-05-23,3574,telur_ayam,26000
2025-05-26,3574,telur_ayam,25900
2025-05-27,3574,telur_ayam,25900
2025-05-28,3574,telur_ayam,25900
2025-05-29,3574,telur_ayam,25900
2025-05-30,3574,telur_ayam,25900
2025-06-02,3574,telur_ayam,26000
2025-06-03,3574,telur_ayam,26750
2025-06-04,3574,telur_ayam,27000
2025-06-05,3574,telur_ayam,27000
2025-06-06,3574,telur_ayam,27000
2025-06-09,3574,telur_ayam,27000
2025-06-10,3574,telur_ayam,27000
2025-06-11,3574,telur_ayam,27000
2025-06-12,3574,telur_ayam,27000
2025-06-13,3574,telur_ayam,27000
2025-06-16,3574,telur_ayam,27000
2025-06-17,3574,telur_ayam,27000
2025-06-18,3574,telur_ayam,27000
2025-06-19,3574,telur_ayam,27000
2025-06-20,3574,telur_ayam,27000
2025-06-23,3574,telur_ayam,27000
2025-06-24,3574,telur_ayam,27000
2025-06-25,3574,telur_ayam,27000
2025-06-26,3574,telur_ayam,27000
2025-06-27,3574,telur_ayam,27000
2025-06-30,3574,telur_ayam,27000
2025-07-01,3574,telur_ayam,27000
2025-07-02,3574,telur_ayam,27000
2025-07-03,3574,telur_ayam,27000
2025-07-04,3574,telur_ayam,27000
2025-07-07,3574,telur_ayam,28000
2025-07-08,3574,telur_ayam,28000
2025-07-09,3574,telur_ayam,28000
2025-07-10,3574,telur_ayam,28000
2025-07-11,3574,telur_ayam,28000
2025-07-14,3574,telur_ayam,28000
2025-07-15,3574,telur_ayam,28000
2025-07-16,3574,telur_ayam,28000
2025-07-17,3574,telur_ayam,28000
2025-07-18,3574,telur_ayam,28000
2025-07-21,3574,telur_ayam,28000
2025-07-22,3574,telur_ayam,28000
2025-07-23,3574,telur_ayam,28000
2025-07-24,3574,telur_ayam,28000
2025-07-25,3574,telur_ayam,27750
2025-07-28,3574,telur_ayam,27650
2025-07-29,3574,telur_ayam,27650
2025-07-30,3574,telur_ayam,27900
2025-07-31,3574,telur_ayam,28000
2025-08-01,3574,telur_ayam,28000
2025-08-04,3574,telur_ayam,28000
2025-08-05,3574,telur_ayam,28000
2025-08-06,3574,telur_ayam,28000
2025-08-07,3574,telur_ayam,27750
2025-08-08,3574,telur_ayam,27400
2025-08-11,3574,telur_ayam,27000
2025-08-12,3574,telur_ayam,27000
2025-08-13,3574,telur_ayam,27000
2025-08-14,3574,telur_ayam,27000
2025-08-15,3574,telur_ayam,27000
2025-08-18,3574,telur_ayam,27000
2025-08-19,3574,telur_ayam,27000
2025-08-20,3574,telur_ayam,26500
2025-08-21,3574,telur_ayam,26000
2025-08-22,3574,telur_ayam,26000
2025-08-25,3574,telur_ayam,26000
2025-08-26,3574,telur_ayam,26000
2025-08-27,3574,telur_ayam,26000
2025-08-28,3574,telur_ayam,26000
2025-08-29,3574,telur_ayam,26000
2025-09-01,3574,telur_ayam,26000
2025-09-02,3574,telur_ayam,26250
2025-09-03,3574,telur_ayam,26500
2025-09-04,3574,telur_ayam,26500
2025-09-05,3574,telur_ayam,26500
2025-09-08,3574,telur_ayam,27750
2025-09-09,3574,telur_ayam,28400
2025-09-10,3574,telur_ayam,28750
2025-09-11,3574,telur_ayam,28750
2025-09-12,3574,telur_ayam,28750
2025-09-15,3574,telur_ayam,28000
2025-09-16,3574,telur_ayam,28000
2025-09-17,3574,telur_ayam,28000
2025-09-18,3574,telur_ayam,28000
2025-09-19,3574,telur_ayam,28000
2025-09-22,3574,telur_ayam,28000
2025-09-23,3574,telur_ayam,28000
2025-09-24,3574,telur_ayam,28000
2025-09-25,3574,telur_ayam,28000
2025-09-26,3574,telur_ayam,29000
2025-09-29,3574,telur_ayam,29000
2025-09-30,3574,telur_ayam,29000
2025-10-01,3574,telur_ayam,29000
2025-10-02,3574,telur_ayam,29000
2025-10-03,3574,telur_ayam,29000
2025-10-06,3574,telur_ayam,30000
2025-10-07,3574,telur_ayam,30000
2025-10-08,3574,telur_ayam,30000
2025-10-09,3574,telur_ayam,30000
2025-10-10,3574,telur_ayam,30400
2025-10-13,3574,telur_ayam,30000
2025-10-14,3574,telur_ayam,30000
2025-10-15,3574,telur_ayam,30000
2025-10-16,3574,telur_ayam,30000
2025-10-17,3574,telur_ayam,30000
2025-10-20,3574,telur_ayam,30000
2025-10-21,3574,telur_ayam,30000
2025-10-22,3574,telur_ayam,30000
2025-10-23,3574,telur_ayam,29750
2025-10-24,3574,telur_ayam,29750
2025-10-27,3574,telur_ayam,29000
2025-10-28,3574,telur_ayam,29000
2025-10-29,3574,telur_ayam,29000
2025-10-30,3574,telur_ayam,28750
2025-10-31,3574,telur_ayam,28000
2025-11-03,3574,telur_ayam,28650
2025-11-04,3574,telur_ayam,28650
2025-11-05,3574,telur_ayam,28650
2025-11-06,3574,telur_ayam,28900
2025-11-07,3574,telur_ayam,28900
2025-11-10,3574,telur_ayam,28650
2025-11-11,3574,telur_ayam,28650
2025-11-12,3574,telur_ayam,29000
2025-11-13,3574,telur_ayam,29000
2025-11-14,3574,telur_ayam,29000
2025-11-17,3574,telur_ayam,29000
2025-11-18,3574,telur_ayam,29000
2025-11-19,3574,telur_ayam,29000
2025-11-20,3574,telur_ayam,28750
2025-11-21,3574,telur_ayam,28750
2025-11-24,3574,telur_ayam,28500
2025-11-25,3574,telur_ayam,28500
2025-11-26,3574,telur_ayam,28000
2025-11-27,3574,telur_ayam,28000
2025-11-28,3574,telur_ayam,28000
2025-12-01,3574,telur_ayam,28000
2025-12-02,3574,telur_ayam,28000
2025-12-03,3574,telur_ayam,28000
2025-12-04,3574,telur_ayam,29000
2025-12-05,3574,telur_ayam,29000
2025-12-08,3574,telur_ayam,29750
2025-12-09,3574,telur_ayam,30000
2025-12-10,3574,telur_ayam,30000
2025-12-11,3574,telur_ayam,30000
2025-12-12,3574,telur_ayam,30400
2025-12-15,3574,telur_ayam,31000
2025-12-16,3574,telur_ayam,31000
2025-12-17,3574,telur_ayam,31000
2025-12-18,3574,telur_ayam,31000
2025-12-19,3574,telur_ayam,30250
2025-12-22,3574,telur_ayam,30000
2025-12-23,3574,telur_ayam,30000
2025-12-24,3574,telur_ayam,30000
2025-12-25,3574,telur_ayam,30000
2025-12-26,3574,telur_ayam,30000
2025-12-29,3574,telur_ayam,29000
2025-12-30,3574,telur_ayam,29000
2025-12-31,3574,telur_ayam,29000
2021-01-04,3577,telur_ayam,22000
2021-01-05,3577,telur_ayam,22000
2021-01-06,3577,telur_ayam,23500
2021-01-07,3577,telur_ayam,23250
2021-01-08,3577,telur_ayam,22000
2021-01-11,3577,telur_ayam,23000
2021-01-12,3577,telur_ayam,23000
2021-01-13,3577,telur_ayam,23000
2021-01-14,3577,telur_ayam,22000
2021-01-15,3577,telur_ayam,22000
2021-01-18,3577,telur_ayam,21750
2021-01-19,3577,telur_ayam,22000
2021-01-20,3577,telur_ayam,21000
2021-01-21,3577,telur_ayam,21000
2021-01-22,3577,telur_ayam,21000
2021-01-25,3577,telur_ayam,20000
2021-01-26,3577,telur_ayam,20000
2021-01-27,3577,telur_ayam,20000
2021-01-28,3577,telur_ayam,20000
2021-01-29,3577,telur_ayam,20000
2021-02-01,3577,telur_ayam,20000
2021-02-02,3577,telur_ayam,20000
2021-02-03,3577,telur_ayam,20000
2021-02-04,3577,telur_ayam,21000
2021-02-05,3577,telur_ayam,21000
2021-02-08,3577,telur_ayam,23200
2021-02-09,3577,telur_ayam,24000
2021-02-10,3577,telur_ayam,24000
2021-02-11,3577,telur_ayam,24000
2021-02-15,3577,telur_ayam,24000
2021-02-16,3577,telur_ayam,24000
2021-02-17,3577,telur_ayam,24000
2021-02-18,3577,telur_ayam,24000
2021-02-19,3577,telur_ayam,24000
2021-02-22,3577,telur_ayam,24000
2021-02-23,3577,telur_ayam,24000
2021-02-24,3577,telur_ayam,24000
2021-02-25,3577,telur_ayam,24000
2021-02-26,3577,telur_ayam,24000
2021-03-01,3577,telur_ayam,24000
2021-03-02,3577,telur_ayam,22000
2021-03-03,3577,telur_ayam,22000
2021-03-04,3577,telur_ayam,22000
2021-03-05,3577,telur_ayam,22000
2021-03-08,3577,telur_ayam,22850
2021-03-09,3577,telur_ayam,23000
2021-03-10,3577,telur_ayam,23000
2021-03-12,3577,telur_ayam,23000
2021-03-15,3577,telur_ayam,22200
2021-03-16,3577,telur_ayam,23000
2021-03-17,3577,telur_ayam,22100
2021-03-18,3577,telur_ayam,22100
2021-03-19,3577,telur_ayam,22000
2021-03-22,3577,telur_ayam,21700
2021-03-23,3577,telur_ayam,21700
2021-03-24,3577,telur_ayam,21700
2021-03-25,3577,telur_ayam,21700
2021-03-26,3577,telur_ayam,21700
2021-03-29,3577,telur_ayam,20000
2021-03-30,3577,telur_ayam,20000
2021-03-31,3577,telur_ayam,20000
2021-04-01,3577,telur_ayam,20000
2021-04-05,3577,telur_ayam,21250
2021-04-06,3577,telur_ayam,21000
2021-04-07,3577,telur_ayam,21000
2021-04-08,3577,telur_ayam,22000
2021-04-09,3577,telur_ayam,24000
2021-04-12,3577,telur_ayam,24000
2021-04-13,3577,telur_ayam,24000
2021-04-14,3577,telur_ayam,24000
2021-04-15,3577,telur_ayam,24000
2021-04-16,3577,telur_ayam,24000
2021-04-19,3577,telur_ayam,23850
2021-04-20,3577,telur_ayam,24000
2021-04-21,3577,telur_ayam,23000
2021-04-22,3577,telur_ayam,23000
2021-04-23,3577,telur_ayam,23000
2021-04-26,3577,telur_ayam,22250
2021-04-27,3577,telur_ayam,22000
2021-04-28,3577,telur_ayam,22000
2021-04-29,3577,telur_ayam,22000
2021-04-30,3577,telur_ayam,22000
2021-05-03,3577,telur_ayam,21500
2021-05-04,3577,telur_ayam,21000
2021-05-05,3577,telur_ayam,21000
2021-05-06,3577,telur_ayam,21000
2021-05-07,3577,telur_ayam,21000
2021-05-10,3577,telur_ayam,22000
2021-05-11,3577,telur_ayam,22000
2021-05-17,3577,telur_ayam,21850
2021-05-18,3577,telur_ayam,22000
2021-05-19,3577,telur_ayam,22000
2021-05-20,3577,telur_ayam,22000
2021-05-21,3577,telur_ayam,22000
2021-05-24,3577,telur_ayam,22000
2021-05-25,3577,telur_ayam,22000
2021-05-27,3577,telur_ayam,22000
2021-05-28,3577,telur_ayam,22000
2021-05-31,3577,telur_ayam,22500
2021-06-02,3577,telur_ayam,22000
2021-06-03,3577,telur_ayam,22000
2021-06-04,3577,telur_ayam,23000
2021-06-07,3577,telur_ayam,23000
2021-06-08,3577,telur_ayam,23000
2021-06-09,3577,telur_ayam,23000
2021-06-10,3577,telur_ayam,23000
2021-06-11,3577,telur_ayam,23000
2021-06-14,3577,telur_ayam,23200
2021-06-15,3577,telur_ayam,23200
2021-06-16,3577,telur_ayam,23200
2021-06-17,3577,telur_ayam,23200
2021-06-18,3577,telur_ayam,23100
2021-06-21,3577,telur_ayam,22850
2021-06-22,3577,telur_ayam,22200
2021-06-23,3577,telur_ayam,22200
2021-06-24,3577,telur_ayam,22200
2021-06-25,3577,telur_ayam,22200
2021-06-28,3577,telur_ayam,22200
2021-06-29,3577,telur_ayam,22200
2021-06-30,3577,telur_ayam,22200
2021-07-01,3577,telur_ayam,22200
2021-07-02,3577,telur_ayam,22200
2021-07-05,3577,telur_ayam,21700
2021-07-06,3577,telur_ayam,21700
2021-07-07,3577,telur_ayam,22000
2021-07-08,3577,telur_ayam,22000
2021-07-09,3577,telur_ayam,22000
2021-07-12,3577,telur_ayam,21600
2021-07-13,3577,telur_ayam,21600
2021-07-14,3577,telur_ayam,21600
2021-07-15,3577,telur_ayam,21750
2021-07-16,3577,telur_ayam,21750
2021-07-19,3577,telur_ayam,22750
2021-07-21,3577,telur_ayam,23000
2021-07-22,3577,telur_ayam,23000
2021-07-23,3577,telur_ayam,23000
2021-07-26,3577,telur_ayam,24000
2021-07-27,3577,telur_ayam,23000
2021-07-28,3577,telur_ayam,23000
2021-07-29,3577,telur_ayam,23000
2021-07-30,3577,telur_ayam,23000
2021-08-02,3577,telur_ayam,23200
2021-08-03,3577,telur_ayam,23100
2021-08-04,3577,telur_ayam,23100
2021-08-05,3577,telur_ayam,23850
2021-08-06,3577,telur_ayam,23850
2021-08-09,3577,telur_ayam,22000
2021-08-10,3577,telur_ayam,22000
2021-08-12,3577,telur_ayam,22000
2021-08-13,3577,telur_ayam,22000
2021-08-16,3577,telur_ayam,22000
2021-08-18,3577,telur_ayam,22000
2021-08-19,3577,telur_ayam,22000
2021-08-20,3577,telur_ayam,21100
2021-08-23,3577,telur_ayam,20750
2021-08-24,3577,telur_ayam,20750
2021-08-25,3577,telur_ayam,20750
2021-08-26,3577,telur_ayam,20750
2021-08-27,3577,telur_ayam,20750
2021-08-30,3577,telur_ayam,19500
2021-08-31,3577,telur_ayam,19850
2021-09-01,3577,telur_ayam,20000
2021-09-02,3577,telur_ayam,20000
2021-09-03,3577,telur_ayam,20000
2021-09-06,3577,telur_ayam,19100
2021-09-07,3577,telur_ayam,19100
2021-09-08,3577,telur_ayam,19700
2021-09-09,3577,telur_ayam,20000
2021-09-10,3577,telur_ayam,20000
2021-09-13,3577,telur_ayam,19000
2021-09-14,3577,telur_ayam,19000
2021-09-15,3577,telur_ayam,19000
2021-09-16,3577,telur_ayam,19000
2021-09-17,3577,telur_ayam,19000
2021-09-20,3577,telur_ayam,18500
2021-09-21,3577,telur_ayam,18500
2021-09-22,3577,telur_ayam,18500
2021-09-23,3577,telur_ayam,18500
2021-09-24,3577,telur_ayam,18500
2021-09-27,3577,telur_ayam,18100
2021-09-28,3577,telur_ayam,18100
2021-09-29,3577,telur_ayam,18100
2021-09-30,3577,telur_ayam,18100
2021-10-01,3577,telur_ayam,19000
2021-10-04,3577,telur_ayam,19000
2021-10-05,3577,telur_ayam,19000
2021-10-06,3577,telur_ayam,19000
2021-10-07,3577,telur_ayam,18000
2021-10-08,3577,telur_ayam,18000
2021-10-11,3577,telur_ayam,17000
2021-10-12,3577,telur_ayam,17000
2021-10-13,3577,telur_ayam,17000
2021-10-14,3577,telur_ayam,17850
2021-10-15,3577,telur_ayam,18000
2021-10-18,3577,telur_ayam,17000
2021-10-19,3577,telur_ayam,17000
2021-10-21,3577,telur_ayam,17000
2021-10-22,3577,telur_ayam,17000
2021-10-25,3577,telur_ayam,17450
2021-10-26,3577,telur_ayam,17450
2021-10-27,3577,telur_ayam,18000
2021-10-28,3577,telur_ayam,18000
2021-10-29,3577,telur_ayam,18000
2021-11-01,3577,telur_ayam,18600
2021-11-02,3577,telur_ayam,18600
2021-11-03,3577,telur_ayam,18600
2021-11-04,3577,telur_ayam,18600
2021-11-05,3577,telur_ayam,18600
2021-11-08,3577,telur_ayam,23250
2021-11-09,3577,telur_ayam,24000
2021-11-10,3577,telur_ayam,24000
2021-11-11,3577,telur_ayam,24750
2021-11-12,3577,telur_ayam,24750
2021-11-15,3577,telur_ayam,24000
2021-11-16,3577,telur_ayam,22000
2021-11-17,3577,telur_ayam,22000
2021-11-18,3577,telur_ayam,22000
2021-11-19,3577,telur_ayam,22000
2021-11-22,3577,telur_ayam,22250
2021-11-23,3577,telur_ayam,22250
2021-11-24,3577,telur_ayam,22250
2021-11-25,3577,telur_ayam,22250
2021-11-26,3577,telur_ayam,22000
2021-11-29,3577,telur_ayam,21500
2021-11-30,3577,telur_ayam,21500
2021-12-01,3577,telur_ayam,21500
2021-12-02,3577,telur_ayam,21500
2021-12-03,3577,telur_ayam,21500
2021-12-06,3577,telur_ayam,20750
2021-12-07,3577,telur_ayam,20750
2021-12-08,3577,telur_ayam,20750
2021-12-09,3577,telur_ayam,20750
2021-12-10,3577,telur_ayam,20750
2021-12-13,3577,telur_ayam,22850
2021-12-14,3577,telur_ayam,22950
2021-12-15,3577,telur_ayam,24000
2021-12-16,3577,telur_ayam,24000
2021-12-17,3577,telur_ayam,24000
2021-12-20,3577,telur_ayam,25000
2021-12-21,3577,telur_ayam,25000
2021-12-22,3577,telur_ayam,25000
2021-12-23,3577,telur_ayam,25000
2021-12-24,3577,telur_ayam,27800
2021-12-27,3577,telur_ayam,28950
2021-12-28,3577,telur_ayam,28950
2021-12-29,3577,telur_ayam,28950
2021-12-30,3577,telur_ayam,27000
2021-12-31,3577,telur_ayam,27000
2022-01-03,3577,telur_ayam,25600
2022-01-04,3577,telur_ayam,25200
2022-01-05,3577,telur_ayam,25000
2022-01-06,3577,telur_ayam,24200
2022-01-07,3577,telur_ayam,24000
2022-01-10,3577,telur_ayam,23250
2022-01-11,3577,telur_ayam,23250
2022-01-12,3577,telur_ayam,23250
2022-01-13,3577,telur_ayam,23000
2022-01-14,3577,telur_ayam,23000
2022-01-17,3577,telur_ayam,22350
2022-01-18,3577,telur_ayam,22350
2022-01-19,3577,telur_ayam,22200
2022-01-20,3577,telur_ayam,21000
2022-01-21,3577,telur_ayam,21000
2022-01-24,3577,telur_ayam,20450
2022-01-25,3577,telur_ayam,20450
2022-01-26,3577,telur_ayam,20950
2022-01-27,3577,telur_ayam,20000
2022-01-28,3577,telur_ayam,20000
2022-01-31,3577,telur_ayam,19000
2022-02-02,3577,telur_ayam,19000
2022-02-03,3577,telur_ayam,19000
2022-02-04,3577,telur_ayam,19000
2022-02-07,3577,telur_ayam,19000
2022-02-08,3577,telur_ayam,19000
2022-02-09,3577,telur_ayam,19000
2022-02-10,3577,telur_ayam,19000
2022-02-11,3577,telur_ayam,19000
2022-02-14,3577,telur_ayam,19350
2022-02-15,3577,telur_ayam,19000
2022-02-16,3577,telur_ayam,19000
2022-02-17,3577,telur_ayam,19000
2022-02-18,3577,telur_ayam,19000
2022-02-21,3577,telur_ayam,21200
2022-02-22,3577,telur_ayam,21100
2022-02-23,3577,telur_ayam,21100
2022-02-24,3577,telur_ayam,21100
2022-02-25,3577,telur_ayam,21100
2022-03-01,3577,telur_ayam,21000
2022-03-02,3577,telur_ayam,21000
2022-03-04,3577,telur_ayam,21000
2022-03-07,3577,telur_ayam,23600
2022-03-08,3577,telur_ayam,23600
2022-03-09,3577,telur_ayam,24000
2022-03-10,3577,telur_ayam,24000
2022-03-11,3577,telur_ayam,24000
2022-03-14,3577,telur_ayam,24000
2022-03-15,3577,telur_ayam,24000
2022-03-16,3577,telur_ayam,24000
2022-03-17,3577,telur_ayam,24000
2022-03-18,3577,telur_ayam,24000
2022-03-21,3577,telur_ayam,23950
2022-03-22,3577,telur_ayam,23950
2022-03-23,3577,telur_ayam,23950
2022-03-24,3577,telur_ayam,24000
2022-03-25,3577,telur_ayam,24000
2022-03-28,3577,telur_ayam,25000
2022-03-29,3577,telur_ayam,25000
2022-03-30,3577,telur_ayam,25000
2022-03-31,3577,telur_ayam,25000
2022-04-01,3577,telur_ayam,25000
2022-04-04,3577,telur_ayam,25000
2022-04-05,3577,telur_ayam,25000
2022-04-06,3577,telur_ayam,25000
2022-04-07,3577,telur_ayam,25000
2022-04-08,3577,telur_ayam,25000
2022-04-11,3577,telur_ayam,24000
2022-04-12,3577,telur_ayam,24000
2022-04-13,3577,telur_ayam,24000
2022-04-14,3577,telur_ayam,24000
2022-04-18,3577,telur_ayam,22850
2022-04-19,3577,telur_ayam,22850
2022-04-20,3577,telur_ayam,24000
2022-04-21,3577,telur_ayam,24000
2022-04-22,3577,telur_ayam,24000
2022-04-25,3577,telur_ayam,24850
2022-04-26,3577,telur_ayam,24850
2022-04-27,3577,telur_ayam,25000
2022-04-28,3577,telur_ayam,25000
2022-05-09,3577,telur_ayam,25500
2022-05-10,3577,telur_ayam,25400
2022-05-11,3577,telur_ayam,25400
2022-05-12,3577,telur_ayam,25400
2022-05-13,3577,telur_ayam,25400
2022-05-17,3577,telur_ayam,25000
2022-05-18,3577,telur_ayam,25000
2022-05-19,3577,telur_ayam,25000
2022-05-20,3577,telur_ayam,27000
2022-05-23,3577,telur_ayam,27500
2022-05-24,3577,telur_ayam,27350
2022-05-25,3577,telur_ayam,27000
2022-05-27,3577,telur_ayam,27000
2022-05-30,3577,telur_ayam,27000
2022-05-31,3577,telur_ayam,27000
2022-06-02,3577,telur_ayam,27000
2022-06-03,3577,telur_ayam,27000
2022-06-06,3577,telur_ayam,27750
2022-06-07,3577,telur_ayam,27750
2022-06-08,3577,telur_ayam,27750
2022-06-09,3577,telur_ayam,27750
2022-06-10,3577,telur_ayam,27750
2022-06-13,3577,telur_ayam,26850
2022-06-14,3577,telur_ayam,26850
2022-06-15,3577,telur_ayam,26850
2022-06-16,3577,telur_ayam,26850
2022-06-17,3577,telur_ayam,26850
2022-06-20,3577,telur_ayam,26850
2022-06-21,3577,telur_ayam,26850
2022-06-22,3577,telur_ayam,26850
2022-06-23,3577,telur_ayam,26850
2022-06-24,3577,telur_ayam,26850
2022-06-27,3577,telur_ayam,26350
2022-06-28,3577,telur_ayam,26350
2022-06-29,3577,telur_ayam,26350
2022-06-30,3577,telur_ayam,26350
2022-07-01,3577,telur_ayam,26350
2022-07-04,3577,telur_ayam,26350
2022-07-05,3577,telur_ayam,26350
2022-07-06,3577,telur_ayam,26000
2022-07-07,3577,telur_ayam,26000
2022-07-08,3577,telur_ayam,26000
2022-07-11,3577,telur_ayam,27000
2022-07-12,3577,telur_ayam,27000
2022-07-13,3577,telur_ayam,27600
2022-07-14,3577,telur_ayam,27600
2022-07-15,3577,telur_ayam,27750
2022-07-18,3577,telur_ayam,27500
2022-07-19,3577,telur_ayam,27500
2022-07-20,3577,telur_ayam,28000
2022-07-21,3577,telur_ayam,28000
2022-07-22,3577,telur_ayam,28000
2022-07-25,3577,telur_ayam,27250
2022-07-26,3577,telur_ayam,27250
2022-07-27,3577,telur_ayam,27250
2022-07-28,3577,telur_ayam,27250
2022-07-29,3577,telur_ayam,27250
2022-08-01,3577,telur_ayam,27000
2022-08-02,3577,telur_ayam,27000
2022-08-03,3577,telur_ayam,27000
2022-08-04,3577,telur_ayam,26000
2022-08-05,3577,telur_ayam,26000
2022-08-08,3577,telur_ayam,26000
2022-08-09,3577,telur_ayam,26000
2022-08-10,3577,telur_ayam,26000
2022-08-11,3577,telur_ayam,26600
2022-08-12,3577,telur_ayam,26750
2022-08-15,3577,telur_ayam,30000
2022-08-16,3577,telur_ayam,30000
2022-08-18,3577,telur_ayam,30000
2022-08-19,3577,telur_ayam,30000
2022-08-22,3577,telur_ayam,30350
2022-08-23,3577,telur_ayam,30350
2022-08-24,3577,telur_ayam,30350
2022-08-25,3577,telur_ayam,29850
2022-08-26,3577,telur_ayam,29000
2022-08-29,3577,telur_ayam,29350
2022-08-30,3577,telur_ayam,29350
2022-08-31,3577,telur_ayam,30000
2022-09-01,3577,telur_ayam,30000
2022-09-02,3577,telur_ayam,29000
2022-09-05,3577,telur_ayam,27450
2022-09-06,3577,telur_ayam,27000
2022-09-07,3577,telur_ayam,27000
2022-09-08,3577,telur_ayam,26200
2022-09-09,3577,telur_ayam,26200
2022-09-12,3577,telur_ayam,26200
2022-09-13,3577,telur_ayam,26200
2022-09-14,3577,telur_ayam,26000
2022-09-15,3577,telur_ayam,27000
2022-09-16,3577,telur_ayam,27000
2022-09-19,3577,telur_ayam,25500
2022-09-20,3577,telur_ayam,25450
2022-09-21,3577,telur_ayam,25450
2022-09-22,3577,telur_ayam,25950
2022-09-23,3577,telur_ayam,24100
2022-09-26,3577,telur_ayam,23750
2022-09-27,3577,telur_ayam,23750
2022-09-28,3577,telur_ayam,23750
2022-09-29,3577,telur_ayam,24000
2022-09-30,3577,telur_ayam,24000
2022-10-03,3577,telur_ayam,23000
2022-10-04,3577,telur_ayam,23000
2022-10-05,3577,telur_ayam,24000
2022-10-06,3577,telur_ayam,24000
2022-10-07,3577,telur_ayam,24000
2022-10-10,3577,telur_ayam,25300
2022-10-11,3577,telur_ayam,25300
2022-10-12,3577,telur_ayam,25150
2022-10-13,3577,telur_ayam,25000
2022-10-14,3577,telur_ayam,25000
2022-10-17,3577,telur_ayam,25450
2022-10-18,3577,telur_ayam,25450
2022-10-19,3577,telur_ayam,25450
2022-10-20,3577,telur_ayam,25350
2022-10-21,3577,telur_ayam,25850
2022-10-24,3577,telur_ayam,25850
2022-10-25,3577,telur_ayam,25850
2022-10-26,3577,telur_ayam,25850
2022-10-27,3577,telur_ayam,26000
2022-10-28,3577,telur_ayam,26000
2022-10-31,3577,telur_ayam,25200
2022-11-01,3577,telur_ayam,25200
2022-11-02,3577,telur_ayam,25200
2022-11-03,3577,telur_ayam,25200
2022-11-04,3577,telur_ayam,25200
2022-11-07,3577,telur_ayam,25000
2022-11-08,3577,telur_ayam,25000
2022-11-09,3577,telur_ayam,26000
2022-11-10,3577,telur_ayam,26000
2022-11-11,3577,telur_ayam,26000
2022-11-14,3577,telur_ayam,26200
2022-11-15,3577,telur_ayam,26100
2022-11-16,3577,telur_ayam,26100
2022-11-17,3577,telur_ayam,26800
2022-11-18,3577,telur_ayam,26800
2022-11-21,3577,telur_ayam,27000
2022-11-22,3577,telur_ayam,27000
2022-11-23,3577,telur_ayam,27700
2022-11-24,3577,telur_ayam,27700
2022-11-25,3577,telur_ayam,26450
2022-11-28,3577,telur_ayam,30000
2022-11-29,3577,telur_ayam,30000
2022-11-30,3577,telur_ayam,30000
2022-12-01,3577,telur_ayam,30000
2022-12-02,3577,telur_ayam,30000
2022-12-05,3577,telur_ayam,30000
2022-12-06,3577,telur_ayam,30000
2022-12-07,3577,telur_ayam,30000
2022-12-08,3577,telur_ayam,30000
2022-12-09,3577,telur_ayam,30000
2022-12-12,3577,telur_ayam,30000
2022-12-13,3577,telur_ayam,30000
2022-12-14,3577,telur_ayam,30000
2022-12-15,3577,telur_ayam,30000
2022-12-16,3577,telur_ayam,30000
2022-12-19,3577,telur_ayam,29000
2022-12-20,3577,telur_ayam,29000
2022-12-21,3577,telur_ayam,29000
2022-12-22,3577,telur_ayam,29000
2022-12-23,3577,telur_ayam,29000
2022-12-26,3577,telur_ayam,27200
2022-12-27,3577,telur_ayam,27200
2022-12-28,3577,telur_ayam,27200
2022-12-29,3577,telur_ayam,27200
2022-12-30,3577,telur_ayam,27100
2023-01-02,3577,telur_ayam,27000
2023-01-03,3577,telur_ayam,27000
2023-01-04,3577,telur_ayam,27000
2023-01-05,3577,telur_ayam,27000
2023-01-06,3577,telur_ayam,27000
2023-01-09,3577,telur_ayam,27000
2023-01-10,3577,telur_ayam,27000
2023-01-11,3577,telur_ayam,27000
2023-01-12,3577,telur_ayam,27000
2023-01-13,3577,telur_ayam,27000
2023-01-16,3577,telur_ayam,26600
2023-01-17,3577,telur_ayam,26600
2023-01-18,3577,telur_ayam,26100
2023-01-19,3577,telur_ayam,26100
2023-01-20,3577,telur_ayam,26100
2023-01-23,3577,telur_ayam,26100
2023-01-24,3577,telur_ayam,26250
2023-01-25,3577,telur_ayam,26250
2023-01-26,3577,telur_ayam,26200
2023-01-27,3577,telur_ayam,26200
2023-01-30,3577,telur_ayam,26000
2023-01-31,3577,telur_ayam,26000
2023-02-01,3577,telur_ayam,26000
2023-02-02,3577,telur_ayam,26000
2023-02-03,3577,telur_ayam,26000
2023-02-06,3577,telur_ayam,26000
2023-02-07,3577,telur_ayam,26000
2023-02-08,3577,telur_ayam,26000
2023-02-09,3577,telur_ayam,26000
2023-02-10,3577,telur_ayam,26000
2023-02-13,3577,telur_ayam,26000
2023-02-14,3577,telur_ayam,26000
2023-02-15,3577,telur_ayam,26000
2023-02-16,3577,telur_ayam,26000
2023-02-17,3577,telur_ayam,26000
2023-02-20,3577,telur_ayam,26000
2023-02-21,3577,telur_ayam,26000
2023-02-22,3577,telur_ayam,26000
2023-02-23,3577,telur_ayam,26000
2023-02-24,3577,telur_ayam,26000
2023-02-27,3577,telur_ayam,25250
2023-02-28,3577,telur_ayam,25250
2023-03-01,3577,telur_ayam,25250
2023-03-02,3577,telur_ayam,25000
2023-03-03,3577,telur_ayam,25000
2023-03-06,3577,telur_ayam,26000
2023-03-07,3577,telur_ayam,26000
2023-03-08,3577,telur_ayam,26000
2023-03-09,3577,telur_ayam,27000
2023-03-10,3577,telur_ayam,27000
2023-03-13,3577,telur_ayam,27000
2023-03-14,3577,telur_ayam,27000
2023-03-15,3577,telur_ayam,27000
2023-03-16,3577,telur_ayam,28000
2023-03-17,3577,telur_ayam,28000
2023-03-20,3577,telur_ayam,29000
2023-03-21,3577,telur_ayam,29000
2023-03-22,3577,telur_ayam,29000
2023-03-23,3577,telur_ayam,29000
2023-03-24,3577,telur_ayam,29000
2023-03-27,3577,telur_ayam,29000
2023-03-28,3577,telur_ayam,29000
2023-03-29,3577,telur_ayam,29000
2023-03-30,3577,telur_ayam,29000
2023-03-31,3577,telur_ayam,29000
2023-04-03,3577,telur_ayam,27250
2023-04-04,3577,telur_ayam,28000
2023-04-05,3577,telur_ayam,28000
2023-04-06,3577,telur_ayam,28000
2023-04-07,3577,telur_ayam,28000
2023-04-10,3577,telur_ayam,27000
2023-04-11,3577,telur_ayam,27000
2023-04-12,3577,telur_ayam,27000
2023-04-13,3577,telur_ayam,27000
2023-04-14,3577,telur_ayam,27000
2023-04-17,3577,telur_ayam,26100
2023-04-18,3577,telur_ayam,26000
2023-04-19,3577,telur_ayam,26000
2023-04-20,3577,telur_ayam,26000
2023-04-21,3577,telur_ayam,26000
2023-04-24,3577,telur_ayam,26000
2023-04-25,3577,telur_ayam,26000
2023-04-26,3577,telur_ayam,28000
2023-04-27,3577,telur_ayam,28000
2023-04-28,3577,telur_ayam,28000
2023-05-01,3577,telur_ayam,28000
2023-05-02,3577,telur_ayam,26500
2023-05-03,3577,telur_ayam,26500
2023-05-04,3577,telur_ayam,29000
2023-05-05,3577,telur_ayam,29000
2023-05-08,3577,telur_ayam,29000
2023-05-09,3577,telur_ayam,29000
2023-05-10,3577,telur_ayam,29000
2023-05-11,3577,telur_ayam,29000
2023-05-12,3577,telur_ayam,29000
2023-05-15,3577,telur_ayam,33000
2023-05-16,3577,telur_ayam,33000
2023-05-17,3577,telur_ayam,33000
2023-05-18,3577,telur_ayam,33000
2023-05-19,3577,telur_ayam,33000
2023-05-22,3577,telur_ayam,31000
2023-05-23,3577,telur_ayam,31000
2023-05-24,3577,telur_ayam,31000
2023-05-25,3577,telur_ayam,31000
2023-05-26,3577,telur_ayam,31000
2023-05-29,3577,telur_ayam,30000
2023-05-30,3577,telur_ayam,30000
2023-05-31,3577,telur_ayam,30000
2023-06-01,3577,telur_ayam,30000
2023-06-02,3577,telur_ayam,30000
2023-06-05,3577,telur_ayam,28250
2023-06-06,3577,telur_ayam,28250
2023-06-07,3577,telur_ayam,28250
2023-06-08,3577,telur_ayam,28250
2023-06-09,3577,telur_ayam,28250
2023-06-12,3577,telur_ayam,28650
2023-06-13,3577,telur_ayam,28500
2023-06-14,3577,telur_ayam,28500
2023-06-15,3577,telur_ayam,28500
2023-06-16,3577,telur_ayam,28500
2023-06-19,3577,telur_ayam,28200
2023-06-20,3577,telur_ayam,28200
2023-06-21,3577,telur_ayam,28200
2023-06-22,3577,telur_ayam,28200
2023-06-23,3577,telur_ayam,28200
2023-06-26,3577,telur_ayam,29000
2023-06-27,3577,telur_ayam,29000
2023-06-28,3577,telur_ayam,29000
2023-06-29,3577,telur_ayam,29000
2023-06-30,3577,telur_ayam,29000
2023-07-03,3577,telur_ayam,30000
2023-07-04,3577,telur_ayam,30000
2023-07-05,3577,telur_ayam,31000
2023-07-06,3577,telur_ayam,31000
2023-07-07,3577,telur_ayam,31000
2023-07-10,3577,telur_ayam,30200
2023-07-11,3577,telur_ayam,30200
2023-07-12,3577,telur_ayam,30200
2023-07-13,3577,telur_ayam,30200
2023-07-14,3577,telur_ayam,30200
2023-07-17,3577,telur_ayam,30000
2023-07-18,3577,telur_ayam,30000
2023-07-19,3577,telur_ayam,30000
2023-07-20,3577,telur_ayam,30000
2023-07-21,3577,telur_ayam,30000
2023-07-24,3577,telur_ayam,30000
2023-07-25,3577,telur_ayam,30000
2023-07-26,3577,telur_ayam,30000
2023-07-27,3577,telur_ayam,30000
2023-07-28,3577,telur_ayam,30000
2023-07-31,3577,telur_ayam,30000
2023-08-01,3577,telur_ayam,30000
2023-08-02,3577,telur_ayam,30000
2023-08-03,3577,telur_ayam,30000
2023-08-04,3577,telur_ayam,30000
2023-08-07,3577,telur_ayam,30000
2023-08-08,3577,telur_ayam,30000
2023-08-09,3577,telur_ayam,30000
2023-08-10,3577,telur_ayam,30000
2023-08-11,3577,telur_ayam,30000
2023-08-14,3577,telur_ayam,28500
2023-08-15,3577,telur_ayam,28500
2023-08-16,3577,telur_ayam,28500
2023-08-17,3577,telur_ayam,28500
2023-08-18,3577,telur_ayam,28500
2023-08-21,3577,telur_ayam,27000
2023-08-22,3577,telur_ayam,27000
2023-08-23,3577,telur_ayam,27000
2023-08-24,3577,telur_ayam,26200
2023-08-25,3577,telur_ayam,26000
2023-08-28,3577,telur_ayam,27000
2023-08-29,3577,telur_ayam,27000
2023-08-30,3577,telur_ayam,27000
2023-08-31,3577,telur_ayam,26200
2023-09-01,3577,telur_ayam,26200
2023-09-04,3577,telur_ayam,26850
2023-09-05,3577,telur_ayam,27000
2023-09-06,3577,telur_ayam,27000
2023-09-07,3577,telur_ayam,28000
2023-09-08,3577,telur_ayam,28000
2023-09-11,3577,telur_ayam,26000
2023-09-12,3577,telur_ayam,26000
2023-09-13,3577,telur_ayam,26000
2023-09-14,3577,telur_ayam,26000
2023-09-15,3577,telur_ayam,26000
2023-09-18,3577,telur_ayam,25600
2023-09-19,3577,telur_ayam,25600
2023-09-20,3577,telur_ayam,25500
2023-09-21,3577,telur_ayam,25500
2023-09-22,3577,telur_ayam,25500
2023-09-25,3577,telur_ayam,24500
2023-09-26,3577,telur_ayam,24500
2023-09-27,3577,telur_ayam,24500
2023-09-28,3577,telur_ayam,24500
2023-09-29,3577,telur_ayam,24500
2023-10-02,3577,telur_ayam,24500
2023-10-03,3577,telur_ayam,24500
2023-10-04,3577,telur_ayam,24500
2023-10-05,3577,telur_ayam,24500
2023-10-06,3577,telur_ayam,24500
2023-10-09,3577,telur_ayam,24600
2023-10-10,3577,telur_ayam,24600
2023-10-11,3577,telur_ayam,24600
2023-10-12,3577,telur_ayam,24600
2023-10-13,3577,telur_ayam,24600
2023-10-16,3577,telur_ayam,24700
2023-10-17,3577,telur_ayam,24700
2023-10-18,3577,telur_ayam,24700
2023-10-19,3577,telur_ayam,24700
2023-10-20,3577,telur_ayam,24700
2023-10-23,3577,telur_ayam,25000
2023-10-24,3577,telur_ayam,25000
2023-10-25,3577,telur_ayam,25000
2023-10-26,3577,telur_ayam,25000
2023-10-27,3577,telur_ayam,25000
2023-10-30,3577,telur_ayam,24500
2023-10-31,3577,telur_ayam,24500
2023-11-01,3577,telur_ayam,24500
2023-11-02,3577,telur_ayam,24500
2023-11-03,3577,telur_ayam,24500
2023-11-06,3577,telur_ayam,26100
2023-11-07,3577,telur_ayam,26200
2023-11-08,3577,telur_ayam,26200
2023-11-09,3577,telur_ayam,26200
2023-11-10,3577,telur_ayam,26200
2023-11-13,3577,telur_ayam,26750
2023-11-14,3577,telur_ayam,27000
2023-11-15,3577,telur_ayam,27000
2023-11-16,3577,telur_ayam,27000
2023-11-17,3577,telur_ayam,27000
2023-11-20,3577,telur_ayam,27000
2023-11-21,3577,telur_ayam,27000
2023-11-22,3577,telur_ayam,27000
2023-11-23,3577,telur_ayam,27000
2023-11-24,3577,telur_ayam,27000
2023-11-27,3577,telur_ayam,26500
2023-11-28,3577,telur_ayam,26500
2023-11-29,3577,telur_ayam,26500
2023-11-30,3577,telur_ayam,26500
2023-12-01,3577,telur_ayam,26500
2023-12-04,3577,telur_ayam,26500
2023-12-05,3577,telur_ayam,26450
2023-12-06,3577,telur_ayam,26500
2023-12-07,3577,telur_ayam,26500
2023-12-08,3577,telur_ayam,26500
2023-12-11,3577,telur_ayam,26000
2023-12-12,3577,telur_ayam,26000
2023-12-13,3577,telur_ayam,26000
2023-12-14,3577,telur_ayam,26000
2023-12-15,3577,telur_ayam,26000
2023-12-18,3577,telur_ayam,26000
2023-12-19,3577,telur_ayam,26000
2023-12-20,3577,telur_ayam,26000
2023-12-21,3577,telur_ayam,26000
2023-12-22,3577,telur_ayam,26000
2023-12-25,3577,telur_ayam,26000
2023-12-26,3577,telur_ayam,26000
2023-12-27,3577,telur_ayam,26000
2023-12-28,3577,telur_ayam,26000
2023-12-29,3577,telur_ayam,26000
2024-01-01,3577,telur_ayam,26000
2024-01-02,3577,telur_ayam,25600
2024-01-03,3577,telur_ayam,25600
2024-01-04,3577,telur_ayam,25600
2024-01-05,3577,telur_ayam,25600
2024-01-08,3577,telur_ayam,25000
2024-01-09,3577,telur_ayam,25000
2024-01-10,3577,telur_ayam,25000
2024-01-11,3577,telur_ayam,25000
2024-01-12,3577,telur_ayam,25000
2024-01-15,3577,telur_ayam,25000
2024-01-16,3577,telur_ayam,25000
2024-01-17,3577,telur_ayam,25000
2024-01-18,3577,telur_ayam,25000
2024-01-19,3577,telur_ayam,25000
2024-01-22,3577,telur_ayam,25850
2024-01-23,3577,telur_ayam,26000
2024-01-24,3577,telur_ayam,26000
2024-01-25,3577,telur_ayam,26000
2024-01-26,3577,telur_ayam,26000
2024-01-29,3577,telur_ayam,26000
2024-01-30,3577,telur_ayam,26000
2024-01-31,3577,telur_ayam,26000
2024-02-01,3577,telur_ayam,26000
2024-02-02,3577,telur_ayam,26000
2024-02-05,3577,telur_ayam,27000
2024-02-06,3577,telur_ayam,27000
2024-02-07,3577,telur_ayam,27000
2024-02-08,3577,telur_ayam,27000
2024-02-09,3577,telur_ayam,27000
2024-02-12,3577,telur_ayam,27000
2024-02-13,3577,telur_ayam,27000
2024-02-14,3577,telur_ayam,27000
2024-02-15,3577,telur_ayam,27000
2024-02-16,3577,telur_ayam,27000
2024-02-19,3577,telur_ayam,28000
2024-02-20,3577,telur_ayam,28000
2024-02-21,3577,telur_ayam,28000
2024-02-22,3577,telur_ayam,28000
2024-02-23,3577,telur_ayam,28000
2024-02-26,3577,telur_ayam,29200
2024-02-27,3577,telur_ayam,29500
2024-02-28,3577,telur_ayam,29500
2024-02-29,3577,telur_ayam,29500
2024-03-01,3577,telur_ayam,30000
2024-03-04,3577,telur_ayam,30000
2024-03-05,3577,telur_ayam,30000
2024-03-06,3577,telur_ayam,30000
2024-03-07,3577,telur_ayam,31000
2024-03-08,3577,telur_ayam,31000
2024-03-11,3577,telur_ayam,31000
2024-03-12,3577,telur_ayam,31000
2024-03-13,3577,telur_ayam,31000
2024-03-14,3577,telur_ayam,31000
2024-03-15,3577,telur_ayam,31000
2024-03-18,3577,telur_ayam,31500
2024-03-19,3577,telur_ayam,31250
2024-03-20,3577,telur_ayam,31250
2024-03-21,3577,telur_ayam,31250
2024-03-22,3577,telur_ayam,31250
2024-03-25,3577,telur_ayam,28000
2024-03-26,3577,telur_ayam,28000
2024-03-27,3577,telur_ayam,28000
2024-03-28,3577,telur_ayam,28000
2024-03-29,3577,telur_ayam,28000
2024-04-01,3577,telur_ayam,28000
2024-04-02,3577,telur_ayam,28000
2024-04-03,3577,telur_ayam,28000
2024-04-04,3577,telur_ayam,28000
2024-04-05,3577,telur_ayam,28000
2024-04-08,3577,telur_ayam,28000
2024-04-09,3577,telur_ayam,28000
2024-04-10,3577,telur_ayam,28000
2024-04-11,3577,telur_ayam,28000
2024-04-12,3577,telur_ayam,28000
2024-04-15,3577,telur_ayam,28000
2024-04-16,3577,telur_ayam,27200
2024-04-17,3577,telur_ayam,27200
2024-04-18,3577,telur_ayam,28000
2024-04-19,3577,telur_ayam,28000
2024-04-22,3577,telur_ayam,27000
2024-04-23,3577,telur_ayam,27000
2024-04-24,3577,telur_ayam,27000
2024-04-25,3577,telur_ayam,27000
2024-04-26,3577,telur_ayam,27000
2024-04-29,3577,telur_ayam,27150
2024-04-30,3577,telur_ayam,27150
2024-05-01,3577,telur_ayam,27150
2024-05-02,3577,telur_ayam,27150
2024-05-03,3577,telur_ayam,27150
2024-05-06,3577,telur_ayam,28500
2024-05-07,3577,telur_ayam,28500
2024-05-08,3577,telur_ayam,28500
2024-05-09,3577,telur_ayam,28500
2024-05-10,3577,telur_ayam,28500
2024-05-13,3577,telur_ayam,28500
2024-05-14,3577,telur_ayam,28500
2024-05-15,3577,telur_ayam,28500
2024-05-16,3577,telur_ayam,28500
2024-05-17,3577,telur_ayam,28500
2024-05-20,3577,telur_ayam,28000
2024-05-21,3577,telur_ayam,28000
2024-05-22,3577,telur_ayam,28000
2024-05-23,3577,telur_ayam,28000
2024-05-24,3577,telur_ayam,28000
2024-05-27,3577,telur_ayam,27000
2024-05-28,3577,telur_ayam,27000
2024-05-29,3577,telur_ayam,27000
2024-05-30,3577,telur_ayam,27000
2024-05-31,3577,telur_ayam,27000
2024-06-03,3577,telur_ayam,27000
2024-06-04,3577,telur_ayam,27000
2024-06-05,3577,telur_ayam,27000
2024-06-06,3577,telur_ayam,27000
2024-06-07,3577,telur_ayam,27000
2024-06-10,3577,telur_ayam,26450
2024-06-11,3577,telur_ayam,26000
2024-06-12,3577,telur_ayam,26000
2024-06-13,3577,telur_ayam,27000
2024-06-14,3577,telur_ayam,27000
2024-06-17,3577,telur_ayam,27000
2024-06-18,3577,telur_ayam,27000
2024-06-19,3577,telur_ayam,26500
2024-06-20,3577,telur_ayam,26500
2024-06-21,3577,telur_ayam,26500
2024-06-24,3577,telur_ayam,27000
2024-06-25,3577,telur_ayam,27000
2024-06-26,3577,telur_ayam,27000
2024-06-27,3577,telur_ayam,27000
2024-06-28,3577,telur_ayam,27000
2024-07-01,3577,telur_ayam,27000
2024-07-02,3577,telur_ayam,27000
2024-07-03,3577,telur_ayam,27000
2024-07-04,3577,telur_ayam,27000
2024-07-05,3577,telur_ayam,27000
2024-07-08,3577,telur_ayam,27000
2024-07-09,3577,telur_ayam,27000
2024-07-10,3577,telur_ayam,27000
2024-07-11,3577,telur_ayam,27000
2024-07-12,3577,telur_ayam,27000
2024-07-15,3577,telur_ayam,27000
2024-07-16,3577,telur_ayam,27000
2024-07-17,3577,telur_ayam,27000
2024-07-18,3577,telur_ayam,27000
2024-07-19,3577,telur_ayam,27000
2024-07-22,3577,telur_ayam,27000
2024-07-23,3577,telur_ayam,27000
2024-07-24,3577,telur_ayam,27000
2024-07-25,3577,telur_ayam,27000
2024-07-26,3577,telur_ayam,27000
2024-07-29,3577,telur_ayam,27000
2024-07-30,3577,telur_ayam,27000
2024-07-31,3577,telur_ayam,27000
2024-08-01,3577,telur_ayam,27000
2024-08-02,3577,telur_ayam,27000
2024-08-05,3577,telur_ayam,26000
2024-08-06,3577,telur_ayam,26000
2024-08-07,3577,telur_ayam,26000
2024-08-08,3577,telur_ayam,26000
2024-08-09,3577,telur_ayam,26000
2024-08-12,3577,telur_ayam,26000
2024-08-13,3577,telur_ayam,26000
2024-08-14,3577,telur_ayam,26000
2024-08-15,3577,telur_ayam,26000
2024-08-16,3577,telur_ayam,26000
2024-08-19,3577,telur_ayam,25500
2024-08-20,3577,telur_ayam,25500
2024-08-21,3577,telur_ayam,25500
2024-08-22,3577,telur_ayam,25500
2024-08-26,3577,telur_ayam,25500
2024-08-27,3577,telur_ayam,25500
2024-08-28,3577,telur_ayam,25500
2024-08-29,3577,telur_ayam,25500
2024-08-30,3577,telur_ayam,25500
2024-09-02,3577,telur_ayam,25000
2024-09-03,3577,telur_ayam,25000
2024-09-04,3577,telur_ayam,25000
2024-09-05,3577,telur_ayam,25000
2024-09-06,3577,telur_ayam,25000
2024-09-09,3577,telur_ayam,25000
2024-09-10,3577,telur_ayam,25000
2024-09-11,3577,telur_ayam,25000
2024-09-12,3577,telur_ayam,25000
2024-09-13,3577,telur_ayam,25000
2024-09-16,3577,telur_ayam,25000
2024-09-17,3577,telur_ayam,25000
2024-09-18,3577,telur_ayam,25000
2024-09-19,3577,telur_ayam,25000
2024-09-20,3577,telur_ayam,25000
2024-09-23,3577,telur_ayam,25000
2024-09-24,3577,telur_ayam,25000
2024-09-25,3577,telur_ayam,25000
2024-09-26,3577,telur_ayam,25000
2024-09-27,3577,telur_ayam,25000
2024-09-30,3577,telur_ayam,25000
2024-10-01,3577,telur_ayam,25000
2024-10-02,3577,telur_ayam,25000
2024-10-03,3577,telur_ayam,25000
2024-10-04,3577,telur_ayam,25000
2024-10-07,3577,telur_ayam,25000
2024-10-08,3577,telur_ayam,25000
2024-10-09,3577,telur_ayam,25000
2024-10-10,3577,telur_ayam,25000
2024-10-11,3577,telur_ayam,25000
2024-10-14,3577,telur_ayam,25000
2024-10-15,3577,telur_ayam,25000
2024-10-16,3577,telur_ayam,25000
2024-10-17,3577,telur_ayam,25000
2024-10-18,3577,telur_ayam,25000
2024-10-21,3577,telur_ayam,25000
2024-10-22,3577,telur_ayam,25000
2024-10-23,3577,telur_ayam,25000
2024-10-24,3577,telur_ayam,25000
2024-10-25,3577,telur_ayam,25000
2024-10-28,3577,telur_ayam,25000
2024-10-29,3577,telur_ayam,25000
2024-10-30,3577,telur_ayam,25000
2024-10-31,3577,telur_ayam,25000
2024-11-01,3577,telur_ayam,25000
2024-11-04,3577,telur_ayam,25000
2024-11-05,3577,telur_ayam,25000
2024-11-06,3577,telur_ayam,25000
2024-11-07,3577,telur_ayam,25000
2024-11-08,3577,telur_ayam,25000
2024-11-11,3577,telur_ayam,25000
2024-11-12,3577,telur_ayam,25000
2024-11-13,3577,telur_ayam,25000
2024-11-14,3577,telur_ayam,25000
2024-11-15,3577,telur_ayam,25000
2024-11-18,3577,telur_ayam,25000
2024-11-19,3577,telur_ayam,25000
2024-11-20,3577,telur_ayam,25000
2024-11-21,3577,telur_ayam,25000
2024-11-22,3577,telur_ayam,25000
2024-11-25,3577,telur_ayam,25000
2024-11-26,3577,telur_ayam,25000
2024-11-27,3577,telur_ayam,25000
2024-11-28,3577,telur_ayam,25000
2024-11-29,3577,telur_ayam,25000
2024-12-02,3577,telur_ayam,25000
2024-12-03,3577,telur_ayam,25000
2024-12-04,3577,telur_ayam,25000
2024-12-05,3577,telur_ayam,25000
2024-12-06,3577,telur_ayam,25000
2024-12-09,3577,telur_ayam,26000
2024-12-10,3577,telur_ayam,28000
2024-12-11,3577,telur_ayam,28000
2024-12-12,3577,telur_ayam,28000
2024-12-13,3577,telur_ayam,28000
2024-12-16,3577,telur_ayam,29000
2024-12-17,3577,telur_ayam,29000
2024-12-18,3577,telur_ayam,29000
2024-12-19,3577,telur_ayam,29000
2024-12-20,3577,telur_ayam,29000
2024-12-23,3577,telur_ayam,29000
2024-12-24,3577,telur_ayam,29000
2024-12-25,3577,telur_ayam,29000
2024-12-26,3577,telur_ayam,29000
2024-12-27,3577,telur_ayam,29000
2024-12-30,3577,telur_ayam,29000
2024-12-31,3577,telur_ayam,29000
2025-01-01,3577,telur_ayam,29000
2025-01-02,3577,telur_ayam,29000
2025-01-03,3577,telur_ayam,29000
2025-01-06,3577,telur_ayam,28000
2025-01-07,3577,telur_ayam,28000
2025-01-08,3577,telur_ayam,28000
2025-01-09,3577,telur_ayam,28000
2025-01-10,3577,telur_ayam,28000
2025-01-13,3577,telur_ayam,26000
2025-01-14,3577,telur_ayam,26000
2025-01-15,3577,telur_ayam,26000
2025-01-16,3577,telur_ayam,26000
2025-01-17,3577,telur_ayam,26000
2025-01-20,3577,telur_ayam,26000
2025-01-21,3577,telur_ayam,26000
2025-01-22,3577,telur_ayam,26000
2025-01-23,3577,telur_ayam,26000
2025-01-24,3577,telur_ayam,26000
2025-01-27,3577,telur_ayam,26000
2025-01-28,3577,telur_ayam,26000
2025-01-29,3577,telur_ayam,26000
2025-01-30,3577,telur_ayam,26000
2025-01-31,3577,telur_ayam,26000
2025-02-03,3577,telur_ayam,26000
2025-02-04,3577,telur_ayam,27000
2025-02-05,3577,telur_ayam,27000
2025-02-06,3577,telur_ayam,27000
2025-02-07,3577,telur_ayam,27000
2025-02-10,3577,telur_ayam,27000
2025-02-11,3577,telur_ayam,27000
2025-02-12,3577,telur_ayam,27000
2025-02-13,3577,telur_ayam,27000
2025-02-14,3577,telur_ayam,27000
2025-02-17,3577,telur_ayam,26500
2025-02-18,3577,telur_ayam,26500
2025-02-19,3577,telur_ayam,26500
2025-02-20,3577,telur_ayam,28000
2025-02-21,3577,telur_ayam,28000
2025-02-24,3577,telur_ayam,29000
2025-02-25,3577,telur_ayam,28700
2025-02-26,3577,telur_ayam,29000
2025-02-27,3577,telur_ayam,29000
2025-02-28,3577,telur_ayam,29000
2025-03-03,3577,telur_ayam,28000
2025-03-04,3577,telur_ayam,28000
2025-03-05,3577,telur_ayam,28000
2025-03-06,3577,telur_ayam,28000
2025-03-07,3577,telur_ayam,28000
2025-03-10,3577,telur_ayam,28000
2025-03-11,3577,telur_ayam,28000
2025-03-12,3577,telur_ayam,28000
2025-03-13,3577,telur_ayam,28000
2025-03-14,3577,telur_ayam,26000
2025-03-17,3577,telur_ayam,26000
2025-03-18,3577,telur_ayam,26000
2025-03-19,3577,telur_ayam,26000
2025-03-20,3577,telur_ayam,26000
2025-03-21,3577,telur_ayam,26000
2025-03-24,3577,telur_ayam,26000
2025-03-25,3577,telur_ayam,26000
2025-03-26,3577,telur_ayam,26000
2025-03-27,3577,telur_ayam,26000
2025-03-28,3577,telur_ayam,26000
2025-03-31,3577,telur_ayam,26000
2025-04-01,3577,telur_ayam,26000
2025-04-02,3577,telur_ayam,26000
2025-04-03,3577,telur_ayam,26000
2025-04-04,3577,telur_ayam,26000
2025-04-07,3577,telur_ayam,26000
2025-04-08,3577,telur_ayam,25000
2025-04-09,3577,telur_ayam,25000
2025-04-10,3577,telur_ayam,25000
2025-04-11,3577,telur_ayam,25000
2025-04-14,3577,telur_ayam,25000
2025-04-15,3577,telur_ayam,25000
2025-04-16,3577,telur_ayam,25000
2025-04-17,3577,telur_ayam,25000
2025-04-18,3577,telur_ayam,25000
2025-04-21,3577,telur_ayam,25000
2025-04-22,3577,telur_ayam,25000
2025-04-23,3577,telur_ayam,25000
2025-04-24,3577,telur_ayam,25000
2025-04-25,3577,telur_ayam,25000
2025-04-28,3577,telur_ayam,27000
2025-04-29,3577,telur_ayam,27000
2025-04-30,3577,telur_ayam,27000
2025-05-01,3577,telur_ayam,27000
2025-05-02,3577,telur_ayam,27000
2025-05-05,3577,telur_ayam,25000
2025-05-06,3577,telur_ayam,25000
2025-05-07,3577,telur_ayam,25000
2025-05-08,3577,telur_ayam,25000
2025-05-09,3577,telur_ayam,25000
2025-05-12,3577,telur_ayam,25000
2025-05-13,3577,telur_ayam,25000
2025-05-14,3577,telur_ayam,25000
2025-05-15,3577,telur_ayam,25000
2025-05-16,3577,telur_ayam,25000
2025-05-19,3577,telur_ayam,25000
2025-05-20,3577,telur_ayam,25000
2025-05-21,3577,telur_ayam,25000
2025-05-22,3577,telur_ayam,25000
2025-05-23,3577,telur_ayam,25000
2025-05-26,3577,telur_ayam,25000
2025-05-27,3577,telur_ayam,25000
2025-05-28,3577,telur_ayam,25000
2025-05-29,3577,telur_ayam,25000
2025-05-30,3577,telur_ayam,25000
2025-06-02,3577,telur_ayam,26000
2025-06-03,3577,telur_ayam,26000
2025-06-04,3577,telur_ayam,26000
2025-06-05,3577,telur_ayam,26000
2025-06-06,3577,telur_ayam,26000
2025-06-09,3577,telur_ayam,26000
2025-06-10,3577,telur_ayam,26000
2025-06-11,3577,telur_ayam,26000
2025-06-12,3577,telur_ayam,26000
2025-06-13,3577,telur_ayam,26000
2025-06-16,3577,telur_ayam,27000
2025-06-17,3577,telur_ayam,27000
2025-06-18,3577,telur_ayam,27000
2025-06-19,3577,telur_ayam,27000
2025-06-20,3577,telur_ayam,27000
2025-06-23,3577,telur_ayam,27000
2025-06-24,3577,telur_ayam,27000
2025-06-25,3577,telur_ayam,27000
2025-06-26,3577,telur_ayam,27000
2025-06-27,3577,telur_ayam,27000
2025-06-30,3577,telur_ayam,27000
2025-07-01,3577,telur_ayam,27000
2025-07-02,3577,telur_ayam,27000
2025-07-03,3577,telur_ayam,27000
2025-07-04,3577,telur_ayam,27000
2025-07-07,3577,telur_ayam,28000
2025-07-08,3577,telur_ayam,28000
2025-07-09,3577,telur_ayam,28000
2025-07-10,3577,telur_ayam,28000
2025-07-11,3577,telur_ayam,28000
2025-07-14,3577,telur_ayam,28000
2025-07-15,3577,telur_ayam,28000
2025-07-16,3577,telur_ayam,28000
2025-07-17,3577,telur_ayam,28000
2025-07-18,3577,telur_ayam,28000
2025-07-21,3577,telur_ayam,27000
2025-07-22,3577,telur_ayam,27000
2025-07-23,3577,telur_ayam,27000
2025-07-24,3577,telur_ayam,27000
2025-07-25,3577,telur_ayam,27000
2025-07-28,3577,telur_ayam,27000
2025-07-29,3577,telur_ayam,27000
2025-07-30,3577,telur_ayam,27000
2025-07-31,3577,telur_ayam,27000
2025-08-01,3577,telur_ayam,27000
2025-08-04,3577,telur_ayam,27000
2025-08-05,3577,telur_ayam,27000
2025-08-06,3577,telur_ayam,27000
2025-08-07,3577,telur_ayam,27000
2025-08-08,3577,telur_ayam,27000
2025-08-11,3577,telur_ayam,27000
2025-08-12,3577,telur_ayam,27000
2025-08-13,3577,telur_ayam,27000
2025-08-14,3577,telur_ayam,27000
2025-08-15,3577,telur_ayam,27000
2025-08-18,3577,telur_ayam,27000
2025-08-19,3577,telur_ayam,27000
2025-08-20,3577,telur_ayam,27000
2025-08-21,3577,telur_ayam,27000
2025-08-22,3577,telur_ayam,27000
2025-08-25,3577,telur_ayam,26000
2025-08-26,3577,telur_ayam,26000
2025-08-27,3577,telur_ayam,26000
2025-08-28,3577,telur_ayam,26000
2025-08-29,3577,telur_ayam,26000
2025-09-01,3577,telur_ayam,25250
2025-09-02,3577,telur_ayam,26000
2025-09-03,3577,telur_ayam,26000
2025-09-04,3577,telur_ayam,26000
2025-09-05,3577,telur_ayam,26000
2025-09-08,3577,telur_ayam,27000
2025-09-09,3577,telur_ayam,27000
2025-09-10,3577,telur_ayam,27000
2025-09-11,3577,telur_ayam,27000
2025-09-12,3577,telur_ayam,27000
2025-09-15,3577,telur_ayam,27000
2025-09-16,3577,telur_ayam,27000
2025-09-17,3577,telur_ayam,27000
2025-09-18,3577,telur_ayam,27000
2025-09-19,3577,telur_ayam,27000
2025-09-22,3577,telur_ayam,27000
2025-09-23,3577,telur_ayam,27000
2025-09-24,3577,telur_ayam,27000
2025-09-25,3577,telur_ayam,27000
2025-09-26,3577,telur_ayam,27000
2025-09-29,3577,telur_ayam,27000
2025-09-30,3577,telur_ayam,27000
2025-10-01,3577,telur_ayam,27000
2025-10-02,3577,telur_ayam,27000
2025-10-03,3577,telur_ayam,27000
2025-10-06,3577,telur_ayam,27000
2025-10-07,3577,telur_ayam,28000
2025-10-08,3577,telur_ayam,29000
2025-10-09,3577,telur_ayam,29000
2025-10-10,3577,telur_ayam,29000
2025-10-13,3577,telur_ayam,29000
2025-10-14,3577,telur_ayam,29000
2025-10-15,3577,telur_ayam,29000
2025-10-16,3577,telur_ayam,29000
2025-10-17,3577,telur_ayam,29000
2025-10-20,3577,telur_ayam,29000
2025-10-21,3577,telur_ayam,30000
2025-10-22,3577,telur_ayam,30000
2025-10-23,3577,telur_ayam,30000
2025-10-24,3577,telur_ayam,30000
2025-10-27,3577,telur_ayam,29000
2025-10-28,3577,telur_ayam,29000
2025-10-29,3577,telur_ayam,29000
2025-10-30,3577,telur_ayam,29000
2025-10-31,3577,telur_ayam,29000
2025-11-03,3577,telur_ayam,28000
2025-11-04,3577,telur_ayam,28000
2025-11-05,3577,telur_ayam,28000
2025-11-06,3577,telur_ayam,28000
2025-11-07,3577,telur_ayam,28000
2025-11-10,3577,telur_ayam,29000
2025-11-11,3577,telur_ayam,29000
2025-11-12,3577,telur_ayam,29000
2025-11-13,3577,telur_ayam,29000
2025-11-14,3577,telur_ayam,29000
2025-11-17,3577,telur_ayam,28000
2025-11-18,3577,telur_ayam,28000
2025-11-19,3577,telur_ayam,28000
2025-11-20,3577,telur_ayam,28000
2025-11-21,3577,telur_ayam,28000
2025-11-24,3577,telur_ayam,28000
2025-11-25,3577,telur_ayam,28000
2025-11-26,3577,telur_ayam,28000
2025-11-27,3577,telur_ayam,28000
2025-11-28,3577,telur_ayam,28000
2025-12-01,3577,telur_ayam,28000
2025-12-02,3577,telur_ayam,28000
2025-12-03,3577,telur_ayam,28000
2025-12-04,3577,telur_ayam,28000
2025-12-05,3577,telur_ayam,28000
2025-12-08,3577,telur_ayam,29000
2025-12-09,3577,telur_ayam,30000
2025-12-10,3577,telur_ayam,30000
2025-12-11,3577,telur_ayam,30000
2025-12-12,3577,telur_ayam,30000
2025-12-15,3577,telur_ayam,30000
2025-12-16,3577,telur_ayam,30000
2025-12-17,3577,telur_ayam,30000
2025-12-18,3577,telur_ayam,30000
2025-12-19,3577,telur_ayam,30000
2025-12-22,3577,telur_ayam,29000
2025-12-23,3577,telur_ayam,29000
2025-12-24,3577,telur_ayam,29000
2025-12-25,3577,telur_ayam,29000
2025-12-26,3577,telur_ayam,29000
2025-12-29,3577,telur_ayam,29000
2025-12-30,3577,telur_ayam,29000
2025-12-31,3577,telur_ayam,29000
2021-01-04,3578,telur_ayam,23500
2021-01-05,3578,telur_ayam,23500
2021-01-06,3578,telur_ayam,23250
2021-01-07,3578,telur_ayam,23750
2021-01-08,3578,telur_ayam,23500
2021-01-11,3578,telur_ayam,23250
2021-01-12,3578,telur_ayam,23250
2021-01-13,3578,telur_ayam,23250
2021-01-14,3578,telur_ayam,22250
2021-01-15,3578,telur_ayam,22250
2021-01-18,3578,telur_ayam,22000
2021-01-19,3578,telur_ayam,22000
2021-01-20,3578,telur_ayam,22000
2021-01-21,3578,telur_ayam,21750
2021-01-22,3578,telur_ayam,21500
2021-01-25,3578,telur_ayam,22000
2021-01-26,3578,telur_ayam,22000
2021-01-27,3578,telur_ayam,21500
2021-01-28,3578,telur_ayam,21000
2021-01-29,3578,telur_ayam,21000
2021-02-01,3578,telur_ayam,21000
2021-02-02,3578,telur_ayam,21000
2021-02-03,3578,telur_ayam,21000
2021-02-04,3578,telur_ayam,20500
2021-02-05,3578,telur_ayam,20500
2021-02-08,3578,telur_ayam,21250
2021-02-09,3578,telur_ayam,22500
2021-02-10,3578,telur_ayam,22000
2021-02-11,3578,telur_ayam,23250
2021-02-15,3578,telur_ayam,24000
2021-02-16,3578,telur_ayam,24250
2021-02-17,3578,telur_ayam,24250
2021-02-18,3578,telur_ayam,24250
2021-02-19,3578,telur_ayam,24250
2021-02-22,3578,telur_ayam,24250
2021-02-23,3578,telur_ayam,24250
2021-02-24,3578,telur_ayam,24250
2021-02-25,3578,telur_ayam,24150
2021-02-26,3578,telur_ayam,24150
2021-03-01,3578,telur_ayam,23250
2021-03-02,3578,telur_ayam,22750
2021-03-03,3578,telur_ayam,22750
2021-03-04,3578,telur_ayam,22750
2021-03-05,3578,telur_ayam,22750
2021-03-08,3578,telur_ayam,23400
2021-03-09,3578,telur_ayam,23150
2021-03-10,3578,telur_ayam,23150
2021-03-12,3578,telur_ayam,23150
2021-03-15,3578,telur_ayam,23500
2021-03-16,3578,telur_ayam,23500
2021-03-17,3578,telur_ayam,23250
2021-03-18,3578,telur_ayam,23250
2021-03-19,3578,telur_ayam,23250
2021-03-22,3578,telur_ayam,23000
2021-03-23,3578,telur_ayam,23000
2021-03-24,3578,telur_ayam,23250
2021-03-25,3578,telur_ayam,23250
2021-03-26,3578,telur_ayam,23000
2021-03-29,3578,telur_ayam,21250
2021-03-30,3578,telur_ayam,21250
2021-03-31,3578,telur_ayam,21250
2021-04-01,3578,telur_ayam,21250
2021-04-05,3578,telur_ayam,21750
2021-04-06,3578,telur_ayam,22250
2021-04-07,3578,telur_ayam,22500
2021-04-08,3578,telur_ayam,22750
2021-04-09,3578,telur_ayam,22750
2021-04-12,3578,telur_ayam,23750
2021-04-13,3578,telur_ayam,24400
2021-04-14,3578,telur_ayam,24400
2021-04-15,3578,telur_ayam,25250
2021-04-16,3578,telur_ayam,25250
2021-04-19,3578,telur_ayam,25500
2021-04-20,3578,telur_ayam,25500
2021-04-21,3578,telur_ayam,25250
2021-04-22,3578,telur_ayam,25500
2021-04-23,3578,telur_ayam,25500
2021-04-26,3578,telur_ayam,24250
2021-04-27,3578,telur_ayam,23750
2021-04-28,3578,telur_ayam,23750
2021-04-29,3578,telur_ayam,24000
2021-04-30,3578,telur_ayam,24000
2021-05-03,3578,telur_ayam,22750
2021-05-04,3578,telur_ayam,23000
2021-05-05,3578,telur_ayam,23000
2021-05-06,3578,telur_ayam,23250
2021-05-07,3578,telur_ayam,23250
2021-05-10,3578,telur_ayam,22000
2021-05-11,3578,telur_ayam,22000
2021-05-17,3578,telur_ayam,22000
2021-05-18,3578,telur_ayam,22250
2021-05-19,3578,telur_ayam,22000
2021-05-20,3578,telur_ayam,22000
2021-05-21,3578,telur_ayam,22000
2021-05-24,3578,telur_ayam,23000
2021-05-25,3578,telur_ayam,23000
2021-05-27,3578,telur_ayam,23250
2021-05-28,3578,telur_ayam,23250
2021-05-31,3578,telur_ayam,23900
2021-06-02,3578,telur_ayam,23900
2021-06-03,3578,telur_ayam,23900
2021-06-04,3578,telur_ayam,24150
2021-06-07,3578,telur_ayam,24150
2021-06-08,3578,telur_ayam,24150
2021-06-09,3578,telur_ayam,24150
2021-06-10,3578,telur_ayam,24150
2021-06-11,3578,telur_ayam,24150
2021-06-14,3578,telur_ayam,24150
2021-06-15,3578,telur_ayam,23900
2021-06-16,3578,telur_ayam,24150
2021-06-17,3578,telur_ayam,23900
2021-06-18,3578,telur_ayam,23900
2021-06-21,3578,telur_ayam,22900
2021-06-22,3578,telur_ayam,22900
2021-06-23,3578,telur_ayam,23650
2021-06-24,3578,telur_ayam,23150
2021-06-25,3578,telur_ayam,23900
2021-06-28,3578,telur_ayam,22650
2021-06-29,3578,telur_ayam,22650
2021-06-30,3578,telur_ayam,22650
2021-07-01,3578,telur_ayam,22650
2021-07-02,3578,telur_ayam,22650
2021-07-05,3578,telur_ayam,22150
2021-07-06,3578,telur_ayam,21900
2021-07-07,3578,telur_ayam,21900
2021-07-08,3578,telur_ayam,21500
2021-07-09,3578,telur_ayam,21500
2021-07-12,3578,telur_ayam,21500
2021-07-13,3578,telur_ayam,21500
2021-07-14,3578,telur_ayam,21500
2021-07-15,3578,telur_ayam,21500
2021-07-16,3578,telur_ayam,22000
2021-07-19,3578,telur_ayam,24000
2021-07-21,3578,telur_ayam,24000
2021-07-22,3578,telur_ayam,24000
2021-07-23,3578,telur_ayam,24000
2021-07-26,3578,telur_ayam,24000
2021-07-27,3578,telur_ayam,24000
2021-07-28,3578,telur_ayam,24000
2021-07-29,3578,telur_ayam,24000
2021-07-30,3578,telur_ayam,24000
2021-08-02,3578,telur_ayam,24400
2021-08-03,3578,telur_ayam,24400
2021-08-04,3578,telur_ayam,24400
2021-08-05,3578,telur_ayam,23900
2021-08-06,3578,telur_ayam,23900
2021-08-09,3578,telur_ayam,23000
2021-08-10,3578,telur_ayam,23650
2021-08-12,3578,telur_ayam,23400
2021-08-13,3578,telur_ayam,23250
2021-08-16,3578,telur_ayam,22750
2021-08-18,3578,telur_ayam,22750
2021-08-19,3578,telur_ayam,22650
2021-08-20,3578,telur_ayam,22650
2021-08-23,3578,telur_ayam,21750
2021-08-24,3578,telur_ayam,21500
2021-08-25,3578,telur_ayam,22000
2021-08-26,3578,telur_ayam,22000
2021-08-27,3578,telur_ayam,21750
2021-08-30,3578,telur_ayam,21250
2021-08-31,3578,telur_ayam,20500
2021-09-01,3578,telur_ayam,20500
2021-09-02,3578,telur_ayam,20750
2021-09-03,3578,telur_ayam,20750
2021-09-06,3578,telur_ayam,19750
2021-09-07,3578,telur_ayam,20000
2021-09-08,3578,telur_ayam,20500
2021-09-09,3578,telur_ayam,20250
2021-09-10,3578,telur_ayam,20250
2021-09-13,3578,telur_ayam,18750
2021-09-14,3578,telur_ayam,18750
2021-09-15,3578,telur_ayam,18500
2021-09-16,3578,telur_ayam,18500
2021-09-17,3578,telur_ayam,18500
2021-09-20,3578,telur_ayam,18500
2021-09-21,3578,telur_ayam,18500
2021-09-22,3578,telur_ayam,18500
2021-09-23,3578,telur_ayam,18250
2021-09-24,3578,telur_ayam,18250
2021-09-27,3578,telur_ayam,17650
2021-09-28,3578,telur_ayam,17650
2021-09-29,3578,telur_ayam,17650
2021-09-30,3578,telur_ayam,18750
2021-10-01,3578,telur_ayam,18650
2021-10-04,3578,telur_ayam,18000
2021-10-05,3578,telur_ayam,18250
2021-10-06,3578,telur_ayam,18000
2021-10-07,3578,telur_ayam,18250
2021-10-08,3578,telur_ayam,18250
2021-10-11,3578,telur_ayam,18250
2021-10-12,3578,telur_ayam,18250
2021-10-13,3578,telur_ayam,18250
2021-10-14,3578,telur_ayam,18250
2021-10-15,3578,telur_ayam,18500
2021-10-18,3578,telur_ayam,18000
2021-10-19,3578,telur_ayam,18000
2021-10-21,3578,telur_ayam,17650
2021-10-22,3578,telur_ayam,17650
2021-10-25,3578,telur_ayam,17900
2021-10-26,3578,telur_ayam,18000
2021-10-27,3578,telur_ayam,18000
2021-10-28,3578,telur_ayam,18000
2021-10-29,3578,telur_ayam,18000
2021-11-01,3578,telur_ayam,19250
2021-11-02,3578,telur_ayam,19900
2021-11-03,3578,telur_ayam,19900
2021-11-04,3578,telur_ayam,20000
2021-11-05,3578,telur_ayam,20000
2021-11-08,3578,telur_ayam,22750
2021-11-09,3578,telur_ayam,23750
2021-11-10,3578,telur_ayam,23250
2021-11-11,3578,telur_ayam,24500
2021-11-12,3578,telur_ayam,24750
2021-11-15,3578,telur_ayam,23750
2021-11-16,3578,telur_ayam,23750
2021-11-17,3578,telur_ayam,24500
2021-11-18,3578,telur_ayam,24500
2021-11-19,3578,telur_ayam,25000
2021-11-22,3578,telur_ayam,23500
2021-11-23,3578,telur_ayam,23250
2021-11-24,3578,telur_ayam,22750
2021-11-25,3578,telur_ayam,22500
2021-11-26,3578,telur_ayam,22500
2021-11-29,3578,telur_ayam,22500
2021-11-30,3578,telur_ayam,22500
2021-12-01,3578,telur_ayam,22500
2021-12-02,3578,telur_ayam,21500
2021-12-03,3578,telur_ayam,21500
2021-12-06,3578,telur_ayam,21500
2021-12-07,3578,telur_ayam,21500
2021-12-08,3578,telur_ayam,21500
2021-12-09,3578,telur_ayam,21150
2021-12-10,3578,telur_ayam,21500
2021-12-13,3578,telur_ayam,22750
2021-12-14,3578,telur_ayam,23250
2021-12-15,3578,telur_ayam,24250
2021-12-16,3578,telur_ayam,25400
2021-12-17,3578,telur_ayam,25400
2021-12-20,3578,telur_ayam,24400
2021-12-21,3578,telur_ayam,24250
2021-12-22,3578,telur_ayam,26000
2021-12-23,3578,telur_ayam,27250
2021-12-24,3578,telur_ayam,28000
2021-12-27,3578,telur_ayam,30250
2021-12-28,3578,telur_ayam,30000
2021-12-29,3578,telur_ayam,30500
2021-12-30,3578,telur_ayam,29750
2021-12-31,3578,telur_ayam,29250
2022-01-03,3578,telur_ayam,27250
2022-01-04,3578,telur_ayam,28500
2022-01-05,3578,telur_ayam,26500
2022-01-06,3578,telur_ayam,26250
2022-01-07,3578,telur_ayam,26250
2022-01-10,3578,telur_ayam,24000
2022-01-11,3578,telur_ayam,24500
2022-01-12,3578,telur_ayam,24000
2022-01-13,3578,telur_ayam,23000
2022-01-14,3578,telur_ayam,22000
2022-01-17,3578,telur_ayam,21500
2022-01-18,3578,telur_ayam,21500
2022-01-19,3578,telur_ayam,21500
2022-01-20,3578,telur_ayam,21500
2022-01-21,3578,telur_ayam,21500
2022-01-24,3578,telur_ayam,21750
2022-01-25,3578,telur_ayam,21750
2022-01-26,3578,telur_ayam,21250
2022-01-27,3578,telur_ayam,21250
2022-01-28,3578,telur_ayam,20250
2022-01-31,3578,telur_ayam,20250
2022-02-02,3578,telur_ayam,20250
2022-02-03,3578,telur_ayam,19750
2022-02-04,3578,telur_ayam,19750
2022-02-07,3578,telur_ayam,19750
2022-02-08,3578,telur_ayam,20000
2022-02-09,3578,telur_ayam,19500
2022-02-10,3578,telur_ayam,19750
2022-02-11,3578,telur_ayam,19750
2022-02-14,3578,telur_ayam,19500
2022-02-15,3578,telur_ayam,19500
2022-02-16,3578,telur_ayam,19250
2022-02-17,3578,telur_ayam,19500
2022-02-18,3578,telur_ayam,19500
2022-02-21,3578,telur_ayam,21000
2022-02-22,3578,telur_ayam,20750
2022-02-23,3578,telur_ayam,21250
2022-02-24,3578,telur_ayam,21250
2022-02-25,3578,telur_ayam,21250
2022-03-01,3578,telur_ayam,21250
2022-03-02,3578,telur_ayam,21250
2022-03-04,3578,telur_ayam,21750
2022-03-07,3578,telur_ayam,22400
2022-03-08,3578,telur_ayam,22900
2022-03-09,3578,telur_ayam,23150
2022-03-10,3578,telur_ayam,23150
2022-03-11,3578,telur_ayam,23150
2022-03-14,3578,telur_ayam,23900
2022-03-15,3578,telur_ayam,23900
2022-03-16,3578,telur_ayam,23900
2022-03-17,3578,telur_ayam,23750
2022-03-18,3578,telur_ayam,23250
2022-03-21,3578,telur_ayam,23400
2022-03-22,3578,telur_ayam,23650
2022-03-23,3578,telur_ayam,23650
2022-03-24,3578,telur_ayam,23650
2022-03-25,3578,telur_ayam,23650
2022-03-28,3578,telur_ayam,24750
2022-03-29,3578,telur_ayam,24500
2022-03-30,3578,telur_ayam,24750
2022-03-31,3578,telur_ayam,24650
2022-04-01,3578,telur_ayam,24650
2022-04-04,3578,telur_ayam,25000
2022-04-05,3578,telur_ayam,25000
2022-04-06,3578,telur_ayam,24750
2022-04-07,3578,telur_ayam,23400
2022-04-08,3578,telur_ayam,23900
2022-04-11,3578,telur_ayam,24000
2022-04-12,3578,telur_ayam,24000
2022-04-13,3578,telur_ayam,24000
2022-04-14,3578,telur_ayam,24000
2022-04-18,3578,telur_ayam,23500
2022-04-19,3578,telur_ayam,23500
2022-04-20,3578,telur_ayam,23500
2022-04-21,3578,telur_ayam,24400
2022-04-22,3578,telur_ayam,24650
2022-04-25,3578,telur_ayam,25000
2022-04-26,3578,telur_ayam,25000
2022-04-27,3578,telur_ayam,24750
2022-04-28,3578,telur_ayam,24900
2022-05-09,3578,telur_ayam,26500
2022-05-10,3578,telur_ayam,26500
2022-05-11,3578,telur_ayam,25750
2022-05-12,3578,telur_ayam,25750
2022-05-13,3578,telur_ayam,26250
2022-05-17,3578,telur_ayam,25250
2022-05-18,3578,telur_ayam,25250
2022-05-19,3578,telur_ayam,26500
2022-05-20,3578,telur_ayam,28000
2022-05-23,3578,telur_ayam,26900
2022-05-24,3578,telur_ayam,26900
2022-05-25,3578,telur_ayam,26900
2022-05-27,3578,telur_ayam,26900
2022-05-30,3578,telur_ayam,27650
2022-05-31,3578,telur_ayam,27650
2022-06-02,3578,telur_ayam,28150
2022-06-03,3578,telur_ayam,28150
2022-06-06,3578,telur_ayam,28400
2022-06-07,3578,telur_ayam,28400
2022-06-08,3578,telur_ayam,28400
2022-06-09,3578,telur_ayam,28400
2022-06-10,3578,telur_ayam,28400
2022-06-13,3578,telur_ayam,28250
2022-06-14,3578,telur_ayam,27750
2022-06-15,3578,telur_ayam,28250
2022-06-16,3578,telur_ayam,28250
2022-06-17,3578,telur_ayam,28250
2022-06-20,3578,telur_ayam,28500
2022-06-21,3578,telur_ayam,27750
2022-06-22,3578,telur_ayam,27750
2022-06-23,3578,telur_ayam,27500
2022-06-24,3578,telur_ayam,27500
2022-06-27,3578,telur_ayam,27000
2022-06-28,3578,telur_ayam,27000
2022-06-29,3578,telur_ayam,27000
2022-06-30,3578,telur_ayam,26750
2022-07-01,3578,telur_ayam,26500
2022-07-04,3578,telur_ayam,26250
2022-07-05,3578,telur_ayam,26250
2022-07-06,3578,telur_ayam,26250
2022-07-07,3578,telur_ayam,26250
2022-07-08,3578,telur_ayam,27000
2022-07-11,3578,telur_ayam,27250
2022-07-12,3578,telur_ayam,27250
2022-07-13,3578,telur_ayam,27250
2022-07-14,3578,telur_ayam,27500
2022-07-15,3578,telur_ayam,27500
2022-07-18,3578,telur_ayam,27250
2022-07-19,3578,telur_ayam,27150
2022-07-20,3578,telur_ayam,27150
2022-07-21,3578,telur_ayam,27150
2022-07-22,3578,telur_ayam,27150
2022-07-25,3578,telur_ayam,27750
2022-07-26,3578,telur_ayam,27750
2022-07-27,3578,telur_ayam,27500
2022-07-28,3578,telur_ayam,27500
2022-07-29,3578,telur_ayam,27500
2022-08-01,3578,telur_ayam,27400
2022-08-02,3578,telur_ayam,27400
2022-08-03,3578,telur_ayam,27400
2022-08-04,3578,telur_ayam,27150
2022-08-05,3578,telur_ayam,27000
2022-08-08,3578,telur_ayam,27000
2022-08-09,3578,telur_ayam,27000
2022-08-10,3578,telur_ayam,27000
2022-08-11,3578,telur_ayam,27650
2022-08-12,3578,telur_ayam,28650
2022-08-15,3578,telur_ayam,29400
2022-08-16,3578,telur_ayam,29400
2022-08-18,3578,telur_ayam,29400
2022-08-19,3578,telur_ayam,29900
2022-08-22,3578,telur_ayam,29750
2022-08-23,3578,telur_ayam,30000
2022-08-24,3578,telur_ayam,30000
2022-08-25,3578,telur_ayam,30750
2022-08-26,3578,telur_ayam,30750
2022-08-29,3578,telur_ayam,30000
2022-08-30,3578,telur_ayam,30000
2022-08-31,3578,telur_ayam,30000
2022-09-01,3578,telur_ayam,29500
2022-09-02,3578,telur_ayam,29500
2022-09-05,3578,telur_ayam,28000
2022-09-06,3578,telur_ayam,28000
2022-09-07,3578,telur_ayam,28000
2022-09-08,3578,telur_ayam,27900
2022-09-09,3578,telur_ayam,27900
2022-09-12,3578,telur_ayam,27900
2022-09-13,3578,telur_ayam,27400
2022-09-14,3578,telur_ayam,27400
2022-09-15,3578,telur_ayam,27400
2022-09-16,3578,telur_ayam,27400
2022-09-19,3578,telur_ayam,26500
2022-09-20,3578,telur_ayam,26500
2022-09-21,3578,telur_ayam,26500
2022-09-22,3578,telur_ayam,25000
2022-09-23,3578,telur_ayam,24500
2022-09-26,3578,telur_ayam,24500
2022-09-27,3578,telur_ayam,24500
2022-09-28,3578,telur_ayam,24500
2022-09-29,3578,telur_ayam,24500
2022-09-30,3578,telur_ayam,23750
2022-10-03,3578,telur_ayam,22500
2022-10-04,3578,telur_ayam,22500
2022-10-05,3578,telur_ayam,22500
2022-10-06,3578,telur_ayam,23000
2022-10-07,3578,telur_ayam,23500
2022-10-10,3578,telur_ayam,25500
2022-10-11,3578,telur_ayam,25500
2022-10-12,3578,telur_ayam,25250
2022-10-13,3578,telur_ayam,26000
2022-10-14,3578,telur_ayam,26000
2022-10-17,3578,telur_ayam,26250
2022-10-18,3578,telur_ayam,26250
2022-10-19,3578,telur_ayam,26250
2022-10-20,3578,telur_ayam,26250
2022-10-21,3578,telur_ayam,25750
2022-10-24,3578,telur_ayam,26000
2022-10-25,3578,telur_ayam,26000
2022-10-26,3578,telur_ayam,26000
2022-10-27,3578,telur_ayam,26250
2022-10-28,3578,telur_ayam,26250
2022-10-31,3578,telur_ayam,26150
2022-11-01,3578,telur_ayam,26150
2022-11-02,3578,telur_ayam,26150
2022-11-03,3578,telur_ayam,26150
2022-11-04,3578,telur_ayam,26150
2022-11-07,3578,telur_ayam,26250
2022-11-08,3578,telur_ayam,26250
2022-11-09,3578,telur_ayam,26250
2022-11-10,3578,telur_ayam,26650
2022-11-11,3578,telur_ayam,26650
2022-11-14,3578,telur_ayam,27000
2022-11-15,3578,telur_ayam,27000
2022-11-16,3578,telur_ayam,27000
2022-11-17,3578,telur_ayam,27500
2022-11-18,3578,telur_ayam,27500
2022-11-21,3578,telur_ayam,27500
2022-11-22,3578,telur_ayam,27500
2022-11-23,3578,telur_ayam,27000
2022-11-24,3578,telur_ayam,28000
2022-11-25,3578,telur_ayam,28750
2022-11-28,3578,telur_ayam,31000
2022-11-29,3578,telur_ayam,31000
2022-11-30,3578,telur_ayam,31000
2022-12-01,3578,telur_ayam,31000
2022-12-02,3578,telur_ayam,31000
2022-12-05,3578,telur_ayam,31000
2022-12-06,3578,telur_ayam,31000
2022-12-07,3578,telur_ayam,31000
2022-12-08,3578,telur_ayam,30250
2022-12-09,3578,telur_ayam,30250
2022-12-12,3578,telur_ayam,31000
2022-12-13,3578,telur_ayam,30750
2022-12-14,3578,telur_ayam,30750
2022-12-15,3578,telur_ayam,30750
2022-12-16,3578,telur_ayam,30750
2022-12-19,3578,telur_ayam,30000
2022-12-20,3578,telur_ayam,30000
2022-12-21,3578,telur_ayam,29500
2022-12-22,3578,telur_ayam,28500
2022-12-23,3578,telur_ayam,28500
2022-12-26,3578,telur_ayam,28250
2022-12-27,3578,telur_ayam,28750
2022-12-28,3578,telur_ayam,27750
2022-12-29,3578,telur_ayam,27750
2022-12-30,3578,telur_ayam,27750
2023-01-02,3578,telur_ayam,27750
2023-01-03,3578,telur_ayam,27750
2023-01-04,3578,telur_ayam,27750
2023-01-05,3578,telur_ayam,27750
2023-01-06,3578,telur_ayam,27750
2023-01-09,3578,telur_ayam,27150
2023-01-10,3578,telur_ayam,27150
2023-01-11,3578,telur_ayam,26650
2023-01-12,3578,telur_ayam,27150
2023-01-13,3578,telur_ayam,27400
2023-01-16,3578,telur_ayam,26900
2023-01-17,3578,telur_ayam,26900
2023-01-18,3578,telur_ayam,26900
2023-01-19,3578,telur_ayam,26900
2023-01-20,3578,telur_ayam,26900
2023-01-23,3578,telur_ayam,26900
2023-01-24,3578,telur_ayam,27400
2023-01-25,3578,telur_ayam,27400
2023-01-26,3578,telur_ayam,27250
2023-01-27,3578,telur_ayam,26500
2023-01-30,3578,telur_ayam,26650
2023-01-31,3578,telur_ayam,26500
2023-02-01,3578,telur_ayam,26500
2023-02-02,3578,telur_ayam,26250
2023-02-03,3578,telur_ayam,25900
2023-02-06,3578,telur_ayam,25900
2023-02-07,3578,telur_ayam,25900
2023-02-08,3578,telur_ayam,26400
2023-02-09,3578,telur_ayam,26900
2023-02-10,3578,telur_ayam,26900
2023-02-13,3578,telur_ayam,26900
2023-02-14,3578,telur_ayam,26900
2023-02-15,3578,telur_ayam,26900
2023-02-16,3578,telur_ayam,26900
2023-02-17,3578,telur_ayam,26750
2023-02-20,3578,telur_ayam,26250
2023-02-21,3578,telur_ayam,26250
2023-02-22,3578,telur_ayam,26250
2023-02-23,3578,telur_ayam,26250
2023-02-24,3578,telur_ayam,26250
2023-02-27,3578,telur_ayam,26000
2023-02-28,3578,telur_ayam,26000
2023-03-01,3578,telur_ayam,25500
2023-03-02,3578,telur_ayam,25500
2023-03-03,3578,telur_ayam,25250
2023-03-06,3578,telur_ayam,26250
2023-03-07,3578,telur_ayam,26250
2023-03-08,3578,telur_ayam,26400
2023-03-09,3578,telur_ayam,26900
2023-03-10,3578,telur_ayam,27150
2023-03-13,3578,telur_ayam,28150
2023-03-14,3578,telur_ayam,28400
2023-03-15,3578,telur_ayam,28750
2023-03-16,3578,telur_ayam,29750
2023-03-17,3578,telur_ayam,30000
2023-03-20,3578,telur_ayam,30500
2023-03-21,3578,telur_ayam,30500
2023-03-22,3578,telur_ayam,30500
2023-03-23,3578,telur_ayam,30500
2023-03-24,3578,telur_ayam,30000
2023-03-27,3578,telur_ayam,29250
2023-03-28,3578,telur_ayam,29250
2023-03-29,3578,telur_ayam,29150
2023-03-30,3578,telur_ayam,29150
2023-03-31,3578,telur_ayam,29150
2023-04-03,3578,telur_ayam,28000
2023-04-04,3578,telur_ayam,27750
2023-04-05,3578,telur_ayam,27750
2023-04-06,3578,telur_ayam,27500
2023-04-07,3578,telur_ayam,27500
2023-04-10,3578,telur_ayam,27500
2023-04-11,3578,telur_ayam,27500
2023-04-12,3578,telur_ayam,27500
2023-04-13,3578,telur_ayam,27150
2023-04-14,3578,telur_ayam,27150
2023-04-17,3578,telur_ayam,26500
2023-04-18,3578,telur_ayam,26000
2023-04-24,3578,telur_ayam,26500
2023-04-25,3578,telur_ayam,26000
2023-04-26,3578,telur_ayam,27750
2023-04-27,3578,telur_ayam,28750
2023-04-28,3578,telur_ayam,28750
2023-05-02,3578,telur_ayam,28500
2023-05-03,3578,telur_ayam,28500
2023-05-04,3578,telur_ayam,28500
2023-05-05,3578,telur_ayam,28000
2023-05-08,3578,telur_ayam,29000
2023-05-09,3578,telur_ayam,29250
2023-05-10,3578,telur_ayam,29250
2023-05-11,3578,telur_ayam,29750
2023-05-12,3578,telur_ayam,30400
2023-05-15,3578,telur_ayam,32000
2023-05-16,3578,telur_ayam,31500
2023-05-17,3578,telur_ayam,31500
2023-05-18,3578,telur_ayam,31500
2023-05-19,3578,telur_ayam,31250
2023-05-22,3578,telur_ayam,30750
2023-05-23,3578,telur_ayam,30750
2023-05-24,3578,telur_ayam,30500
2023-05-25,3578,telur_ayam,30500
2023-05-26,3578,telur_ayam,30750
2023-05-29,3578,telur_ayam,30250
2023-05-30,3578,telur_ayam,30250
2023-05-31,3578,telur_ayam,30500
2023-06-01,3578,telur_ayam,30500
2023-06-02,3578,telur_ayam,30500
2023-06-05,3578,telur_ayam,29500
2023-06-06,3578,telur_ayam,29500
2023-06-07,3578,telur_ayam,29750
2023-06-08,3578,telur_ayam,29750
2023-06-09,3578,telur_ayam,29750
2023-06-12,3578,telur_ayam,29500
2023-06-13,3578,telur_ayam,29500
2023-06-14,3578,telur_ayam,29500
2023-06-15,3578,telur_ayam,29500
2023-06-16,3578,telur_ayam,29500
2023-06-19,3578,telur_ayam,29500
2023-06-20,3578,telur_ayam,29500
2023-06-21,3578,telur_ayam,29500
2023-06-22,3578,telur_ayam,29500
2023-06-23,3578,telur_ayam,29000
2023-06-26,3578,telur_ayam,29750
2023-06-27,3578,telur_ayam,29500
2023-06-28,3578,telur_ayam,29500
2023-06-29,3578,telur_ayam,29500
2023-06-30,3578,telur_ayam,29500
2023-07-03,3578,telur_ayam,29750
2023-07-04,3578,telur_ayam,29750
2023-07-05,3578,telur_ayam,29750
2023-07-06,3578,telur_ayam,30250
2023-07-07,3578,telur_ayam,30250
2023-07-10,3578,telur_ayam,30500
2023-07-11,3578,telur_ayam,30500
2023-07-12,3578,telur_ayam,30500
2023-07-13,3578,telur_ayam,30250
2023-07-14,3578,telur_ayam,30250
2023-07-17,3578,telur_ayam,31000
2023-07-18,3578,telur_ayam,31000
2023-07-19,3578,telur_ayam,31000
2023-07-20,3578,telur_ayam,30500
2023-07-21,3578,telur_ayam,30500
2023-07-24,3578,telur_ayam,30750
2023-07-25,3578,telur_ayam,30750
2023-07-26,3578,telur_ayam,30750
2023-07-27,3578,telur_ayam,30750
2023-07-28,3578,telur_ayam,30750
2023-07-31,3578,telur_ayam,30750
2023-08-01,3578,telur_ayam,30750
2023-08-02,3578,telur_ayam,30750
2023-08-03,3578,telur_ayam,30750
2023-08-04,3578,telur_ayam,30750
2023-08-07,3578,telur_ayam,30250
2023-08-08,3578,telur_ayam,30250
2023-08-09,3578,telur_ayam,30250
2023-08-10,3578,telur_ayam,30000
2023-08-11,3578,telur_ayam,30000
2023-08-14,3578,telur_ayam,29750
2023-08-15,3578,telur_ayam,29500
2023-08-16,3578,telur_ayam,29500
2023-08-17,3578,telur_ayam,29500
2023-08-18,3578,telur_ayam,28000
2023-08-21,3578,telur_ayam,28000
2023-08-22,3578,telur_ayam,28000
2023-08-23,3578,telur_ayam,27900
2023-08-24,3578,telur_ayam,27400
2023-08-25,3578,telur_ayam,27400
2023-08-28,3578,telur_ayam,27000
2023-08-29,3578,telur_ayam,27000
2023-08-30,3578,telur_ayam,27000
2023-08-31,3578,telur_ayam,27000
2023-09-01,3578,telur_ayam,27000
2023-09-04,3578,telur_ayam,26000
2023-09-05,3578,telur_ayam,26000
2023-09-06,3578,telur_ayam,27250
2023-09-07,3578,telur_ayam,27250
2023-09-08,3578,telur_ayam,27000
2023-09-11,3578,telur_ayam,27000
2023-09-12,3578,telur_ayam,27000
2023-09-13,3578,telur_ayam,27000
2023-09-14,3578,telur_ayam,26750
2023-09-15,3578,telur_ayam,26750
2023-09-18,3578,telur_ayam,26500
2023-09-19,3578,telur_ayam,26500
2023-09-20,3578,telur_ayam,26500
2023-09-21,3578,telur_ayam,26000
2023-09-22,3578,telur_ayam,26000
2023-09-25,3578,telur_ayam,26000
2023-09-26,3578,telur_ayam,25750
2023-09-27,3578,telur_ayam,25750
2023-09-28,3578,telur_ayam,25750
2023-09-29,3578,telur_ayam,25250
2023-10-02,3578,telur_ayam,25250
2023-10-03,3578,telur_ayam,25250
2023-10-04,3578,telur_ayam,25250
2023-10-05,3578,telur_ayam,25250
2023-10-06,3578,telur_ayam,25250
2023-10-09,3578,telur_ayam,25250
2023-10-10,3578,telur_ayam,25250
2023-10-11,3578,telur_ayam,25500
2023-10-12,3578,telur_ayam,25500
2023-10-13,3578,telur_ayam,25400
2023-10-16,3578,telur_ayam,25250
2023-10-17,3578,telur_ayam,25250
2023-10-18,3578,telur_ayam,25500
2023-10-19,3578,telur_ayam,25500
2023-10-20,3578,telur_ayam,25500
2023-10-23,3578,telur_ayam,25400
2023-10-24,3578,telur_ayam,25400
2023-10-25,3578,telur_ayam,25400
2023-10-26,3578,telur_ayam,25150
2023-10-27,3578,telur_ayam,25150
2023-10-30,3578,telur_ayam,24900
2023-10-31,3578,telur_ayam,24900
2023-11-01,3578,telur_ayam,24900
2023-11-02,3578,telur_ayam,24900
2023-11-03,3578,telur_ayam,24900
2023-11-06,3578,telur_ayam,25250
2023-11-07,3578,telur_ayam,26500
2023-11-08,3578,telur_ayam,26500
2023-11-09,3578,telur_ayam,27400
2023-11-10,3578,telur_ayam,27400
2023-11-13,3578,telur_ayam,27400
2023-11-14,3578,telur_ayam,27400
2023-11-15,3578,telur_ayam,27400
2023-11-16,3578,telur_ayam,27400
2023-11-17,3578,telur_ayam,27400
2023-11-20,3578,telur_ayam,27400
2023-11-21,3578,telur_ayam,27400
2023-11-22,3578,telur_ayam,27400
2023-11-23,3578,telur_ayam,27400
2023-11-24,3578,telur_ayam,27400
2023-11-27,3578,telur_ayam,27400
2023-11-28,3578,telur_ayam,27400
2023-11-29,3578,telur_ayam,27400
2023-11-30,3578,telur_ayam,27400
2023-12-01,3578,telur_ayam,27400
2023-12-04,3578,telur_ayam,27400
2023-12-05,3578,telur_ayam,27400
2023-12-06,3578,telur_ayam,27400
2023-12-07,3578,telur_ayam,27400
2023-12-08,3578,telur_ayam,27400
2023-12-11,3578,telur_ayam,27250
2023-12-12,3578,telur_ayam,27250
2023-12-13,3578,telur_ayam,27250
2023-12-14,3578,telur_ayam,27250
2023-12-15,3578,telur_ayam,27000
2023-12-18,3578,telur_ayam,27000
2023-12-19,3578,telur_ayam,27000
2023-12-20,3578,telur_ayam,27000
2023-12-21,3578,telur_ayam,27000
2023-12-22,3578,telur_ayam,26250
2023-12-27,3578,telur_ayam,26750
2023-12-28,3578,telur_ayam,26250
2023-12-29,3578,telur_ayam,26000
2024-01-01,3578,telur_ayam,26000
2024-01-02,3578,telur_ayam,26000
2024-01-03,3578,telur_ayam,25750
2024-01-04,3578,telur_ayam,25750
2024-01-05,3578,telur_ayam,25750
2024-01-08,3578,telur_ayam,25650
2024-01-09,3578,telur_ayam,25500
2024-01-10,3578,telur_ayam,25500
2024-01-11,3578,telur_ayam,25000
2024-01-12,3578,telur_ayam,24750
2024-01-15,3578,telur_ayam,25400
2024-01-16,3578,telur_ayam,25400
2024-01-17,3578,telur_ayam,25750
2024-01-18,3578,telur_ayam,25750
2024-01-19,3578,telur_ayam,25750
2024-01-22,3578,telur_ayam,26750
2024-01-23,3578,telur_ayam,27500
2024-01-24,3578,telur_ayam,27500
2024-01-25,3578,telur_ayam,27500
2024-01-26,3578,telur_ayam,27650
2024-01-29,3578,telur_ayam,27500
2024-01-30,3578,telur_ayam,27500
2024-01-31,3578,telur_ayam,27500
2024-02-01,3578,telur_ayam,27500
2024-02-02,3578,telur_ayam,27500
2024-02-05,3578,telur_ayam,27500
2024-02-06,3578,telur_ayam,27500
2024-02-07,3578,telur_ayam,27400
2024-02-08,3578,telur_ayam,27400
2024-02-09,3578,telur_ayam,27400
2024-02-12,3578,telur_ayam,27250
2024-02-13,3578,telur_ayam,27400
2024-02-14,3578,telur_ayam,27400
2024-02-15,3578,telur_ayam,27400
2024-02-16,3578,telur_ayam,26900
2024-02-19,3578,telur_ayam,28900
2024-02-20,3578,telur_ayam,28900
2024-02-21,3578,telur_ayam,28900
2024-02-22,3578,telur_ayam,28900
2024-02-23,3578,telur_ayam,28900
2024-02-26,3578,telur_ayam,29900
2024-02-27,3578,telur_ayam,29900
2024-02-28,3578,telur_ayam,30400
2024-02-29,3578,telur_ayam,30750
2024-03-01,3578,telur_ayam,30750
2024-03-04,3578,telur_ayam,30750
2024-03-05,3578,telur_ayam,30750
2024-03-06,3578,telur_ayam,30750
2024-03-07,3578,telur_ayam,31650
2024-03-08,3578,telur_ayam,31650
2024-03-11,3578,telur_ayam,31650
2024-03-12,3578,telur_ayam,31650
2024-03-13,3578,telur_ayam,31650
2024-03-14,3578,telur_ayam,31650
2024-03-15,3578,telur_ayam,31650
2024-03-18,3578,telur_ayam,31750
2024-03-19,3578,telur_ayam,31750
2024-03-20,3578,telur_ayam,31750
2024-03-21,3578,telur_ayam,31750
2024-03-22,3578,telur_ayam,31750
2024-03-25,3578,telur_ayam,30250
2024-03-26,3578,telur_ayam,30250
2024-03-27,3578,telur_ayam,29750
2024-03-28,3578,telur_ayam,28250
2024-03-29,3578,telur_ayam,28250
2024-04-01,3578,telur_ayam,27750
2024-04-02,3578,telur_ayam,27750
2024-04-03,3578,telur_ayam,27750
2024-04-04,3578,telur_ayam,27250
2024-04-05,3578,telur_ayam,27250
2024-04-08,3578,telur_ayam,27250
2024-04-09,3578,telur_ayam,27250
2024-04-10,3578,telur_ayam,27250
2024-04-11,3578,telur_ayam,27250
2024-04-12,3578,telur_ayam,27250
2024-04-15,3578,telur_ayam,27250
2024-04-16,3578,telur_ayam,26750
2024-04-17,3578,telur_ayam,26250
2024-04-18,3578,telur_ayam,26250
2024-04-19,3578,telur_ayam,26250
2024-04-22,3578,telur_ayam,26250
2024-04-23,3578,telur_ayam,26250
2024-04-24,3578,telur_ayam,26750
2024-04-25,3578,telur_ayam,26750
2024-04-26,3578,telur_ayam,26750
2024-04-29,3578,telur_ayam,26650
2024-04-30,3578,telur_ayam,26650
2024-05-01,3578,telur_ayam,26650
2024-05-02,3578,telur_ayam,28250
2024-05-03,3578,telur_ayam,28250
2024-05-06,3578,telur_ayam,29400
2024-05-07,3578,telur_ayam,29400
2024-05-08,3578,telur_ayam,29400
2024-05-09,3578,telur_ayam,29400
2024-05-10,3578,telur_ayam,29400
2024-05-13,3578,telur_ayam,29400
2024-05-14,3578,telur_ayam,29400
2024-05-15,3578,telur_ayam,29400
2024-05-16,3578,telur_ayam,29400
2024-05-17,3578,telur_ayam,29400
2024-05-20,3578,telur_ayam,29400
2024-05-21,3578,telur_ayam,29400
2024-05-22,3578,telur_ayam,29400
2024-05-23,3578,telur_ayam,29400
2024-05-24,3578,telur_ayam,29400
2024-05-27,3578,telur_ayam,28750
2024-05-28,3578,telur_ayam,28750
2024-05-29,3578,telur_ayam,28750
2024-05-30,3578,telur_ayam,28750
2024-05-31,3578,telur_ayam,28750
2024-06-03,3578,telur_ayam,28500
2024-06-04,3578,telur_ayam,28500
2024-06-05,3578,telur_ayam,27650
2024-06-06,3578,telur_ayam,27650
2024-06-07,3578,telur_ayam,27650
2024-06-10,3578,telur_ayam,27750
2024-06-11,3578,telur_ayam,27750
2024-06-12,3578,telur_ayam,27750
2024-06-13,3578,telur_ayam,27750
2024-06-14,3578,telur_ayam,27750
2024-06-17,3578,telur_ayam,27750
2024-06-18,3578,telur_ayam,27750
2024-06-19,3578,telur_ayam,27750
2024-06-20,3578,telur_ayam,27750
2024-06-21,3578,telur_ayam,27750
2024-06-24,3578,telur_ayam,27500
2024-06-25,3578,telur_ayam,27500
2024-06-26,3578,telur_ayam,27500
2024-06-27,3578,telur_ayam,27500
2024-06-28,3578,telur_ayam,27500
2024-07-01,3578,telur_ayam,27500
2024-07-02,3578,telur_ayam,27400
2024-07-03,3578,telur_ayam,27400
2024-07-04,3578,telur_ayam,27400
2024-07-08,3578,telur_ayam,27400
2024-07-09,3578,telur_ayam,27400
2024-07-10,3578,telur_ayam,27400
2024-07-11,3578,telur_ayam,27400
2024-07-12,3578,telur_ayam,27400
2024-07-15,3578,telur_ayam,27500
2024-07-16,3578,telur_ayam,27500
2024-07-17,3578,telur_ayam,27500
2024-07-18,3578,telur_ayam,27500
2024-07-19,3578,telur_ayam,27500
2024-07-22,3578,telur_ayam,27500
2024-07-23,3578,telur_ayam,27400
2024-07-24,3578,telur_ayam,27400
2024-07-25,3578,telur_ayam,27400
2024-07-26,3578,telur_ayam,27400
2024-07-29,3578,telur_ayam,27500
2024-07-30,3578,telur_ayam,27500
2024-07-31,3578,telur_ayam,27500
2024-08-01,3578,telur_ayam,27250
2024-08-02,3578,telur_ayam,27250
2024-08-05,3578,telur_ayam,27500
2024-08-06,3578,telur_ayam,27250
2024-08-07,3578,telur_ayam,27250
2024-08-08,3578,telur_ayam,27250
2024-08-09,3578,telur_ayam,27000
2024-08-12,3578,telur_ayam,27000
2024-08-13,3578,telur_ayam,27000
2024-08-14,3578,telur_ayam,27000
2024-08-15,3578,telur_ayam,27000
2024-08-16,3578,telur_ayam,27000
2024-08-19,3578,telur_ayam,27000
2024-08-20,3578,telur_ayam,26750
2024-08-21,3578,telur_ayam,26750
2024-08-22,3578,telur_ayam,26250
2024-08-23,3578,telur_ayam,26250
2024-08-26,3578,telur_ayam,26000
2024-08-27,3578,telur_ayam,25500
2024-08-28,3578,telur_ayam,25500
2024-08-29,3578,telur_ayam,25500
2024-08-30,3578,telur_ayam,25500
2024-09-02,3578,telur_ayam,25500
2024-09-03,3578,telur_ayam,24500
2024-09-04,3578,telur_ayam,24500
2024-09-05,3578,telur_ayam,24500
2024-09-06,3578,telur_ayam,24500
2024-09-09,3578,telur_ayam,25250
2024-09-10,3578,telur_ayam,25250
2024-09-11,3578,telur_ayam,25250
2024-09-12,3578,telur_ayam,25750
2024-09-13,3578,telur_ayam,26000
2024-09-17,3578,telur_ayam,26000
2024-09-18,3578,telur_ayam,25750
2024-09-19,3578,telur_ayam,26000
2024-09-20,3578,telur_ayam,26000
2024-09-23,3578,telur_ayam,25750
2024-09-24,3578,telur_ayam,25750
2024-09-25,3578,telur_ayam,25750
2024-09-26,3578,telur_ayam,25750
2024-09-27,3578,telur_ayam,25750
2024-09-30,3578,telur_ayam,25750
2024-10-01,3578,telur_ayam,25750
2024-10-02,3578,telur_ayam,25500
2024-10-03,3578,telur_ayam,25500
2024-10-04,3578,telur_ayam,25500
2024-10-07,3578,telur_ayam,25500
2024-10-08,3578,telur_ayam,25750
2024-10-09,3578,telur_ayam,25750
2024-10-10,3578,telur_ayam,25750
2024-10-11,3578,telur_ayam,25750
2024-10-14,3578,telur_ayam,25750
2024-10-15,3578,telur_ayam,25750
2024-10-16,3578,telur_ayam,25750
2024-10-17,3578,telur_ayam,26000
2024-10-18,3578,telur_ayam,26000
2024-10-21,3578,telur_ayam,26000
2024-10-22,3578,telur_ayam,26000
2024-10-23,3578,telur_ayam,26000
2024-10-24,3578,telur_ayam,26000
2024-10-25,3578,telur_ayam,26000
2024-10-28,3578,telur_ayam,26000
2024-10-29,3578,telur_ayam,26000
2024-10-30,3578,telur_ayam,26000
2024-10-31,3578,telur_ayam,26000
2024-11-01,3578,telur_ayam,26000
2024-11-04,3578,telur_ayam,26000
2024-11-05,3578,telur_ayam,26000
2024-11-06,3578,telur_ayam,26000
2024-11-07,3578,telur_ayam,26000
2024-11-08,3578,telur_ayam,25750
2024-11-11,3578,telur_ayam,26000
2024-11-12,3578,telur_ayam,26000
2024-11-13,3578,telur_ayam,26000
2024-11-14,3578,telur_ayam,26000
2024-11-15,3578,telur_ayam,26000
2024-11-18,3578,telur_ayam,26000
2024-11-19,3578,telur_ayam,26000
2024-11-20,3578,telur_ayam,26000
2024-11-21,3578,telur_ayam,26000
2024-11-22,3578,telur_ayam,26000
2024-11-25,3578,telur_ayam,26000
2024-11-26,3578,telur_ayam,26000
2024-11-27,3578,telur_ayam,26000
2024-11-28,3578,telur_ayam,25750
2024-11-29,3578,telur_ayam,25750
2024-12-02,3578,telur_ayam,25750
2024-12-03,3578,telur_ayam,25750
2024-12-04,3578,telur_ayam,25750
2024-12-05,3578,telur_ayam,25750
2024-12-06,3578,telur_ayam,25750
2024-12-09,3578,telur_ayam,28400
2024-12-10,3578,telur_ayam,28400
2024-12-11,3578,telur_ayam,29500
2024-12-12,3578,telur_ayam,29500
2024-12-13,3578,telur_ayam,29500
2024-12-16,3578,telur_ayam,29400
2024-12-17,3578,telur_ayam,29400
2024-12-18,3578,telur_ayam,29400
2024-12-19,3578,telur_ayam,29400
2024-12-20,3578,telur_ayam,30650
2024-12-23,3578,telur_ayam,30650
2024-12-24,3578,telur_ayam,30650
2024-12-25,3578,telur_ayam,30650
2024-12-26,3578,telur_ayam,30650
2024-12-27,3578,telur_ayam,30900
2024-12-30,3578,telur_ayam,31000
2024-12-31,3578,telur_ayam,31000
2025-01-02,3578,telur_ayam,31000
2025-01-03,3578,telur_ayam,31000
2025-01-06,3578,telur_ayam,30750
2025-01-07,3578,telur_ayam,30750
2025-01-08,3578,telur_ayam,30750
2025-01-09,3578,telur_ayam,29750
2025-01-10,3578,telur_ayam,29150
2025-01-13,3578,telur_ayam,28750
2025-01-14,3578,telur_ayam,29250
2025-01-15,3578,telur_ayam,28500
2025-01-16,3578,telur_ayam,28500
2025-01-17,3578,telur_ayam,28500
2025-01-20,3578,telur_ayam,28500
2025-01-21,3578,telur_ayam,28500
2025-01-22,3578,telur_ayam,28500
2025-01-23,3578,telur_ayam,26500
2025-01-24,3578,telur_ayam,25750
2025-01-27,3578,telur_ayam,25750
2025-01-28,3578,telur_ayam,25750
2025-01-29,3578,telur_ayam,25750
2025-01-30,3578,telur_ayam,26250
2025-01-31,3578,telur_ayam,26250
2025-02-03,3578,telur_ayam,26000
2025-02-04,3578,telur_ayam,26000
2025-02-05,3578,telur_ayam,26500
2025-02-06,3578,telur_ayam,26500
2025-02-07,3578,telur_ayam,26750
2025-02-10,3578,telur_ayam,27650
2025-02-11,3578,telur_ayam,27650
2025-02-12,3578,telur_ayam,27650
2025-02-13,3578,telur_ayam,27650
2025-02-14,3578,telur_ayam,27650
2025-02-17,3578,telur_ayam,27900
2025-02-18,3578,telur_ayam,28500
2025-02-19,3578,telur_ayam,28500
2025-02-20,3578,telur_ayam,28500
2025-02-21,3578,telur_ayam,29250
2025-02-24,3578,telur_ayam,29750
2025-02-25,3578,telur_ayam,29750
2025-02-26,3578,telur_ayam,29750
2025-02-27,3578,telur_ayam,29750
2025-02-28,3578,telur_ayam,29750
2025-03-03,3578,telur_ayam,29500
2025-03-04,3578,telur_ayam,29500
2025-03-05,3578,telur_ayam,29500
2025-03-06,3578,telur_ayam,29500
2025-03-07,3578,telur_ayam,29400
2025-03-10,3578,telur_ayam,29500
2025-03-11,3578,telur_ayam,29000
2025-03-12,3578,telur_ayam,29000
2025-03-13,3578,telur_ayam,29000
2025-03-14,3578,telur_ayam,29000
2025-03-17,3578,telur_ayam,26500
2025-03-18,3578,telur_ayam,26250
2025-03-19,3578,telur_ayam,26250
2025-03-20,3578,telur_ayam,26250
2025-03-21,3578,telur_ayam,26500
2025-03-24,3578,telur_ayam,26000
2025-03-25,3578,telur_ayam,26000
2025-03-26,3578,telur_ayam,26250
2025-03-27,3578,telur_ayam,26250
2025-03-28,3578,telur_ayam,26250
2025-03-31,3578,telur_ayam,26250
2025-04-01,3578,telur_ayam,26250
2025-04-02,3578,telur_ayam,26250
2025-04-03,3578,telur_ayam,26250
2025-04-04,3578,telur_ayam,26250
2025-04-07,3578,telur_ayam,26250
2025-04-08,3578,telur_ayam,27500
2025-04-09,3578,telur_ayam,27250
2025-04-10,3578,telur_ayam,26750
2025-04-11,3578,telur_ayam,25750
2025-04-14,3578,telur_ayam,25750
2025-04-15,3578,telur_ayam,25750
2025-04-16,3578,telur_ayam,25750
2025-04-17,3578,telur_ayam,25750
2025-04-18,3578,telur_ayam,25750
2025-04-21,3578,telur_ayam,25500
2025-04-22,3578,telur_ayam,25500
2025-04-23,3578,telur_ayam,25500
2025-04-24,3578,telur_ayam,25500
2025-04-25,3578,telur_ayam,25750
2025-04-28,3578,telur_ayam,27250
2025-04-29,3578,telur_ayam,27250
2025-04-30,3578,telur_ayam,27250
2025-05-01,3578,telur_ayam,27250
2025-05-02,3578,telur_ayam,26750
2025-05-05,3578,telur_ayam,26500
2025-05-06,3578,telur_ayam,26250
2025-05-07,3578,telur_ayam,26250
2025-05-08,3578,telur_ayam,26250
2025-05-09,3578,telur_ayam,26250
2025-05-12,3578,telur_ayam,26250
2025-05-13,3578,telur_ayam,26250
2025-05-14,3578,telur_ayam,26000
2025-05-15,3578,telur_ayam,26000
2025-05-16,3578,telur_ayam,26000
2025-05-19,3578,telur_ayam,26000
2025-05-20,3578,telur_ayam,26000
2025-05-21,3578,telur_ayam,26000
2025-05-22,3578,telur_ayam,26000
2025-05-23,3578,telur_ayam,26000
2025-05-26,3578,telur_ayam,26000
2025-05-27,3578,telur_ayam,26000
2025-05-28,3578,telur_ayam,26000
2025-05-29,3578,telur_ayam,26000
2025-05-30,3578,telur_ayam,26000
2025-06-02,3578,telur_ayam,26250
2025-06-03,3578,telur_ayam,26250
2025-06-04,3578,telur_ayam,27400
2025-06-05,3578,telur_ayam,27400
2025-06-06,3578,telur_ayam,27400
2025-06-09,3578,telur_ayam,27400
2025-06-10,3578,telur_ayam,26750
2025-06-11,3578,telur_ayam,26750
2025-06-12,3578,telur_ayam,26750
2025-06-13,3578,telur_ayam,26750
2025-06-16,3578,telur_ayam,26500
2025-06-17,3578,telur_ayam,26500
2025-06-18,3578,telur_ayam,26500
2025-06-19,3578,telur_ayam,26500
2025-06-20,3578,telur_ayam,26500
2025-06-23,3578,telur_ayam,27400
2025-06-24,3578,telur_ayam,27400
2025-06-25,3578,telur_ayam,27400
2025-06-26,3578,telur_ayam,27400
2025-06-27,3578,telur_ayam,27400
2025-06-30,3578,telur_ayam,27400
2025-07-01,3578,telur_ayam,27250
2025-07-02,3578,telur_ayam,27250
2025-07-03,3578,telur_ayam,27250
2025-07-04,3578,telur_ayam,27650
2025-07-07,3578,telur_ayam,28500
2025-07-08,3578,telur_ayam,29000
2025-07-09,3578,telur_ayam,28900
2025-07-10,3578,telur_ayam,28900
2025-07-11,3578,telur_ayam,28750
2025-07-14,3578,telur_ayam,28500
2025-07-15,3578,telur_ayam,28500
2025-07-16,3578,telur_ayam,28500
2025-07-17,3578,telur_ayam,28500
2025-07-18,3578,telur_ayam,28650
2025-07-21,3578,telur_ayam,28500
2025-07-22,3578,telur_ayam,28500
2025-07-23,3578,telur_ayam,28150
2025-07-24,3578,telur_ayam,28150
2025-07-25,3578,telur_ayam,28150
2025-07-28,3578,telur_ayam,28000
2025-07-29,3578,telur_ayam,28000
2025-07-30,3578,telur_ayam,28000
2025-07-31,3578,telur_ayam,28000
2025-08-01,3578,telur_ayam,28000
2025-08-04,3578,telur_ayam,28150
2025-08-05,3578,telur_ayam,28150
2025-08-06,3578,telur_ayam,28150
2025-08-07,3578,telur_ayam,28150
2025-08-08,3578,telur_ayam,27750
2025-08-11,3578,telur_ayam,27250
2025-08-12,3578,telur_ayam,27250
2025-08-13,3578,telur_ayam,27400
2025-08-14,3578,telur_ayam,27400
2025-08-15,3578,telur_ayam,27400
2025-08-18,3578,telur_ayam,27400
2025-08-19,3578,telur_ayam,27150
2025-08-20,3578,telur_ayam,27150
2025-08-21,3578,telur_ayam,26000
2025-08-22,3578,telur_ayam,26000
2025-08-25,3578,telur_ayam,26750
2025-08-26,3578,telur_ayam,26750
2025-08-27,3578,telur_ayam,26750
2025-08-28,3578,telur_ayam,26500
2025-08-29,3578,telur_ayam,26250
2025-09-01,3578,telur_ayam,26750
2025-09-02,3578,telur_ayam,26750
2025-09-03,3578,telur_ayam,26750
2025-09-04,3578,telur_ayam,26750
2025-09-05,3578,telur_ayam,26750
2025-09-08,3578,telur_ayam,27400
2025-09-09,3578,telur_ayam,27650
2025-09-10,3578,telur_ayam,27900
2025-09-11,3578,telur_ayam,27900
2025-09-12,3578,telur_ayam,27900
2025-09-15,3578,telur_ayam,27500
2025-09-16,3578,telur_ayam,27500
2025-09-17,3578,telur_ayam,27500
2025-09-18,3578,telur_ayam,27500
2025-09-19,3578,telur_ayam,27750
2025-09-22,3578,telur_ayam,27750
2025-09-23,3578,telur_ayam,27750
2025-09-24,3578,telur_ayam,27750
2025-09-25,3578,telur_ayam,27750
2025-09-26,3578,telur_ayam,27750
2025-09-29,3578,telur_ayam,28000
2025-09-30,3578,telur_ayam,28000
2025-10-01,3578,telur_ayam,28000
2025-10-02,3578,telur_ayam,28000
2025-10-03,3578,telur_ayam,28000
2025-10-06,3578,telur_ayam,28650
2025-10-07,3578,telur_ayam,28650
2025-10-08,3578,telur_ayam,29150
2025-10-09,3578,telur_ayam,29650
2025-10-10,3578,telur_ayam,30000
2025-10-13,3578,telur_ayam,30000
2025-10-14,3578,telur_ayam,30000
2025-10-15,3578,telur_ayam,30250
2025-10-16,3578,telur_ayam,30250
2025-10-17,3578,telur_ayam,30250
2025-10-20,3578,telur_ayam,30250
2025-10-21,3578,telur_ayam,30250
2025-10-22,3578,telur_ayam,30250
2025-10-23,3578,telur_ayam,30250
2025-10-24,3578,telur_ayam,30250
2025-10-27,3578,telur_ayam,30000
2025-10-28,3578,telur_ayam,29750
2025-10-29,3578,telur_ayam,29750
2025-10-30,3578,telur_ayam,29750
2025-10-31,3578,telur_ayam,29000
2025-11-03,3578,telur_ayam,29650
2025-11-04,3578,telur_ayam,29650
2025-11-05,3578,telur_ayam,29650
2025-11-06,3578,telur_ayam,29650
2025-11-07,3578,telur_ayam,29400
2025-11-10,3578,telur_ayam,28650
2025-11-11,3578,telur_ayam,28650
2025-11-12,3578,telur_ayam,28650
2025-11-13,3578,telur_ayam,28650
2025-11-14,3578,telur_ayam,28650
2025-11-17,3578,telur_ayam,28250
2025-11-18,3578,telur_ayam,28250
2025-11-19,3578,telur_ayam,28250
2025-11-20,3578,telur_ayam,28250
2025-11-21,3578,telur_ayam,28250
2025-11-24,3578,telur_ayam,28650
2025-11-25,3578,telur_ayam,28650
2025-11-26,3578,telur_ayam,28650
2025-11-27,3578,telur_ayam,28650
2025-11-28,3578,telur_ayam,28650
2025-12-01,3578,telur_ayam,28400
2025-12-02,3578,telur_ayam,28400
2025-12-03,3578,telur_ayam,28400
2025-12-04,3578,telur_ayam,28400
2025-12-05,3578,telur_ayam,28150
2025-12-08,3578,telur_ayam,29150
2025-12-09,3578,telur_ayam,29750
2025-12-10,3578,telur_ayam,29750
2025-12-11,3578,telur_ayam,29750
2025-12-12,3578,telur_ayam,29750
2025-12-15,3578,telur_ayam,30900
2025-12-16,3578,telur_ayam,30900
2025-12-17,3578,telur_ayam,30900
2025-12-18,3578,telur_ayam,30900
2025-12-19,3578,telur_ayam,30900
2025-12-22,3578,telur_ayam,30900
2025-12-23,3578,telur_ayam,30900
2025-12-24,3578,telur_ayam,30900
2025-12-25,3578,telur_ayam,30900
2025-12-26,3578,telur_ayam,30900
2025-12-29,3578,telur_ayam,30500
2025-12-30,3578,telur_ayam,30500
2025-12-31,3578,telur_ayam,30500
